Algorithm: GEMM Simple
Result matrix:
1164 -263 -212 -492 650 727 -33 712 232 -57 319 -1494 -100 197 -313 -160 531 -812 734 710 -8 -14 -318 254 -1922 -110 -289 805 708 748 431 21 61 -246 201 -466 215 -756 -116 -268 654 374 -112 209 -133 -1066 -217 1167 -222 -350 -180 -706 -447 -540 -366 -6 430 -434 -813 168 -73 301 399 -888 511 917 500 886 -386 212 5 36 -352 383 237 803 497 60 -576 956 733 564 675 -210 321 691 -160 -60 256 125 -247 228 -750 -217 -759 449 174 810 -438 -981 650 291 196 -308 17 -877 -489 19 94 -398 -138 652 -408 -296 -47 781 437 23 -123 -297 -607 -63 276 574 -356 778 -497 -702 89 -590 -632 1560 -261 -563 -689 -1460 -621 832 -447 53 89 -160 188 -401 281 674 -398 -888 -573 740 -327 -210 -947 -779 539 -903 51 665 -372 314 -796 10 -246 680 -264 5 6 424 742 -834 113 -10 228 155 664 948 657 -417 -513 1121 -756 518 308 -414 654 474 -852 424 265 961 -93 72 654 -811 -486 158 -60 143 606 403 -553 -500 -714 789 -178 220 -144 -279 -199 238 97 150 -918 128 -313 -271 -1463 -649 130 125 -318 182 169 224 5 -17 -1131 -1148 -633 604 -106 -678 395 -817 1241 -893 138 -101 -694 111 -361 401 -746 -87 378 646 186 770 -615 60 245 -1001 30 287 121 -580 
344 -1186 340 873 25 -294 -232 -292 -544 -420 906 -427 -450 -677 -487 -943 55 639 -892 -354 -224 -47 829 117 1234 -626 1331 -438 584 -287 1337 452 -91 108 -250 -472 -496 -112 76 266 116 380 1258 -550 969 678 -864 568 304 1148 -1036 -815 704 458 -182 558 145 -455 285 -280 -208 -249 963 -541 -267 483 -230 -96 -721 -1111 -525 -38 296 393 -938 374 -918 371 1324 -224 -535 220 813 63 1002 366 214 -2 -684 223 -290 -139 -349 -39 -189 113 184 -407 333 -937 -153 973 -238 21 518 301 -1195 -688 -551 511 1673 -653 16 -487 -1147 -370 157 -695 -1656 33 335 -649 -1173 -469 -31 -480 187 -353 122 -453 -86 750 -62 882 -349 161 -314 -473 -838 44 890 389 -612 -1193 688 166 -1159 657 219 -90 734 22 -1072 110 -704 447 -586 133 248 -442 -952 -949 -162 969 -663 258 222 -176 92 92 -929 -608 -1022 547 9 -161 -119 1750 -229 338 -321 286 -198 -682 -1059 423 314 -152 87 -471 -205 200 -885 -2037 -1288 -1365 289 -354 747 666 380 625 395 294 261 -193 -210 -734 1141 1248 -106 -101 99 411 820 30 -828 -614 -451 307 293 529 -905 134 131 -147 472 -153 -132 419 -1372 -413 1367 332 -144 47 540 328 359 -743 -171 140 813 59 -594 766 -448 -368 -512 -616 374 229 -1335 -24 -252 233 
705 -1221 -881 -981 698 -77 -106 -1207 86 -18 757 -383 823 -540 1368 -261 719 -551 -116 627 -46 -139 425 -287 1087 844 365 295 -315 -847 290 -374 617 708 93 -258 -123 502 1373 -837 374 232 1059 -541 211 -353 230 -531 41 -686 -564 199 389 -1042 -304 353 176 -187 1132 535 -700 -942 -239 -391 814 -494 -384 843 -536 962 978 241 -1031 -1540 -384 -313 -387 1171 82 149 -496 -869 527 -658 -1787 -1312 -119 -693 -594 1306 498 -775 -142 794 604 -74 568 -1923 -135 215 -539 -716 351 -552 294 75 -382 -357 -449 125 -40 940 295 171 210 343 401 -237 25 -1032 -175 -102 167 363 -485 493 -364 -349 -797 30 -235 -361 52 754 -335 987 191 905 1131 101 -242 562 -78 1031 -385 415 -97 -754 986 158 -693 -877 316 -417 325 -396 423 447 1125 117 272 -223 219 606 453 -223 -303 247 -185 917 181 635 -49 825 -416 531 973 -104 339 -133 -460 755 -506 603 -794 -1576 -393 416 -937 -684 -1029 -348 116 795 297 373 202 750 -1547 1541 532 684 -672 114 648 -409 206 245 122 -470 -285 -394 -11 -229 -729 -428 -293 166 463 -147 -893 -445 535 -448 -350 -332 289 -452 581 201 -1335 -693 -712 -629 -55 -430 1116 191 -572 877 69 -451 421 -992 -525 1050 -791 -736 338 -306 380 535 790 -322 -252 496 
144 102 684 -455 829 396 -1231 -537 89 -432 551 -669 573 -807 -216 -7 -1229 -403 741 1227 54 865 -224 23 -179 779 38 -271 217 920 -440 -217 -804 369 280 -1585 23 543 -2126 321 336 943 21 74 -411 989 144 801 -655 -540 -558 -835 358 -342 750 -253 603 -322 754 -84 1133 318 -278 -553 40 -742 506 -570 638 1191 919 -173 -454 629 854 406 -399 -2040 -87 292 -546 -87 122 -8 -301 252 14 207 -985 54 -275 942 -96 653 166 994 310 443 534 -74 -727 313 -24 729 -439 250 -2 1217 47 148 -476 1078 -798 682 -273 1 -476 377 -126 521 481 -1138 662 184 417 -909 1013 -900 -686 -495 -481 840 691 -999 933 1310 -732 232 956 391 1182 634 691 -167 960 201 214 -713 -1148 -683 318 -1044 -403 389 277 -411 -746 337 332 227 374 -83 78 692 -1212 289 -618 102 -1299 -75 552 258 451 1758 76 1814 -931 420 328 -180 -1222 -249 -383 48 -848 323 -267 -193 -570 558 99 71 723 653 706 450 1417 797 -700 1739 1147 -837 -958 288 -1184 340 -785 727 242 641 367 541 -457 -314 -471 767 -1055 -972 342 442 -879 -438 -350 348 140 -973 -735 254 1574 882 -106 -288 489 -548 1317 150 -719 -361 -926 593 157 585 129 -497 -149 -311 111 -1112 975 347 -192 -59 313 -356 396 -326 
-283 133 461 -187 -456 139 1099 297 366 -412 258 158 -887 -48 -961 532 364 -197 618 803 -552 -219 -770 -893 -858 573 118 38 401 -518 138 -594 -547 215 -1359 -498 832 273 510 -698 -565 -273 408 577 83 502 -972 782 -507 129 -260 -573 8 433 -231 -108 -91 -453 805 -20 1979 -471 644 775 -1489 695 323 331 -285 237 -653 410 -120 -769 88 -123 501 -410 -121 -449 -480 -295 -611 1448 -311 438 554 858 -319 -475 178 1015 -196 -388 266 22 -516 704 -323 -638 -368 417 -489 -489 -82 1110 -1030 155 -847 -592 -37 -414 -167 -1089 -959 -511 -292 397 -80 -307 -385 840 712 -218 235 -795 -344 -334 337 -564 998 -867 982 -1409 862 87 -165 -188 -1323 -385 373 -859 -163 -468 -888 -116 -399 -208 1122 -482 1185 504 -135 332 763 -621 508 -840 79 795 701 44 803 222 201 249 176 -117 775 -575 796 427 -787 872 447 190 300 -478 1233 1335 733 -164 85 103 1582 318 94 -321 546 1281 -278 -1576 125 199 181 -256 51 345 822 550 -171 -1230 307 615 -1245 -171 -903 197 -356 686 -546 -161 -9 197 194 -290 345 -495 388 -353 495 -516 -1081 31 -152 -372 -16 -362 -321 415 -2032 -116 1336 483 16 -379 -885 -268 997 -372 76 728 1064 1284 -1287 773 1064 -1290 818 740 1579 -29 -1165 668 1346 -1492 
565 682 149 -410 712 -358 -423 -250 -243 1360 494 1223 230 -295 -1164 -709 -1164 -880 595 305 1057 -102 1191 -1251 -40 568 772 575 586 438 571 1395 -1486 330 18 -889 -724 1523 123 168 822 166 -669 -50 153 -189 -356 792 314 720 -214 -770 342 1139 -260 -439 242 330 -350 459 426 117 -757 -770 1338 571 842 213 699 375 -135 -765 -907 1229 162 -356 -322 -270 -620 74 -80 936 -257 368 -781 180 524 338 944 -434 386 -877 990 666 -371 -1713 131 1400 488 -329 -1080 -17 95 289 1195 -87 -342 486 54 306 323 -147 -641 -113 -775 -84 -903 27 -738 13 954 -149 -364 -284 663 14 800 991 -71 -22 71 383 916 -893 -305 191 -17 574 1113 -282 233 -273 186 -968 701 -30 285 -6 551 290 -860 -752 -353 710 1246 -1348 59 -148 -1501 -199 1289 -106 -85 -185 102 -449 906 -280 -87 -17 -48 522 154 -357 793 175 527 1022 -326 922 236 -307 528 -1080 31 626 -1036 -154 608 -303 132 -144 116 27 -465 275 50 -159 -25 -195 1209 -736 -657 -511 -1121 74 -222 1204 -229 -426 -606 -96 -1604 -84 -394 94 -117 -2170 100 -395 -186 683 -187 669 356 214 211 201 551 -502 -252 975 597 1686 886 716 38 174 -296 -478 -37 -258 -1285 -827 -474 -544 -93 340 253 871 377 336 -299 -491 -633 -863 
-207 918 -1039 -1192 -484 590 552 -664 442 -285 370 664 -195 174 1171 -1095 356 -359 -166 -474 17 19 57 -1280 -227 -612 649 688 527 -677 654 268 269 -1027 672 49 479 174 153 -381 -402 375 879 248 152 1528 232 -198 93 158 -803 -632 40 113 422 618 96 -847 -742 -1180 -469 -159 -77 -203 -101 330 171 -86 -622 -39 -739 -1330 -429 363 -167 2 623 -880 855 -851 -831 693 -555 -185 471 -590 -1146 -294 177 -456 -312 328 361 533 615 878 -333 -666 142 -1013 91 1185 -1217 -822 202 160 -9 895 573 196 911 -656 39 21 286 352 978 -501 -252 -132 447 -977 -837 235 357 232 19 -588 220 -608 -797 -529 1836 -125 127 670 826 -343 -279 1278 338 -1117 -11 130 -1330 -731 -29 530 422 403 19 623 -995 181 -695 29 331 -577 517 -952 -69 -19 52 -451 250 108 -225 -35 -844 694 -1062 136 169 525 107 -281 -95 261 21 -190 186 -524 -645 -70 -53 -172 -568 127 495 -649 1006 196 -554 78 105 -27 277 -532 -126 -104 -738 1411 -333 634 -813 682 15 736 -846 -351 -193 -595 72 -504 53 -1002 -960 234 614 333 -1695 -586 662 -1408 969 585 342 191 177 -608 -1035 -81 -199 50 -599 1155 415 -254 283 -761 -576 -140 248 -912 -659 160 227 -861 -186 -123 -1164 -114 376 431 -742 -951 
-408 70 622 -925 -316 1622 -816 -339 -167 -309 392 682 633 -390 -918 54 1428 -602 -66 29 -113 -203 340 -246 52 -1336 672 650 -135 284 66 756 -181 -103 -859 -562 -413 913 819 168 55 -234 -603 922 -536 -885 1681 -507 48 -177 -1614 -88 -838 -606 -238 1037 -516 309 -114 159 721 -795 -585 -610 -530 -345 735 -504 130 726 -338 63 92 -340 -790 -1485 861 -339 -397 -642 -366 -39 -1386 -194 1100 -603 378 1163 68 -86 881 467 -140 50 558 -421 636 821 -105 -217 -224 149 -151 -112 -491 743 1256 645 -1737 -162 -785 853 -1382 112 -757 -390 75 114 -378 536 1140 -50 236 360 715 42 -636 -88 -992 -112 1102 264 168 -200 -432 1127 153 -243 319 -69 -397 -347 -177 -195 -582 12 348 -108 -369 -439 -737 34 474 -254 -341 545 -11 -73 19 678 -799 995 -438 -179 622 -335 265 -772 -40 -612 1004 -545 193 233 -75 -988 -492 1260 104 -217 892 47 264 -7 -387 -638 238 -95 402 796 -841 724 -1109 -279 386 341 1184 1482 200 -550 -256 -461 -1506 -1031 -99 419 508 499 -1096 529 -478 -376 -122 39 344 -368 514 -268 -279 363 484 269 684 240 53 -310 535 947 -108 -302 357 446 416 -795 392 241 214 -403 241 1502 74 -402 915 452 39 1139 1088 -99 371 -614 -270 1253 -782 393 1219 211 
357 -955 -130 -529 254 198 -70 380 -767 -403 265 -192 -350 -432 268 462 -124 -229 291 89 -865 295 -129 -675 -778 -436 -393 -817 1091 180 -775 462 744 -880 -226 -309 -227 -186 44 -52 -221 419 756 121 131 93 -75 90 -186 -187 -667 -176 4 69 634 -436 -355 466 -299 -890 -677 231 -276 185 -235 -524 182 506 999 -432 -1712 -1656 -190 307 -825 255 283 257 153 322 -114 187 613 -272 595 -745 -418 -847 708 598 -376 -1932 -456 -688 -262 230 192 164 -159 -640 1348 -47 -278 -415 -972 -800 -204 842 164 -362 352 -1558 -143 819 118 13 -420 -737 -162 568 -45 -256 472 505 -8 604 437 1043 -722 -697 -1113 -222 1892 -152 195 -238 396 -587 513 222 626 -490 -98 -423 352 780 437 187 -614 507 898 -31 482 764 95 1041 366 -328 -878 -901 -108 199 186 249 -1165 385 -322 240 -1358 -196 -1235 -367 -584 -338 250 -496 -1033 305 326 22 -62 -222 974 288 -927 -190 142 576 -481 158 -63 -137 -309 142 -11 -643 -147 -803 -829 -585 -440 891 501 1053 18 220 -921 -634 339 -121 1163 21 -307 -753 378 -8 -1063 502 559 -325 -304 55 -281 -16 642 925 -137 -73 -685 137 210 -305 239 611 -963 156 473 -305 -44 -176 175 -57 -731 -611 472 188 -922 -373 -534 -34 196 -395 313 -1302 -267 158 
750 -523 52 -964 862 -451 -1131 -416 215 -451 -787 -201 -46 -229 772 260 54 -1643 769 292 472 -1060 -558 -692 -331 493 -504 28 -212 378 1098 793 -218 788 958 268 -1144 938 260 -122 1113 1126 203 52 -416 -125 -217 70 -56 -453 827 -446 807 -983 647 705 1060 546 -30 -164 -318 56 643 438 236 1 -318 -1251 -368 -366 118 -350 211 159 31 76 665 978 -74 -188 -746 179 -271 -689 -778 233 -775 -208 -21 -319 -586 -225 -14 1289 -583 468 162 1873 168 740 274 4 -63 242 -737 -784 764 -1430 458 778 -240 146 832 -445 254 192 -152 417 -477 -281 766 607 147 -490 -605 331 78 381 1415 -727 -1019 787 -446 8 -59 -122 -96 234 967 -304 -724 332 639 -448 -789 415 218 64 -20 763 -459 762 -470 -624 923 -924 32 1401 474 210 585 -349 -580 -815 -90 -751 -246 124 423 697 -425 12 925 743 200 -701 309 -378 125 -330 -230 396 1119 -323 790 663 -87 -337 -1288 -154 335 -628 -568 381 86 300 992 -525 720 -326 422 88 -885 592 268 53 745 177 31 -1484 1160 66 -436 -411 -813 -665 -111 -1132 -80 -543 1220 82 340 -852 550 146 -799 241 630 335 -332 -112 -111 242 -319 430 515 1036 -310 544 -318 362 824 56 687 -867 -883 39 243 427 -11 -966 906 537 -1062 869 
893 24 -323 445 -458 493 304 567 574 1003 451 507 454 692 -29 437 -68 399 -275 -905 909 47 -112 653 -6 -528 -94 -3 14 358 -1707 -834 -147 -725 1410 1275 1001 390 -88 -172 363 -531 213 -634 687 910 475 -628 -210 546 -914 -535 -120 -934 168 136 1496 -321 -470 -613 618 -314 49 -399 -156 -791 -1226 98 -209 -208 520 -47 99 276 -42 1942 -724 -684 -222 -263 473 747 -789 -696 -535 1089 -101 -1031 247 -865 -77 -897 -503 31 324 -1 -1032 -1035 3 1162 -505 636 204 220 322 306 -141 360 873 -367 705 451 273 174 -690 65 -415 276 -14 234 -762 265 -407 113 163 -650 956 -870 -70 883 205 234 49 -647 390 -277 -406 -702 -460 -530 312 -492 -227 584 -44 -110 -195 -76 467 -432 -183 -736 84 490 -1647 549 32 303 500 -85 -445 177 911 -583 1639 437 1 -302 232 -574 1 -274 1040 -1022 -919 516 548 -29 56 -682 -858 319 149 52 -846 -555 -1116 -422 -248 297 184 1441 524 25 1565 59 353 1 -162 -1183 840 -136 -213 -248 243 393 -624 36 488 -516 -257 745 117 548 -105 -74 -191 -213 536 -49 492 62 409 3 664 -235 405 -113 430 152 766 -226 585 -227 -304 438 -519 1103 799 343 -477 240 982 -238 296 -1036 -232 -31 430 78 -739 9 -205 1120 -312 -155 
-729 -846 507 470 -724 180 -146 577 383 318 -324 474 16 -524 -1023 830 8 -799 -461 750 -275 581 32 137 474 -946 110 135 1320 -844 -982 -216 83 366 -421 411 -289 -866 1034 -629 -338 -82 94 -272 496 -104 -13 -645 355 -600 105 -316 494 -112 672 -116 58 -445 354 456 -834 525 -85 848 -672 14 627 -839 -312 -70 463 -815 492 266 -168 -730 -154 -268 -512 -344 556 263 289 432 -408 -374 -610 -94 -496 149 -1004 -750 -974 -19 -385 -45 484 250 -9 -308 -404 371 -244 -459 1228 25 -1250 -998 329 162 -836 26 242 1634 -700 590 1050 -801 717 -1405 1596 -1248 741 -743 -1328 -1050 672 -273 -681 -112 1252 -350 858 -1013 285 1006 1014 460 417 103 -1334 603 -999 651 -130 -720 959 406 -117 -1242 471 -144 742 481 474 -305 460 -27 -974 -1217 631 469 357 -554 -461 23 1082 56 -1083 141 -481 476 -175 329 -765 -13 -807 -178 488 55 -717 29 -65 -1194 -117 836 -60 324 581 488 761 -692 480 -1119 -292 456 -874 -137 -816 192 -636 167 -709 219 -1033 545 -343 -1409 701 204 -244 -625 58 -249 -975 814 24 753 -729 -1423 -154 -241 -336 728 167 721 459 207 -1330 325 161 116 -713 88 616 1007 -848 -100 -24 452 -235 -257 -982 -107 -155 375 -910 -208 987 -292 -193 -927 -843 -639 457 -243 
524 762 -996 -340 -49 414 683 167 211 -65 361 9 57 -39 167 460 978 -119 79 -436 -592 -13 97 -914 -468 216 -119 -281 672 834 -338 -321 -485 -187 478 1094 -506 1361 -627 116 448 829 346 -624 223 857 -35 -756 -185 -557 -738 252 -940 492 357 122 38 141 388 162 -175 -329 -795 -561 -563 -339 594 378 87 -503 704 -47 -483 -995 696 334 -378 -29 -802 692 6 -609 -2 -45 -590 928 741 -741 -384 -306 658 -1078 186 -521 -449 -552 -114 -159 -364 31 293 -524 -265 -799 701 1460 260 -412 454 -1226 186 -399 773 85 119 -123 -622 240 -1106 393 -632 89 23 808 477 1105 -392 -1531 -147 620 -538 1049 -576 -550 -925 -79 221 507 -348 -858 -469 -347 -504 254 62 835 -895 177 -360 -446 -179 -213 -7 408 -299 -86 -195 -1104 900 10 -633 -297 -339 -331 573 182 596 761 683 184 -75 -267 717 274 -58 437 581 233 -540 -695 -450 225 731 -650 -480 1076 232 131 684 -978 -284 -582 -124 -149 22 848 1063 -926 -471 -151 73 -158 267 613 1007 592 -207 61 -518 199 -463 -3 925 -199 -1002 -32 -747 -92 -197 -766 -1307 -339 330 35 -538 9 872 607 192 240 22 -672 -302 -259 -214 -174 -513 294 627 496 638 167 1081 294 1078 -843 684 176 286 -168 -1303 -1174 371 600 -586 -95 
-460 353 559 -653 -1081 254 432 -166 -287 -702 86 -522 106 -178 201 -258 153 914 -684 165 -183 -321 509 -1318 34 112 413 538 440 734 -459 210 415 77 -859 -905 -242 646 -369 -411 -226 -478 -231 -140 -145 35 -1055 -78 638 -254 -570 -557 -657 1044 82 -379 -497 -423 -166 -520 -137 755 -433 -1043 306 1161 -682 460 263 -376 -619 777 375 484 -661 602 -45 1463 -496 533 158 -501 597 28 1503 190 1118 -438 432 -640 326 168 463 -45 -263 523 800 152 305 -108 -1 -346 -401 -351 387 1264 -87 -479 873 136 645 -63 -248 -880 100 584 -105 -1445 512 -296 -275 -145 -942 -334 743 196 -516 -202 926 -961 697 810 -329 -653 -447 -347 797 -251 -72 664 -192 -112 -618 -202 602 -18 -151 645 534 28 -163 -12 -38 -812 -891 -501 -798 -966 -987 500 -314 -457 300 -633 588 -1496 732 -860 -48 715 -252 -241 -833 327 704 -125 -1060 -23 -734 497 11 -472 504 351 929 -341 1464 250 686 120 -414 -652 218 541 -102 352 -18 533 76 -762 -106 55 -334 87 299 315 323 -153 -175 -265 -915 499 -643 -499 -738 -651 716 -667 181 813 493 167 246 -71 199 832 -803 808 400 191 259 1281 -1162 -530 -481 908 622 -302 39 13 529 -1677 -1041 480 1318 92 -14 696 -110 1217 -684 9 -909 -194 -463 696 
525 255 -445 -902 866 -340 469 -132 530 -99 888 -595 982 -708 686 -207 -459 -366 -711 236 529 -484 95 205 310 392 678 494 -885 549 206 -293 -156 -400 768 -569 1176 537 -868 333 -533 -414 274 132 -361 -953 -550 -32 -280 185 587 306 -81 -271 -174 -12 149 574 -311 252 -520 -142 438 319 -985 607 -243 -82 -103 749 184 -564 -867 -189 -164 210 107 -133 605 754 782 585 401 420 -472 636 -440 25 -78 -70 694 -326 -45 517 1024 338 283 31 587 25 -529 149 -136 -1058 473 30 338 827 92 -395 -380 1173 -997 -361 -595 -502 748 72 -69 79 400 1053 292 1095 423 689 87 -815 -498 768 -227 -362 31 962 -482 380 -906 798 251 536 151 -113 -294 -319 500 -566 110 -273 1164 1051 -531 -225 -123 807 200 -387 615 484 278 1141 -670 1008 183 187 1721 -876 -542 -308 -362 669 851 976 231 -393 -536 -39 527 -653 140 313 867 -178 98 549 554 142 -1729 -52 846 -335 -155 1441 169 276 836 519 1230 -231 181 370 319 -136 -3 -164 420 -117 -281 435 -580 -662 -326 -481 -336 48 534 93 -477 -222 -383 -284 603 443 457 -438 -351 -331 1006 45 975 -1513 -6 879 -524 503 -323 -401 -535 -385 553 31 -806 509 434 384 222 561 -511 -413 510 -447 394 -598 761 -594 -66 -43 
489 -271 -536 -469 -610 54 1088 251 93 -311 937 -309 1039 223 -671 134 -977 41 154 241 448 -43 -460 346 -272 1192 185 -1762 -293 -145 335 521 1022 572 912 -334 257 425 288 -316 -33 -350 -521 -229 -539 -248 -377 463 -429 523 299 56 959 -387 310 -218 515 149 -180 1268 -929 493 -1562 165 -1019 61 -269 401 -9 422 296 -214 493 -94 1175 -437 277 541 -733 364 -421 -1202 -682 559 -561 322 346 86 69 793 423 -864 257 -268 462 362 120 -1273 -92 -1107 -25 -413 -152 1685 -220 -530 1263 -499 137 625 804 -44 -498 -1060 81 -1131 -40 -1453 204 260 -362 828 -333 671 -764 -272 286 838 -699 218 -88 -416 -312 324 -344 151 -954 1135 286 712 -264 393 -584 -313 -85 976 -278 -427 576 385 406 -362 -31 -451 615 -329 -877 189 -1191 -152 -239 -90 729 -484 -130 -22 274 -293 -899 938 364 -618 -1013 -298 -699 35 159 116 -469 -1002 122 -49 -692 366 28 -526 352 -31 -437 -315 -403 860 924 307 -336 -614 199 -42 -305 859 -662 1 -115 -130 -175 -964 -239 -67 526 -250 -1329 965 -233 554 1117 159 373 121 29 -348 86 -390 726 -1214 161 766 908 -256 -240 197 468 -187 372 715 -375 352 444 19 198 -616 317 660 350 506 171 1044 935 -691 660 -440 -96 -270 105 533 924 173 
834 1782 -427 -754 -317 -23 -1106 -477 41 -267 433 451 1080 172 -714 -940 240 914 -217 732 -1970 507 -564 278 289 9 656 600 -14 33 -1208 -944 530 436 -397 715 -566 236 -853 215 374 -223 -868 -262 359 1173 644 -328 -260 -413 -1401 481 -850 90 567 730 392 -307 -490 130 1033 -155 -5 -511 -544 -33 469 461 48 716 852 -1289 143 -238 -758 -211 448 -40 -72 396 -406 -1159 -154 -168 -851 290 290 317 662 218 491 529 970 732 -261 385 -1323 -73 -91 648 135 -851 1069 -787 331 -101 872 -78 -11 17 -683 -509 -568 1398 25 -101 -689 -483 240 -451 -195 23 -861 1268 -99 188 460 105 -503 -91 -451 115 175 119 -520 809 8 758 557 -624 -842 786 -1317 788 -723 -1672 -269 870 448 -1116 516 402 569 -170 258 -469 -494 727 227 326 297 145 -445 -389 -520 -865 236 251 -192 59 -948 315 708 -354 -145 300 526 270 240 -1054 -406 724 -4 -107 1 -460 -219 578 344 -341 -490 -650 751 -436 549 -127 -602 723 -214 476 60 -1342 -405 622 78 -1013 814 511 -210 444 -863 602 -269 587 -237 -329 -338 1053 -284 310 -796 -1209 1394 175 -783 800 779 520 -62 -114 624 211 -1147 57 81 455 -553 -784 29 245 511 270 262 -131 547 156 -490 59 215 562 -203 -786 966 -229 454 10 
1080 6 -476 -224 617 72 71 -1223 -279 161 -723 990 445 -307 -730 1029 -163 398 -574 -234 -149 84 534 -1163 -722 -469 -287 355 -7 25 -204 1009 -336 -453 191 -231 60 -692 -298 815 546 1008 760 547 -299 1188 362 -242 -378 796 830 -397 -46 356 -628 -881 -259 -445 366 -19 -99 78 -395 -283 1055 -136 138 1140 -642 -792 -296 111 -51 523 611 736 136 377 -90 -478 284 218 1164 572 -469 -655 -676 -8 -1060 -224 67 -334 -285 -217 -797 767 -767 661 422 -182 -92 -478 -44 619 728 1208 -552 473 892 -351 -321 -283 330 -7 -576 488 -489 -43 255 -318 295 -689 -777 91 95 373 -1319 -819 -424 1375 280 -116 -272 -498 -739 -679 885 -128 -138 374 -268 -40 -383 -278 35 -415 -420 642 188 64 671 371 -745 926 -844 676 -138 22 179 -71 -394 -582 114 775 -286 -48 470 1757 -1282 -141 216 -264 -24 -47 -393 318 178 -397 54 -1230 -58 396 -253 166 1088 213 463 88 264 1151 -216 -454 481 -895 294 -969 -453 231 441 -413 181 -1001 519 -1107 163 399 -411 -150 6 183 36 1 71 -72 -77 -530 677 251 110 5 -520 547 1141 -713 405 -597 -1019 -20 -23 1067 489 -389 843 -264 -826 97 -181 330 -792 -543 579 -232 602 -334 -94 209 -655 1731 -645 116 971 491 -928 -371 -247 -615 
-1475 -267 52 496 732 934 734 -1232 -682 -635 450 812 -8 -740 -11 495 -30 245 759 -492 451 878 268 -135 -213 -579 931 -50 -980 327 173 -158 212 -24 -197 -330 30 -1504 -610 146 -49 559 263 -163 804 -1068 -512 -44 86 -548 -775 636 74 387 -464 520 30 -14 -973 -432 -634 -523 413 506 385 1046 464 564 210 -535 -368 794 -522 -75 -433 261 528 79 -322 -519 426 1317 -526 110 -24 643 -584 34 -218 -277 241 -240 411 313 292 247 -77 895 272 -796 388 7 670 331 -488 -664 -629 937 -252 -716 529 585 -864 858 -737 398 1266 -127 106 -387 -287 -172 345 -1089 384 461 298 660 -1137 413 -93 189 327 441 98 -62 9 178 -52 -69 646 -866 491 -730 747 63 -53 -506 228 -194 -356 670 -547 -684 -1045 463 475 874 268 -732 60 126 338 298 93 -991 -309 -565 -334 -739 -493 462 40 560 -405 686 -395 690 -459 665 -183 -704 -315 184 -1028 369 812 1036 345 -215 494 203 -63 84 -276 408 -275 -1061 130 217 -816 873 -1411 1117 174 27 -1185 -766 -412 74 -185 161 -531 -51 -205 -730 -991 -904 103 980 -398 352 97 456 94 1030 272 527 -35 -1111 159 84 -554 190 536 627 1171 -1190 -285 1214 -5 -792 -422 404 348 -558 232 1018 -679 -487 -640 774 -322 -484 -882 134 
374 -249 -408 573 354 155 -1045 -240 455 -315 -357 721 -843 -1666 -567 -587 -81 144 -3 -41 -221 438 408 330 567 170 233 653 -48 149 375 688 730 -379 -36 267 72 -108 178 808 803 -1136 -300 -179 489 135 -1796 1747 -504 -866 -475 -325 -1168 22 -205 174 -685 196 275 1239 628 -501 48 950 324 -418 265 249 835 248 941 418 963 82 -32 -200 -226 -849 -145 737 337 802 421 283 468 -364 -392 44 868 623 207 639 -506 -247 220 711 68 561 540 -883 -142 433 905 471 54 345 -901 1075 -2 -403 632 371 791 862 337 -74 431 998 168 212 746 740 -964 -780 -525 -443 505 497 569 114 634 -478 -837 -283 -503 -186 -669 324 1070 227 177 470 -149 -112 516 -565 892 247 201 549 -559 -550 416 307 450 359 905 62 635 -1135 434 751 -1195 -495 156 -139 244 239 -341 1376 127 571 766 278 186 32 -347 -138 -825 473 -726 -756 394 -164 -573 -758 315 -204 1291 -940 335 -434 549 -516 206 142 -108 100 311 401 458 521 -475 355 715 -54 -5 -150 -672 -1243 729 21 521 -466 -992 955 -1160 519 494 275 -910 -189 769 418 574 346 598 450 728 -413 1070 -38 -438 -674 -1219 1301 480 -770 86 400 1075 -739 -723 566 247 764 -1291 894 697 53 -914 300 -88 -1066 -1047 1103 
769 541 76 -125 203 750 474 722 -734 0 -1071 680 -138 488 531 180 103 239 955 17 -255 179 -274 -1540 -713 426 241 185 81 -723 -1148 -74 22 -826 530 368 25 -1292 549 -1105 -206 -416 67 655 38 3 -53 -33 628 401 543 859 128 -647 78 -788 -1438 -677 1250 299 -147 70 44 120 1149 -265 -395 556 -1030 -348 144 156 301 -81 -419 -438 -93 -872 528 488 138 360 959 -488 695 -65 -826 -619 351 327 132 212 -331 -1538 -65 -157 762 2 -221 -355 124 -90 -208 -463 -805 -946 -736 421 -63 686 675 -445 1096 405 -404 -520 -358 217 70 659 -745 1807 655 -373 -38 1105 109 -806 1368 -573 -275 -120 1087 249 191 32 182 -441 -328 808 490 991 302 419 84 -475 -850 -617 -345 -117 105 -452 -66 40 -151 -260 276 -260 74 -457 -487 433 1017 -520 28 -405 -410 -774 -1026 -345 -1746 -157 -267 1349 -145 279 212 -1233 186 478 210 542 118 -412 125 862 -442 -448 433 327 -397 -103 -274 -766 207 -356 216 -1445 321 -194 -112 287 1043 -733 -154 -432 -12 288 545 -2 556 -457 15 -357 400 412 -894 134 276 -319 -224 -777 -250 -314 -466 819 -173 11 -1214 -398 181 -194 -207 -16 49 637 -83 27 -712 -269 -159 -291 495 -453 -126 411 -605 -392 72 -229 -365 62 -1017 -415 -221 601 
-511 900 1242 708 -243 -109 -891 755 -8 368 -235 -187 -583 -898 -723 34 137 -188 -334 518 -39 259 -114 524 -559 693 793 33 -1025 -266 1046 -1009 -617 -24 -952 833 40 -21 1375 -710 505 232 -1884 933 -153 33 163 -787 -685 481 205 -493 -677 1268 -601 10 1029 -127 267 280 -511 537 124 4 -955 -261 -314 -534 -749 -321 0 1238 -1181 1063 -552 -989 573 -190 403 -656 773 1206 -668 364 -516 804 -922 -273 120 -993 -363 108 -265 296 -166 -1076 -1012 -7 692 455 -863 1286 -56 494 -651 595 -821 -498 -366 -281 -51 364 256 -378 -831 -270 780 120 392 -40 15 81 368 -876 625 -456 -113 520 87 307 282 682 -375 658 1229 -1397 -174 -392 -333 714 -144 424 -353 -234 -577 -156 24 -332 -420 -194 826 1630 434 -127 222 -479 622 212 220 602 352 -605 371 -280 -787 539 317 -151 69 394 719 151 -80 -730 595 -499 -470 350 271 691 128 437 -792 1046 -1144 582 -296 1156 -287 -51 873 -454 776 880 -1083 -27 38 409 -814 889 -63 659 -1140 -279 -340 486 -293 1123 -1058 908 100 114 -399 450 691 1186 90 185 -413 1035 294 -106 419 206 -430 -398 -501 -624 294 -635 -205 -261 465 375 479 125 -668 269 -261 -105 -460 1079 1055 -180 -339 -975 312 1 757 -20 350 1334 -245 1084 -530 -192 
-818 219 404 395 832 76 622 -709 -245 855 -660 761 121 631 -400 302 614 -143 -648 631 907 130 -200 1239 -246 -279 500 -469 232 397 -696 512 87 -271 977 225 315 101 622 425 367 -328 168 527 -479 -886 571 505 233 32 983 440 563 1375 357 -395 301 685 540 891 4 -922 189 -349 750 1031 -277 -132 -564 -293 -274 -61 1543 194 -19 1265 384 180 228 470 -298 -1050 534 -906 -31 85 419 -94 -573 -187 394 551 332 -332 -237 -296 -436 -512 653 86 -309 510 -717 175 -173 -1257 -123 271 -169 937 -217 170 -551 -116 -470 559 479 -191 -406 -281 1015 -339 856 -590 -38 73 213 203 305 -5 633 -236 -863 -333 236 671 -380 -30 181 -236 -614 -1220 -560 -13 6 -1180 198 897 -158 1014 -442 223 -337 -356 290 336 -969 510 34 350 383 -17 187 -225 -826 1310 -172 840 -687 -488 494 -582 -477 780 -10 -100 438 -516 -195 -768 287 307 -842 598 180 -769 451 -1457 -54 538 -524 -611 -209 -478 -47 334 -728 1076 -447 -550 -400 -1160 -96 -425 -846 -528 -33 454 -839 945 14 599 -888 -170 259 -299 1720 447 815 -1158 160 134 -142 -515 -449 215 -846 707 36 573 712 -228 343 -986 440 22 686 -610 -238 616 -73 -657 345 457 -381 647 669 849 -90 1311 -39 907 -529 -665 773 -197 
633 1107 549 1405 53 514 -189 125 430 -171 222 154 467 695 -186 -627 -76 345 -253 -649 -239 880 296 -642 -1182 -140 -528 -1689 -181 697 -147 -677 -57 -110 473 -445 1048 -89 -770 -24 -21 26 775 165 591 231 -198 727 972 888 80 -140 179 490 827 -497 -767 19 558 462 -26 227 -944 -249 877 -38 510 -7 761 385 -823 514 -474 605 464 -479 -550 -273 76 383 -919 -176 759 248 1123 -74 64 -43 -249 27 -312 51 1110 897 -1029 204 208 426 514 -314 115 716 488 150 469 860 -37 850 333 -323 -142 236 81 -376 -198 -1008 -743 869 -239 588 -794 -374 -1316 -721 837 -127 379 367 11 -412 879 154 595 -66 -966 102 -205 -957 -543 1212 768 -238 1284 -974 129 138 -463 238 -705 14 -846 -87 -126 70 117 -144 -236 1161 -462 -276 329 386 -293 499 371 318 -549 -163 -193 -65 384 160 756 -166 -45 -280 -228 862 -906 -9 907 -1263 -36 572 651 978 -602 -188 1611 -538 552 -501 -440 104 -100 -474 -28 -1126 -813 -442 853 222 -131 -105 414 681 116 234 200 592 -413 27 349 -343 586 -406 -924 -550 1144 -1450 -735 381 608 -566 -803 -8 -336 307 -861 -137 277 -399 26 630 -98 739 -884 625 40 -334 8 1199 -447 -190 -785 -538 616 307 -275 588 1201 -664 -316 333 76 -507 
369 -821 -1338 837 -750 -1344 -123 305 651 248 168 -442 39 347 106 -129 439 545 173 237 -981 -479 -122 810 -655 556 483 -735 -487 -648 395 -114 -1306 -123 656 -14 529 -722 -202 401 626 590 1200 -782 189 253 -61 331 -31 -1181 766 216 374 194 -817 -334 -89 72 -668 22 -1382 211 -175 41 382 -813 390 150 96 495 208 -13 145 -376 1041 628 -1059 993 584 1014 36 -641 1071 571 431 1085 51 -232 -234 69 676 -1077 288 486 -108 -247 -20 -141 -417 -771 390 -380 -118 547 707 -743 -391 -440 727 190 371 245 32 -1208 277 -697 -289 -178 318 142 -517 -81 -1021 -97 -147 460 521 199 -259 66 -459 764 -535 6 -304 -203 -702 -260 433 -593 -79 330 571 -351 828 159 1608 523 199 230 398 207 -364 556 -230 -367 268 -147 -281 315 474 -33 -1266 792 455 1059 346 4 22 397 -73 696 432 505 -484 -9 -2 -324 314 215 340 551 255 -1021 0 -781 -945 26 -283 -437 -387 623 928 636 707 -344 58 30 -743 498 686 407 611 -66 428 341 1250 -234 165 -476 13 -474 -315 -344 229 -427 148 -7 -411 -446 726 -699 -205 441 -128 -98 -792 -879 502 -8 -460 -528 -206 233 -508 -405 -316 798 164 518 -215 65 -917 265 -741 -650 -741 -473 196 617 450 -26 42 265 562 721 
-337 512 -424 -1232 -227 292 529 -106 77 -196 -106 -600 471 -756 235 -584 -645 56 -320 185 9 1419 23 174 350 -151 467 244 753 415 -558 -292 -145 387 158 349 70 631 -436 -133 -649 363 118 143 379 -62 -235 -133 -621 1043 -919 206 849 570 610 -321 423 -694 -152 -682 -117 -449 784 -255 -14 -35 -102 302 -349 -369 -1201 303 297 -63 -1301 994 360 -59 -625 -600 88 -866 -163 5 -679 577 -645 55 -743 -715 631 -620 587 -506 476 -304 -845 -340 -474 -509 -1068 -649 462 -127 616 -100 -248 957 -846 -45 22 371 -837 104 424 618 542 -63 747 -587 126 -115 494 -625 278 -538 -368 -301 179 -473 717 -1276 176 472 207 597 700 465 -874 585 803 -177 -686 997 1107 566 315 -33 44 529 -74 -1266 -749 -530 -1233 169 476 1050 -71 483 24 -159 58 -39 1352 177 -175 -252 -80 355 -589 428 -366 362 -358 -72 40 43 251 455 -2024 -785 -1046 622 223 577 -1077 349 -73 213 -531 1024 494 710 286 -407 110 565 -460 1081 148 -314 511 -22 -317 -96 -462 -960 -230 530 315 -764 -257 1075 -148 713 625 425 247 -114 -595 -392 175 25 158 738 128 451 -429 -40 -163 167 1254 -74 1078 77 1065 -515 -294 371 -112 442 264 184 -526 -1013 -66 -432 -605 96 -815 377 783 648 250 536 
-346 745 771 -738 -284 1110 -379 97 -300 349 244 -989 -90 -888 -811 113 223 723 -83 235 222 27 121 201 -536 -248 545 -417 -290 921 -362 -585 -304 4 77 -99 -64 298 -502 -170 -791 -185 331 145 84 633 -213 -628 83 989 -196 1326 -572 963 367 -1227 -771 63 818 -361 1076 329 885 -665 60 -803 511 -346 -1055 801 84 -670 354 -260 -1219 305 -401 -948 -328 267 638 -298 -37 -691 -408 645 655 521 365 -250 393 -295 17 -796 -275 -750 -270 -129 525 176 -634 -239 208 -629 -227 361 -1943 819 -1258 -519 133 395 -894 41 -523 -1077 379 34 -187 1161 363 -260 -445 70 13 1178 498 -1083 88 -498 -148 664 1118 -395 164 220 220 -684 -1129 -385 -453 319 1398 -155 906 229 -626 -405 -352 -795 634 -678 -452 991 -284 -673 758 -663 -174 -400 -701 127 813 -76 -864 267 -712 -148 307 -643 -291 359 606 221 -213 525 221 -2014 631 390 -313 891 -462 -193 157 -285 -806 -292 -100 436 542 363 -209 -182 273 -103 135 -1080 -190 659 411 -201 -40 -1150 -181 822 22 320 -487 -4 -268 848 23 -160 340 -209 -852 -1087 808 62 -821 837 -562 -960 -962 217 -725 -649 124 -433 -537 10 531 -153 105 -1664 -638 -1134 -740 229 -1201 -51 -152 -509 93 -712 -224 -173 253 -185 -989 -743 -706 127 430 -692 
-144 94 -1406 586 -424 -310 -85 -654 447 556 -3 85 -971 -293 -61 1162 45 42 127 -162 -49 615 -773 138 507 -483 -613 -315 -421 215 -316 548 -32 412 -1354 -181 571 129 608 128 -72 692 -149 481 -240 -1180 323 150 -86 111 -158 -460 -302 296 -314 -233 -851 -96 -601 -410 -497 149 146 -16 175 148 43 -678 -633 -50 33 323 138 997 -657 -416 1665 -471 794 210 406 -296 -241 -255 219 360 -218 -275 -571 579 -246 308 -448 -57 1400 444 136 830 -320 -22 -549 -207 167 98 401 -472 -749 538 31 1359 133 1057 -173 693 218 -100 954 -1292 -555 220 -4 -621 -498 -243 -643 -741 -480 1008 -219 -300 -357 -585 -587 245 -596 99 -383 -328 -323 134 92 -55 -921 178 71 -782 493 -76 -264 468 -288 -190 -111 136 -647 -381 -25 847 -1402 904 -432 1897 -410 625 697 -878 239 873 531 1603 -395 -407 83 638 544 -171 526 -883 932 -501 393 616 614 -771 -154 -356 935 -414 -1131 627 -151 0 813 -952 -739 -593 -123 560 -5 -695 -1078 489 492 -498 816 -113 862 275 123 185 1005 -500 844 860 20 624 -121 -103 -139 318 -346 194 -206 -673 271 104 153 622 -125 -1284 33 327 1006 -85 665 -658 -109 -71 -49 409 -852 -354 -430 106 104 376 -588 316 -218 -518 -689 441 415 477 487 -427 
283 43 -189 424 236 572 -53 883 -428 -133 -287 -164 5 -730 -781 214 -515 177 -278 -267 719 -1434 497 -145 48 -104 699 693 -358 -99 -862 -391 411 -1315 581 -100 37 23 104 -138 -600 313 -111 301 -254 445 -74 169 28 135 320 478 23 -561 872 208 419 413 351 607 326 485 -570 31 96 653 312 273 130 1226 132 -161 -350 -134 544 156 995 -326 1467 179 -313 -13 -1064 414 -939 -147 349 -1188 -963 674 -344 1239 558 -501 336 1218 328 296 131 179 164 -1340 -936 -619 648 130 785 -31 78 -853 1250 719 -201 -191 5 -115 943 -451 769 -160 -520 455 822 -60 -261 -190 -422 -92 669 104 400 -1155 -169 415 288 -821 -541 421 -573 1319 605 223 -1052 -550 128 -335 354 88 1892 -544 30 380 -438 1065 177 695 52 -1283 953 -1091 26 124 -7 -679 -174 574 -677 -199 53 868 -684 168 540 960 -889 883 -44 219 -122 -530 554 -94 382 -1327 -61 403 380 -404 385 133 1470 421 237 -148 59 536 593 -210 186 347 -44 -780 211 -203 201 390 -225 1 -1358 -108 658 802 -12 942 546 -91 155 311 -105 1023 -37 551 360 -631 847 866 -90 -792 -192 353 547 -117 407 -809 351 557 1022 -973 651 433 755 -286 344 191 -507 356 -624 -545 161 -322 -28 659 872 784 -25 317 
-1292 -199 290 -403 -885 767 329 -309 244 -562 -932 -61 589 -106 1044 -351 -1070 419 -426 -270 50 232 296 46 -505 194 1012 677 -430 -1007 90 -142 743 -672 -645 318 682 267 -797 821 651 -235 -839 -368 241 1702 -57 -1124 -696 -578 142 931 -113 -1521 -581 -104 514 22 -246 -6 34 465 -784 854 585 -1220 214 -301 111 -576 -219 62 1212 444 31 -521 -323 -362 -422 -429 1216 -93 -1215 73 -268 287 539 1388 541 -108 189 -761 -120 -930 266 681 -465 440 -172 -118 199 -87 628 131 -1425 -869 1153 628 -256 326 -403 170 -354 120 -501 386 965 164 -644 -332 349 -302 366 -47 458 358 -631 -241 -706 -501 -295 30 -459 257 -56 -87 -66 -131 -312 -959 245 1481 471 226 89 -648 63 -454 201 -1505 666 115 711 236 -443 -816 -95 -4 -47 91 -1089 139 -532 -485 319 134 -265 -431 -495 478 -341 377 -96 392 -192 -871 -406 277 712 128 658 7 -105 -631 -557 -474 624 -239 640 -31 306 451 -182 -177 346 735 282 -491 101 -1012 541 -532 -320 -1248 -466 -234 -20 -413 326 79 701 -86 116 48 -1448 69 214 820 367 -150 1075 -124 88 1146 -527 1223 287 -839 415 557 -183 -155 -373 168 633 440 956 116 -534 733 116 -700 -464 183 1121 666 624 378 264 -1145 -271 15 -405 -616 142 -515 
-310 -1593 444 858 217 -26 113 584 12 160 -716 -894 539 710 667 732 -647 828 -840 -260 -675 444 -337 486 -651 -481 -305 -1057 -973 -381 244 303 -231 607 -301 -549 -533 -209 478 991 422 -1024 -204 -558 -6 -1757 -1156 -217 -37 303 1250 215 679 801 -815 -130 -891 515 -71 174 111 -959 414 1039 540 265 -221 -639 570 -857 78 727 -210 173 830 -714 -852 914 438 -18 653 406 -290 206 -669 287 202 -430 57 2 918 -175 919 -923 480 1127 889 -26 -1041 963 582 -250 405 398 243 339 957 -524 -370 -944 195 -288 -303 88 -376 639 598 -213 694 175 176 -993 723 -672 -1006 -680 -217 653 -989 720 472 73 -233 306 133 -105 365 133 -61 -39 -274 -73 -207 1042 -515 1158 137 -501 -63 -183 266 -160 134 -731 -819 -219 141 -194 -524 -551 229 867 874 228 330 348 801 -560 205 -476 478 1099 -139 -851 61 325 -847 624 -956 -661 -269 655 960 775 -416 815 1160 -573 337 179 620 0 -448 449 -147 27 -332 -357 -208 -147 -498 -167 -124 361 1003 -1031 -193 -1482 248 193 -740 -339 -162 -850 136 -148 333 -275 351 -145 -849 876 -1249 348 -275 200 -183 -97 187 836 960 1177 -678 242 -122 515 416 477 -272 68 469 -476 -1086 583 574 -8 -419 -126 407 -626 -584 338 9 -58 395 755 
416 -265 472 344 -497 -242 -686 -1 113 212 -485 -819 -95 -305 393 681 182 35 312 -131 -246 271 -847 292 -400 -787 -472 170 -211 -596 96 -875 696 -798 420 -107 568 -607 -568 -236 -343 -118 99 -242 -225 494 495 166 22 121 343 35 -391 137 -292 -503 -1131 -107 161 -624 272 76 -400 525 388 -292 -348 217 526 748 -359 91 332 -40 -736 529 803 -503 381 -860 833 1027 -1035 -9 679 -928 629 347 -481 643 -1004 -159 -1147 68 -256 197 267 -635 -347 395 1282 366 636 903 458 -981 179 571 1131 -1015 -1091 127 573 -17 -55 -330 296 -104 -477 682 -1242 -461 -349 427 -2 -610 601 -156 802 295 -315 -194 128 -239 236 924 -592 -155 3 129 399 779 -708 264 275 602 -1005 535 82 -115 -107 -352 -590 831 -20 915 -258 -94 -748 -381 -868 -529 643 57 595 -221 -422 280 -176 -216 478 322 687 831 32 68 1689 -851 245 -682 557 -418 776 336 472 261 1161 -571 -378 935 230 -392 -47 -484 -611 266 -224 550 227 360 179 -367 -163 18 274 261 639 -365 867 -543 -1020 -435 1166 1015 -733 382 -175 -271 103 186 -272 -309 232 1194 806 -1460 521 -298 -172 194 2 -501 951 392 -495 405 -1045 970 -704 -523 -165 639 -1076 93 -353 -45 791 403 -182 -490 4 -443 -692 -105 572 586 
-566 -931 -965 -195 -540 1026 1669 -491 138 -755 -58 -148 -556 -388 1350 -177 959 321 299 281 827 -1410 -588 -314 112 347 93 -724 -99 -465 256 697 299 -34 142 201 -448 135 -358 489 -264 856 581 -24 -761 1243 209 366 -464 -171 311 3 186 -858 715 -240 801 -152 -251 -102 -896 -166 -81 -1184 -543 783 991 514 -593 -75 -828 -818 120 264 -308 790 700 -476 -1102 1055 -79 -111 467 -424 -378 90 -337 -61 525 -426 437 -667 -1004 427 247 600 292 -498 53 202 -685 -36 170 -1051 267 -629 -232 -539 -880 1111 755 297 -475 -1222 379 -529 193 306 -449 401 -386 172 -991 698 1317 325 52 -917 -631 -467 -563 120 685 -310 219 1031 -143 -802 373 -628 -179 -810 -774 -671 236 -990 -25 -151 -259 54 -144 745 -118 -451 -594 -1623 -1700 -670 -170 223 -733 -546 106 -4 -58 202 -475 319 561 557 -291 -1151 865 -882 -449 73 894 551 251 488 932 132 -693 438 36 -1030 772 -150 -481 -181 -949 78 -869 1 1508 -708 1261 -423 -240 -233 -1041 396 58 -290 1032 686 251 1803 -830 434 -350 975 414 599 905 -1196 452 182 954 232 1326 -424 -118 -583 -228 906 -318 304 -92 -314 -535 -262 498 -354 -203 -284 881 581 -962 -616 -434 -468 -117 -628 157 498 248 -397 445 669 -556 78 353 -507 -310 -946 
-804 592 531 480 -620 -291 -260 -261 1035 -596 109 76 32 119 -588 1124 13 -256 -1233 -730 139 965 54 -685 -229 -110 -131 -268 -163 -330 61 -354 -1321 -30 1627 -519 610 463 -1883 1044 -306 659 -601 322 582 106 276 -149 231 535 149 -811 -106 -48 -21 -164 35 -350 312 -338 650 541 260 387 -399 -803 170 33 -326 109 536 -894 587 -101 -881 -25 -562 -619 222 -604 297 -1374 198 -625 33 -695 -425 -76 78 -996 -26 328 133 -179 714 -51 77 689 -370 227 -374 510 -473 564 722 107 443 -167 -256 -962 194 451 -583 377 -36 -590 -147 624 -1587 -343 -84 -339 -620 737 558 -510 -121 -732 -48 -867 94 -543 1214 530 999 -88 423 -1258 970 -450 1387 183 -96 -29 68 -313 373 -248 -450 958 -346 -666 -596 409 -759 -477 -141 96 680 34 67 471 436 820 1249 593 -802 437 314 -835 -1112 792 -751 72 671 -520 631 755 184 -841 154 -189 -176 438 -632 1128 -568 -793 663 -607 1045 622 -192 -7 968 -1093 -68 137 567 -881 682 -1021 309 26 -1016 190 107 688 306 -830 -768 -757 -1307 -256 824 -98 1612 -102 814 -405 150 354 -803 397 1122 -562 -696 351 -41 667 -99 -646 -613 -528 -371 1243 -222 215 -718 -635 168 -497 1447 58 52 -661 548 -210 -355 1215 -324 -78 13 -25 461 -392 
342 -329 -414 1243 335 1087 872 -146 -109 -244 807 216 606 -608 -229 -866 -752 212 -1406 557 -1255 845 823 513 502 33 663 292 -109 -70 159 898 186 -612 368 448 -182 1170 -110 -720 -604 68 212 -375 -357 1232 227 637 659 -730 -55 -509 739 -308 -627 -284 452 237 816 -38 -625 -925 -92 -1027 643 -532 230 -215 -173 175 418 646 -247 -40 -722 317 924 260 101 -82 -514 50 739 -250 -52 -774 206 -155 -814 974 60 865 759 976 -807 602 309 -124 997 -1157 634 -325 -882 -122 691 223 26 652 -309 29 -639 -617 2052 432 -316 -468 910 343 -742 14 -769 315 -531 -119 -687 -190 1166 -170 405 -222 -718 -61 -944 519 78 1118 -92 198 -510 1 -548 471 -7 631 3 -145 -159 713 364 -662 -48 528 354 427 495 248 169 290 178 729 -543 -299 -561 539 -526 208 -53 598 -388 1666 -535 200 194 55 -338 22 -514 363 -55 -1462 620 163 -400 574 -871 512 -51 68 -261 -375 138 -965 -861 559 -963 -785 -299 278 -771 115 735 -933 95 337 -404 -654 1323 963 213 766 71 652 276 87 -993 730 -489 925 -125 482 -1291 -45 659 -97 -191 -98 641 251 -197 -106 -564 440 -995 -1238 -852 490 -450 -423 244 -171 57 779 276 588 -390 -258 119 135 46 -235 -326 -246 269 501 972 476 
-212 -159 527 633 -76 568 -712 -1 -718 -278 506 973 121 326 -940 -829 767 378 -133 239 -854 -400 569 -32 105 -809 1002 336 907 125 554 15 -867 -712 -372 9 -885 -432 1059 503 -6 400 -708 504 39 -936 177 -106 -576 -1113 -1372 9 438 -115 -159 1331 266 -408 -268 426 675 434 38 409 664 308 1521 -225 418 -265 221 -259 -687 141 427 -623 -719 398 -658 -768 61 94 929 169 -415 -371 149 401 1332 713 362 201 1617 -1028 -433 295 -380 676 -98 -1459 -343 -193 1305 207 -599 -367 688 -122 120 549 729 443 -420 -258 951 -1020 -564 -342 328 -516 -179 500 53 -282 117 -376 -720 1861 -379 286 684 -885 46 73 704 -773 -863 -38 239 105 458 -937 -680 192 479 -625 1190 -421 -388 -909 583 572 184 -31 395 -324 -67 312 493 191 -956 -87 366 -219 -419 208 -114 158 674 -450 -564 8 207 -817 1147 811 -1448 -13 237 -32 -625 448 -294 258 -190 -705 -101 486 185 -1152 -561 -63 -56 -858 -463 -321 -174 297 -228 -361 -1270 -401 -42 -773 328 -1401 -259 -698 663 770 545 -409 -389 89 1181 -1020 661 -166 -504 864 349 -571 456 -904 290 -383 -660 -486 -610 -518 32 26 427 1277 -851 141 214 112 -21 -548 311 343 -664 722 106 -573 -228 412 -420 -240 411 -301 -375 844 6 999 
398 190 370 -655 623 63 -936 -553 -888 159 -398 435 -709 -693 -583 22 159 448 -985 443 43 -656 292 -41 -97 7 -44 224 -26 1378 -1301 -282 -635 568 -878 18 -1241 764 374 -250 332 104 -466 543 266 -42 854 770 1270 -249 -51 327 -370 -66 510 211 -435 -705 289 -1048 931 252 1104 135 682 -208 123 -1081 420 853 185 -456 433 785 -157 -352 825 -325 -283 827 -426 -274 -96 -412 -180 -98 319 303 905 761 -343 673 350 -426 -193 880 541 26 -321 364 116 761 -1256 -22 -746 -349 -118 310 -1426 -63 107 326 321 179 -352 -143 -365 -511 435 172 -968 820 -33 -694 334 189 440 83 624 -233 621 736 -32 -126 -411 -417 -538 -423 203 -61 -313 -534 123 517 192 -912 -529 1259 -173 -1032 -697 -8 -679 -41 328 -31 122 -148 296 -168 243 2 661 469 -593 -544 740 228 329 68 449 -1234 58 160 297 277 -439 -459 -1084 -196 330 -523 644 -194 -154 -700 721 600 393 335 488 86 635 604 33 -515 -414 641 -12 -549 211 -512 -597 659 506 550 219 -35 -309 -262 888 554 -1300 589 -843 -333 458 -600 77 -435 272 1036 207 -508 698 993 -1177 295 254 670 213 -250 -637 264 -1505 -195 274 -822 -409 677 925 -1176 68 -971 361 329 148 -86 -116 137 -1165 270 669 108 -1218 796 
-833 -224 -327 -1051 613 600 587 666 310 434 837 -227 -433 331 -667 366 840 154 88 687 352 -1088 330 -951 -658 -231 105 1601 206 -659 -679 -227 792 225 506 243 339 13 31 373 -692 -836 -445 -92 -84 -1233 -268 -78 389 -513 167 832 519 115 134 -215 115 -800 253 -515 104 79 1622 -433 -76 201 625 -143 -930 589 -113 760 -363 -650 -743 440 180 -824 -439 -951 898 421 1297 -70 977 231 -347 811 -673 646 -82 -14 -449 -549 1134 -26 735 88 -517 487 357 821 -284 -276 11 1115 -332 -41 -800 630 311 754 -20 -295 -792 -142 171 -151 214 -767 -11 -259 800 392 -436 -810 -811 -672 310 713 -244 -873 970 669 296 -829 46 -503 203 588 262 145 210 -406 -547 546 53 -12 140 -435 442 -538 -617 647 -831 -966 -244 288 28 404 -148 161 -157 568 774 -564 -577 48 1662 -492 348 -41 558 161 410 -187 515 -874 -73 -167 -382 -24 37 723 1327 89 214 195 -354 -775 -325 139 489 8 89 -594 270 83 7 -95 380 410 176 -173 539 -10 -264 706 -82 -349 145 -41 -528 646 152 -438 261 240 910 -431 391 457 -1206 -1008 -172 42 -445 959 -128 307 -641 102 327 200 -399 -907 655 118 -623 332 26 546 1338 1295 -281 456 -289 151 697 -38 372 -347 86 551 216 1423 
-861 132 805 -268 668 -209 -712 -538 -18 4 -313 84 127 1012 -147 180 -152 927 -650 -170 795 671 -340 554 129 -138 -1 -44 -781 84 -672 -700 277 1012 613 406 25 1021 -300 122 -43 -404 362 1116 864 -89 -27 383 578 891 -1419 -4 69 50 458 322 -20 17 28 -598 418 423 6 324 260 498 -211 -180 -434 652 651 -576 971 500 -873 1026 -91 -701 -78 -135 1000 787 -227 220 -449 1000 -2 -143 -43 -519 1048 367 550 587 -541 699 18 -363 -529 1169 -574 278 415 -539 -332 -231 -350 -1077 -457 -188 428 1035 -1478 -46 1110 130 -358 325 -660 921 118 -871 531 -956 202 538 489 -793 -3 322 583 -127 398 -541 -34 -12 3 -255 -582 844 267 -1046 -332 -521 -11 -869 956 -604 -93 -709 132 -250 -194 19 -89 -112 253 1061 -553 183 1089 259 489 387 314 208 -663 -26 55 -416 669 580 469 -115 -59 100 -654 -776 -525 -311 -796 121 -437 -181 -327 337 -1798 -464 155 -703 466 418 206 58 -102 133 896 -1244 -720 389 313 -765 754 -1588 742 252 -7 -749 567 -128 466 -301 -283 -772 1287 -136 332 477 -44 -395 748 -111 715 46 -750 -207 -909 526 -411 -617 232 544 -370 887 180 341 249 -243 347 55 -274 -140 221 589 -556 527 -233 -500 -663 411 1314 -516 708 -607 99 -354 
-854 587 -1010 -250 -519 117 -738 366 -259 -531 -238 -13 1351 -460 -372 365 492 -1022 439 711 193 -654 -757 172 -1120 -594 -261 -1434 -483 153 244 -509 -277 71 -245 -624 446 70 -823 -114 -186 219 254 924 -210 695 699 -817 -659 -295 -289 1154 581 17 767 279 -1149 -305 -766 -378 275 -783 -391 -239 -849 -534 327 -1540 -1000 582 -144 -432 1333 18 -205 -127 392 551 -625 33 -664 835 -879 -553 202 362 -169 -36 -164 -51 194 -179 -842 -262 363 -655 352 -73 209 459 -544 303 -1272 866 -144 -339 -190 483 -732 -617 149 1417 -331 108 -512 112 597 149 -597 -143 -341 -592 -275 -100 29 593 -133 441 851 236 485 750 481 -532 -1176 270 -710 454 505 -818 -24 -146 -544 1201 882 -126 -64 -123 -682 -21 -269 -313 318 714 -384 749 -451 817 -86 59 117 -685 315 390 -211 70 433 129 -753 531 519 -466 13 704 68 -156 -622 -69 595 -274 343 -139 645 -265 -1192 -981 -436 252 -524 -765 -1060 2042 -58 -376 529 -181 773 154 176 -698 -680 -1074 -431 -1015 -612 313 1241 -455 -660 244 378 -611 1298 -568 -800 726 880 -34 -1227 -474 -224 639 -710 -705 -443 -832 -1317 340 -331 279 614 -716 837 823 -25 -274 124 -1179 -244 277 -878 710 272 22 -704 91 396 -584 -105 -81 -453 -24 170 303 -732 131 
-372 -10 -341 -1527 -327 -469 -350 -563 -155 438 -159 148 371 -206 64 387 -62 1316 614 -218 -279 961 270 241 -157 398 -243 -174 269 -46 -20 -610 780 -523 207 179 468 -636 -291 -491 -1091 565 603 25 -300 718 656 -539 -838 -666 -312 -274 395 -916 -1059 -1274 -432 -418 175 -625 364 -396 584 1160 354 -1300 -194 695 446 963 -316 -836 185 -364 -453 270 -958 305 -86 -947 -571 -1236 423 -367 587 -665 523 466 386 423 156 -305 135 -1 -623 -420 20 -1002 335 -1371 -146 45 860 -1046 142 1179 11 508 -707 128 407 141 831 -1068 476 -351 -1021 -496 -529 397 -172 -769 -928 -270 -199 -147 -401 -362 456 69 560 252 322 -460 92 326 -292 -58 731 -541 910 326 551 829 -754 -506 -294 -74 411 -1154 -116 23 -279 -494 -458 206 305 -435 694 333 359 -815 437 1008 308 772 -401 626 -255 793 -54 -1362 -997 -208 117 -177 21 556 433 -562 -449 481 103 75 180 -860 -422 153 1319 -712 -824 -490 35 -809 760 -30 -137 -318 -880 -152 -322 640 -420 934 277 258 456 -468 593 -861 -561 -668 -46 -473 -170 -216 482 -258 -69 -461 376 304 -44 -617 -15 199 -211 773 590 217 1034 -24 896 974 -1177 -188 231 381 278 -52 -296 -45 -264 -419 -206 269 99 -46 177 37 1 -94 -48 103 341 468 
-685 41 -282 -267 210 90 432 870 -595 -166 107 335 372 1139 -79 722 -346 239 -315 237 -169 -11 -69 -425 535 -180 182 -618 -3 -555 712 -317 -604 -674 175 724 -1208 288 773 259 -213 -94 709 167 -124 -648 -341 -469 261 -43 -241 201 -111 -279 153 77 -169 -332 543 36 -791 162 -23 -113 -325 -109 1194 -692 -911 111 -466 -286 -170 453 -1300 -259 656 700 -153 109 51 586 91 470 -395 -113 -792 493 -287 -95 -3 -57 255 1626 -88 -318 -720 791 -929 -157 -300 521 1033 320 617 -231 170 220 -639 87 248 -257 158 338 -322 -102 -88 -48 -261 734 -192 -748 -143 -698 -1503 -532 932 -740 452 -155 211 -155 -917 34 -62 -170 -137 -50 34 54 -791 -190 129 -127 530 -618 66 -216 -1030 -1169 -888 121 352 -90 -298 -320 536 426 1012 647 -193 -886 434 299 46 -91 -31 155 393 34 570 327 297 -364 310 -570 -154 -141 247 276 -138 890 123 -388 -31 -615 -324 -666 -558 -181 -11 -612 -1152 -871 -1023 176 -264 -647 -757 378 -302 -246 101 -355 656 -371 178 -7 57 380 -245 65 195 -35 -104 589 1338 -95 -413 -282 620 396 616 57 -939 -164 77 7 -882 109 -3 -362 -198 -123 -273 619 -62 316 806 -1410 92 -251 603 182 -595 -15 653 -438 -417 -1585 107 -242 116 485 -216 -986 
-160 -29 341 -89 -945 -561 -464 -730 -363 -72 -62 -171 422 626 -477 -140 -172 -224 -1117 225 501 861 -399 858 502 -276 -769 205 141 500 -1459 -819 4 -511 -314 -58 1068 230 607 -685 155 -1219 -196 24 910 -1027 615 399 924 -1092 -185 106 380 69 52 296 695 561 -616 1253 -548 1034 -1184 983 -737 -16 -1587 -623 274 327 -334 492 971 -243 -603 -231 200 389 -1293 587 -108 75 162 -213 -412 699 230 293 660 -282 -86 -78 -588 -114 188 26 416 -634 -257 628 104 693 -599 148 -734 -668 -225 -116 -271 720 472 391 108 -88 -218 -24 405 -306 -633 -936 358 459 102 -390 553 500 899 518 186 468 526 17 -1011 329 -639 221 -561 -831 -88 -8 539 561 567 160 1705 187 483 -1019 2009 -59 183 -596 542 881 -258 -177 -74 -64 -148 -364 -57 335 1 239 9 150 -642 -1000 -175 91 -324 -131 -193 -363 -701 -692 -1138 -288 -371 -24 -355 -405 -1124 -1136 -1101 -697 -602 673 -23 -98 -9 328 1477 366 -414 -40 321 149 -435 176 -295 -481 -1435 -334 228 -17 269 -887 -358 -172 336 34 -773 681 -490 -674 180 -141 -124 -1213 707 415 118 844 -367 173 37 -225 -984 343 -105 -104 -524 -107 -163 -245 196 477 -149 444 -336 -86 -739 997 -166 -86 -179 306 341 -922 -257 -480 -258 -157 -408 522 
207 -61 -501 246 1546 193 226 70 338 -613 1012 791 135 1 651 574 85 -551 -348 273 544 262 -170 -74 9 311 13 53 -1544 573 -66 -391 234 -368 -448 -89 876 238 -564 1110 487 805 -145 -512 253 -35 -262 -90 297 -41 399 -970 83 212 227 1135 380 297 -226 204 -121 232 304 321 -697 -112 -486 -129 -621 -12 380 449 483 484 106 699 449 -497 447 829 317 -123 104 -119 780 -172 -401 -837 -174 -225 -49 1047 477 919 586 1370 -255 455 830 500 -656 -241 -349 458 -213 636 78 637 -1381 722 353 -1059 51 659 -962 298 825 698 -282 488 -511 -159 475 290 379 -625 -648 -546 559 877 1357 35 277 599 336 -1248 -532 -565 22 68 683 55 944 -494 -225 -1005 1273 -1267 -347 -134 764 -71 407 620 176 -650 207 -423 1148 336 -618 484 -33 2 215 -197 -583 -995 452 340 -212 -706 263 -579 18 -338 -486 509 202 -431 275 936 -219 1001 1065 -810 462 -264 247 -148 361 293 -499 -123 594 -629 46 -124 -103 -402 96 -1227 -164 -10 -352 1039 -646 661 -542 654 150 143 606 70 90 972 -135 385 21 -92 589 610 -262 -117 -730 293 -218 -65 491 469 945 -535 337 -1108 -609 -1088 815 224 411 -319 -177 309 -556 534 417 -148 869 -816 324 -75 614 -319 69 -122 -283 -1273 
527 -673 -886 -602 452 -240 -260 525 198 63 249 -361 -865 -551 -564 -797 1303 265 903 438 -281 -1119 -217 -252 964 701 577 372 -98 -340 -34 -52 120 149 -1125 -207 207 -163 -274 -206 -305 -1057 -955 -519 -569 417 -356 -566 31 313 98 664 -592 126 300 -465 -333 -164 1142 626 -26 -651 -93 -743 -531 325 -603 303 208 400 294 855 201 -704 -308 -169 11 -717 -933 -454 -893 -369 1222 -494 41 -270 -164 287 77 376 -120 -707 -636 602 -361 1422 596 -320 62 309 -399 34 105 -876 110 534 -85 -842 -211 -973 797 457 -467 -265 400 99 -463 -745 -515 -1250 455 738 -792 -19 -131 -128 -468 -938 102 -696 -44 -725 -136 37 465 84 -76 529 253 493 -63 -299 126 1072 -345 456 680 -115 390 -653 -574 305 -1248 624 36 -730 119 -282 865 -48 623 -225 -55 -761 229 -745 788 1566 -82 195 87 -509 -569 900 -658 -867 1205 -630 153 655 32 691 188 -879 1434 -814 -328 36 470 1332 -212 261 564 -280 134 -273 -455 986 1073 143 -259 909 1600 -182 -187 -169 -48 443 376 821 -12 23 -488 792 136 -486 -318 -102 -300 479 284 -91 944 1 460 -199 1072 -427 -169 -67 -883 -509 324 249 425 -1367 -340 -627 381 -638 257 598 630 -562 -634 512 -1171 1147 -46 -256 -428 7 -407 -22 365 -42 
888 -362 -886 17 190 -205 959 120 538 -636 -636 638 170 398 542 450 -59 143 511 -640 -929 -121 79 193 1009 -640 -16 382 182 -137 13 1043 192 1033 93 18 -746 -56 -103 249 417 -1031 486 -35 96 -95 -625 -93 298 -471 -743 320 967 362 -38 -293 -242 -158 -37 93 -85 -545 465 -1029 -177 273 694 -115 616 -387 -148 204 -472 -582 -476 355 -1759 -286 -207 443 74 -1417 325 408 -423 408 -89 703 -303 383 -87 -106 230 306 -97 -1195 274 -272 -395 -674 361 -1024 -98 -186 -22 -274 -381 71 -150 -319 512 508 83 -679 -615 -626 -135 -574 88 -806 -157 571 -678 -193 476 63 -177 -600 -30 421 -752 -767 123 41 196 -117 81 54 -131 -205 454 -293 -333 -713 668 -121 478 11 777 -643 577 47 161 -77 -81 662 37 582 -637 -472 530 505 -302 -586 -464 52 -156 -19 -382 -354 -870 123 86 37 -1045 880 -489 331 -227 662 -167 -836 -624 -546 269 -264 -749 -189 243 97 -664 50 492 13 -284 -9 238 -702 -72 124 -251 170 942 -87 278 -182 -504 -209 -53 900 -75 955 482 568 1313 -977 -872 -199 282 211 115 712 176 549 174 265 626 -767 -444 396 294 159 -412 295 318 985 614 289 298 -270 1664 -196 272 476 -13 -479 -415 -300 -98 -713 -41 351 112 -528 611 1035 
-73 -286 362 -148 299 -274 -139 443 -629 -14 522 -474 -100 371 -78 -259 457 294 -358 436 144 67 111 547 -22 -328 -1118 187 1157 -1127 22 883 580 -136 763 712 161 248 523 -902 -885 -1170 1248 -849 567 -27 37 465 816 413 -11 -1148 -610 -430 -33 975 -877 -403 -301 -565 274 190 834 326 104 295 97 612 -380 602 -20 113 -803 292 -485 -122 -18 753 125 712 -1436 499 341 -841 568 330 497 -425 -93 474 -239 36 -428 -834 112 1472 625 -345 -41 -675 331 514 113 134 -180 -2 103 478 602 605 -78 85 1241 181 -86 328 -90 653 705 -133 -584 12 -61 -370 -188 39 -598 270 142 677 -554 162 -1040 186 478 696 1280 195 891 394 543 -750 640 -344 -986 115 214 -483 -586 -1101 -552 334 509 38 -108 538 -517 745 -339 54 -233 -345 1159 138 376 -343 344 -220 -124 -363 -42 266 -153 101 37 441 403 223 956 -166 188 -351 620 407 31 -412 -161 1237 533 482 362 -874 -8 496 -727 73 -537 721 997 -376 7 674 1481 775 -257 4 -971 322 229 128 419 671 218 -70 372 -769 -147 -27 902 439 -917 -252 -543 -274 -860 128 441 275 -513 183 -553 482 305 498 -409 -796 -589 142 132 79 -203 113 1547 380 176 -504 -687 480 -335 -367 -269 418 163 747 -368 -17 
-36 -1646 -968 -609 9 -578 -239 -154 113 -414 -70 -154 -518 -1171 -786 233 117 109 584 22 284 -99 -801 153 524 -191 -72 -462 646 -622 105 231 -677 436 715 303 -1366 673 794 274 41 369 -536 -69 70 -781 373 -310 -601 -79 91 -207 -351 197 779 817 103 -447 -662 179 40 168 -673 1501 -175 277 587 -70 -279 892 -19 257 -459 422 -818 -444 -130 1348 736 562 -304 -1018 -106 -867 -1040 -585 -105 -884 340 440 -418 19 95 -529 559 1277 -604 646 -123 117 614 457 -861 174 169 -776 -723 159 -247 -1131 8 4 -875 280 793 -336 486 -179 -207 76 290 182 357 -1007 -427 -351 -67 275 -848 -198 579 95 -565 823 -362 -149 2339 581 761 1201 -469 -545 -645 -713 139 247 63 -235 117 -114 -264 -221 437 -673 -416 -995 627 486 429 -365 321 170 -415 -685 -62 -18 12 -366 673 -800 287 516 882 -70 269 -302 -1180 460 -491 -381 -480 -1471 458 712 89 -393 68 -337 -1481 -362 117 -280 777 -139 1030 -710 -21 -478 -1061 28 287 -670 -59 558 37 -433 508 -1037 -20 -87 453 656 -207 -200 198 -625 921 636 263 -704 1162 -338 -186 894 -106 588 -561 -3 -905 1161 -243 -201 -546 -91 800 347 1582 806 -782 367 375 259 626 167 -3 -607 -599 -556 61 -451 217 -771 79 685 -520 101 
-187 423 -157 -659 -375 -157 -97 613 1011 376 512 -230 451 110 773 -531 -43 949 805 423 320 339 -505 -127 547 -110 -640 1223 1256 -706 878 -281 58 368 -989 371 265 263 -292 334 245 -502 -520 -508 -50 1147 -658 -989 98 -674 872 -328 90 510 563 850 1086 737 -416 -792 -502 -117 -267 843 30 307 -250 728 554 213 -212 443 -359 319 -897 -468 -623 -825 -638 261 1098 74 251 -858 171 -102 727 -400 740 106 982 -393 168 33 797 387 89 717 823 240 341 -197 366 630 995 -172 564 120 348 808 1231 641 -763 -93 351 1137 677 136 282 386 68 -539 -252 1298 459 169 -252 -499 -31 -292 124 -304 -125 1181 1008 -183 -871 -733 251 -530 -460 375 -220 337 -113 -428 527 215 545 3 538 311 60 -369 -225 -1402 -616 43 -88 580 -712 -146 -10 720 -536 -129 -1264 -383 1398 386 1212 331 302 432 709 -584 -244 376 53 -850 1105 582 795 1025 651 -801 1342 -370 -453 135 621 -20 753 -1187 817 -313 -827 131 891 9 -161 -151 162 -506 -477 608 -650 -473 705 -265 58 999 -704 -133 -41 -89 145 -332 1020 201 370 559 -980 -44 447 -356 -943 734 907 319 -239 504 395 575 -365 -39 -850 -148 -747 448 -638 148 -472 330 580 -817 -1257 -24 198 -535 745 -413 -38 393 526 357 
-981 -85 -307 -336 -698 903 260 -696 -563 -498 53 1547 107 -75 36 755 501 122 123 -757 -206 -536 172 -790 -308 479 359 260 -618 -466 -419 883 -285 -1256 -683 -137 -874 -143 -1345 176 339 1247 -534 -479 -508 621 123 -870 729 -753 -188 -690 112 -747 -302 344 1128 -470 -334 146 -277 328 -1162 942 55 249 268 453 -136 580 -207 -1724 -523 246 349 425 -859 -197 -564 -151 148 -871 -436 -352 61 -407 466 -144 -138 -348 45 -321 607 -251 -365 195 -998 1129 257 18 636 -5 349 751 54 -15 829 -132 181 -533 583 -114 -1027 -569 -299 -974 -476 504 -347 160 475 -480 -1391 -306 1894 576 -764 21 -710 -302 -614 235 572 -50 -198 436 -758 -315 564 11 338 -727 848 80 -1240 -594 409 -830 414 67 -203 202 -123 364 -800 -523 -8 835 -231 169 465 -318 459 -365 912 587 703 -43 -291 -9 -561 866 -353 -330 1316 -379 -373 618 462 5 226 769 -580 333 -348 -758 289 -307 596 566 415 60 -224 -218 -249 -317 -271 -484 -845 -1372 -27 -738 -369 -368 -23 -129 -37 -498 -514 -1198 -769 1345 -398 -1062 1226 -1372 -80 -4 0 83 -122 -547 -686 345 -942 -301 -50 541 490 279 380 711 94 -10 -331 -590 -708 956 -317 -808 857 -935 -150 149 308 -48 -510 316 -352 802 311 190 962 277 917 -681 
-74 614 -948 576 -76 -22 112 881 565 115 -245 209 -468 114 242 40 -581 -1 -391 28 277 -62 1131 337 1275 -342 -857 409 -1284 896 139 -686 671 -479 -984 -860 1015 -100 580 254 775 -352 29 -1386 368 346 -338 -259 58 1008 -402 208 -599 925 -443 -98 -573 949 182 330 135 870 -239 611 1258 -467 -1383 -232 -481 -791 -299 698 630 242 -154 468 -1095 1146 338 -514 708 -243 284 836 38 793 845 1020 -743 -717 753 -9 -76 -422 1079 7 346 -898 -561 578 -523 396 79 1283 145 -562 522 -1171 601 265 -285 282 276 -691 -268 500 439 -554 -249 -136 -703 717 -786 62 -355 -633 -77 168 1403 -266 1247 -448 -1236 -111 -723 -5 -88 -485 -1284 29 -126 385 -470 797 403 -968 -254 1244 -344 157 419 -401 44 615 -77 198 -9 3 488 153 -380 71 -685 -348 224 130 118 429 -363 -337 288 556 -858 -363 487 87 -150 -158 582 829 -230 887 -2 266 -316 -707 -733 276 -45 -235 -663 255 823 709 14 403 626 387 -229 -464 727 -85 351 -770 -705 102 173 48 96 626 -765 -751 241 -6 421 894 535 200 -1144 77 816 -505 184 929 574 -1099 -437 193 -380 -488 -46 276 977 85 -109 341 -686 -202 -400 86 -646 -689 -364 -220 127 774 268 -1521 458 687 626 -486 80 230 251 628 
228 860 813 -194 -314 1244 -682 1018 -333 309 -689 939 322 436 -1281 396 -79 -641 51 315 725 -403 -600 -869 -85 583 -225 -51 -607 -151 -222 -611 -762 325 822 -90 -250 311 -122 339 189 294 -508 -380 -642 -263 307 70 180 439 256 520 -727 -76 -477 144 -1039 135 150 -154 250 645 -291 189 -267 -383 -304 317 339 -30 448 -84 403 -85 647 -190 -21 437 -1463 -317 626 226 -97 336 -802 159 506 724 104 472 -216 562 289 -1374 136 -501 -281 392 518 -599 -323 -268 -363 -122 -45 149 -444 -1271 594 -364 -413 73 -567 120 -301 68 -1407 -847 70 -134 347 299 218 -976 271 -292 194 410 766 -322 538 389 -121 -499 611 -1289 -12 743 -1305 794 956 930 -828 238 355 1284 -699 -1079 -74 -545 -221 -685 323 38 -591 162 619 91 -178 -167 -802 190 840 -240 349 -112 547 -230 -172 154 -348 -112 -1102 783 1217 -11 38 -559 223 574 -836 -21 -485 246 29 363 -629 784 -420 477 -16 484 168 -24 -827 677 -353 1117 1059 -186 -229 -392 723 462 -1718 -1037 -650 686 941 -361 305 145 -73 779 -189 -141 -420 -1551 -166 -516 -303 102 -318 874 -476 -678 475 132 394 -188 381 -64 107 -426 1076 -1386 -203 -312 993 -518 567 273 71 166 417 614 1238 621 647 -647 96 487 278 -511 656 -1471 
-119 -610 -366 -584 -813 1684 -248 809 -11 508 -11 456 287 512 -84 236 -96 -614 -77 1246 -744 198 48 1396 -154 386 800 694 -49 462 421 642 175 -1326 798 -807 -591 158 721 -256 -147 150 310 -424 -523 -36 -289 -38 -86 -593 339 -455 404 -365 -866 -876 -261 568 -234 772 15 -930 -299 507 -260 -654 209 -959 73 -80 -677 -476 277 734 -785 -863 616 10 -425 52 -694 -300 -572 -298 -389 603 513 -423 649 -110 -175 247 -150 -257 -756 -580 109 656 483 -305 411 788 -384 -564 -540 52 -141 587 -823 -386 -725 -443 107 831 -823 314 481 -148 243 658 538 -737 -499 985 -131 205 -361 1444 317 -144 -867 29 235 -384 -246 -167 -136 -438 132 195 -130 836 112 -273 316 226 -651 -41 -1173 100 -169 1115 -588 68 -549 1484 -18 -870 -291 657 -599 -60 -462 512 194 596 326 -124 -725 1094 101 -320 308 -24 397 742 552 19 -540 435 -923 -376 -414 -1088 -841 -617 -215 -639 69 447 -442 817 115 488 -243 768 -49 1029 127 -505 705 655 -517 -377 861 550 197 -216 -579 -752 -156 -632 188 -314 -127 339 880 -96 -170 -697 77 -4 -7 497 -393 -67 140 314 205 -123 -243 608 547 -415 309 -324 -220 -351 26 74 -124 156 505 -1058 -1052 -726 506 380 352 537 -430 -428 -622 732 44 114 
877 -438 -809 21 595 -1055 -528 -196 -386 -104 -72 -487 123 261 314 -263 1113 -836 -61 395 163 747 295 818 -200 277 250 86 -115 344 -444 1128 386 -224 662 -50 -198 1040 790 -555 -465 482 14 321 85 -263 1090 -63 565 -1206 -221 98 -499 -171 -250 514 -274 485 -47 558 -290 -173 -1252 589 -702 751 -279 -302 -149 686 484 997 731 -33 461 712 -324 -162 191 378 -654 266 -385 -384 461 -657 -238 -948 -335 560 -27 528 -51 -23 353 -803 713 5 308 804 -196 1025 -131 28 415 -233 261 274 -28 -488 1124 -540 153 203 -335 -28 -1406 -402 -133 -590 -806 -1006 -116 -102 419 256 -556 -653 152 521 378 -701 -243 129 1121 215 -411 -50 -6 -181 180 -136 935 -340 -559 953 801 689 -1194 964 329 112 -308 -254 352 527 75 454 -121 -198 671 40 -33 -283 135 798 205 -74 -133 -112 -225 -127 -233 -425 758 169 231 584 7 -394 933 -397 -1066 -201 -1027 -112 305 386 -229 300 288 -453 723 172 -236 262 -456 667 641 64 -142 905 385 -23 578 -281 -182 137 210 924 -70 670 849 -52 1432 108 1313 53 582 888 193 -624 250 -1095 278 -671 -534 -59 382 220 481 -554 466 -318 198 -261 -483 32 795 -370 80 310 403 -166 -418 -1062 -431 1443 -431 320 -306 1032 285 641 -244 -27 
-129 -450 -917 -444 196 -222 -230 -1369 -247 20 -539 -84 321 652 356 286 158 -484 797 -162 245 -131 190 -105 -371 -249 745 1028 990 -1161 -77 377 -321 -239 365 642 -428 583 -397 -411 364 -572 -163 624 -300 281 120 248 256 -57 -385 826 590 -334 -841 902 -124 -510 56 777 848 -130 794 -85 157 8 -27 -165 -60 961 271 71 -372 -612 -555 -1058 -942 467 259 384 769 -166 982 519 -41 72 -260 863 -458 -95 -1081 895 -523 457 -857 -305 -299 570 32 -941 -47 -953 496 -390 -129 858 -816 1088 570 -372 -363 94 1191 -567 528 -535 -234 348 -422 -437 -667 -188 618 381 722 -139 234 -978 53 -421 -23 -258 -66 -427 -350 985 856 267 85 157 -820 547 521 -448 -18 180 21 271 -9 -233 -97 -281 -412 238 1049 -831 484 -84 -1188 634 -558 -502 423 22 -170 -420 -398 -177 -28 11 -6 80 511 218 -46 177 333 32 89 96 -654 -22 -852 192 351 394 -611 -16 399 599 -487 -1061 -842 -980 237 -590 -306 -1151 -118 252 192 867 -476 -548 -483 -250 372 1995 653 552 476 -101 535 152 36 -468 655 -515 565 -535 -464 934 75 -42 -786 -505 -673 -302 -284 300 -820 41 -284 -328 1169 372 448 755 -213 -270 446 -117 -359 688 -123 335 -1027 -376 -873 1141 511 63 -847 265 231 -242 
204 796 94 193 146 848 97 268 -859 -133 27 812 125 -48 -121 -510 38 -304 339 -1142 -663 -964 -496 -572 626 -327 -189 -857 483 -15 -942 -324 -338 -592 -335 -405 712 -205 466 -267 112 466 -406 24 509 -300 666 764 1324 -193 -267 166 33 -1083 900 -839 -638 196 -133 -349 572 704 427 -135 124 184 195 -33 8 759 -5 95 -285 12 -376 732 271 -1332 41 -151 -1436 286 -541 371 -542 -265 -280 427 797 -418 507 -647 83 153 1580 -1325 -984 242 314 -63 116 -102 -1179 955 -199 -568 -224 590 750 1170 -234 161 -110 -163 468 -320 -675 -868 723 142 -1655 539 973 -939 -221 -723 509 -324 467 574 114 -413 120 -365 379 346 387 -196 259 167 902 -568 827 823 765 -878 184 -1323 341 -441 -3 637 1817 643 -390 -638 949 -432 591 277 -883 38 156 393 -295 567 250 -5 -203 -601 97 -1145 -1556 -143 -63 37 262 546 1411 475 649 -317 309 843 -516 -703 612 321 -59 -400 708 443 -577 1142 -898 274 74 494 -550 -733 -739 -492 190 -291 -468 317 -510 824 973 263 -251 818 710 -127 -577 -212 176 908 597 615 -463 -21 925 -462 -657 -187 -719 899 827 438 874 -726 570 1 -836 21 197 -153 174 -583 572 -864 -172 -751 -59 -106 23 -77 472 393 -773 318 254 -621 -795 121 
-271 -459 -394 1283 943 512 42 -526 -20 -117 -201 8 616 392 424 -134 -775 1239 -176 -126 -241 -122 -454 185 446 -432 -57 -933 -212 910 854 -755 581 -299 375 83 386 -1177 -397 -1240 552 358 539 -717 -535 -492 895 -620 -713 -202 25 -938 1445 209 -1626 911 774 -595 446 -360 -963 41 310 44 913 -540 -15 -298 -63 -1005 -72 -638 1432 -268 -444 1154 -1420 214 -157 -13 -178 162 362 -32 312 -1064 713 761 1155 139 -197 -473 421 -311 -840 -211 -380 -1035 989 757 33 -86 167 391 -165 451 -19 82 -513 -362 24 -12 151 -341 178 -239 245 96 -1054 -334 -370 -22 -305 293 153 -189 376 421 303 225 -708 948 887 107 1065 361 714 -26 -151 101 524 292 167 295 935 267 -571 -735 -328 -41 719 -381 -1443 583 -866 353 -60 275 -363 -497 900 -452 605 -217 -495 87 -617 -126 26 41 -609 -599 239 -1168 386 -492 -570 -233 -760 -479 78 217 -1070 -854 -1030 -56 -400 -858 -423 -401 -258 298 -354 -503 650 232 197 -153 -382 -691 372 90 552 -256 1677 6 651 -192 -677 -101 -448 -1291 -525 -699 -608 -268 268 -269 -314 -125 -409 138 -311 -703 -30 301 79 -639 687 184 -456 -12 752 499 -450 65 1166 382 -145 -996 -126 287 769 -710 -1038 -1469 -621 403 -110 -57 -400 224 622 -534 431 232 
470 172 -601 -863 382 -135 -144 1247 463 559 899 -181 -1004 -741 -1203 757 -187 90 -217 234 -502 -407 -96 -750 -903 -692 -235 94 876 693 -379 -723 -201 554 -753 450 -196 -777 -397 -71 154 411 807 -81 138 -87 43 -735 278 636 781 -378 -177 501 613 -421 -184 -1453 -301 -462 912 854 57 113 261 -808 -220 615 -78 -23 -938 -1138 -487 44 -629 -689 -239 562 530 124 510 130 468 114 69 477 -222 606 -166 -467 431 -305 199 565 507 -594 -576 598 392 -952 -114 73 -71 783 -589 -321 -327 -709 166 173 -684 137 -390 -218 18 363 -113 462 -191 -176 636 -341 -424 -241 -73 -983 -258 -133 -620 -640 253 8 781 -1066 -600 -1480 609 -638 172 897 -21 -257 1381 -299 -57 -376 -1148 844 -543 -407 -512 -532 382 84 60 -51 1305 -516 744 -545 348 760 285 811 -661 640 -61 503 120 -281 -340 795 598 -621 405 481 -936 -333 1492 865 684 722 891 -796 977 24 -941 -371 -542 -200 758 323 800 -201 840 -225 -121 -179 295 796 244 -1681 -631 825 131 240 49 -241 470 -149 -845 48 -693 -150 -598 843 -565 -903 472 -273 -88 259 -395 952 -987 -1120 -630 -78 14 -474 631 22 65 659 -836 -1575 -1232 -1016 454 264 426 -22 50 -1009 -55 -739 -560 -926 412 220 -338 -775 -119 -794 -101 -676 
104 -205 -349 1000 272 -640 22 630 -15 -656 186 491 -402 36 -72 686 -276 508 1188 428 -362 -411 101 16 101 574 -283 385 -440 -575 -624 -131 -765 879 40 500 648 -58 -95 490 503 486 -644 571 -562 -27 -132 -38 -735 1016 236 -713 929 147 -364 -550 743 -659 -543 532 -198 483 -624 -251 1608 -585 193 -534 -1101 -40 22 -223 430 652 -585 963 285 -46 -760 611 23 753 179 -393 75 626 -508 -1088 111 150 1113 344 -1264 -283 -870 178 234 419 631 -494 1432 1458 -1145 618 -824 -226 -489 1081 -1070 -54 -339 -498 -207 553 161 -320 -1432 965 -724 -960 -95 813 -790 339 -1579 484 -42 -184 805 -1215 -5 112 -37 776 -776 -315 -732 -1550 -432 -46 -203 787 748 112 237 806 506 852 -886 -995 881 824 158 527 972 281 -1027 221 345 135 647 -622 719 1017 -312 16 1349 88 -1276 603 1263 -751 -92 -546 -85 -660 27 -669 -63 173 616 459 598 -374 128 -1483 801 -354 -565 416 487 437 383 -161 -392 -633 446 828 83 225 116 -206 749 -1073 404 531 -161 1088 -1023 -32 357 32 -1251 -235 -29 1862 483 942 -909 -502 182 -12 353 -166 317 -608 -409 -836 657 -349 -128 -122 963 -97 520 -928 -91 539 -769 75 -411 412 448 -153 -864 767 289 464 -1061 451 164 -319 472 -63 376 433 
-1277 -81 5 361 -302 829 -637 615 198 744 502 440 1081 643 126 -1871 -222 -820 283 76 -166 452 -282 29 -398 1086 44 217 -360 -1187 -539 1692 -296 457 -610 -738 521 108 841 -409 -649 -432 644 43 -891 726 -189 598 386 828 619 869 445 14 -278 -200 -39 -302 603 741 1175 25 202 -293 785 824 454 -2 -483 258 -585 845 -1002 -70 669 -461 111 -465 -412 -141 651 -418 1397 -501 -68 72 -44 -99 -784 581 110 463 -1143 778 -576 182 186 -88 1191 20 -24 456 477 -935 721 833 -622 498 -915 -1103 962 -393 177 -350 -1411 -414 101 315 -787 -764 675 -1741 -165 551 813 758 -277 -900 -682 6 -837 -68 758 -317 -595 433 181 187 -201 -653 -704 868 -676 629 144 -290 -532 158 -43 -108 217 -129 -681 569 -87 -418 -699 359 -733 815 -549 -979 42 -304 -224 -427 77 238 106 1176 671 -358 690 1072 -201 -59 366 -369 -794 -97 527 328 -15 185 81 -1105 308 -61 348 368 162 -106 477 -291 -277 -222 -991 904 -909 27 47 557 469 -500 -767 -978 -218 727 282 939 -632 -688 423 669 734 -232 1022 499 -673 -93 -318 -884 728 -61 -700 10 -625 240 841 -251 -1151 339 280 -157 420 12 -15 887 377 -808 633 -111 -980 -249 286 1071 -556 680 11 143 660 975 -532 106 1421 -192 
99 238 1383 143 -772 148 -872 43 306 626 59 565 992 -354 -264 -281 -466 286 -165 -477 -730 -150 1017 100 -848 -567 313 428 -656 -177 -1020 -42 -796 -370 -455 -114 -418 -1039 1010 -1016 -1076 -632 -352 -97 -396 33 -181 -152 -495 313 311 684 248 -535 -1134 -493 249 -823 128 203 813 48 514 488 -186 -255 119 385 536 -207 636 29 -551 7 611 -770 -681 767 86 -1155 -754 200 280 -58 148 -1011 -155 762 -947 343 39 529 -184 407 292 180 -1795 -663 -198 9 596 923 106 793 -181 -482 438 -163 255 388 -294 828 -1025 162 188 -589 220 361 1191 -37 -65 -1026 71 -157 -426 -275 845 688 -87 -849 828 -1689 -314 -503 368 79 764 424 260 -865 -242 -150 -659 468 60 -491 214 91 532 -952 963 490 -578 326 -336 631 441 -433 255 -396 -612 -433 721 351 -684 -592 -508 -696 408 -238 83 731 -496 727 -83 66 -370 26 1350 -576 272 599 1188 405 -194 -1032 847 1281 -159 795 84 -339 -912 -45 617 -519 -625 1569 342 313 -158 -457 138 -27 173 -569 257 316 668 -150 -861 -449 -596 15 -510 -1435 -711 1089 800 -518 -456 -63 134 -145 423 193 -428 -235 570 -172 860 -1100 -397 863 -190 -444 272 209 342 -663 215 -533 218 -345 855 445 156 -90 141 653 541 25 -200 -1072 -86 132 
-19 -473 127 -920 1130 576 85 -765 92 -197 904 829 855 119 -129 -568 -34 -48 209 -203 -1001 1293 1030 319 292 126 25 585 731 643 -723 -82 -66 -163 -293 -1092 -875 273 189 -731 -116 -61 471 -232 353 -188 -1319 489 -347 429 70 -741 372 -136 -1159 -130 -98 108 -215 -514 385 263 -74 575 -167 -569 505 121 592 54 250 570 674 -647 -218 46 141 608 -521 -698 537 397 91 52 182 230 -400 -980 746 396 -151 -888 -870 448 358 -1691 8 -240 316 1328 -785 648 -1126 -286 -116 451 -502 -197 408 16 -13 953 -580 -103 287 -647 -500 74 106 -496 -721 -1314 569 -127 99 316 -401 121 -1142 737 -803 150 -382 305 -1123 57 351 588 -85 342 1182 99 750 387 244 193 -183 -60 11 7 -16 -114 -292 651 140 -577 67 1285 -958 25 -143 -792 753 1513 128 -725 -79 274 -57 -598 309 -412 -29 234 1246 -19 330 -113 -996 -339 80 -570 83 91 -892 162 520 669 202 -537 1092 636 -451 224 -602 -253 -14 612 335 619 460 -441 -396 329 613 845 123 -1162 844 94 -16 -277 639 -851 -660 101 258 -591 446 -231 -585 143 112 14 299 -1035 -1009 139 744 -639 148 869 -41 455 -118 -565 116 187 -1318 -21 -874 373 543 -191 859 -48 -1085 16 717 16 166 -801 138 4 -461 25 
-142 -230 -126 -46 207 208 -398 121 -145 -70 70 583 627 536 -110 433 -676 1771 603 -365 439 -16 -548 -163 175 883 -839 -195 262 214 -912 -638 -84 -1054 -495 146 689 -189 794 -899 -678 -297 136 -25 229 -34 320 -945 405 196 -867 -292 491 -413 29 -136 1008 690 129 -114 158 -35 -543 -347 -318 -141 -799 154 233 -721 -721 -214 -543 -314 321 -450 774 608 104 -254 368 -582 -473 280 219 666 -479 -731 574 -142 64 98 -525 574 -459 -108 -32 -551 113 -173 61 -717 27 -435 365 -229 1020 -281 -1005 533 293 -42 -1142 502 168 624 726 160 262 -758 -910 -99 454 -345 -47 287 -447 1097 -897 452 -979 -1062 166 1191 1231 636 -480 -103 -146 869 -737 484 293 -131 326 320 304 113 1162 486 1143 -249 1366 23 -669 -316 207 -1177 110 -913 -1298 1031 143 602 -513 645 -1363 -1524 -853 277 -44 -1367 -356 -553 46 390 161 25 -275 -1143 122 -1069 -373 103 -838 -711 -331 -359 -261 -629 1700 1837 466 228 482 -499 206 39 -515 614 -1492 455 -49 151 -944 -195 -691 -494 -414 95 120 515 -41 681 1224 -552 194 636 57 42 251 1134 513 -156 -228 353 -316 -704 -222 -371 580 1154 -642 -407 10 217 63 -183 396 -397 -542 -522 -58 -148 -399 -202 -427 -243 788 -444 -278 879 252 -97 526 -235 
22 -73 -101 -333 502 -148 -40 -285 -408 78 -431 86 241 -252 -404 -467 138 -266 57 1062 840 -640 -813 97 -346 -456 -99 -192 -198 620 441 70 -643 -1277 15 -65 642 847 568 196 1387 201 -350 448 -270 570 374 -371 -218 -566 359 -120 852 -432 703 271 313 -189 -310 849 -343 241 -210 -165 529 -157 -90 1200 -30 -294 -1581 148 -70 -25 680 -623 -146 1370 -418 706 -147 -5 -715 -797 -522 -576 -886 -626 442 -303 -56 -971 336 185 -525 -569 -335 407 345 -600 -583 191 -240 947 622 -1060 -344 291 408 -528 -819 461 -84 -306 -572 -153 -98 272 -211 -881 494 -74 -732 -297 -307 8 -695 -337 190 -539 -172 -149 1219 1135 -150 823 1225 -1063 1157 -486 361 256 669 -201 862 424 23 682 -140 584 5 -305 -200 554 385 -471 -606 -160 435 -901 -1183 531 -9 -718 495 187 773 -231 -42 478 -775 -160 858 38 338 -952 205 504 104 739 -51 -836 -567 600 -240 -882 -536 244 -424 -593 -602 415 -358 -767 502 -186 192 -608 291 -502 368 -538 -486 567 -372 513 -76 -29 -978 -1072 -183 -60 86 -681 282 -400 301 -244 169 -831 356 540 202 284 -146 500 470 -1006 713 331 149 -799 -103 -44 1046 -210 771 342 -377 -224 -255 590 182 56 -629 -824 -498 -565 466 326 -1381 -138 220 725 -926 -412 
1048 -222 36 94 559 -285 -558 -459 -436 602 -699 -176 315 26 560 173 343 -286 226 492 -926 -1080 -1688 507 804 -529 -282 225 -413 -372 443 -420 -21 514 -973 -41 170 164 -11 1004 139 131 -520 -121 -34 668 245 472 297 -2 259 -189 -247 -872 631 551 -42 583 310 -297 499 -395 112 -388 931 -305 289 -308 536 649 -172 -909 370 -462 181 -829 741 -254 -837 1057 33 -278 607 933 -620 621 130 -113 161 -37 -138 14 -1580 523 -532 1506 157 -1322 -477 -184 -682 -740 1184 530 559 -846 1595 7 768 -637 849 448 183 1043 -63 757 -399 441 959 -324 -931 315 1136 877 101 683 -699 73 30 943 377 30 155 424 203 92 -460 1302 551 -317 -119 5 103 899 165 135 57 -99 369 160 -1290 335 113 -55 203 1204 -592 -402 -528 627 -123 -5 631 -327 401 -494 519 713 -1140 -45 610 -454 184 403 -1269 616 1177 -567 309 -1135 456 -899 9 -384 730 828 -12 7 -146 980 -359 335 412 -762 232 207 577 690 320 232 51 -429 718 -417 637 208 -515 -184 97 -269 599 206 -4 -136 412 190 1281 1069 -56 -326 263 -266 625 139 461 -95 683 -118 711 595 697 311 -282 -43 -905 68 -399 199 27 -212 -206 -710 -1139 954 563 191 -552 149 -594 1067 635 -66 124 -282 866 190 
98 1189 -84 -245 -136 772 -574 74 979 18 518 -72 233 45 885 -254 402 -24 -56 -19 -213 8 -448 -215 657 735 -173 13 -260 709 -614 -416 199 205 -1471 754 95 -540 351 1500 -486 1963 849 330 92 727 64 61 -290 240 -755 -502 614 -120 -321 487 -138 -226 620 -581 -440 504 934 -941 104 -860 1060 -154 212 -360 1115 -446 427 -1180 -14 -904 797 209 44 -83 -407 -202 624 680 -1031 -34 -45 -351 -1028 488 577 -47 -22 -631 -1101 189 -429 179 61 -193 335 -397 157 564 306 560 -364 -63 -843 56 490 909 -612 838 -199 -1641 74 941 -29 -387 137 -734 395 -327 51 -227 -772 -373 -588 59 485 281 -139 -160 23 -564 -30 535 -412 -774 -998 535 284 753 -49 740 -633 422 119 -234 -1043 -909 -251 -221 269 77 -879 488 -635 191 348 -579 -186 -249 -136 206 -520 -299 -1020 0 419 -774 -114 410 -3 -711 -991 -306 423 7 -371 76 -23 -427 611 1147 14 98 -1301 -794 7 1540 -583 293 152 378 -85 -656 -1608 -43 -482 406 -274 252 220 603 1191 351 -571 879 53 -211 -266 182 -360 984 -128 256 -850 -59 425 -961 612 -465 559 -692 539 -1133 171 -189 -1069 -511 62 89 -480 7 260 16 533 355 -463 -831 -283 -177 -1109 434 942 -795 -1039 -1206 -184 -43 933 -216 1218 382 
365 -88 -683 -29 90 -235 57 536 374 76 286 584 -486 303 53 -536 -1406 -342 -145 1007 -193 -408 -178 -33 -526 627 259 868 130 -7 -262 -326 -31 774 845 23 205 167 -991 -189 -523 181 -632 95 1010 910 167 -23 234 -110 557 401 440 -864 1547 -690 31 -888 -107 360 -59 440 -50 -175 -901 -841 -146 126 -16 182 -443 -42 223 438 -225 826 -389 -437 -777 -589 373 -3 -343 -347 -502 235 -403 354 -42 -854 292 681 33 386 -794 -1349 -699 606 -99 -213 190 -1225 -253 1017 -705 -119 432 -311 1417 -172 -929 558 1388 -320 -547 417 -672 -821 449 -698 255 1216 -1236 -868 121 -653 1022 -647 352 -399 -102 367 -137 -27 -281 -121 197 -569 190 114 -380 194 -240 497 -234 -106 14 900 -361 -203 747 173 727 -498 225 264 -338 761 -80 188 -348 358 221 439 27 280 229 573 -610 307 45 527 372 -184 -207 -469 446 338 -64 575 -251 488 -496 1036 -2 -544 -943 58 -331 583 -235 -277 145 944 -566 -244 -336 -453 -236 535 -685 -476 234 -69 -1367 358 -175 754 11 105 -1139 1484 -169 939 60 782 -40 942 -249 469 -701 -607 -754 -787 -335 -79 117 862 674 526 -179 -408 930 -313 824 -281 -188 32 127 -253 856 3 -125 -499 751 -6 -297 -809 -831 94 -329 249 64 699 -238 87 
441 -125 -6 -130 526 -355 137 566 22 -748 -421 -407 62 969 642 -788 -247 1171 -436 430 -240 -509 -802 858 437 -38 585 -78 720 -190 446 52 455 959 -9 1008 349 404 1046 162 -762 -218 957 -158 681 237 165 327 -556 4 -411 174 845 188 -145 -350 1114 540 -458 -532 -401 755 -174 -583 -109 405 435 870 -155 -32 -744 -710 -584 50 227 595 77 -142 -281 -370 -157 99 232 933 -428 304 851 620 455 -554 484 -797 689 -67 -1280 -298 -305 -910 315 -24 305 57 490 -506 -141 -256 -704 -163 -20 354 1001 -476 -1042 -479 359 182 729 443 -616 181 632 -904 13 -102 1110 888 625 980 42 1138 -328 -835 -713 -811 1491 849 617 88 -469 -306 441 327 -70 -180 1122 389 -420 249 827 -90 939 21 1009 514 54 -301 62 -728 -1190 -366 -168 542 844 306 -1403 1097 -426 -592 -21 -458 329 -226 -159 -651 36 -28 -565 11 -792 -174 1289 338 -392 271 165 -536 435 -396 -250 771 416 -463 942 375 -151 26 -474 111 -992 298 -177 604 -942 227 1237 -465 -568 -133 65 -841 102 -72 -1028 189 -877 -522 -513 -117 74 107 -211 -242 399 307 18 40 532 644 683 -719 -320 425 -429 529 -678 -670 -658 -616 883 -368 668 -105 -1037 461 -603 165 419 144 -126 -295 312 330 384 -791 97 23 
11 -453 -1 -833 419 718 439 1270 -478 -127 -290 510 1372 -190 -60 -166 -87 -692 -25 885 -103 -605 98 -460 -221 300 -764 -900 326 -556 631 966 -150 202 970 521 -2 -558 1073 358 -234 110 -216 -227 -700 -920 -501 430 -442 -990 1023 143 -13 -824 784 -940 -1208 -90 1451 -315 -7 -639 -415 -216 176 10 -70 627 686 -246 262 899 -855 884 -214 -233 -636 -397 371 533 -1071 359 880 -1365 -306 784 920 387 -59 -539 311 361 426 -103 -412 458 1261 291 -897 -396 342 -755 242 -946 0 804 -749 565 -749 -19 -75 209 594 264 -483 1005 -431 -508 4 -169 -688 -123 105 -1486 -152 -319 131 -915 -217 293 664 31 -570 -299 379 -286 -547 1100 -941 422 -1268 472 -86 381 22 -78 -79 92 -1490 -1029 -1260 -1255 314 -722 242 -534 -598 -577 245 -56 -655 -1715 -425 -898 660 254 73 826 -795 5 -348 -11 -167 -355 -92 -297 -829 -225 -60 325 -558 987 13 -600 294 -796 590 -1303 440 352 -1345 1004 287 389 -1672 607 -281 -147 -865 -1142 -562 253 172 341 -28 379 -964 -196 -418 192 -188 -110 1082 -1056 226 1152 1064 608 -83 1054 391 -481 -517 -775 -510 712 335 376 195 831 576 637 -234 -25 728 -490 1087 342 455 673 139 190 -201 936 -143 -369 -256 -348 13 -682 56 -555 -717 178 -530 592 
-1206 834 71 938 -629 -548 -645 -355 -626 -124 -1404 422 -357 415 -711 -159 162 -513 471 5 -245 -622 202 118 32 45 1242 -1388 -473 -619 640 -104 275 -595 39 -544 450 -301 -131 -560 -1443 -17 56 -291 232 -891 432 810 -609 522 15 61 283 -15 -810 -423 -32 -212 342 909 -526 513 -117 247 466 201 180 337 -919 -1908 -532 -87 761 417 194 -62 426 1416 -367 -568 -872 232 956 661 241 -35 -148 1001 638 696 -614 -284 -306 -122 -658 -424 -229 -864 1448 776 230 -190 781 1081 -509 380 -318 -1065 182 917 -66 298 101 -15 -68 320 -358 222 -139 994 280 -204 472 -32 -638 -900 1437 1359 700 -355 -182 -177 -641 811 -36 35 280 -35 -554 -661 -414 376 -140 -853 960 -78 -128 841 -146 -274 199 -70 -890 -414 335 -294 -204 180 300 -319 339 -47 371 -248 367 458 -260 758 -701 -253 -47 -408 -825 -1285 -547 537 465 -952 -85 288 32 -91 92 77 -687 -1097 195 1108 481 -993 -745 -301 -474 -439 -905 151 906 -236 -151 230 16 -107 208 -580 831 142 589 -70 601 128 -5 -1658 -458 -604 216 926 468 56 -935 -1054 -192 -139 144 -178 -594 494 934 157 -227 -1396 -426 184 107 1230 236 121 92 -159 -377 194 90 1303 -171 -7 -45 97 -218 -275 -736 820 -744 -143 -574 -276 308 1042 
-1013 1058 -378 212 527 -1030 202 -195 -633 -192 -498 78 315 -1460 688 -239 274 -500 -1009 -351 772 -1022 328 74 135 -319 151 -697 337 202 203 -339 42 -462 391 -1040 -786 -165 -411 -972 67 723 -488 -267 -2052 -375 -551 478 -19 902 354 646 298 732 240 -82 619 847 -412 -1006 -299 -6 422 -35 -13 -223 -811 -988 -603 165 -325 281 434 -460 -162 -1130 -236 -247 108 858 122 659 53 353 -461 -499 -709 617 -122 -214 256 -140 -770 -340 -568 24 -63 -520 1008 885 699 43 540 831 266 -879 -428 340 381 8 -65 -772 -165 -96 -59 285 353 352 -34 9 -203 1278 299 -647 -810 139 475 -562 -172 -595 359 107 -321 1545 -126 274 203 834 222 -196 464 -478 -131 -50 288 513 -428 -1013 340 168 562 -342 -731 364 -56 625 -41 54 49 288 688 -1463 106 643 -589 -965 122 -856 -911 98 111 -619 -369 -486 -754 219 143 143 144 812 -767 -320 -402 -817 21 -460 399 -205 322 -357 -140 679 -425 -391 -220 306 -97 -513 481 1256 442 -923 349 -1012 1018 105 1 -80 -263 -200 -55 285 777 -101 455 -291 30 46 252 65 959 -901 -374 54 -515 279 -666 323 -65 -181 49 1405 661 209 9 -1218 -515 -110 -1080 -166 -1704 83 -72 -180 -518 -537 -392 576 -1275 575 659 -929 -1065 -449 -850 -269 
479 83 728 39 549 284 -337 837 -13 -711 27 -324 -351 742 150 -732 16 -572 563 579 597 -128 291 -642 -1229 769 512 383 -267 154 848 232 992 -136 -406 772 -414 -556 65 -186 690 92 -265 358 -144 -820 869 1813 303 751 328 -40 346 160 -519 -284 -688 -2 -1218 -75 122 -104 -967 -73 -71 234 955 -448 -51 1090 339 -803 -476 -16 -1018 -30 325 -56 -33 -710 272 1337 -1114 -834 662 -1218 -158 -495 270 -260 -763 497 -321 183 -554 -472 190 1760 -116 -590 29 259 -286 1349 -78 -1075 426 795 -218 1094 -1181 203 -783 -193 231 -406 -302 -498 298 292 432 -727 959 4 1073 -457 -524 9 182 -53 389 -139 -31 -670 135 208 589 -74 -774 1124 354 142 355 -285 469 650 -11 -387 136 432 -937 904 394 42 -716 -104 124 997 1683 1178 63 528 -408 22 -641 -608 -129 -973 800 972 -423 3 -95 246 265 458 -651 213 771 -132 34 123 821 565 -595 157 -873 -403 -122 -98 175 -909 -622 -6 -513 1315 920 -419 -269 225 324 226 -391 -269 -434 -336 -493 -694 214 -529 1 428 -158 832 -360 -1081 -319 -1050 -398 276 -48 216 681 122 -311 171 -145 763 -1172 -377 -78 -372 630 -142 1006 513 -237 72 38 438 658 -1396 -686 -727 -547 -994 137 1235 -566 -129 -453 -343 1096 569 -729 -133 
852 -165 -660 314 624 143 -815 -1 -444 1062 -105 411 713 -605 -165 375 -284 58 -488 -379 592 -291 -545 915 -81 -315 184 78 -337 -1154 339 488 265 -478 -102 518 -188 251 359 150 88 236 -196 -1653 -222 -168 380 288 -451 -382 1004 4 -819 -31 -375 168 -1690 737 563 366 -625 -445 -624 -947 -177 -452 187 434 -36 -235 1085 -695 130 -316 791 -30 -666 638 -154 673 -502 -360 465 -515 -110 234 -25 -619 -235 972 -260 613 480 565 -698 154 -300 -89 -20 108 917 -851 -130 228 363 1144 20 302 340 -321 -229 -131 -651 681 -103 -213 880 -47 327 -68 -905 -415 -705 565 -1343 -42 1189 450 -752 443 118 197 -575 -1221 -957 -296 -719 57 525 342 -822 -356 -542 12 641 463 501 329 -89 443 232 494 -415 1439 -286 620 -573 -315 -347 -704 901 -1 -369 -52 331 144 1057 296 -657 1211 379 -526 560 -303 -149 -453 175 -137 -1190 -139 -330 -119 263 -488 57 962 -1016 -627 -662 177 84 235 894 -630 -296 -186 -1286 -514 -943 -455 -90 -306 522 -363 140 212 873 274 -313 0 -666 57 151 -456 -49 65 -265 111 878 460 -603 433 138 389 164 -16 -7 421 738 -378 -66 -635 -989 -232 -1200 862 -764 -540 -55 -172 -775 292 428 872 47 197 314 -37 -341 22 -179 1110 -661 109 545 -383 
-384 220 196 223 -1049 -680 1165 -74 89 -1028 -465 422 -385 48 509 -572 -688 -21 871 465 -243 142 185 -739 194 339 137 -436 756 -416 -327 171 -336 653 -210 184 -326 595 562 -94 255 385 575 -26 -518 -35 -977 598 768 -886 -1232 -516 59 -387 -661 -239 -232 1640 -62 -743 -391 -265 -539 -893 584 421 184 43 287 -549 -1145 226 699 661 1343 626 334 662 -115 268 -1115 20 -340 907 1135 -264 -299 -386 -617 153 -287 -96 439 -788 -892 -1009 -162 451 354 -339 611 -478 -414 -1403 624 -747 -547 -232 -1225 360 384 589 676 438 -700 16 -782 986 255 470 -660 1665 33 -847 -194 46 -26 193 751 -821 542 -170 598 -418 5 -62 -368 968 498 259 648 -951 -28 -180 294 -866 518 464 -660 1496 -730 725 -263 75 -662 -620 5 -12 -319 1273 693 -526 239 -214 1141 24 605 -136 -514 322 -655 -409 780 -717 101 -1366 -346 738 640 306 -1154 194 -726 818 -758 -818 -384 140 653 -667 -481 81 -56 -317 183 933 -533 -46 -979 -456 -1400 -106 657 -723 -65 -139 191 -417 -896 -826 1416 141 -1008 -404 386 461 -684 245 -323 -272 -115 -101 -119 77 87 1277 -20 640 -670 -521 1160 446 244 -868 -1076 26 801 681 197 1264 211 -1095 -661 579 -954 73 -1 824 -55 216 -685 560 620 341 -541 475 
58 -156 178 466 -200 -244 -117 -127 65 -19 229 -146 837 -696 -1192 165 389 556 461 257 -564 -1129 -122 -1335 381 896 124 -84 -547 387 -259 -371 -1307 -643 747 326 -1239 59 191 -1012 -429 1362 -431 855 581 -308 -1094 -1130 -824 -271 -804 1538 -200 477 162 -365 -117 -1946 -194 -532 -141 -195 -276 -382 760 -226 588 -639 -43 354 352 -277 564 -956 -1181 556 754 -228 308 -693 727 438 -62 884 -445 249 -135 -757 -277 4 727 1356 521 677 1305 71 342 459 200 521 -585 -432 186 338 290 581 -335 -896 507 -414 89 1137 478 618 -262 460 -410 554 -121 287 712 558 443 -883 -360 208 -10 52 -1035 -332 573 801 -189 329 -184 -346 -116 -342 419 282 -101 -823 -381 -576 -76 834 -154 151 -243 -697 -18 681 301 128 -530 257 185 512 812 -399 1709 149 1669 -673 -1087 -1419 616 390 -299 -424 -267 -906 432 325 -250 379 971 -222 1144 308 -331 -260 -27 494 -472 841 -99 682 -732 -83 -867 -573 -353 -147 -206 208 1 -1004 258 791 436 -523 -1161 -466 -88 -993 -151 1103 -491 29 390 -257 718 112 -522 57 1125 -491 -396 492 -608 -329 831 193 -227 -45 725 194 -50 638 -28 -489 -791 -612 1608 281 -1876 -739 513 1107 -122 -32 45 -474 682 -679 1059 -568 1151 128 -170 524 -1021 -803 433 -671 
-272 268 1095 -496 984 -996 -354 733 -19 150 -502 -623 -736 303 -818 87 726 -664 653 429 315 -3 366 583 -211 1243 757 688 -345 -397 -262 -190 946 -615 881 -142 -476 -283 846 246 -77 -636 -611 -819 -112 -149 170 1097 -177 -388 186 387 -126 923 216 75 -96 785 -131 475 -51 1141 -324 -806 -696 903 137 247 748 -503 400 226 628 236 -96 114 -249 872 162 -268 147 614 1 -287 178 836 346 -355 128 -965 713 -709 -1519 -758 577 144 837 115 860 550 740 574 -305 293 -604 168 -121 -368 965 534 -195 219 1107 -163 282 -106 -59 36 474 803 -252 1639 121 191 449 783 -918 347 555 1368 31 412 -835 536 75 275 625 211 -470 447 -481 -203 231 -617 -251 993 672 105 637 1171 -672 -202 -138 -1065 651 -372 319 273 93 -45 437 83 13 -19 132 -426 209 -943 -832 -773 704 183 -548 -394 -25 -372 1012 250 -296 696 -120 -1156 -444 661 1585 369 -448 43 1073 -164 239 612 -119 324 -1305 182 97 364 26 970 773 325 458 1024 394 409 -74 183 293 147 -132 33 433 165 493 -193 481 27 -495 -194 549 404 1085 489 318 -349 1491 30 -691 -60 -118 1643 -405 319 -498 -857 -1212 -152 -260 -157 568 729 516 628 100 -152 -747 271 605 253 371 -769 -44 517 -207 768 
-494 754 -671 -647 81 169 -460 -362 589 491 270 205 1319 -143 1069 -447 -421 603 664 465 170 -138 -237 64 -219 574 -249 -467 -424 -442 -725 -950 59 -314 413 -449 33 -198 -1025 -874 392 205 -362 -724 -469 673 643 -919 404 -1 -164 903 42 -533 888 -824 839 -489 -263 -635 -32 -371 -540 -192 -112 44 -65 -1254 -537 777 -198 -181 742 -325 -596 -812 -199 -226 -437 -310 -271 -26 -682 -126 673 -45 -235 -303 -414 454 -218 368 -613 -539 167 -275 472 835 441 180 -676 -109 -23 -149 532 -484 -470 -198 -283 -450 -977 -412 806 782 -377 -798 -437 -687 826 134 700 1512 142 -66 -78 -111 372 -216 49 -124 243 684 638 -284 -1407 -401 -300 275 -158 -291 -501 325 -198 -319 -329 -573 467 186 249 135 360 -715 77 764 383 -684 940 379 -1205 1800 339 -937 677 351 2 -566 -67 62 -112 522 136 243 456 484 194 -754 -325 -262 201 800 -731 -95 405 -298 -550 -935 169 654 -7 937 -274 359 -489 566 724 115 388 -483 69 426 358 -237 -1001 50 -257 580 784 386 -925 379 -665 -149 339 -157 -87 -92 64 -98 -249 -1059 172 -680 -102 -893 -871 -231 12 275 1109 -766 -75 -462 468 666 594 -942 -183 20 767 549 802 475 700 453 176 -477 86 -448 1260 651 758 306 32 727 -445 6 
1052 -702 611 -386 -99 -587 -320 -520 -130 -68 519 -108 -292 412 97 793 -623 403 -425 -85 123 893 -810 24 137 325 -593 -595 -218 935 -622 -679 -835 532 -1030 332 497 -398 578 -872 -802 797 399 -951 508 -846 -825 -444 -819 258 434 -348 489 828 -85 -362 -731 -1093 82 32 -283 1612 -144 390 931 -151 -28 595 567 1093 -105 -250 359 139 892 58 -397 91 -247 254 -868 -658 -41 39 1361 440 57 -40 -1272 811 516 -564 1206 1197 -135 925 460 -288 275 816 7 911 -151 265 942 294 98 -754 -510 1109 -364 -295 -1659 -427 -737 153 -166 -407 1113 678 713 -273 393 -382 160 -780 -233 525 -710 -345 801 -91 -157 -621 173 -263 -793 -277 1199 537 750 -480 140 -716 -394 255 -831 912 679 -366 -178 -208 -1030 337 -1048 -673 -95 -652 -795 -111 78 510 58 1005 611 -58 -897 -654 245 113 305 831 -112 1605 662 339 -174 44 380 -119 1323 327 -333 -1567 1036 485 1250 -253 385 295 -92 -59 -112 -798 -232 -626 153 642 71 441 410 -1157 597 593 347 466 545 -509 620 -411 -773 225 -1118 -550 -246 -9 -517 37 -122 -413 634 870 316 589 92 -108 -7 -315 204 -650 839 339 621 953 -1037 42 -1030 -625 193 1056 -638 -261 -1202 -13 -456 -436 430 123 87 -61 345 199 -61 -271 334 -141 
-414 -995 -570 -929 -404 1127 73 -409 128 -107 -389 -455 -611 1649 282 212 186 401 68 4 -44 -617 -58 144 303 1161 456 121 296 -974 338 150 -510 -565 383 736 268 -351 617 -436 748 -39 1431 -165 -418 -178 -288 954 382 -631 206 213 1131 -68 -1598 -1111 768 -1117 445 281 -836 -271 -5 706 957 -310 241 382 431 -248 -175 260 876 -40 -263 -171 -281 562 788 1804 92 -961 365 -24 -460 -478 737 -305 -603 -397 702 -308 609 -134 -1651 -465 -1045 143 -392 -883 559 -355 -414 -776 813 577 -851 -473 -427 795 33 -532 721 -345 1246 -560 -359 434 -266 -142 -28 -637 -328 607 -735 -248 -1213 774 717 -88 -532 185 -545 -64 -503 -106 -84 -783 -323 -840 -172 -771 -492 -467 500 262 -674 66 598 -398 327 784 -410 -776 -346 129 -145 -1428 -287 -206 -590 -21 -1252 -1 -1565 206 383 -62 226 783 -1034 -593 -288 335 692 115 -496 -523 -245 809 652 271 -992 -915 221 -12 -50 662 -1143 -815 -620 -877 -78 -213 751 -126 6 -1726 164 777 -135 -326 -410 345 483 429 1601 -167 -20 -35 -856 1 1290 -693 192 -347 487 221 426 -1324 -214 318 -107 286 538 241 -444 -856 -536 649 -459 290 -186 -720 333 1247 809 -6 182 -425 211 253 -794 872 -321 273 -381 1214 275 -109 -354 -388 108 -76 -158 333 
-164 -124 -210 662 -216 795 228 -356 853 -237 -731 -46 152 14 688 -1431 -141 213 179 -517 275 937 197 1319 441 -250 363 -208 -701 545 776 399 710 56 -436 -891 711 -446 -764 143 578 -82 -1132 129 -489 -311 679 -54 -666 579 -64 760 843 -235 -903 -401 521 -19 17 106 901 452 402 -214 -261 116 -69 -433 -882 -202 1062 755 233 -220 513 -746 -336 836 -843 -771 -1009 -791 -1366 492 381 -727 -378 298 211 -353 -943 -686 -395 -71 -1170 -482 -1758 -175 -70 -1055 -317 -138 223 256 -491 -786 -312 -267 281 17 75 -2 -353 64 -483 -338 -559 -89 271 -882 338 -343 548 801 -87 -418 260 897 -495 186 -77 348 379 383 -666 655 -567 459 91 -386 -351 756 58 503 -276 427 -451 -503 -487 1370 846 344 118 -957 499 -583 -124 -272 -422 1196 -898 -697 -325 621 11 490 -173 -665 -679 -484 -1044 538 -248 319 -419 599 -124 -306 310 735 -597 151 -1023 1011 -416 758 725 -1657 1 -256 -384 223 -488 -444 -616 118 -45 216 52 367 -308 384 -683 32 353 1041 152 -449 1022 -216 -938 814 -425 169 -363 481 -451 87 -29 -380 191 -725 320 -114 81 -767 -106 -666 -940 -413 -335 -42 24 280 633 -839 98 -43 -287 -101 346 444 -1058 -728 275 752 -186 226 -876 1043 213 50 923 876 385 555 
357 87 146 291 -273 -439 -59 -588 813 684 237 -547 -694 -52 402 813 200 -359 -80 55 -685 -367 497 149 503 -133 613 226 -61 383 949 -386 511 1107 385 -1031 964 27 496 549 30 -600 -76 -203 885 -477 174 -48 -327 -80 123 -1295 -599 637 564 91 -875 -435 -232 1175 535 -378 -1080 -519 -29 587 622 617 1168 -419 708 -463 -357 -215 -437 -518 -76 -415 -183 -599 -351 -246 -913 -726 -157 -461 -28 -655 177 285 311 608 563 591 546 -121 701 -217 -377 -401 57 -460 -283 -347 -174 455 -73 77 244 401 589 951 70 -389 451 26 -348 -1001 10 -247 813 1200 87 5 582 53 -997 -107 -333 125 974 -724 548 351 524 -1326 52 -52 690 -574 114 589 -384 -306 94 305 -1 537 576 -50 539 126 -29 175 -478 453 -1509 599 698 20 624 -240 332 -684 -463 202 128 557 40 -309 193 253 -1148 111 -392 216 -759 -182 -653 -56 -92 829 -244 -83 -791 -499 -815 -1127 464 -267 -965 168 -580 288 -1121 732 -558 -328 527 302 -206 1071 -842 457 493 -497 -269 768 181 771 -379 133 -88 194 113 472 737 58 -506 -463 666 223 -17 -48 -475 336 262 192 168 210 -36 248 -121 153 99 -262 648 -545 1207 298 356 703 -547 179 -661 706 -543 -1351 -311 -382 470 -440 -784 -219 485 -99 
-570 215 -743 -19 850 613 563 430 -24 -218 -254 438 -43 871 668 -286 -49 -81 236 1209 -57 -471 -482 212 67 -712 -1154 1060 630 -1446 -885 173 -769 150 1567 146 1184 21 -34 -284 -1089 224 885 -242 759 -301 -198 984 -627 -74 99 -372 580 -286 388 -810 -190 920 -208 249 981 137 182 431 -72 -483 -66 -443 -166 -16 -336 718 195 448 -543 404 -414 -1003 783 479 -1065 -359 410 -1009 -726 792 1286 -634 -222 380 700 956 -470 -350 168 -5 -117 629 121 -457 -355 351 -803 -470 -372 -429 -817 495 241 1507 -327 262 -543 -318 208 187 719 754 -385 959 415 241 656 -124 310 -750 49 -377 -112 -271 -152 464 -376 -436 -217 1315 384 -564 7 -364 -182 300 -5 -274 736 354 566 -1021 -249 642 -542 -185 -854 178 -573 929 -2317 -219 57 721 -613 -755 9 -72 -414 402 -221 -90 361 104 668 476 1077 174 686 458 737 771 42 682 234 567 -387 461 35 -473 -166 -476 -611 738 76 1105 -417 -504 -421 459 81 14 1072 -250 -348 -590 838 -481 606 538 -530 -632 -1081 -514 -1124 212 399 -153 -962 -381 668 -472 265 -279 -239 336 -1314 752 -209 -825 -652 930 1065 -416 -1111 1848 1980 -430 1419 -825 520 738 -1162 -279 -637 -89 -27 1019 -70 677 -218 -374 140 826 495 624 -61 84 69 -1029 
112 9 15 -568 457 758 509 -722 1565 769 -45 -611 917 -596 -72 61 503 702 -1249 -1206 1206 86 514 166 -701 -475 -428 442 287 -491 38 74 454 449 -275 387 613 -855 -175 139 554 162 -792 338 -802 -249 1238 -194 49 687 -996 -618 1216 619 -62 437 708 -128 -1077 -40 -53 702 278 -516 113 394 273 503 -441 -918 633 436 -106 -1398 925 944 -170 42 -813 -491 -537 1062 -711 -528 822 -1414 -154 -131 158 600 198 -408 72 177 293 277 428 -878 -141 638 -38 164 -297 519 -288 -211 602 31 184 248 -1241 -1494 -67 -977 523 1 -326 -1249 21 -1091 794 398 860 73 -929 -367 -1155 -687 438 -629 637 -1059 382 -1673 -465 -787 20 -494 -295 -961 86 -1072 -127 -885 147 493 -10 796 1293 -270 553 406 109 1158 -228 -77 207 -322 610 575 -601 -50 1071 1390 578 -112 98 793 442 175 619 735 579 529 340 -825 -65 -335 -431 625 180 69 259 104 -146 936 299 716 -472 -129 -422 153 -517 -240 -730 -52 212 721 163 -58 337 -33 -278 3 -93 -1367 -343 -38 278 -113 -517 -674 -370 -232 -213 -942 670 210 -666 -249 758 702 163 641 635 -245 13 -697 402 141 479 -149 1150 497 -930 239 -222 314 793 549 14 -306 532 645 -184 -123 485 -169 -53 616 691 855 -429 792 -82 407 
-407 679 102 -366 -294 744 -17 157 712 406 265 1400 -307 -291 -592 -541 267 -648 -528 177 175 102 -663 -900 -620 614 -878 -404 -200 -876 -235 342 -276 -146 534 21 116 547 762 726 -1 -886 780 -842 -731 1416 -278 909 725 657 -596 -427 19 117 312 1363 -597 494 -324 -440 621 41 -123 44 276 -17 87 260 53 114 -669 -778 291 -292 -252 -991 612 376 478 -333 113 1019 125 -1051 333 714 -262 -76 64 -553 -173 373 -424 -346 973 871 1290 876 918 -948 -543 -1360 -616 -1438 170 -282 -361 77 -37 -269 -60 13 1390 472 -203 506 -624 -99 -344 894 262 -532 -802 -1002 461 341 -98 -487 31 -143 1226 494 537 -641 -55 185 1156 10 -74 -341 -928 13 -781 -613 657 508 738 91 970 441 131 351 -71 -1003 7 -272 -793 151 87 -241 225 38 543 -39 1062 -2127 -787 -339 -224 632 225 -566 67 -757 50 -1025 -376 -254 404 439 -257 -646 -464 -588 318 -299 -631 211 -1149 -306 -234 421 -891 256 100 -573 -405 -455 -82 -1049 763 691 95 744 -329 -567 233 581 1541 -212 972 -501 79 306 442 -41 128 -99 250 -803 154 -186 -606 331 -252 702 -243 938 -353 335 808 542 -266 52 603 707 359 196 1129 -449 -257 -29 249 -1200 251 342 -44 352 724 39 630 97 -803 134 27 -857 
10 497 -794 165 653 -284 188 -408 -626 -182 137 -592 -928 -498 145 -461 -25 142 -82 151 -685 267 -149 308 245 -865 -264 84 170 -339 77 -413 423 -428 -459 -414 92 722 -870 243 -187 -272 -163 559 -910 563 -180 -482 304 389 -884 436 466 22 -498 773 -375 -51 263 228 293 973 1257 246 554 -298 -1393 -714 -958 274 987 139 484 551 831 632 387 1418 846 224 615 623 709 -413 1258 -320 -533 -253 308 -20 -343 458 97 -451 -311 220 -1144 648 1036 -102 824 -667 -424 372 145 337 8 820 -99 -275 1502 -931 744 38 280 71 -241 525 -502 432 -1333 -842 -467 465 838 43 -657 270 767 -758 445 414 114 139 642 -611 -648 330 -271 83 -401 562 817 427 -560 383 -301 893 -605 904 1093 -797 -479 -345 747 29 -477 844 319 53 415 -748 119 235 -19 -321 -156 -49 962 1968 564 372 -756 -90 425 295 -420 -1021 565 -645 -473 -142 -354 -3 -193 -429 19 -442 428 -505 781 -139 347 -1205 -40 -67 -156 -782 -423 781 -213 662 884 172 859 -347 42 296 -250 -92 449 924 8 556 585 676 -131 88 -571 847 553 -345 -1039 296 -343 -23 -263 -610 -145 -627 728 721 817 -1344 -525 -608 809 221 483 -995 261 -334 -1196 -954 463 -89 -1149 -250 -79 49 477 99 348 -47 -388 641 
-41 -423 -149 191 11 -607 -269 -332 732 630 900 -191 -15 254 -16 405 -434 241 -669 783 170 -120 85 432 1448 -653 -324 -868 -51 564 511 211 109 69 -1087 -342 241 266 -342 140 208 -117 -60 425 1440 16 87 382 1009 712 140 330 -1094 392 339 -52 126 -1138 754 516 -508 944 -731 431 -168 -582 1451 646 -353 16 503 -60 -402 189 401 1325 378 58 428 -217 -708 217 41 438 748 -78 587 -292 388 -505 -12 -123 1273 232 215 656 -624 1698 -763 -983 -493 303 -142 1457 338 358 -111 814 441 98 -900 596 -732 -61 273 403 240 196 -139 -363 -708 -1090 -487 -544 352 -664 -286 -241 -555 22 1069 9 -709 -26 -171 -586 724 -385 291 573 -431 -51 36 -211 86 371 -447 52 -735 -586 -413 -147 517 -685 149 -651 -774 881 -790 -600 -270 55 617 582 627 -926 721 92 -1021 -499 -56 776 -216 192 -739 -598 -362 268 -1085 -545 192 -330 630 594 332 718 -191 151 -327 -155 -116 171 -548 28 172 -1339 377 -102 -166 -44 158 -541 -895 701 367 1151 -316 -52 953 -295 -219 -241 -179 78 -596 876 329 -342 -291 841 -800 -257 934 -158 879 -761 435 -272 -142 -1424 -1247 -501 -583 335 -537 -601 479 173 -255 -546 -92 1010 225 -223 -418 -548 -459 536 -41 453 -68 -803 579 -113 620 777 
-438 -215 564 48 156 215 -697 -409 -104 -145 -96 -519 745 386 -143 1284 370 -36 798 -488 -557 188 -193 126 59 -164 -774 -990 52 -1198 -306 52 -218 401 120 786 -715 697 -89 -80 538 474 -145 361 -839 -853 -235 -84 353 358 477 1240 229 215 -602 607 -347 -82 -286 -315 -307 398 -586 131 470 -306 645 -512 988 621 -550 -573 -590 -323 95 -806 579 64 830 306 -825 358 409 -697 -584 -304 -194 69 511 431 -160 476 -251 421 1123 -313 -748 325 -473 243 184 -437 -530 -622 -450 -128 -210 -2 -308 -806 266 268 471 2 73 -486 -1 -681 -653 518 -491 -793 236 -318 79 -587 12 -234 -365 -272 -419 -632 219 -60 281 -115 -509 191 -751 1305 557 -579 371 -166 -432 1208 371 631 -160 -646 326 109 446 622 441 -38 325 676 494 577 718 -56 358 609 -319 -533 -921 517 1110 124 1231 269 230 529 34 -450 -46 -471 -280 -207 170 98 714 -120 -94 -46 -19 -578 -142 553 32 463 -202 -274 -59 112 -527 -561 -765 304 -493 -59 -815 548 1022 -274 -156 705 82 -341 1200 343 -175 -340 294 -155 21 335 -6 -469 -975 284 -76 -202 -1066 2 93 -605 -82 -33 239 -750 -454 -122 -197 -363 800 -112 -632 -607 443 -239 -302 -467 100 487 553 -422 -161 -555 836 -33 755 -1068 993 -382 
-184 -255 878 71 10 -537 -31 -584 595 -173 396 658 -1134 253 229 414 72 338 337 -483 -81 -259 389 -212 -605 1357 -298 1027 -461 -601 -297 173 -234 -294 610 -344 -177 -1345 885 -267 -397 52 -189 281 -389 33 418 -79 -1062 422 184 -19 132 177 -304 -1052 -113 -38 -34 534 -62 -954 -1006 60 -637 -7 175 892 126 -253 982 1297 -982 -511 420 -258 96 -207 313 -1114 138 -7 461 -636 -190 -1154 -1372 -613 142 11 314 -191 -192 -174 -473 -209 84 -502 -410 128 595 -299 -364 33 -1066 331 116 -626 -328 100 -245 -185 -497 -380 467 -1111 -604 -671 -8 -392 514 353 121 217 -573 -139 -495 -359 -525 -44 -37 -541 -532 -637 549 -48 -590 -127 670 -1127 -673 496 406 564 -569 -393 1045 -677 640 421 487 674 -349 -193 753 430 -514 -664 424 -752 371 119 -4 858 355 838 -438 -170 159 -577 549 -250 -717 -509 285 544 -159 -1037 -251 497 908 646 499 -38 2116 377 438 -839 2 840 658 507 247 231 161 58 -1216 270 255 248 -701 -310 949 -1179 842 1044 721 193 -147 -90 -913 919 -420 -283 -102 304 -378 476 -412 1687 649 452 381 -56 -259 -480 -772 -54 -395 13 -256 -90 647 -383 374 94 -49 1273 -708 410 635 75 109 -88 -701 467 788 704 109 -165 697 532 -771 223 568 -132 
-99 -922 -285 -321 -536 1315 1362 -905 1127 -400 307 731 -241 -569 -575 713 -268 -304 445 -535 -596 647 -312 -183 -22 -754 49 -546 -187 9 -1276 76 1369 243 -840 593 191 -653 57 -306 -74 -4 1951 15 -206 -370 320 69 471 -471 336 269 469 773 155 -1062 -1140 686 -266 491 -1387 519 -979 21 -614 857 1024 296 116 -719 79 320 176 -236 -735 1255 182 531 258 990 -300 -348 204 507 287 1030 683 -608 -392 751 -238 187 1378 -840 797 991 296 1045 -131 -953 -27 -123 -91 -878 81 616 -498 41 -757 643 -230 64 -68 -1259 -154 86 882 -1247 -462 -354 107 345 542 -256 -154 3 -514 -77 -1427 195 241 -218 -433 -449 -834 785 -454 -50 5 472 276 -776 -879 430 -506 -254 333 -462 811 -68 -615 211 -119 -159 354 122 245 951 -464 -122 -89 75 -240 -1108 236 -586 -62 589 -1293 648 -802 193 152 -476 -629 700 -1189 236 -237 -240 -259 185 -1548 -671 -255 432 -228 -161 941 10 -791 -229 434 -64 -157 359 -237 -815 -1125 -568 -902 547 -532 -621 -758 -390 -293 -1193 830 606 351 -748 -74 503 472 133 194 706 -670 345 -973 37 472 -504 308 1773 -121 109 -1476 -261 45 -201 -143 -797 -145 280 20 576 -471 32 -296 548 -174 103 -466 477 85 -320 561 -272 -92 -1021 -314 -777 861 -482 
403 -499 -715 192 -67 775 177 418 243 -79 352 336 -795 67 47 795 174 -767 -314 619 -1189 406 -871 658 347 239 -346 -527 -266 -66 -348 -261 158 644 357 100 -296 663 -178 819 -718 -303 -327 -31 817 -111 -690 425 -155 627 402 -71 -574 -636 -547 669 263 -485 730 396 248 -349 -559 503 -939 217 -316 -956 697 -384 169 -109 474 29 -657 233 302 -471 171 -318 50 -105 -652 -884 -572 345 -221 257 955 514 474 449 -690 303 810 986 -89 371 -233 -584 785 881 -652 1246 -423 -551 -181 -43 -659 648 -407 -261 328 152 751 243 543 287 244 266 -553 -399 -833 395 886 -462 -535 -281 -381 -383 -803 1319 313 653 658 -287 313 -1867 -1100 100 -712 774 266 -459 -811 1063 240 596 -879 -934 89 -651 565 95 -197 -884 -737 261 646 -458 -687 114 108 1275 -267 691 365 252 580 445 502 504 -113 -328 -255 -276 -271 97 833 299 -956 1083 1049 745 -380 68 1202 -332 -586 821 -190 772 77 698 -822 -71 306 -383 331 -174 425 42 -448 155 514 1126 -518 -79 595 767 -308 140 136 744 -420 -866 355 -5 1034 929 711 655 24 326 -314 -501 577 -341 166 -383 -1310 822 -1201 325 -4 -732 -429 -997 -329 90 80 -500 -48 175 175 482 67 -1408 188 -364 -897 401 264 223 420 -619 
665 -924 110 -360 -832 877 -815 468 -204 757 -382 169 1021 -157 975 -207 1236 -241 329 -857 -640 -1121 545 1080 -242 -249 62 587 54 -829 -406 -632 -1061 -280 -30 865 -699 542 843 -164 -178 -300 -155 -590 170 -699 -308 -16 454 -593 641 -390 388 -987 -269 -102 -462 882 1287 -174 835 -516 1132 -163 -389 -613 3 413 988 -570 -80 -3 -1169 -399 193 -220 -1154 -1189 803 309 64 1 160 -660 -420 -1245 204 -319 348 -404 -1050 -435 -639 378 -230 234 210 323 -167 377 863 -214 -194 -546 683 1013 -280 338 385 41 159 -180 171 -681 651 -430 190 576 1808 -14 -578 -364 111 24 -287 -825 146 -294 590 500 -184 376 -146 -675 15 -80 -549 -599 -53 -356 -391 -423 50 285 -1130 -645 962 542 38 236 -99 229 77 -885 1125 -386 96 -1144 430 155 590 422 -1543 -1028 -527 194 -1050 -471 1525 278 1537 -600 -145 616 1264 -475 415 -1073 116 942 -462 -368 876 387 1848 -18 888 -967 -1 318 650 -953 -4 520 1117 -25 -1212 -321 -20 -44 -210 224 620 961 -655 66 545 -97 168 -703 -447 -791 734 661 -379 -1021 12 976 9 -212 494 322 94 492 -319 -241 -805 -1629 1041 734 1260 -261 348 209 -1011 268 778 -858 462 -1350 -100 -583 -4 -820 -56 443 -876 -217 -348 -703 209 81 -1151 263 -348 259 
-735 -252 -828 -792 -727 -219 -434 609 -1186 104 883 -262 62 672 -200 312 -536 -187 248 963 -253 -856 -58 -858 -742 -887 792 -117 581 -315 -909 1094 -805 -34 -920 -566 -176 1031 -354 411 -18 90 603 414 399 681 289 -355 215 -163 150 315 877 315 1449 817 350 -779 -274 -378 -306 -1084 -351 -553 -1145 425 697 25 -80 -308 -262 33 -547 -482 800 854 721 -807 -821 -379 799 46 -439 1026 140 302 -415 189 170 -628 -487 -1126 41 423 540 -340 1735 -550 280 1071 -401 -1161 -1140 542 370 -12 1650 -478 108 44 -584 -664 -286 699 -236 984 -199 -366 -147 -1046 -247 484 -177 -212 36 256 652 -381 446 799 -727 -581 237 -665 37 -657 -355 70 313 -743 -190 -1334 -143 747 37 -671 528 -191 626 -203 56 648 615 899 425 -561 746 -414 436 -18 765 -553 511 -731 501 -422 420 -492 -1035 -326 977 160 -159 119 409 -919 99 302 70 -149 677 259 -7 -480 374 -318 -1082 -262 486 -312 531 747 764 -115 919 -535 -105 784 449 371 306 369 365 -307 -846 -1270 -1187 856 480 127 326 449 648 -149 -708 87 663 -394 -798 439 -178 236 -559 114 -369 20 -28 -116 1099 -177 536 74 -75 554 -267 1403 -672 539 786 686 78 814 898 305 1270 -1370 -429 675 314 132 92 455 45 186 77 -4 
-351 -173 -825 -393 616 403 717 468 242 371 900 139 -3 -426 794 64 164 -164 286 672 456 711 -1162 667 1038 -376 -1211 965 -1423 222 299 -87 409 329 -150 203 581 -97 188 -610 -583 -1252 -813 -1112 -882 -1177 562 -56 -504 101 -682 143 -1060 -812 -177 480 226 1167 -709 -1057 -861 -427 -649 961 -338 -1056 -585 277 -102 815 648 687 -942 -1276 40 808 -1152 1072 -783 -7 -150 -140 379 -763 136 -355 -573 295 239 764 -372 270 -331 -108 -430 -220 -183 -68 441 -139 -241 1179 165 -256 -806 134 293 128 16 -819 108 -339 -431 990 121 586 -141 -165 9 -710 -476 -705 617 655 83 389 185 -462 -295 -299 474 -1114 55 -975 -322 180 -923 272 991 -438 1002 -416 107 381 31 267 -511 -385 -834 -136 673 572 708 -496 662 985 -140 330 1048 43 -322 -357 -45 -77 656 -255 -569 -826 1035 894 791 -522 -959 1049 -1068 561 682 -783 194 -53 795 476 710 465 194 237 416 326 -67 391 -534 -294 355 -328 798 891 -578 764 104 -560 200 726 472 418 -108 126 -285 -109 490 334 -309 163 -1307 815 461 432 -416 910 144 -694 243 -463 11 1116 -399 290 903 91 -149 -366 34 -1226 989 331 162 -604 -567 -815 1157 147 180 -42 -305 -162 357 345 1453 -238 245 -848 411 269 -297 571 -775 355 
760 -182 344 -152 -1164 -215 -50 277 783 -88 1159 -376 -1735 -594 258 794 -377 1021 -307 -451 313 -223 874 -145 643 357 -143 311 -966 -74 -1032 403 785 28 -889 -193 -428 645 -539 -204 41 -961 -1446 725 -161 418 883 -222 129 428 -87 -895 -793 176 763 -473 -399 923 58 -514 582 469 -40 -61 -825 1025 881 -1191 703 110 617 326 -195 -558 832 701 389 -1502 -132 -274 -87 100 -499 850 -85 -43 -810 -980 951 303 -459 710 976 429 -536 1280 356 713 -243 -270 864 -3 -157 374 -1139 757 -246 157 417 -495 -658 -467 -631 660 1599 -647 -108 -600 -409 -219 1020 358 -82 143 137 454 -304 -864 -431 -837 542 46 21 -570 -566 164 797 -605 601 888 -665 199 892 -407 310 168 712 4 -165 268 266 360 -261 321 760 -747 91 -531 -237 394 -741 77 -676 591 414 -452 799 408 -461 -22 -91 -349 437 -589 -492 -83 -1162 -1340 265 919 -73 -489 1526 507 1351 1002 501 -245 -301 1565 422 -62 -263 -87 -349 -312 341 71 -562 -1008 123 164 -157 -1056 440 990 -82 -542 -27 -22 80 -587 -760 133 -1564 1332 -845 -41 -770 1158 -122 87 -70 5 363 563 -295 -302 190 -260 -235 174 -1091 601 138 -712 -172 -207 -216 -375 1117 366 935 141 156 -294 882 64 -626 -424 19 -1163 777 1035 -590 88 
388 144 337 -360 -171 813 -107 890 262 435 -219 371 -450 3 763 -766 457 -124 505 -1012 -1041 -381 -732 820 -182 -247 141 -112 1026 1271 -194 418 -90 -832 -96 621 -359 -793 1518 175 -603 1316 313 -544 -139 -214 200 -246 -200 -455 -870 -56 585 -420 198 1002 -226 -469 -126 -309 -1336 -97 -753 -550 -372 -632 220 296 -415 -185 -1179 -686 209 17 -480 -414 481 932 619 -589 762 199 -674 640 -163 -114 972 -437 998 -787 998 -1555 280 -784 221 -1369 -115 154 -1032 -174 1253 -227 57 721 1030 -868 1111 -419 1438 -32 483 610 -433 -845 621 350 933 -639 -754 31 -543 376 401 430 1112 850 -167 341 -108 -676 133 -42 -75 675 -52 -606 59 704 -851 1169 -812 -1509 61 -151 255 1495 -609 189 207 395 -1088 645 -199 -491 -288 417 -1163 1387 -848 -1078 -1434 318 72 -1319 -166 -176 -244 -486 -654 -645 -305 -678 666 -674 -28 216 244 1121 -139 -306 -132 559 161 -1392 8 -955 568 -349 -1117 430 -521 839 -816 437 -186 -639 449 -85 29 -475 -759 775 132 496 1124 -856 -241 -1094 153 -24 -308 -394 703 -47 190 -734 199 -879 -130 132 721 -199 249 -715 1196 -524 -684 -207 330 -269 123 -202 -333 240 -762 878 -165 -1054 359 -22 -108 -279 -103 -942 830 -369 -828 78 -774 -97 -996 -419 364 -87 88 372 
1300 -3 -25 -674 -1180 -365 73 575 572 -343 -500 9 -555 169 -383 -344 -537 368 231 -859 -450 -791 1493 -539 905 765 -188 1138 60 -371 409 -135 -125 386 704 4 -1577 436 602 -768 174 -1075 -655 -208 321 1165 434 214 316 801 -124 240 351 12 891 -320 -226 429 -242 506 275 578 91 -395 -547 -962 119 444 -139 304 197 360 -576 1083 281 471 603 -38 -962 -796 -88 434 111 -305 -1082 -1035 -860 1010 408 -375 195 -59 454 625 699 486 529 -392 -941 -1049 1428 441 -551 491 -396 204 -157 510 532 -40 424 -201 901 -567 797 488 -46 331 -24 707 858 828 398 372 -728 815 1024 954 711 -771 103 -1829 -582 90 581 402 -194 483 88 1444 702 -873 802 470 521 897 459 233 742 -53 -394 644 195 226 -118 -405 181 19 428 368 -530 358 -531 -738 -341 47 -112 -510 576 -159 785 -191 1169 389 -557 213 -127 -365 -364 227 246 -135 -65 52 851 -244 -178 -740 -182 87 104 -334 -1106 364 -135 -713 -211 510 -309 -568 -122 -243 632 525 -155 -144 40 -460 747 54 1244 -558 -100 -140 -569 -9 -248 -279 -39 1226 1159 351 474 -198 816 -32 31 282 -769 -607 -850 661 435 -214 -416 1412 91 -610 -870 380 365 -562 60 57 240 -586 637 154 -480 -1006 -1053 -706 -418 448 259 -496 
210 297 -569 546 337 -165 310 -613 -424 -387 251 103 68 -191 150 -551 1136 141 516 -886 -492 121 449 15 -50 922 350 885 -1160 -512 580 -359 971 -498 406 -820 15 544 -814 -419 889 221 86 214 567 270 282 892 -381 -117 -725 -136 -550 -962 -206 1070 -282 652 -739 114 656 313 714 -684 -546 -132 396 1002 -142 362 654 -397 -207 188 1113 556 -726 18 144 -91 -1387 613 219 -46 -56 -733 16 131 256 159 -262 -360 -99 222 465 618 545 1164 533 -1118 156 36 660 339 120 626 20 -723 509 -162 751 64 282 -381 -823 -212 -674 -72 675 -18 -98 1273 -217 250 80 -185 280 -197 -542 541 -655 407 216 -398 917 227 -682 -687 724 -1003 128 509 -846 -771 -549 334 328 99 -687 1461 -12 -407 -475 214 -493 1099 -542 827 41 -394 242 -470 -238 105 911 -190 -150 -244 -335 586 -603 270 -1062 -264 -114 832 143 704 -118 -182 81 -613 -748 -262 -503 -34 -74 -83 765 -97 313 774 155 -501 -153 300 485 727 108 -891 -173 971 1840 764 -1325 -435 191 587 -248 319 -196 -743 -1786 -534 1310 944 -128 340 -599 752 -296 -543 431 -206 590 504 289 -592 663 183 -668 -300 -652 -92 -50 220 313 -695 -135 -1406 209 129 187 111 -632 422 -381 -308 -588 469 432 -258 -478 -212 1378 1090 
1120 -1101 -157 -718 -331 110 -865 633 -1484 -504 166 62 165 -874 -281 298 516 -1137 276 1136 18 -653 -1603 -809 -337 -401 127 -1160 -825 874 -163 -521 -87 -327 -1458 -477 -462 893 671 -46 -72 855 398 -31 -37 -244 533 1225 1089 36 233 -804 -676 -675 724 205 -506 1400 -77 642 -569 -419 -773 181 -998 -1177 441 157 -394 -77 118 271 -609 561 185 209 250 376 507 670 -426 980 -1037 -614 -299 659 -518 1066 317 19 -753 -463 -258 158 -103 -118 591 -77 860 397 -512 168 -70 -459 86 -62 304 -626 -1966 -85 -17 -77 -330 -29 -855 92 -496 -82 -858 -233 -91 372 -349 -863 111 819 248 -189 182 543 733 317 -211 -421 -94 378 -322 -502 741 49 639 -218 48 -132 117 -294 -212 -817 -573 -234 -1587 284 1004 423 60 -604 -382 834 503 -728 -59 568 -119 -600 350 -264 -565 -139 -136 657 -124 213 -512 65 112 -135 244 -270 1138 -608 1046 138 -42 -122 73 408 669 -111 -277 -974 261 -403 1266 905 -549 133 597 146 -597 669 -142 -158 -383 645 242 298 -77 -321 15 -330 -285 249 489 -586 -94 157 -465 -1148 -577 -708 410 831 -199 482 -521 5 322 837 591 436 544 751 379 -497 -765 29 -1142 -590 246 444 -1426 55 -318 -746 7 396 -7 324 -110 -629 -508 -960 763 -1226 0 593 
431 44 -1415 306 -198 450 -84 -468 453 166 427 183 -578 280 -1448 1374 -30 -125 714 -635 199 -585 -569 180 54 -625 53 -305 210 -59 -885 897 -571 -353 -571 266 -811 691 699 -375 -642 752 259 -810 11 -584 682 444 -19 613 165 -218 -76 953 433 -211 730 728 -390 -845 35 -248 159 -429 -883 -1023 654 -65 335 -198 -455 -975 -553 -784 -435 655 199 -105 -29 1091 -645 -518 542 737 -213 42 325 37 170 -371 -757 -348 -206 1056 575 -432 312 -943 161 39 -726 -92 -647 82 48 -41 -782 -341 -212 884 625 -595 -218 510 -215 718 884 44 -162 -213 -376 -429 969 -621 -370 -234 510 218 781 100 495 -258 -169 -1471 292 1143 52 357 -931 -250 15 -1669 -664 197 -343 -687 434 -416 -223 432 321 1044 808 826 -174 1102 1312 -674 365 8 34 212 -92 171 -763 -56 -851 624 973 104 -963 -434 135 25 -603 816 415 509 186 180 727 -40 696 -507 475 426 355 -34 717 740 60 529 206 -397 -437 -717 -696 727 383 -115 -1164 -672 1442 302 -957 505 -1184 -252 -32 -504 350 -245 73 240 -603 -465 227 119 -668 -210 -183 297 -379 247 1025 -595 -494 -501 1108 757 358 -18 1052 -733 -766 404 -570 415 -382 55 259 -290 258 -225 530 -539 534 890 450 -95 -324 7 539 191 -619 -529 
-558 320 72 -109 -349 261 988 -974 126 -559 -280 244 1011 610 672 -461 75 706 352 -852 143 768 18 -34 945 -668 -908 -450 -285 -62 111 -176 1022 -483 321 189 348 140 -939 -57 552 -1064 -518 139 82 -350 -129 -559 -551 534 -371 1035 273 239 -788 -408 -332 -379 -613 -374 63 -344 159 1079 781 603 -806 76 -205 -665 56 389 -804 624 -710 -360 -375 393 1086 43 -750 -5 91 -201 -416 -808 389 -284 132 733 -471 65 1544 -1411 577 1121 456 -638 -137 -377 60 -82 -1000 778 777 -448 -240 132 790 -309 664 -1084 -474 -789 174 624 -87 -586 103 781 -411 -514 -440 783 -513 -750 -67 -56 376 -318 -109 -660 -90 1963 -28 79 872 612 -191 1551 338 -683 331 -337 355 174 -324 815 73 -597 -118 216 -151 -711 -460 -258 571 161 -101 -588 -273 62 -217 -56 683 662 -164 -324 -836 -351 -922 -164 -906 1134 439 553 26 -27 -617 -500 -799 -327 -838 -326 -637 -197 -307 725 -184 321 -425 -210 -529 -851 1156 -432 172 -569 387 -307 605 231 -139 1169 -749 -233 -827 -154 77 331 565 -504 470 309 241 -196 177 212 176 518 -479 184 403 -333 -40 833 -749 -91 -1258 473 141 -1053 -603 619 435 1002 548 -560 -48 -631 3 89 1221 -271 -178 -1562 788 264 -681 200 665 -850 -584 -650 -625 524 
-284 -53 -829 -677 -203 -417 -856 -1326 -898 381 899 -854 142 19 1218 -2 716 1073 -322 441 -1465 -1237 -1033 249 212 921 417 18 355 -699 616 -465 208 18 -134 -629 831 1430 -1010 -407 492 897 561 593 223 349 109 -852 332 -224 -1513 508 -971 -240 -27 42 95 -194 594 295 317 1073 5 284 617 459 43 598 139 573 145 -647 246 -372 472 -347 -54 710 95 655 -1347 -96 -104 157 -492 203 596 -1115 -282 166 428 12 467 611 -378 1047 -881 435 206 54 -302 454 691 283 1175 700 -969 -509 294 217 -31 817 -547 219 54 215 -349 741 99 -476 -212 -213 -749 -376 211 -205 -1335 226 -158 -281 1171 513 874 -345 297 1232 -332 -389 1106 -76 253 -130 -760 -76 -457 -26 -280 402 -294 160 528 -81 269 277 -11 -710 266 479 234 1022 407 -271 -38 432 -23 152 -708 1261 53 565 -505 1479 382 564 -58 -909 826 -660 270 426 198 91 -318 992 -689 -1059 -371 802 108 -443 -55 -617 -267 -241 770 -854 922 404 -663 1220 -516 -250 -313 539 562 600 549 -63 -980 331 236 -333 390 -576 1011 -451 512 365 -984 -933 667 -740 -95 -177 -109 -303 -675 871 357 872 -320 1029 -196 46 -392 299 -523 -268 -310 109 -250 -328 406 -211 -123 551 -1165 116 212 821 319 -263 787 11 -262 69 
92 239 -679 -320 -302 -210 -383 178 -47 -113 -645 30 663 496 120 623 -671 478 428 -539 -145 369 449 358 317 -604 -275 -702 387 -527 797 3 -1089 56 343 963 -31 -409 683 -213 483 -1030 1641 510 -1197 -895 -835 718 -650 382 474 21 521 -382 -249 -832 696 61 553 877 415 -444 -96 77 1212 -308 -750 721 -196 -1371 668 1440 -1018 108 -64 -291 -593 383 1080 -249 -560 -276 757 326 68 -31 662 -305 766 -123 -90 242 191 -121 -694 -356 193 -698 -732 -605 -339 -305 926 -357 26 371 -293 -172 -405 -729 -66 454 834 -496 584 185 -352 -196 -797 -465 35 742 347 -373 -1191 -174 873 -127 380 394 439 214 -928 -865 -421 -256 -344 -1048 291 484 -140 -123 551 44 14 83 -28 378 310 -1130 -482 -649 -905 145 168 273 -391 -15 724 -885 -763 -747 -334 425 177 671 -923 215 -494 291 1135 -9 884 -154 -172 428 -1214 -595 74 -497 614 401 688 -1395 -44 189 -1392 -742 -310 151 -992 117 368 107 -398 946 689 174 142 708 -191 -1183 371 -718 497 804 1362 -308 -873 -1078 -483 -501 24 -1304 -1076 1183 407 -319 141 356 -903 -497 -676 331 253 419 -225 330 171 -394 -425 -449 939 -331 386 796 445 -341 556 510 -864 372 -891 60 -872 431 -492 -677 404 -302 212 534 -961 -470 404 320 
365 -84 264 -172 481 -373 -553 -471 -258 360 -305 587 989 -778 1553 -194 -719 360 311 -35 11 563 40 449 344 -253 -519 -605 -1243 -351 232 -616 48 -724 -310 -150 490 383 -17 -427 499 453 768 -159 297 -379 -707 -70 -624 222 580 -1197 -490 157 -507 51 122 -33 529 580 436 -517 150 524 -230 -51 -138 -383 713 -643 -16 395 287 -247 45 -940 -135 -278 1016 506 -652 -94 -266 -1384 226 572 -156 -1584 -650 385 213 999 296 722 -218 357 -152 -463 791 1102 -912 -1040 686 -800 235 -378 -64 222 361 -788 389 736 578 1031 -882 234 486 638 95 941 -381 47 45 230 -393 -720 -357 -661 -132 -196 165 575 348 604 -427 -818 991 363 368 95 -742 1151 -674 -595 562 -764 -889 41 23 979 225 -599 -92 93 -843 140 592 -114 -369 897 -342 369 89 301 935 -645 -995 -456 -934 -55 -295 -226 727 -154 -89 675 -237 -182 167 1003 673 -188 -762 654 -8 -758 -1360 1272 -327 -640 20 780 47 172 516 548 526 -1057 208 567 1114 -173 -912 295 265 827 596 66 -672 -206 607 -48 710 -665 -307 94 -329 174 11 -801 534 943 -485 621 -26 46 158 84 350 236 358 859 -1599 -1140 622 373 108 86 -1072 254 -593 344 576 -7 112 116 -1367 -1300 688 -799 154 -1963 648 859 379 -634 
614 -46 -370 -276 619 -699 -86 -473 217 57 5 1264 -1174 -948 -163 64 -247 -791 -145 -602 -871 -937 351 -618 195 -554 -631 487 -880 481 -203 487 -524 379 -560 -613 855 -1194 809 14 241 227 333 -156 -262 246 -13 -285 83 -1242 394 -443 -299 -410 -1275 -89 -584 -136 227 1058 314 111 -466 1640 620 -34 -493 725 438 -331 46 308 -314 236 135 -96 705 825 785 -1281 153 132 169 715 350 -124 -543 -395 -401 241 44 1101 -508 285 54 614 468 764 -424 455 279 1512 -326 133 -446 486 498 -512 -431 62 110 255 904 465 -261 -653 -124 -414 705 -1893 -448 542 536 -779 -453 -585 -678 -261 393 234 676 -761 311 -686 -894 -1549 -673 983 869 -301 286 -477 -32 241 -513 -395 117 9 349 416 -25 -198 -273 846 -141 587 -143 625 526 264 565 -241 1015 100 301 764 859 856 -1409 -393 -209 171 -368 -955 -761 -166 -178 654 302 976 -715 391 -195 8 55 765 -1 432 -200 37 -254 78 436 1101 217 -125 -651 1150 -816 -1011 123 -164 -297 248 210 -107 469 -837 -207 461 -361 -437 -606 -42 376 461 13 -345 -694 453 164 44 -496 449 527 -663 -339 630 -191 -173 -279 -732 504 -697 -1014 -218 46 1087 -95 -230 450 853 -411 991 -476 456 61 61 1324 -90 1136 -101 -277 -690 -459 284 
-968 858 -673 -525 104 565 238 280 -1241 430 437 -575 157 -32 -66 92 488 -560 74 -606 553 -1252 -305 904 -183 -225 542 -161 547 -102 -862 -34 -423 472 -658 -275 -42 -609 72 702 -51 106 -516 626 -261 -328 1436 -565 -6 -234 -933 -305 965 -187 -95 519 360 274 -510 1276 1203 149 1599 140 -223 -253 -185 -798 -1027 1415 -697 -224 71 183 -224 266 804 -794 231 992 261 -1032 -836 -698 303 290 -180 -344 -62 534 283 -171 -36 68 1604 709 299 298 392 574 -288 486 -182 -280 -751 249 374 1376 -504 337 156 -89 -1367 535 -348 -818 369 -1232 334 258 40 -195 718 19 103 -1262 -75 -403 192 109 -474 229 60 475 149 -1401 -769 -294 -204 -337 211 748 480 611 287 -500 -2 71 -288 8 11 -688 885 680 217 -633 974 -205 546 816 -660 -337 615 772 -121 710 -807 -624 378 -687 -270 -846 934 -333 -631 551 -301 -152 -418 -495 -506 668 153 146 -450 -191 733 -512 -544 -739 315 1193 -75 262 1199 -885 1066 1298 -735 -394 1259 216 -1534 94 178 338 316 -165 -157 -366 -210 252 -65 843 1059 -19 659 -207 229 -515 1254 81 -1014 -656 -27 99 -1132 -119 335 368 337 -214 572 337 708 -1389 -154 740 713 280 -1019 185 -249 74 -128 -483 -232 -1914 498 -146 403 -12 579 1305 -273 251 
-477 -70 -239 -159 447 -15 -395 -960 64 -975 157 146 -39 -364 1195 -74 574 -564 398 92 1438 525 153 938 -1168 -428 242 -547 -292 -24 413 43 832 429 860 -838 108 610 -145 -434 -414 713 523 504 176 -157 972 -360 911 -613 -180 675 -536 -1509 355 701 -536 717 -79 1065 -481 -173 643 -598 -206 -346 -881 677 518 -35 -791 -580 260 -551 138 924 -52 703 -598 -1262 -93 517 -425 -107 295 243 -1047 585 -390 -513 -157 -757 -533 193 -998 -852 -1294 515 973 -23 -415 -592 908 -85 -732 -763 563 -1249 -275 -83 -177 870 -509 -474 154 -591 -382 194 -711 -174 196 51 -188 -535 260 -233 642 -225 1 -1080 444 -1240 134 -259 54 783 98 645 229 209 95 68 1419 292 -496 -40 239 -482 -1221 723 -862 -549 -451 -170 -870 556 -159 1719 -433 379 257 238 21 -194 783 -713 -26 -482 -225 -232 -679 -739 -834 176 -381 214 989 73 591 1098 -36 -53 -319 539 -416 -412 -1214 681 -620 209 173 -542 -1889 305 -544 890 -543 -318 811 196 -1146 9 62 -228 -121 -582 -295 398 1191 -319 461 132 -98 153 -233 187 -547 -790 629 -799 140 -1820 434 -2 19 672 21 -676 -444 -587 5 -928 1156 -342 -26 -302 397 143 431 -353 121 -117 807 -296 381 -357 274 798 -1085 293 -544 256 -544 169 -51 -1074 
56 -114 -465 434 -80 -910 302 -16 -252 389 447 -1573 -433 -86 169 -147 -608 -494 169 -26 -458 -636 -732 64 287 292 -323 -552 -178 -37 -563 -227 -323 273 -1002 -544 552 829 1433 130 1087 -239 950 -1271 526 596 526 -275 1730 253 162 597 -289 -787 -263 -324 406 290 1015 -738 -996 1022 -355 107 322 -1312 -865 718 -483 527 219 764 -870 -389 248 -963 -176 146 -108 -21 -307 717 -219 4 -449 99 -233 398 -404 -532 331 -86 1023 -302 -416 -55 482 -996 -1033 -127 121 171 167 -292 -412 -1252 -448 90 -718 13 645 -440 -231 57 -179 391 187 412 170 735 219 285 283 78 1178 400 494 -94 -507 -755 -444 676 711 -182 59 368 4 -815 42 -689 263 601 285 -279 159 650 565 60 -308 -308 549 -84 -397 873 -2 439 -186 694 -544 -6 -682 608 -878 -1085 268 607 1275 -127 901 -473 -139 666 74 -402 307 433 311 -441 -99 -211 816 -583 446 -445 76 -494 -425 -219 -781 -451 84 86 234 -347 512 -873 477 -527 -76 -1299 -107 -114 214 -91 -585 148 -236 -951 639 -171 -236 848 274 645 1125 -518 -563 125 -1000 142 821 -826 -844 112 913 159 -1181 487 -718 617 -235 -394 297 138 -393 -225 -469 695 -428 280 -1560 751 -319 -1044 -268 797 -27 150 -543 -215 598 -370 399 591 -724 736 
-235 500 401 457 -159 -59 -1283 621 -205 -398 -88 -74 319 165 331 155 -112 -694 600 -356 101 -1135 -247 -59 -697 254 -320 -268 -540 576 212 1174 401 36 -55 -99 77 70 -926 -278 306 641 785 -126 -272 721 692 157 -233 425 152 -159 -225 -403 324 -105 444 -178 1216 701 -164 -1060 204 -460 -387 -161 167 -363 303 -1360 1094 -1103 -27 253 817 1151 -527 -1602 391 -518 413 752 1308 -516 -405 17 98 33 -531 1053 -412 40 -365 -258 -618 -190 1015 -545 -549 613 -94 -544 34 352 409 -131 156 -217 165 -119 -439 345 595 -28 -402 -306 644 31 1 -373 -309 324 208 -283 1028 343 591 -554 409 616 -325 644 -167 -300 82 244 635 167 -434 -856 48 -295 -240 -412 843 968 875 -596 -235 906 106 -704 -174 -314 -4 1042 -663 955 330 -414 -284 244 281 172 427 -169 -2 -1071 -130 677 -353 -934 579 -726 175 -75 -274 -643 302 -102 -532 -109 483 1003 -420 -166 -969 701 34 -320 490 -415 -161 339 -285 989 463 -102 38 -1140 -182 20 -385 -948 183 761 -650 -139 -62 131 737 416 579 -408 -304 199 -674 127 -963 539 -318 254 -472 -349 -288 609 306 423 1629 165 -749 -39 272 -668 947 290 -68 437 -697 129 584 -287 -722 -167 -298 217 471 429 54 -832 -876 311 442 -325 1098 794 
-251 -377 -420 -463 -6 -1490 -835 -97 101 1187 158 404 -17 -101 -1387 241 -1060 962 -392 627 817 -141 407 696 418 -742 -122 66 201 385 208 116 1014 -189 -324 -1044 939 1083 -565 787 68 1147 -130 167 1488 -295 555 629 1772 20 230 -493 -107 278 134 -231 -251 -161 -866 -404 475 -619 -91 8 -1271 -23 371 1 680 89 -1394 -429 759 322 -320 251 136 -106 -143 -71 -494 64 -1360 881 211 368 -419 1116 204 -1060 -453 917 22 -94 830 -1525 -259 415 -930 -129 -175 -35 373 1117 -159 -1378 384 -1342 -1199 221 586 752 709 1093 1086 1209 507 72 -225 477 7 -22 -274 -968 453 -725 -273 85 568 364 -716 -469 -895 -241 218 556 -199 9 -285 95 -640 701 225 -38 5 -142 313 -615 -824 441 -657 -471 33 -467 -357 -282 -738 481 -874 -153 30 -210 110 878 -430 474 454 240 809 -765 706 -504 -655 -318 -498 -590 901 622 108 -266 -1186 -1028 -974 535 -374 108 -3 -1030 54 266 1263 479 40 1234 -970 -360 44 900 -776 834 -383 109 -967 -310 -400 -321 -122 447 -278 -420 -586 -429 74 449 -124 664 -260 256 136 -837 -1243 159 -35 -358 -570 -443 -243 1167 114 453 -247 -202 694 338 236 -582 89 3 -1125 -248 -47 -374 -227 1279 89 -530 149 -391 275 483 -13 672 1021 1292 -29 225 
1413 693 698 -879 415 167 -753 -554 197 -266 -911 -144 717 -1061 -46 -356 76 585 -241 -812 753 -130 199 -628 -211 35 -815 25 334 13 -799 -21 -1016 -195 -600 -323 -248 2393 717 -321 706 1425 -152 901 -18 1036 -50 -488 570 230 -1417 206 -269 -591 1121 396 -575 761 1137 -38 0 104 -195 -129 441 -576 247 668 -260 333 349 -783 1160 -244 -5 43 230 293 682 912 -134 -654 -87 204 -350 -214 630 -502 648 -60 690 591 403 344 -464 782 368 -512 344 334 -1659 -1072 -93 -138 -813 214 -35 114 115 -200 390 -523 -164 1331 -823 341 -701 -40 -414 -61 159 53 262 -515 32 1115 -410 -44 386 -150 1477 54 292 -253 6 1157 84 1081 174 -183 -758 128 557 -8 199 -344 -64 333 529 369 -687 -268 0 -538 1163 -332 181 263 -191 549 837 1016 -465 -156 -421 -1691 -965 440 -468 334 421 -275 140 1373 340 36 420 -324 294 -358 616 -651 -15 1190 222 -986 -1025 854 -191 -534 -345 -960 225 -498 261 -957 -49 56 408 -29 429 -752 -1243 -740 -914 247 81 227 -645 -248 1755 -150 -270 21 467 217 26 -286 -345 362 437 92 390 -1046 872 740 693 -1027 778 103 355 326 102 -896 43 228 589 -767 -832 21 -508 -443 372 -958 531 441 -774 517 1248 799 -313 365 120 -847 -868 410 
30 -236 5 372 503 1208 204 -240 126 62 -711 -940 276 306 -782 -110 -218 24 319 -847 21 -53 -395 -190 -368 155 345 45 798 -1404 -272 256 -708 146 109 -642 -793 848 -289 -643 341 51 -64 320 -675 -277 -836 -136 563 185 -435 -200 217 -536 447 541 263 -1246 842 -476 -158 -21 -474 -26 -122 415 -407 1399 267 522 141 -31 520 335 915 -1445 952 -367 -908 -735 714 136 -32 -468 -525 -367 271 330 652 117 -121 -846 -62 213 169 -663 -365 20 327 -1050 305 -694 -288 -80 441 -490 1111 126 -177 -1782 227 -53 729 106 1086 -529 511 -313 -1267 1173 232 794 214 1022 731 286 216 70 -787 -732 186 503 1449 -562 494 -308 -76 144 -700 215 -251 1365 -593 -128 -785 1113 491 -556 481 -257 297 -149 -722 -601 485 173 264 887 -815 -28 140 340 196 190 -343 -667 -259 -127 1664 94 519 566 313 638 868 -22 152 -1314 -164 -208 468 -8 121 -72 470 288 -720 -1196 -1108 706 466 60 -255 -264 -521 -631 183 196 456 18 351 -849 -140 -531 377 44 665 2225 -807 -263 -63 957 126 -489 -383 -330 115 -742 341 -865 46 -205 -468 642 133 -705 745 138 510 -401 -119 209 -404 -695 1164 402 979 477 1183 -665 676 -499 -325 -536 -122 261 -211 190 18 893 1856 65 -467 133 363 -418 
-377 -468 594 -327 -1133 697 421 425 -1065 181 -1024 420 -611 292 -3 982 -111 -877 140 -313 -28 -118 -195 -130 -1160 61 417 -355 -72 574 -818 -407 -273 1735 -51 -190 -789 -291 41 197 959 69 196 -635 93 -1266 498 -341 483 -597 -47 -567 88 434 649 -796 -243 685 843 -18 82 -343 436 -220 -385 658 481 -911 -607 -338 -460 -427 121 -49 318 -313 224 -95 -268 52 -222 -969 -542 85 -336 194 -263 610 -620 688 -494 -800 -24 59 268 -45 -363 -99 89 -509 261 299 -187 -459 19 190 155 595 83 -712 -929 -247 -489 140 142 -644 195 110 517 61 798 587 230 -315 -714 173 649 505 -393 -215 328 420 730 -754 -602 -316 738 -867 -515 34 318 -1177 654 390 -111 121 408 -378 752 -647 -31 290 164 -700 -116 147 597 -704 387 955 -128 822 141 353 611 1167 937 776 614 -811 -343 755 -216 -156 684 256 -506 -772 1433 -1599 -120 -277 333 -309 883 715 97 -402 -542 943 211 -601 110 880 -189 -287 446 834 216 -9 -302 -342 -583 -283 -521 263 17 -788 853 119 -365 305 -562 758 -535 153 -474 -830 -633 -1405 770 -478 1106 661 -575 -214 -203 -295 -1421 121 -101 -173 -981 833 374 -1270 420 -780 235 563 -732 -19 532 949 -403 -455 -102 -399 -1126 121 436 -906 154 -72 -239 -1248 
1112 30 -855 -190 -217 764 -259 -197 418 -587 80 -306 495 118 289 226 -163 562 225 916 -196 -471 412 1932 -850 854 -268 783 -389 305 125 -1473 -263 -474 -803 510 117 -199 -582 732 -444 -463 152 -1043 -139 107 419 387 563 -10 625 824 491 253 -573 -609 -436 234 339 571 -268 79 164 -525 -860 -963 143 356 -88 -249 827 -861 31 -830 248 323 -607 620 -713 138 -353 124 69 385 -328 888 45 220 -52 412 79 -436 -511 -411 -775 123 -215 -571 -477 -781 383 -384 430 508 209 -326 704 -333 785 -161 -968 -767 -151 243 -265 -1165 -771 404 348 -715 602 -687 158 416 -884 -694 -204 -828 -36 181 -378 54 -439 866 -16 811 576 -1009 398 59 307 1116 708 148 -59 -399 -78 -573 102 258 -139 -88 11 66 61 -245 -273 -656 -493 574 -958 950 -188 750 640 1431 -1310 -205 -163 -54 201 88 -515 -926 600 457 -41 -258 354 -196 -493 302 -297 1485 505 385 -588 660 -865 1297 -31 -650 622 805 -713 -395 -514 209 15 489 1332 -600 -167 676 285 136 807 -136 398 68 -91 316 -513 860 -1723 -948 -414 287 -130 -291 -242 203 94 369 -423 212 298 -774 668 132 -553 -551 105 -138 -144 -1262 -1302 -100 -357 -235 36 344 393 551 191 -685 -58 515 151 460 666 -305 351 894 396 -36 
-693 -163 1086 171 -888 514 596 460 5 212 -40 -609 691 1138 -710 -234 -566 67 444 287 820 374 -55 -622 -434 -35 414 -418 -34 630 1246 -500 944 -469 830 806 327 -1471 -1176 864 454 45 945 36 -666 -34 -406 360 208 199 956 59 1542 648 485 -583 461 -473 992 120 -777 -519 96 -85 206 108 14 -674 -186 -212 -1531 -347 -161 -374 -17 -896 -511 516 662 -524 -322 -60 1494 26 1062 -74 1053 -571 49 84 -767 127 455 -941 412 -799 205 673 -721 -1014 -84 -200 -125 -482 193 -536 909 -863 257 660 -365 -303 1260 -412 191 -31 230 -23 -767 -331 43 -584 -818 -481 -271 -309 -526 276 1041 570 -396 446 -310 661 -509 -988 308 -196 -504 313 701 8 -882 -411 447 -5 -542 -749 -92 -201 -695 1031 -210 -1219 150 421 140 -576 181 -7 -507 -741 -144 103 -971 487 -797 28 -168 -51 -285 -34 -237 -141 602 88 -931 277 -297 -424 -1262 278 -135 -196 -679 1145 235 414 436 -467 -70 -89 704 -424 994 -62 53 -1409 287 -323 221 389 -1707 -75 -556 -1352 -248 -283 1341 -529 -485 -945 118 -37 -252 328 725 341 207 211 -155 218 -42 -461 -457 -137 -299 -793 -796 -228 233 -591 -6 -267 262 -378 552 913 -402 -687 -529 -100 -424 752 -283 -700 -274 122 861 -295 933 -212 -431 -96 -250 672 
64 -241 966 651 -263 -265 -1150 966 536 449 664 -237 258 -654 52 -390 -39 237 -15 149 550 -604 1214 -439 -103 484 297 822 -78 -96 -743 -1203 -369 -762 -1209 -222 314 -411 352 387 44 185 -307 139 618 690 717 -96 417 276 -202 165 -74 295 388 -328 584 792 1011 -73 871 468 -625 -229 -296 -471 17 -346 949 144 684 986 194 410 388 453 176 -559 -88 268 790 -277 -409 525 -1497 167 31 28 407 -96 568 -639 -673 -303 -173 344 -481 -376 -326 -163 -139 620 313 139 410 -640 210 -697 -293 -650 82 -447 -1311 998 -127 -115 17 558 -321 -415 1054 186 632 403 -1316 -581 683 139 -189 -1054 117 374 -77 18 -21 -511 122 -25 -239 -447 -487 613 -508 -354 89 -244 -1020 -322 -476 1041 -268 -1057 361 172 -10 -354 154 -389 557 -815 666 719 -760 -937 -282 159 669 -291 -546 -566 598 258 -230 153 605 -725 249 -509 594 217 837 211 60 -219 296 118 -902 391 -866 -39 928 286 891 251 -156 -298 1004 225 285 -90 295 -173 40 20 -524 38 -145 57 -63 -160 679 -380 3 -296 -864 501 -600 -156 827 -1169 797 -439 393 910 1477 -987 524 -397 -538 245 -232 68 333 -163 199 523 -303 -71 16 -83 -212 569 1036 -130 1249 101 142 420 903 605 -443 252 261 115 518 -690 
-257 604 -421 -71 -91 -13 395 198 -89 46 553 71 -68 860 730 827 382 370 -368 441 -25 188 -120 847 -139 199 -543 -406 -183 282 -96 -447 -866 -862 372 438 288 37 874 142 -369 95 213 135 -116 -173 702 265 -143 -567 930 -910 -404 -114 -198 518 690 715 -598 -205 -504 -884 -782 510 -422 65 233 -94 28 390 -364 -208 908 -798 -406 567 1026 -1095 553 785 -41 -1631 -1379 -136 699 -391 238 57 47 92 1138 801 189 921 260 815 -121 -395 -182 -452 596 -311 42 -1090 -615 83 1108 -80 403 762 -1572 112 -537 -539 759 552 428 -673 533 -57 805 308 292 644 -30 536 520 -82 96 96 -1318 -434 -387 703 586 -354 131 -219 78 -198 -289 59 116 -67 29 -386 354 -731 1169 98 65 168 -495 -322 63 -378 188 -559 236 -206 93 855 -264 667 244 -772 -1043 -299 112 457 937 -811 80 -72 60 -864 239 838 -161 -1131 678 529 509 132 473 -605 -565 80 77 -23 -209 1139 386 1050 460 599 -370 746 394 -1038 -370 1459 647 376 -452 -627 372 -583 488 -887 720 -177 -77 -70 -584 -628 136 65 698 203 889 1092 868 -544 -753 364 1188 -160 489 -336 -569 174 -1640 5 182 292 -408 -757 1282 491 -132 -916 394 83 -164 852 28 423 391 -1174 -1327 534 563 -360 193 -1494 
338 95 -592 25 655 16 180 -851 -599 -299 -439 480 -97 409 405 638 89 -373 960 210 105 400 136 -382 -993 -1324 491 -693 458 -20 937 -1080 -142 -1003 -127 245 -1018 609 479 -693 1058 1356 251 1193 -266 -1238 -368 520 -327 -204 96 421 437 -546 -420 637 -227 -1035 -131 -997 -981 427 -552 195 419 388 964 836 -994 -269 -821 659 765 535 -431 447 408 -772 1129 91 26 -24 -1226 980 -246 358 -420 -405 -286 490 -409 -225 1109 -729 12 43 151 449 -283 -421 605 -27 76 417 307 598 3 -963 340 127 -695 238 -727 -1097 439 -70 -914 -983 221 -535 -52 445 531 -900 1140 62 -751 -390 800 -6 -378 200 278 480 1071 -823 723 768 -388 1406 -118 637 87 -977 94 -715 -508 -393 -878 92 362 -216 -678 -359 -46 -951 1071 708 256 -531 212 212 83 -630 -266 -114 -817 -468 396 19 -1234 -513 101 937 522 1035 -1105 461 -136 -1189 -70 -272 392 -77 -789 885 -976 -343 753 -956 -556 604 -490 293 -438 1196 541 -1086 -228 944 -400 319 540 568 -496 -280 -174 -1014 -918 -380 317 -223 -10 30 42 -246 -402 -314 -518 -624 581 265 884 -152 -77 697 -710 -2027 409 1406 381 -655 -144 718 1194 675 -414 97 751 687 536 -5 640 -128 -446 -858 -907 -176 -512 -191 1176 -161 304 -310 111 359 
105 458 -48 398 597 17 -302 468 536 14 -419 259 -1815 -746 -573 880 -580 350 337 -1048 1175 -376 85 -292 353 443 -42 269 -282 816 1703 433 -9 734 -739 870 -327 -419 -534 855 -997 419 497 273 -66 1117 -385 145 -872 1710 731 -615 -22 1105 -465 -717 289 -510 -681 841 379 -906 238 45 -48 -9 -934 -611 338 -565 -262 -282 -225 491 -87 636 292 -136 -68 35 26 -253 148 174 -98 -263 390 -501 -1279 200 -232 243 816 912 70 -237 173 654 -663 -51 -1143 460 -45 221 -3 -332 389 325 -57 686 216 741 -550 -605 -686 139 583 430 241 -253 -680 -366 -803 -1035 -415 -462 -489 222 1214 -707 -1288 -990 -817 1381 -617 -748 252 -135 -153 618 -408 -913 -316 396 206 597 -770 516 595 529 -802 134 854 706 -136 457 -1051 -130 -156 -504 -454 66 -370 -386 550 481 676 -83 -515 658 86 -469 103 -480 84 19 858 322 -665 -873 -298 660 287 196 82 593 -360 -863 811 342 8 374 525 -371 675 -456 -57 -1060 374 -933 556 921 -162 -999 121 202 -1023 104 876 -286 876 388 -390 1046 437 -257 303 -862 1140 -470 -922 1345 304 597 -215 198 68 -258 731 -432 -938 -465 -89 453 72 -609 -867 629 -450 -1721 418 -188 -168 842 340 2 343 -84 -806 888 -1461 221 164 -137 968 -1528 
826 760 301 746 764 -689 -223 18 -446 -296 -825 -305 292 361 -780 534 -37 -714 182 -1413 -435 -66 1487 192 180 -168 1424 1016 2002 -600 572 -166 263 -944 -570 1340 468 -1031 1695 200 -1257 673 55 -66 239 1008 -507 -288 755 -63 -1053 46 89 1106 -661 76 1046 -220 674 892 -436 885 1454 329 276 61 -412 -93 494 -83 352 765 323 -486 92 -431 -753 -144 -86 -833 -271 854 70 398 92 -1414 497 1073 369 324 679 -171 -626 68 -797 -771 -1034 197 -39 127 -15 -100 -230 -649 -429 -217 -513 853 106 223 -17 -183 -152 13 -661 -123 177 777 56 -756 709 -78 -21 39 -38 19 -655 916 1176 -1355 67 -326 81 469 419 688 672 -61 -459 -277 273 450 1042 -776 576 -617 -517 89 994 -502 375 -169 1749 -222 -146 267 348 608 309 -1477 -445 626 446 392 -563 -63 1230 105 207 -759 424 888 388 10 -57 -956 429 163 586 299 1064 255 661 370 829 431 -47 1390 875 -70 -616 -515 -890 -853 -521 671 375 -586 369 -21 732 545 -470 -525 457 -850 -415 -1000 1100 173 -273 -277 770 -405 -178 -71 -87 701 -980 420 1108 579 -154 626 -334 88 587 -814 -382 -225 -135 -168 108 665 -83 -165 -498 -212 190 138 1298 59 -651 -89 158 306 -672 509 13 -537 -947 -40 345 -763 -43 -124 
221 -102 461 335 -495 566 406 -917 145 -859 286 578 284 -472 -179 -780 -190 1042 -835 -457 -15 -311 -305 -32 358 712 38 -233 -332 653 1417 -829 -378 1111 368 838 222 391 -571 254 89 292 19 239 -610 435 18 -62 623 527 499 -567 132 513 646 -80 -1758 -179 85 198 422 -147 510 -584 317 220 -90 607 -7 -185 -106 -767 239 -233 806 -823 1352 319 -124 840 -548 -322 -12 -557 775 324 187 -195 610 97 838 -364 259 -274 423 -371 528 545 377 -901 886 -579 517 9 584 -388 543 44 801 -22 62 150 -319 -488 565 12 245 181 -191 1195 -35 -16 -224 -661 -880 887 -254 712 450 71 497 -468 -48 227 394 845 -588 -260 95 -110 244 452 -362 1286 62 1154 -1517 971 842 540 -88 779 -171 -143 499 -369 -831 71 -603 -561 -1306 -315 529 -433 -93 -139 355 492 1299 626 4 499 -440 -238 475 -467 179 123 -270 -494 40 -43 -58 150 380 -64 544 -1123 -201 439 -558 -89 -327 -318 -197 -793 463 607 -254 -616 221 18 821 -1084 -219 -1074 835 515 141 -591 163 -538 470 974 280 134 1038 893 610 -13 -122 105 261 -16 -700 304 67 -43 -58 141 -390 612 -749 635 -446 990 347 121 141 -1223 -416 -800 -569 90 477 0 114 186 -206 -67 235 -428 -665 457 421 424 
-486 454 -891 -155 472 -345 -210 -33 -314 -655 988 258 145 389 1186 396 -722 176 217 473 -619 325 59 -221 -182 451 -1040 27 -169 459 55 -336 -108 783 -499 146 322 667 1007 -788 323 370 675 -56 -165 437 491 -619 -186 191 -198 451 58 148 463 16 54 464 95 -715 255 586 253 -515 29 -871 366 -250 -804 -746 -281 1010 289 -119 570 -62 -1850 -228 274 870 500 -107 152 -269 -575 -368 -415 166 -709 446 7 -620 837 -423 -382 246 160 -616 207 367 -503 524 -456 -467 -409 947 -645 -785 77 -881 -202 235 45 -621 -1205 62 -423 1652 -186 -812 379 289 -136 803 9 656 -1183 -335 -601 147 -551 631 1046 -19 -316 -40 515 385 288 -1356 -213 490 -11 -266 608 322 -426 -451 -326 44 427 -944 461 -337 -722 -68 -829 -88 170 -694 -78 -632 0 -233 -173 -488 -681 126 -85 172 -876 933 574 -195 -660 656 -37 -138 -225 787 90 -470 -1568 829 -75 -272 -691 1080 45 -1399 197 -518 958 -751 -1099 673 442 -460 -369 1030 535 32 451 -57 -396 278 -532 -311 775 1292 -596 -656 -170 -69 -1285 639 -420 511 -380 28 -15 15 -133 524 -322 272 -506 -1335 165 -375 -1551 528 -148 661 603 -475 223 568 -1246 -237 312 121 97 432 -243 -207 -99 618 -411 -918 -567 -938 -613 963 344 -111 
-331 261 -248 -850 -174 -138 213 174 -81 543 -232 -191 -129 -2 -354 1372 196 138 883 1197 62 -1700 -371 -69 -331 -119 -511 -355 -455 -408 -821 -871 1017 637 -139 -1180 -145 -909 -619 -150 -118 -1300 -770 730 -80 798 12 -14 -213 -384 -43 828 -274 -216 139 139 -254 32 83 525 1152 84 636 -886 -182 108 -397 -815 -33 1146 1480 407 653 709 865 -497 182 38 -12 -224 151 -580 853 -165 962 13 -412 185 -973 -743 -827 -61 -5 444 172 93 -66 -743 339 182 -73 -673 386 234 -785 728 -368 699 -113 -128 142 28 -686 856 -175 -517 -1305 -1238 1285 -302 80 -499 -420 -317 -322 973 -479 -677 566 -229 -309 227 667 -656 537 289 639 106 166 -1520 294 919 32 968 -374 -1502 571 -129 187 8 348 124 163 792 -129 6 107 -531 76 587 46 520 1351 858 -653 140 1083 -239 14 824 -52 -648 -527 -40 -335 -1040 69 -1019 214 -180 -174 -218 103 396 170 -1027 -190 94 371 590 340 -475 -43 556 434 138 -548 1127 -664 -265 -428 492 507 18 -301 154 416 426 -713 -336 42 796 201 497 460 -600 -334 565 -493 -429 423 472 -193 598 -663 762 75 96 237 76 1507 417 1259 -882 1233 22 933 -615 549 1191 1276 -770 -177 318 -815 756 -136 -118 -217 -92 -191 791 444 772 -311 -234 
-726 -1362 -83 373 -354 -372 375 -500 -451 -130 695 -162 -719 411 -584 -537 269 170 -659 368 -732 -260 -629 69 302 -563 -608 -453 -591 498 661 3 -853 -78 -214 -248 -108 -471 -897 461 -227 -351 632 -60 280 361 -372 176 699 -671 -59 120 -429 650 474 -481 -890 380 374 395 415 320 892 -345 -125 203 -257 -545 -659 -452 -503 622 -322 988 45 -373 824 56 -74 253 1023 629 527 1007 -539 807 58 -1365 488 -629 12 -48 -294 969 -197 683 -228 362 88 149 480 27 576 -807 521 1553 -244 -404 26 -332 662 -133 -2 173 47 202 -1076 197 67 -1111 -138 -1492 -744 -488 698 641 173 -137 -175 811 -570 482 -570 -308 -717 -629 -326 -563 216 79 -67 131 -591 462 -1058 289 353 -287 -567 328 -11 338 -809 -356 -476 -73 536 113 71 -326 913 133 -3 -781 -266 10 534 1695 544 -469 271 612 -114 -1325 589 -185 -200 620 -910 -601 426 -129 -96 642 522 1076 -106 366 -747 206 -287 -1616 944 285 354 -797 -474 -634 448 -256 -652 1370 185 -98 78 -149 -56 -116 444 -939 -223 -542 350 -306 526 503 895 -435 329 540 633 -344 36 308 315 221 -1358 19 -421 -679 -471 -90 262 -433 -410 285 -552 18 -464 916 -243 -496 -462 -61 121 -987 -450 288 -194 446 278 -1103 -678 -493 -593 -286 
312 -329 233 613 131 618 683 63 -147 171 -852 -55 253 809 -909 -1419 -308 198 -41 942 629 -1476 -636 28 -325 431 1158 115 705 -710 296 165 -575 -629 1006 538 -747 56 -194 -12 -22 -488 -960 155 -482 952 280 382 734 263 136 1601 -119 341 490 179 181 -1033 445 -932 943 -370 118 -530 95 -829 -205 -238 140 510 -132 -777 -152 -308 -442 -80 -272 143 -238 -88 -790 -286 378 -236 495 -380 -235 53 867 -977 -284 -220 -221 -289 -166 -165 83 648 -1 -751 412 -1376 -217 52 201 -1135 -562 244 98 599 -810 15 -72 129 -100 186 -958 272 232 -191 820 1015 -265 -569 -866 -100 6 18 748 -267 -572 102 1309 -254 816 797 -44 333 -228 -228 -138 -178 -364 11 -448 394 1005 -59 1193 -1234 313 1670 218 281 672 -773 700 -154 1123 948 -128 -25 342 507 -135 56 214 -403 308 -769 741 470 -454 -817 -235 419 305 -231 619 763 -1103 1064 1286 174 104 -707 -423 -756 -496 658 -1043 203 -599 -29 144 1163 74 -1184 461 500 -576 -92 10 59 -1165 -1449 -1057 705 -218 56 -29 475 670 -159 -464 -838 680 -327 -121 301 558 1120 -251 271 -1028 -275 535 -431 -238 477 605 -330 131 210 1067 261 937 579 197 -366 134 -624 -125 -259 -316 209 -837 698 784 149 14 1500 65 553 213 204 
-151 150 -49 -896 -96 -314 -513 -441 -228 -330 -870 -1244 165 -50 -529 121 170 -252 434 850 -660 -655 -368 761 -954 234 -180 259 -983 -343 649 -261 744 -274 -148 510 -342 -266 143 -94 229 -745 -659 -1233 -722 -184 148 399 -186 -296 979 1036 -407 609 -110 -1212 -38 118 -335 792 -212 695 180 465 -246 -657 282 21 -304 -1214 -1492 -577 611 202 -16 281 -1038 -62 238 -304 -220 86 -260 -478 365 -320 1186 -290 1004 -281 98 315 -1051 640 -379 486 -572 583 385 507 680 -513 -477 -262 269 1240 831 -447 -462 1155 93 -795 24 -103 136 619 626 -701 194 234 821 -1218 -292 528 559 -106 -713 -79 701 49 395 44 -6 51 -941 -746 868 -59 -318 756 -980 21 -414 -641 572 713 -583 445 3 -77 926 141 -669 -189 -389 731 -424 256 -59 258 575 336 -624 -628 -538 73 735 1228 376 1192 444 433 -313 421 613 -397 815 3 380 425 522 -503 56 -1181 -348 -271 837 1150 687 379 -122 -711 377 173 299 208 -196 -498 578 880 13 152 -883 1037 71 775 -248 -503 37 -610 -799 -1310 -583 -517 -391 -460 220 -394 -137 1179 709 -310 387 -798 -326 15 -316 495 951 -441 527 -463 336 846 -299 -295 291 -845 -111 -529 -141 -325 -151 -315 1549 -151 -321 1231 171 533 -555 280 248 -1079 -906 -200 
805 758 1071 -1006 -243 279 -489 560 134 983 399 -537 -251 -1449 571 199 386 -48 457 -546 -68 -711 -276 -113 688 645 -603 886 79 775 -524 -523 -392 1248 -1490 -367 524 617 697 970 -224 77 -1128 384 853 840 -386 127 760 307 -135 -124 957 725 102 -870 -396 689 1152 -774 -594 549 757 -140 -367 -1098 -192 45 1124 268 52 524 -656 -653 -283 -552 -54 -1091 603 819 443 105 -473 608 -1023 948 -77 -351 1069 272 1210 -680 462 -673 601 -12 -219 -742 524 -279 670 -522 -182 233 -404 -1077 -73 -86 -10 -304 323 259 -1082 267 74 -219 -706 716 425 113 233 -221 -318 -388 -251 211 -118 320 -62 -717 -779 786 832 676 1016 -540 1250 357 -890 258 -338 1565 1329 160 -81 529 -936 -1429 -86 807 -10 526 772 80 -203 -318 -424 -1151 -925 -320 -255 -324 769 -40 -431 228 672 318 -702 -898 628 -624 -510 -388 -552 756 514 -1108 -269 104 462 -252 -547 646 843 826 323 524 -826 -422 902 364 512 482 -285 46 -348 -153 634 -1508 -51 364 295 4 520 623 -1038 -1054 407 -563 716 912 -27 188 -283 810 -844 488 -264 -461 -333 986 -182 -244 438 1262 -540 -521 471 -418 -262 742 -771 1503 720 -850 -588 -513 -987 -268 -499 244 6 -498 -331 -352 -511 -756 419 -414 -1164 -251 544 691 596 -950 
359 -163 406 178 -814 184 564 -402 -8 -335 -737 -415 -965 -994 -218 662 702 -309 261 263 -1017 1018 -24 919 -123 -1099 1047 -184 270 -541 22 -466 -33 -394 -352 -523 -405 -18 927 1271 364 501 621 409 371 -395 -738 690 552 -778 740 252 -548 -1571 209 -387 -166 -276 851 333 317 -780 -541 -656 73 439 -405 -62 660 -97 649 445 119 -220 887 -169 -295 578 -469 97 -716 -66 307 801 -1064 -395 405 -312 -81 -526 358 229 9 -674 -716 77 -844 408 -603 -987 344 96 -262 -728 -433 -371 -587 -167 -1165 -707 771 -203 -83 152 -310 51 -478 1298 190 -711 -798 -91 53 -53 -158 934 -596 -71 -164 -977 1072 78 396 -83 -914 -264 471 518 133 -85 36 191 696 864 57 -45 174 -1420 -973 -704 -537 8 813 -16 205 1157 121 -284 673 -283 -432 -1134 -903 -677 438 28 1082 153 368 -426 -416 1126 381 534 -287 -575 -461 350 516 -226 338 598 571 -631 -37 474 90 -850 429 177 242 175 924 -565 -826 343 -585 -147 882 365 -1045 -1435 941 320 936 83 111 -477 -108 55 1126 274 -206 -689 -1059 -7 504 10 -245 410 138 -280 1180 -383 493 709 -520 -342 149 -631 -406 -346 137 -1152 -836 -244 178 -985 289 209 -222 -334 -322 -497 -592 -249 236 716 -221 1221 -501 -130 -685 12 -389 -203 
198 -113 798 316 182 403 -320 -21 368 76 470 310 492 1001 -627 -167 480 -5 675 141 -970 1020 517 186 -146 1056 -603 -201 113 -599 801 -13 -473 1382 431 479 149 -437 -1295 -569 571 -1023 110 469 26 153 -708 778 -781 52 427 462 -245 -11 -525 -620 -472 768 -343 -641 551 1274 -149 -196 -278 628 795 527 -981 -1473 208 282 -716 -261 212 70 286 -841 638 -161 -920 848 136 -475 403 97 415 -1643 737 -382 -85 -205 -15 -314 265 -665 237 171 -122 252 496 32 -476 -18 -499 1200 -713 782 378 600 -592 -118 20 7 -48 915 -951 -654 472 518 8 -167 490 1347 -1251 -955 -299 -572 182 -74 -1225 72 400 27 191 -69 -1107 -513 173 332 282 221 -170 458 26 669 210 1122 517 467 1363 261 -32 -447 427 -9 -67 -300 439 766 77 639 -70 1307 -119 -352 -528 -288 484 640 508 -29 -604 -103 85 -240 -136 495 -1352 371 -994 -178 -43 462 -166 758 -624 197 209 277 -50 179 -241 -13 533 166 -1170 212 174 1060 962 -288 -617 1208 -901 -478 343 -145 448 557 617 -569 -488 66 -654 978 -417 410 31 323 -914 -943 -210 362 -39 362 -306 -769 281 356 -1046 -289 -527 126 -1196 215 -58 145 669 -413 989 651 1106 104 -43 -95 587 638 -125 -423 111 -138 -1045 261 609 -1010 
-236 -789 1239 -4 -229 481 -49 -127 643 -156 222 160 1145 -637 -175 318 -1202 435 449 -146 -338 -475 48 458 -952 -1155 348 19 582 122 -79 570 -68 -351 379 -125 -167 -58 617 -262 -1287 1593 891 204 -607 -855 -540 213 535 686 327 -101 775 140 359 16 -976 -1097 -1258 -290 -227 -472 3 -576 -179 839 40 -314 -94 386 -1073 240 121 195 -11 -548 204 152 143 963 484 -367 165 373 -600 -31 302 1313 339 -553 497 -554 -770 -554 764 -541 1049 178 805 -1157 -283 -1258 -499 -662 7 733 44 -113 -744 -476 310 -349 -394 -741 -105 -433 96 802 204 -363 1246 197 738 -134 -178 -306 -764 -230 -145 -225 586 -1216 793 -20 -791 -545 79 -55 213 -804 381 -212 537 221 -570 -179 -1026 806 -165 217 242 -46 -74 -265 235 190 -173 -93 -190 -22 -26 -221 498 166 203 198 752 217 -568 -684 -692 143 -685 1521 148 255 648 -444 539 -77 794 -989 -19 -185 -49 -124 899 -558 568 821 472 1434 114 472 666 51 -1066 -293 1241 934 -171 -448 -674 623 -261 -96 -542 -361 -277 -478 -310 781 -1019 -243 -398 209 116 -121 740 110 189 323 -459 -428 -1377 -783 -541 -454 907 28 756 -697 826 38 172 -45 224 -378 793 102 173 73 296 -605 160 119 274 1270 -549 362 291 87 -1697 -832 320 210 
-52 -711 -469 -571 -1234 171 947 -332 141 20 239 -419 -69 -28 -595 142 154 662 269 -332 -315 778 -66 1248 776 564 -294 412 -132 443 443 -103 752 -791 -691 1984 -456 571 -769 -1249 -652 91 254 -53 -948 328 296 -536 -346 -582 270 385 -328 400 -1468 69 1274 -482 -551 -436 -767 -101 332 -116 -216 -244 541 -655 268 163 111 -963 150 -1041 -26 -140 1009 -428 -857 135 -358 488 -81 94 772 -214 -321 266 -357 -418 221 -394 -268 -250 245 344 -1175 536 -487 219 158 -330 439 -726 -56 366 819 336 147 339 776 -459 -155 -96 -472 -507 -477 464 -477 735 -464 -533 696 -337 -71 229 406 284 25 -136 -100 -513 -155 430 -532 1054 -521 -375 -665 -481 -233 -186 638 787 -1044 914 -1202 451 -460 819 27 402 366 24 -129 233 33 11 -592 506 -116 -119 445 -779 145 39 931 -296 -496 247 -1609 -585 -134 -682 -901 -176 -471 -574 1355 -585 279 -270 -754 -686 -571 258 187 64 -234 -142 524 95 68 -274 201 -177 -4 -60 464 -532 168 711 921 870 130 490 1014 16 450 -847 38 416 117 -196 1292 -175 37 -245 -291 511 -1069 -493 292 -108 167 -325 236 -223 -445 -417 -86 39 -617 -239 117 -513 -1444 -400 1086 -538 -913 1008 -590 -320 -536 -102 -540 504 -546 -593 -83 -474 1408 223 1176 -7 
353 -495 38 -256 942 364 -576 1076 69 667 205 -258 29 -647 -348 532 -74 -645 -85 -530 -143 -358 446 -221 -184 237 105 -211 391 611 341 -784 -365 -553 285 -106 772 502 225 1244 349 254 -299 -1225 -16 -535 -532 95 -421 651 -277 -1034 -87 1031 1011 -59 -863 479 432 -579 213 195 698 -884 -265 -1333 -106 107 1151 750 -1033 -254 389 -1043 -464 452 -177 -810 988 -335 -675 275 8 97 178 191 223 573 80 -667 128 92 636 -372 211 -489 -500 60 -99 -463 -378 909 -1022 -419 -483 303 -726 -214 -140 -185 -1109 -567 160 814 -172 -222 655 -119 -563 -832 -50 768 372 -410 -363 -747 -51 244 395 -73 247 929 432 -869 606 210 636 -662 -818 -54 1090 -573 -775 345 520 532 -228 73 -417 179 23 -459 -975 556 -392 -35 1548 -842 242 -265 144 488 -299 -843 -578 -183 -298 -584 659 194 771 38 39 -151 -168 -832 81 -357 -147 1119 -569 394 -44 -26 611 -210 -682 -1087 -361 963 663 -260 552 672 -85 698 -553 218 362 -852 493 -440 453 -23 -864 -1 -157 225 364 -1101 -961 -931 111 -920 -508 585 -303 261 832 -60 -622 -43 -975 -570 1152 -1191 485 1274 888 392 -702 266 849 -468 -790 -205 -566 -16 384 594 -457 258 289 -408 -278 548 330 375 -434 37 -194 -65 859 197 -582 1060 
-557 96 554 -992 508 -465 166 -185 290 -337 -574 -1509 -1324 -1107 -261 1446 -607 -673 202 671 -118 -815 -642 -94 -397 1006 415 -176 -35 344 -137 218 1283 790 -1051 179 441 -851 955 -505 -1153 446 -349 614 152 -837 92 110 47 -532 220 652 32 -897 779 -165 569 -264 133 -227 65 -934 1067 -1733 -270 490 182 -471 -424 -506 -167 845 361 533 -835 -339 1075 32 570 470 45 -112 -1088 13 -821 829 -65 158 -612 -123 -399 -222 -330 791 -582 -743 -16 281 -1767 -1337 479 -306 -228 597 -354 -480 722 -167 196 513 205 820 -263 -685 -681 -39 411 78 -808 365 309 157 598 389 -304 258 -100 103 -1035 25 -187 135 322 869 35 -957 -278 460 139 -102 -390 847 -480 -450 149 -43 -1322 52 -68 38 -153 302 257 -532 692 1177 -662 925 -56 -358 -599 127 -820 388 211 677 751 167 -443 655 -922 -35 74 786 -756 283 418 -495 327 219 202 -1200 166 -122 143 625 290 -80 -151 304 547 452 1869 334 58 149 332 99 42 737 -314 752 -212 -897 865 1010 -12 407 -766 843 662 1009 -637 173 13 746 546 -450 -896 1203 337 -391 208 -256 -89 -142 -198 875 -123 -360 -635 -20 -99 -409 597 -295 585 0 75 149 269 423 -196 1083 -236 637 -195 -374 -4 468 -137 202 -200 256 -849 -527 
-66 102 -404 -206 -543 -541 -38 178 89 285 -371 -345 504 -116 309 1416 23 -92 -121 144 67 340 90 -130 -247 -907 -1040 -443 -324 -779 -1 20 237 -101 -911 149 -107 -959 562 -658 -397 -626 -204 163 -790 644 217 -7 -299 65 1009 -1616 -664 -18 373 -332 47 231 969 285 -175 410 -195 165 -485 -725 190 807 305 -171 -167 524 774 99 650 -136 252 135 -295 248 -309 -202 458 -407 -812 -422 497 106 699 362 32 580 -518 853 -239 -526 -32 -183 -170 -402 -190 -264 684 646 -245 498 1005 -325 317 474 -1000 1150 891 -511 558 -256 -174 375 569 -81 -160 -157 -1213 -386 301 -701 -320 34 -801 260 -17 -796 -787 131 896 -133 -535 -793 161 306 -145 -8 381 865 -567 -155 416 -11 40 122 463 -721 241 -977 625 -178 -208 1441 -544 -455 -330 -909 435 792 229 -22 -682 -119 -593 -114 1133 268 538 -956 901 -918 396 -120 670 -331 494 259 -31 0 460 643 102 -5 -698 359 352 -314 570 -807 47 32 -939 193 252 -65 -1285 -716 -37 -251 31 1264 1211 -185 -806 -948 -377 -206 434 -420 -665 443 416 299 785 1255 -353 246 -614 -351 602 -416 -244 -36 487 -991 -911 533 900 420 -842 -380 -374 -258 -217 239 -711 -9 790 636 -61 -840 247 622 -499 -913 -236 1239 -48 -103 572 -1287 
-169 699 -439 -244 680 115 989 431 -86 453 539 367 569 108 49 -1422 56 42 -39 -653 -260 -368 -12 -149 -218 65 -655 886 734 -103 -316 914 -634 -319 20 1031 107 617 1029 12 -369 -486 871 -832 -196 449 -491 514 -813 150 -352 459 -1330 544 298 207 -1328 887 496 41 -180 161 -516 -629 -255 -501 700 -115 812 -91 -834 394 -1337 64 -452 -660 136 218 362 665 -55 278 49 321 -462 -178 -573 349 -650 -290 1006 305 -233 -490 -155 -1020 -547 -133 -110 808 175 196 344 -821 -726 -35 -213 -49 -36 98 -259 -886 903 -795 260 -44 0 640 149 946 -68 -132 -792 -35 97 1335 -959 -813 -621 -841 -823 -728 -896 170 -292 42 -120 -358 144 -237 -1159 -272 107 -201 90 -1114 132 340 1312 22 114 570 524 619 48 -158 -67 -379 -1 -81 497 -1243 -268 -884 -247 -129 -363 -670 274 384 697 -82 306 415 -537 -563 113 -858 -155 417 -353 -273 -723 -1386 722 -991 -196 361 -67 -808 941 -809 -171 -317 -585 835 -28 -538 89 585 -614 476 1140 258 704 -264 130 1068 521 188 100 -814 900 -1300 156 -1110 114 724 456 628 -884 -455 -390 -1074 -968 -268 278 -838 1352 -444 -776 530 -385 459 434 378 307 827 649 -235 467 -135 -165 227 151 127 -874 542 -325 -591 -191 665 -34 -615 767 -747 
-143 -105 -1130 -948 88 -196 634 798 720 -151 598 -74 -452 491 533 -855 672 -272 441 1030 444 -281 -463 809 189 -994 -1500 430 799 -128 229 272 964 606 67 788 81 682 -412 163 -293 -1146 136 2 856 -265 517 185 -230 -528 287 390 -873 537 333 206 -378 631 -825 -597 -3 -1889 -473 248 -1022 509 -292 -937 875 134 61 298 106 -298 -226 -620 -531 369 -698 980 -214 22 54 -1033 733 -534 545 -274 -285 631 731 -309 421 -1121 417 -658 -471 344 -582 602 891 -654 -63 323 -285 -326 626 194 674 -454 179 185 -373 -18 -1967 1032 203 -12 -59 718 -52 4 -1417 1692 264 -213 -53 -103 -871 18 -130 -705 -934 964 355 -254 -509 468 17 -213 -626 -56 312 247 380 207 -115 -239 -105 1220 -918 -1127 1260 -590 421 833 -857 -118 -285 -227 -192 -455 349 45 963 -435 -376 -1144 190 -1050 -545 656 542 80 -489 -161 110 -98 -963 243 990 -1239 -371 54 -45 -347 59 -333 720 -39 320 1632 1535 213 859 -93 -1207 555 994 317 -330 598 -76 323 -340 461 141 -1149 92 -118 -607 1121 472 746 108 35 15 -94 -153 -155 -164 -109 -133 457 -678 323 623 184 -353 -137 -388 -363 36 -58 1300 -438 -127 -33 -704 -107 -919 320 -288 520 -567 -908 255 283 278 -536 -351 298 -693 281 -451 -11 
-222 -168 213 140 305 396 605 -318 566 68 174 -75 -675 254 897 725 -395 77 -620 215 465 63 -141 -242 -323 320 46 267 -563 -552 189 -1090 -749 397 -33 853 -458 -705 311 -858 -114 -385 305 -407 -74 322 219 255 78 -570 468 -595 55 -97 -439 -544 -777 376 621 -696 1 -844 1564 1008 376 -95 -181 -541 903 904 -153 416 395 39 673 120 696 -595 1882 824 281 -12 -477 552 462 402 -73 13 -561 198 258 1731 923 -400 758 165 -459 263 -330 -1041 677 -752 450 344 -173 420 -218 56 -244 454 -1720 641 181 135 187 34 299 -84 -651 1466 982 -681 780 -39 346 151 382 276 -274 -431 -361 859 -165 -501 -574 236 -517 44 285 -407 281 757 55 559 -538 -380 -473 -407 -976 -443 -10 719 297 519 255 781 325 123 944 -88 328 809 -582 787 -1320 -1390 258 -358 460 455 -118 -108 -57 -474 -235 -8 -855 -283 904 86 366 193 -334 -855 74 666 186 552 -280 446 359 -424 439 -349 1276 959 1045 -74 92 -281 -349 -758 143 -950 689 51 1432 -629 128 -807 187 -1663 -717 -161 -568 -560 393 80 741 296 -1328 85 -387 -310 -124 52 -754 152 699 -239 665 -304 -645 13 265 -251 745 -179 147 191 -162 -370 414 187 -990 -514 419 18 510 -277 -224 714 311 -283 -98 -266 
223 -659 -920 174 693 -214 -160 134 -517 -250 833 -500 -954 374 -717 -234 -554 307 82 1191 17 792 687 763 -27 -737 -540 -183 707 979 478 263 426 966 -835 541 105 -530 -467 -7 -562 -1044 1323 808 -231 -317 -1352 122 165 187 70 199 288 1239 222 -738 -167 -225 -958 -330 445 -694 715 -533 320 -152 -104 -553 -84 151 -882 -599 246 -1207 -1084 -245 258 1111 143 -85 -458 670 98 932 464 415 260 -327 -435 -346 -625 660 172 1975 -106 -770 975 792 54 172 -1141 -96 456 -1210 477 -900 -689 488 90 933 -224 222 -152 1170 293 842 580 65 -287 319 -43 -1192 -29 -1062 -72 -36 871 178 270 -99 -501 437 -643 -271 -240 350 836 231 -250 436 -703 -938 492 764 -159 -794 -1105 961 -677 816 -585 740 853 -133 248 142 432 -134 1523 265 667 975 -1191 -530 -1093 699 557 892 -105 -41 197 813 489 -1304 -738 584 -5 659 674 830 -442 -142 -78 -442 -776 16 -1083 -526 -63 214 -178 -607 -746 -102 1182 184 1071 -1029 -257 1193 556 608 -158 502 230 -692 40 -442 -288 -438 -849 546 289 984 483 -44 -1486 -101 -82 446 -1291 -245 499 857 -518 -394 142 449 -389 -907 1043 318 -715 -373 313 -256 -493 -887 437 253 -343 595 742 -1240 -57 -282 -200 17 -407 295 1049 -305 1275 137 -1593 -71 
-146 -98 551 196 -160 403 -258 45 370 134 -57 -209 849 657 -914 -781 450 25 -246 -127 487 -127 930 214 -65 691 91 786 850 -750 717 -532 507 -142 -30 1094 313 14 -44 -732 136 364 875 215 848 -79 -356 1877 414 -84 -27 68 1312 -926 -581 679 -427 111 -218 -12 -8 931 -48 -189 100 112 853 1153 152 -818 552 1158 289 -475 -1154 519 -903 -1348 -151 135 -900 608 667 426 103 367 679 639 -859 282 -187 913 -658 -313 21 61 450 155 -567 711 113 139 213 -516 296 467 -581 290 -899 1075 -284 655 707 -638 1 724 -1088 425 -1041 -522 459 -477 531 -120 664 -396 550 -833 1219 807 248 -230 -767 -139 1155 285 183 50 27 -101 -99 984 225 -789 232 -809 -138 422 0 369 -488 -631 -77 -261 -275 -853 -495 -156 759 350 -301 558 -296 137 312 -363 -952 310 784 -541 1018 226 799 629 -46 -663 -405 350 89 -53 -152 -342 129 573 325 -358 -462 586 383 -268 549 -262 -732 1082 -480 -32 -67 70 -1167 -202 -274 -25 317 1176 511 172 500 71 268 -32 -126 -1887 840 83 383 -125 -437 -115 -444 -514 481 -99 -193 -437 -828 -454 262 141 -406 743 -732 622 -217 271 317 -610 94 -397 -367 348 486 825 -345 -109 -137 -224 -64 358 -419 551 523 -664 -32 -980 -163 -548 
457 928 -867 -288 874 -382 -357 -292 118 -500 -1176 514 503 -902 -798 -102 357 -64 -685 279 -676 674 499 772 73 323 -333 -843 50 -523 107 -53 -597 957 -212 189 -333 1252 459 -313 -33 -327 -46 639 -1479 -92 598 1131 266 252 654 593 763 833 266 -2 139 -547 -144 -1148 204 463 -290 -478 261 -126 -108 263 -65 1012 -618 -7 -216 -165 403 744 1687 139 -127 56 -250 -389 -210 37 -483 -539 -709 527 35 -289 1526 436 -454 -400 -309 37 35 -177 1079 1102 -142 -317 -412 -381 1187 709 322 1516 -1231 715 582 -293 235 389 -39 -150 -829 -269 60 298 593 89 692 -518 51 -105 -813 521 447 490 309 -1130 663 858 -378 311 -407 247 151 -146 -281 292 -803 -221 -306 349 -254 652 434 324 281 -765 622 0 -397 429 -1072 311 462 778 -5 -787 335 224 -79 -640 1237 -410 -510 583 355 -250 155 -395 -771 -475 358 381 289 -464 251 -1022 94 142 -899 -937 558 641 256 -784 -982 982 -39 622 -118 -674 -66 -72 209 524 -259 -669 133 -106 400 383 36 617 -1004 -167 140 290 246 200 958 -456 426 883 417 -255 187 -89 396 -621 -664 -427 -758 -7 87 804 1203 368 139 1033 -1073 222 -80 253 97 -138 222 428 635 -793 19 -406 90 1397 -372 -220 25 1165 241 -494 -167 352 
181 -1532 -768 353 456 -343 148 -919 164 357 187 -287 -685 353 498 370 855 515 179 256 -181 -611 -1614 70 680 -212 626 -252 1312 776 254 47 108 -223 -975 308 592 523 242 441 717 459 194 419 241 -427 91 -1004 -479 -599 124 458 -22 -25 -248 -942 58 -1249 103 -83 -656 -232 902 958 -431 -533 538 543 -298 831 653 -1395 -242 -852 -66 221 610 418 515 -542 632 -294 -715 581 261 -772 14 690 700 1051 -456 -1004 -112 -161 238 15 -872 366 -1121 -156 -950 -618 -265 -367 142 -1287 239 -582 93 284 275 -661 -1052 -135 550 71 795 -377 -183 -836 -177 -941 217 -608 -275 -445 -330 915 -689 527 174 622 839 -425 -381 106 202 -422 252 -418 -378 -270 166 -607 -1013 109 -360 -1151 -274 109 344 -463 834 -618 -1196 -700 650 -318 -618 -492 -380 956 615 -299 -968 395 366 232 478 -457 -764 984 -472 393 207 502 -280 125 924 38 35 241 67 -573 284 307 902 -219 -309 563 219 455 3 -460 477 -329 404 282 -75 245 -313 -423 -542 841 309 -752 -109 -97 1068 106 -261 153 -18 -60 -588 -376 245 -638 352 130 -716 -276 -423 -663 468 86 -322 -367 -746 717 -262 -355 -567 175 560 -1012 204 -25 1 -1053 -704 38 -1628 -339 -2 799 -1409 -1058 1436 315 1068 -191 223 -942 495 -316 
-1255 -21 747 -298 299 -488 168 868 193 -270 322 418 568 -1007 298 -496 -391 -1327 -113 842 -173 1106 205 210 -981 -178 179 847 -171 769 -117 -100 -139 416 268 -668 -698 -1154 -798 -222 -161 -341 -84 -290 806 -643 342 236 101 -972 599 -122 -762 -13 781 371 -1370 535 -128 -377 505 1243 639 428 -335 -552 449 -342 -1071 1046 591 387 -356 702 549 -11 -403 -197 -494 419 -53 -507 312 320 -751 25 -618 1280 -1014 368 -562 146 -1130 -1320 557 -99 -425 840 329 -455 857 26 -691 10 601 417 -368 -187 1523 -814 -144 -38 532 -235 87 -605 -119 21 1557 -133 1098 80 1452 774 37 -528 256 -208 -1187 393 -390 -753 368 572 511 -123 1031 911 171 -680 1097 651 -66 -136 1565 -165 -201 -174 -569 164 894 -753 159 656 -988 -349 250 121 -306 1006 121 -77 815 -140 -917 465 374 -797 -429 -1060 -671 -211 -672 1368 111 466 635 285 748 177 220 -248 -1166 720 152 580 628 326 431 1424 662 -46 -398 532 48 514 -601 2035 -110 147 175 -44 648 1831 -1064 -495 41 -1343 250 1225 78 73 -1372 331 229 -346 -548 511 714 -1368 55 -1292 185 318 -387 38 189 73 -601 933 -209 -188 359 817 434 -607 -25 -283 1227 165 1013 699 -409 -79 -511 213 657 -126 -964 -895 368 -185 -531 698 281 -130 
183 -1300 -763 1065 456 1271 908 -523 -381 -515 779 -99 -437 -911 210 -22 1095 -886 -389 -232 -743 591 -1258 59 649 463 -1120 256 -122 -30 304 405 120 -7 125 274 -436 269 665 -182 159 61 478 -982 843 6 -838 -75 175 77 -493 -665 -777 12 402 624 -1037 -525 1063 116 -416 679 323 -621 -606 -256 -132 -130 654 100 134 406 404 -565 -127 207 386 6 -40 639 -1612 -105 591 -1208 -237 -168 867 -839 58 1037 -250 -628 -858 1728 534 -617 -73 -197 69 -181 -1035 197 -263 -385 90 -73 111 -244 404 296 -271 -24 1331 411 3 -263 -128 1181 30 -12 -374 -733 134 168 -36 738 -236 353 -1126 -10 116 -31 -705 389 879 -225 75 89 146 -520 32 227 -435 -326 -756 90 -531 716 -549 499 -84 500 -175 595 110 413 350 530 219 -31 -386 -523 -594 -851 -256 -43 -823 1156 1179 -263 -1415 360 57 -648 1411 829 204 716 306 -7 280 -384 -377 1131 558 -271 486 479 -718 702 36 -1739 -1 -678 -903 34 171 425 128 -333 -234 748 900 667 3 858 919 1205 107 352 1090 438 26 601 -157 990 994 700 -84 473 667 -642 585 -153 451 547 1395 -140 -72 94 -901 286 161 -460 -343 418 915 644 -560 -749 1678 -252 -297 -94 457 364 546 283 -490 -229 -310 -28 602 591 447 -311 
-567 117 654 -231 -36 150 -977 1411 -922 -148 -674 1398 -956 323 -64 -420 329 -301 329 -172 236 -685 51 -295 6 81 557 -376 -305 -239 -9 -297 -534 -153 187 235 -1210 367 690 185 -157 256 -414 -429 713 369 54 -407 272 436 -420 913 -645 48 -479 312 -277 891 490 759 432 -94 -351 782 -40 -113 376 564 -31 -188 -1220 192 -59 701 462 391 -101 45 971 -277 107 -963 -680 -121 573 83 380 1207 26 -451 -942 -636 684 412 373 -674 -161 127 4 -501 -15 572 146 506 -389 -77 -580 -11 -72 303 -936 -799 70 265 181 171 216 -623 862 537 -562 -331 -116 -680 140 -578 -448 851 1055 252 -253 108 501 -723 516 548 48 565 -187 1179 49 -716 -258 695 -574 -335 474 -715 -1717 674 -636 662 109 -753 -31 -615 296 -344 868 209 261 562 -1082 -55 115 746 5 -584 329 -418 180 648 -313 -512 646 -1388 -680 1364 315 829 -633 360 -280 736 800 -1 -602 -223 19 396 -94 90 -1386 779 268 307 147 618 -726 403 -180 -81 881 -117 -696 -508 225 288 253 -483 1 -124 75 -191 28 -200 -586 353 1082 295 -576 567 -300 924 -277 25 -98 -287 146 -161 -239 181 -76 -770 41 30 669 191 -1352 -1222 -217 -356 -61 245 -346 -485 126 -133 287 -290 -226 525 -11 -489 -552 -414 
-509 217 -1328 -1440 -373 -666 1069 375 560 305 -121 -64 -65 108 170 -514 -546 1431 -122 35 24 -123 577 -298 631 -214 -65 -168 697 -284 -293 927 -390 1066 992 542 81 180 -376 -603 -483 -559 369 -582 -414 -151 -124 -656 320 799 368 1042 -2 -552 -1400 -481 307 130 -541 -207 -1211 -66 355 -233 511 -449 569 -419 -906 152 266 667 479 -927 83 1198 -1209 1427 -538 705 -107 93 -157 -678 477 -426 -489 646 -472 393 1668 179 43 338 -317 -253 472 -741 -259 779 628 -65 218 -419 373 -681 -468 302 -690 670 -302 -179 -906 -101 54 425 -451 -103 503 -598 -48 505 570 -850 -591 604 -353 -1253 1178 -781 375 -528 -618 -1170 -482 -289 657 -138 171 185 -127 317 -184 235 428 338 75 202 550 -402 112 -1069 -783 689 -718 -411 -35 571 822 -541 -558 -214 -43 254 1021 -459 202 -82 479 370 17 31 40 -384 -1210 26 4 -200 -465 -426 -414 -572 112 24 610 -550 -10 -96 276 174 98 852 -301 761 1180 244 18 -392 -724 233 778 700 224 -1189 758 -841 502 -401 -407 782 -139 -444 -253 -150 750 754 -84 271 -207 -421 571 -711 413 344 3 1173 -218 408 11 102 -311 -232 322 -873 805 -451 1045 370 -626 179 -365 459 -12 -118 -671 319 -557 -270 689 270 181 -127 247 -554 -260 13 
370 108 -73 -160 208 -722 375 271 113 106 -812 1272 171 -78 -873 371 -521 -159 118 -319 182 -351 -418 -722 577 -1036 -467 78 273 -1016 47 -444 261 -1456 122 599 -636 -180 346 -559 -1573 1143 -417 -1236 -34 420 -135 466 879 891 558 -636 -184 81 819 -495 727 462 313 -604 145 -337 662 -446 -165 298 -784 346 -301 -846 -141 563 -481 880 -226 -273 201 75 257 -1083 -335 124 736 -489 -723 -244 735 519 389 -715 406 814 326 -291 689 -152 -226 -695 -523 -840 515 -504 -395 170 -81 338 1168 -385 314 -29 -260 -672 705 779 -331 599 49 -200 -455 744 388 -95 -1237 -450 591 889 379 751 455 -274 -313 -426 -434 -383 798 -993 544 86 22 751 6 -433 -780 -722 -697 45 -528 -58 759 -231 56 -285 232 -563 -386 517 267 -341 322 -620 -291 -81 606 447 305 1027 364 304 -98 -205 -103 170 15 -1 551 162 -121 -2 545 -411 1023 -263 -228 154 818 50 -297 -574 617 210 653 302 -150 343 -285 -869 -169 345 -1085 -664 -235 114 601 -78 -219 -222 -8 349 -402 143 -95 264 -1030 -235 332 412 567 1209 -43 940 -344 911 -123 402 -28 -1126 901 519 423 -810 320 760 -437 -615 -375 22 -23 366 799 -1081 1657 -89 878 592 -704 -228 -116 -252 -804 -147 334 521 -394 -246 878 -344 
484 -333 28 913 -719 1025 1732 -653 633 -422 -535 944 -480 -430 -936 513 -311 -278 -481 -568 -454 452 820 243 449 -1232 119 -248 -21 -258 284 100 1736 16 121 -162 -673 -264 384 -144 -1021 -177 -962 564 418 -613 488 707 609 852 379 393 -1299 793 485 171 -483 20 229 737 451 131 -109 531 -5 -21 1082 1707 -109 -1257 -933 282 593 -230 -222 1010 908 74 -465 -329 318 360 -158 668 119 -457 -387 741 821 -871 -583 -36 641 -376 620 -640 -974 -214 159 159 368 -434 424 137 -1440 -376 -728 -39 -588 -1265 171 -989 788 162 517 244 565 45 136 -204 264 -471 434 -17 -839 -533 -427 -525 84 -325 616 -2070 252 231 214 -823 581 1905 324 -96 1113 58 -507 465 472 -581 -74 605 -472 -1007 545 -592 1100 593 -47 238 96 638 -45 -164 529 -978 962 -122 431 -607 -375 356 485 -1122 412 345 -795 -808 -259 -991 254 -360 -515 417 218 330 -1443 312 -454 447 588 -132 347 -474 24 -267 -29 -29 -614 346 -576 966 136 -327 -5 377 606 302 385 -911 -290 87 -11 759 740 -859 -457 -573 520 279 889 685 91 700 54 -387 -120 568 115 363 572 -53 -1190 -689 -93 318 -474 -670 91 401 1476 196 -97 -438 368 -156 405 356 -53 -212 -244 -200 -575 93 -766 -532 -106 -1100 107 -155 
-297 816 -565 -638 -876 100 53 -473 -645 58 210 717 -275 -816 -1017 70 186 -872 285 171 -569 -152 422 -363 -257 -869 -15 -801 743 153 403 1197 -659 1120 9 -1346 193 -817 -658 827 -771 -247 1258 436 -1296 -55 -188 659 -557 466 -378 79 231 404 47 311 -107 -438 -1341 6 421 110 -54 112 -915 -166 202 571 512 -357 -255 -731 -591 199 337 -1084 662 921 362 -280 324 164 -51 205 1110 412 -1142 -638 443 377 -618 -1008 -723 -188 -515 11 499 158 1216 -997 -180 -162 -103 759 365 273 -122 899 319 87 37 -1155 259 660 896 684 422 -35 -895 -154 332 -823 649 661 -481 659 -590 530 -875 285 -575 395 656 -335 -509 0 112 523 289 -742 -41 303 -136 137 157 -52 148 202 130 -340 337 485 257 298 470 62 576 -619 1050 370 -466 81 -1526 1257 -719 -434 -615 -13 -278 602 302 85 -71 -108 -160 808 -74 -14 59 346 -1164 310 552 -360 -826 -438 -202 384 -256 -638 -161 220 -467 -438 -415 -182 421 -452 63 769 -471 453 484 -39 -653 -83 -682 467 209 378 611 -87 255 178 -160 -325 -57 -767 -1012 -193 -761 -501 -652 -427 326 -359 580 -160 952 -753 409 1053 -448 212 541 344 174 -799 496 -418 463 -390 -242 -77 805 1682 -123 -118 -795 -22 732 -50 395 827 722 -72 
910 -291 -711 860 81 405 799 656 1020 433 720 96 570 -382 -362 -480 897 -534 461 18 158 -50 262 288 1081 -499 439 391 439 567 470 1042 549 -547 -53 -810 243 694 -148 172 103 646 792 508 -408 -490 -452 43 112 411 278 -484 -788 578 -283 33 -24 489 -1338 -829 -454 -591 -30 -1248 90 462 -4 257 200 3 -249 -65 226 -645 -512 1568 -909 -946 621 233 -13 -1068 8 474 66 -382 317 -105 532 600 412 1357 812 635 649 283 383 -610 1615 491 -36 -666 -297 6 387 213 -505 -305 153 671 636 -291 -437 -222 -228 834 686 -453 -953 862 648 411 -708 411 467 -170 16 -206 -438 -584 -1029 -335 712 -400 301 -84 -182 -356 -431 924 507 -315 -712 -876 -198 -308 -402 -813 -789 1241 321 780 -647 620 -153 -341 -329 151 -354 226 600 -463 -749 -337 -538 18 245 916 -393 -148 -488 -866 -369 887 432 818 735 -131 -609 -15 77 227 -904 201 292 117 -1213 -710 274 324 -243 863 -456 -1016 237 -43 752 -270 -20 -757 -1586 951 357 120 -743 334 -1051 496 -264 1620 924 -139 686 -534 510 273 -447 -455 354 895 -13 -423 313 -395 557 -466 822 255 -360 32 -842 241 249 928 325 463 -1317 406 614 -700 -772 -33 156 -307 -231 -247 -456 720 65 268 -1014 256 -1082 -445 1441 -455 
71 -116 -594 60 616 -716 708 -354 394 -502 -42 381 -198 -678 978 -503 -186 -613 176 704 -854 8 778 -1571 514 196 124 -204 -793 726 282 -289 731 170 -287 -251 -300 29 67 -1256 945 914 988 250 -51 177 714 -190 1102 -541 -472 -654 -675 409 -439 -920 -626 -459 171 183 603 -293 118 -252 -329 -86 -645 395 376 -422 -219 535 -223 -31 144 648 -305 482 -122 -1664 -77 83 1324 292 1459 -244 -456 277 -568 139 -418 409 -434 163 219 34 533 -156 1346 -681 217 650 -15 -49 -407 88 -630 226 -1181 442 -82 -1125 -366 260 -669 167 -426 1116 180 -394 60 499 -186 -375 261 872 -706 -241 351 195 -60 -106 10 -324 -286 677 468 525 580 384 61 295 605 -1570 478 -282 -1242 -337 107 -158 221 -157 -89 -524 -227 -1027 82 846 2 -782 -275 215 991 -236 -298 889 505 -385 44 869 -689 265 -390 -1012 308 -150 -1696 -112 853 228 -58 -395 -309 700 -148 875 -125 -278 1562 245 14 -89 317 -501 -220 637 919 565 -1287 92 -577 913 -548 -326 496 -478 -346 -414 -429 750 -344 714 -317 -178 1397 705 -218 -33 -410 125 146 491 1000 -104 -1056 389 583 1600 -764 -957 -718 193 221 -100 -42 -173 -884 824 336 -852 1144 172 -327 126 86 -994 366 -39 1620 118 -128 318 -867 569 -468 224 
523 616 -11 -112 -496 646 49 -678 -195 -671 -89 -675 533 -374 1055 -969 135 -505 310 -187 854 -992 -151 -523 94 124 -371 -125 -367 236 1755 77 -192 992 384 -657 1139 -28 -1036 87 -328 629 58 1086 -380 434 1118 -292 299 379 761 -639 -103 -145 578 -120 -1718 -171 520 264 -420 140 -836 -57 259 866 -169 964 -392 -575 -1133 129 -702 289 652 -397 743 -243 224 1015 -563 -271 -124 489 -18 -503 937 -890 -454 255 206 758 932 1155 388 -364 615 1108 1257 -561 388 -364 -504 343 237 311 217 181 169 1210 -644 445 -380 -180 -21 -80 353 -1163 -193 261 778 -295 -148 -681 51 420 -255 -1025 -29 -505 475 872 -265 205 -6 380 316 -63 1646 29 -870 382 8 382 -526 837 -160 -23 404 622 425 525 -169 662 814 22 -587 -1 -257 330 125 7 -190 -872 302 -686 -617 697 243 1137 346 1300 -468 -647 376 -1828 -569 1135 -1310 35 1070 -594 311 449 -84 82 834 517 -37 -524 88 -162 465 385 921 -645 145 -472 -4 -569 -343 -335 -1282 221 315 -779 -150 143 -525 313 -356 233 306 380 -139 -465 1837 772 272 757 -122 -227 100 -762 330 525 -181 -167 1710 -238 -437 537 -86 250 -50 -247 633 774 -71 -622 -164 -488 -1240 -307 -149 -289 -151 26 -308 -652 -330 615 -592 -71 -695 -825 
1099 43 -156 631 128 594 -826 144 83 -953 -79 -656 -1305 -92 -463 1440 -684 -161 -179 -339 -220 -228 -289 1784 -389 -425 1175 -196 -1193 -56 141 267 -114 -231 412 570 -905 394 391 -134 -231 454 -309 -499 13 -345 96 -1435 -542 20 335 438 540 417 -939 881 -313 -760 -418 -52 -961 502 924 1197 -250 1044 322 262 -1244 -202 -744 -708 67 258 2 88 933 1016 -110 -196 821 -148 -276 -87 -307 259 98 -571 347 -57 -251 235 740 230 507 -274 -792 -18 837 980 460 -326 -566 -302 64 859 -670 247 -560 -626 -350 -510 -657 -582 -697 574 1555 -768 631 1020 -112 20 -628 111 -145 -669 685 -291 661 -813 -210 402 1170 379 -775 -651 713 -145 -1062 132 -35 267 -633 512 -466 650 -303 815 226 232 1563 -589 -284 -301 44 -90 571 -367 378 433 -117 515 -272 -24 635 114 696 241 -234 133 -80 479 -175 -550 833 405 -595 -154 -38 319 -219 380 193 11 -482 -492 106 543 -184 438 -697 -294 -354 -204 -908 -616 408 -353 224 246 -35 376 48 717 -1642 551 -552 1055 266 589 -72 235 -86 807 -489 -365 204 -640 -623 702 -224 990 -1185 -38 354 73 -1276 -660 -843 -49 -506 -102 200 173 -49 -192 904 -52 -25 61 -1027 -338 616 -159 -327 -658 -215 -742 -199 -352 -552 313 553 297 -1189 336 
289 283 700 -76 -6 -156 -260 -36 187 20 302 -445 -939 375 -711 -187 -420 193 -1088 -29 875 385 -15 892 643 749 -289 -55 219 365 -258 -504 -25 -989 666 -101 840 -632 334 339 794 -16 1017 -341 -92 994 189 -347 -433 556 1042 0 1021 -312 -328 -755 -554 -88 503 -381 134 -411 -78 392 -504 -681 1526 -4 -215 874 53 -565 403 70 2 -599 295 58 487 -976 121 -678 -861 -98 375 122 51 394 -457 28 -86 -1079 -56 -888 321 -803 -1035 123 -1447 168 -160 -494 631 -427 -172 -127 883 481 -339 458 52 110 -101 -248 679 42 509 -709 -263 604 -272 -273 -34 745 554 -2 -288 217 245 229 -758 69 491 222 413 320 135 655 191 3 200 -462 -508 1040 261 329 -295 100 -558 1350 -997 -539 -361 467 -584 343 -510 75 -376 -188 -322 1242 17 -152 644 32 186 991 -242 1191 -17 -291 -953 -543 -331 668 878 98 979 -119 -106 523 138 -111 -185 444 -10 -731 173 644 -426 565 1170 325 323 320 19 -87 -486 -19 -411 534 -40 -784 -196 -105 1177 1096 -72 -638 -87 -899 322 543 -479 226 343 -615 709 81 -306 -25 185 -298 401 -436 51 -369 -125 -584 421 -468 779 -1215 220 531 576 375 -1135 -870 -936 -492 15 -133 51 905 528 621 231 -55 318 289 -284 1114 -559 -519 
-238 -1185 1463 -823 -224 1158 711 -247 -67 49 -143 1065 193 -722 -693 -31 459 -27 -82 121 68 -417 678 47 1164 -226 537 -428 -269 550 296 271 -62 -461 -134 704 -42 344 387 -874 -1185 367 -952 533 169 -819 436 -529 -215 814 -1093 -65 308 -211 -148 89 167 -370 1058 -188 -83 -10 319 926 23 827 293 -179 -575 -112 -1241 -1268 -211 -62 248 -147 373 -497 36 778 184 -543 -591 -388 -191 478 -173 -118 -88 -175 789 -141 124 -482 772 -196 -1500 -179 -1375 -280 -160 -45 105 -217 20 -640 5 33 -256 -376 -468 436 -710 -538 -356 -637 -635 351 -166 836 1209 -233 195 -164 -480 -790 158 485 1112 -425 518 -1094 271 276 -543 229 -383 -1215 -151 971 807 -1077 333 391 -214 444 419 232 130 -660 535 580 461 494 986 -15 134 188 579 739 -525 -492 1279 533 180 434 159 513 718 -586 64 -194 -617 -195 -48 -1021 352 1322 -562 -113 -362 -880 -899 55 -109 112 395 1286 882 -122 -376 -722 379 -39 318 -701 -735 908 430 538 37 -29 -1051 -311 -1150 -1324 -71 -93 582 438 159 -580 528 740 747 -103 974 274 -567 51 770 311 1655 429 -395 -956 -386 894 -276 -173 156 -880 849 448 -550 -345 -91 194 -15 700 -1186 -605 37 -23 623 15 1238 -575 -535 -400 -707 -340 186 -128 617 -295 
987 501 -607 -558 -275 -370 -460 320 284 -127 10 460 634 11 -73 861 -73 614 158 -314 -154 421 593 619 112 66 -386 -393 -333 168 -722 -102 1092 505 -412 1522 565 -205 -248 -444 91 886 -394 -908 11 966 -296 -1539 -884 101 -780 -145 914 -152 -652 15 1414 -19 130 -223 680 -326 -146 50 255 -304 -263 -84 -36 495 -718 679 796 -803 -337 -30 -129 -346 -389 -70 -763 -816 782 -350 370 103 710 755 -643 -469 -319 372 322 762 290 990 23 328 335 -20 -287 -669 -149 122 436 740 -576 -4 -239 252 199 -21 83 272 -1022 343 576 197 -386 13 545 -1015 -356 -336 -737 -265 -424 204 1117 674 -248 -29 -2 477 527 -421 -115 962 168 242 26 368 -816 164 -554 -429 -45 102 612 -666 635 -94 935 266 -221 -214 -142 329 456 579 305 237 281 -387 497 60 -161 1114 -904 98 611 -126 225 326 -2067 -503 -299 62 144 -525 -615 1025 762 -646 481 -1189 659 171 756 793 -824 -800 487 -161 713 527 463 307 -496 -713 483 171 -1329 1088 87 -5 342 -110 -43 -631 -44 -637 504 279 50 -654 -325 1161 -112 -467 -135 694 490 222 -246 358 33 -185 355 588 1172 -411 -62 609 -222 -13 194 404 -152 807 600 523 17 395 51 -734 -277 27 -713 605 1019 -466 563 -584 454 171 
-299 -5 -224 1274 940 -752 255 194 346 813 707 781 525 -361 587 -499 -525 -1596 -288 277 -425 267 -287 -46 -315 -268 1370 62 426 81 555 1459 -23 383 594 -431 -244 -51 668 843 -250 -79 417 -278 -568 454 -56 757 -476 53 863 -500 587 -577 420 -431 601 415 -259 18 83 -181 -146 -307 -842 795 455 268 -108 386 -260 -40 -266 534 38 48 -759 -1442 808 -526 134 79 59 32 -117 120 104 -501 393 706 1058 -555 -601 -1262 -151 433 728 -376 453 -995 808 -1481 -180 1392 406 -414 710 197 471 73 -662 -451 570 -470 -151 107 -596 396 698 -853 226 1079 -891 183 -293 -1155 -89 -421 -236 -518 -451 133 346 213 -131 504 495 -83 -624 -358 -318 249 -1045 -475 -93 -188 338 252 -593 33 807 -375 137 -112 136 1071 -17 192 -676 -485 -313 -268 585 368 -694 1164 194 -97 -888 -81 -568 -23 -324 -1060 -860 1136 -369 1316 18 -316 178 -514 284 187 197 250 561 -247 1164 -466 -214 1197 512 89 -757 533 -594 476 727 -553 -45 118 199 -11 -424 224 -1202 -734 349 330 -439 -145 575 120 -106 545 547 -15 -270 367 491 -530 -270 -302 1034 318 -478 -977 827 -176 450 292 643 912 -535 -130 481 455 238 551 23 202 -44 -245 -134 41 -181 193 -121 476 -1043 93 -1357 396 716 26 
-240 401 282 -388 353 -291 -712 31 139 -347 -896 17 349 710 868 -189 920 -129 -329 132 1183 673 850 4 -230 1240 -413 286 904 -384 542 393 -613 637 27 -509 -257 -86 -89 482 434 -1957 -639 -441 29 895 106 158 -1038 94 -122 -194 613 -174 -612 803 -52 243 245 353 911 -545 -99 310 621 -600 -330 -546 -244 -1021 823 949 711 169 6 -257 -283 55 231 166 -92 -499 -300 -883 -752 -428 233 284 -219 364 -698 -28 -20 -763 -237 -527 319 -230 -1162 -151 -187 21 -264 682 -148 629 -66 100 957 -324 -715 659 40 348 862 -666 -268 983 611 167 -611 -394 -55 -286 -526 -106 246 755 130 346 550 -170 -36 918 540 517 640 64 -369 -277 -712 515 915 205 754 478 428 -168 340 1241 -390 -757 314 -244 349 623 -932 -621 -243 95 -78 97 421 116 -226 168 47 -872 -667 -124 445 -460 -1716 912 -201 833 497 165 -1378 -187 -336 -985 -48 318 675 18 -479 408 -11 179 -232 486 -192 698 446 -15 534 289 1071 203 787 -171 496 505 77 435 -429 3 -43 471 106 -978 366 -101 -665 110 1142 -133 -392 -988 -929 -1123 135 695 51 -568 -514 -890 383 1289 -1056 637 -6 449 32 119 1003 -136 332 -444 201 404 939 1222 -848 -351 131 -276 -24 343 156 36 -247 -689 879 -415 
292 356 27 -238 -561 -450 -119 -205 130 -799 -156 -453 -12 -390 -652 1202 227 62 -933 -874 -944 -30 -93 564 -323 -553 159 -1178 -1178 54 -689 -71 1032 834 34 -298 348 3 -164 166 -205 -1000 496 171 -945 -87 413 602 368 850 -434 -506 1081 146 603 -307 -102 264 -851 -426 735 -536 6 -770 -397 158 304 -42 755 315 -903 -359 -186 13 29 -21 17 73 -400 -49 485 -17 -377 656 -452 -503 -256 1194 -288 -951 35 -473 619 -438 -227 459 226 -367 395 374 239 -451 -22 337 286 -71 -99 -602 -470 445 -356 618 -316 -377 71 -264 -604 -801 332 111 981 693 -562 948 -1177 -612 81 1075 21 450 184 -947 -253 -31 -84 219 -1670 -181 906 -390 853 -38 -1039 337 873 -696 233 -520 243 -267 466 -6 910 1020 -839 629 389 414 -245 754 -261 93 -298 -153 507 404 29 297 -915 -304 568 703 666 -354 -258 -285 -9 -1162 337 578 365 -143 -234 461 -631 -820 406 403 106 -458 442 -69 1108 -114 601 -1032 -1486 347 -210 166 -1145 -21 -499 257 -224 -108 -261 -377 1274 191 -11 -645 662 -629 963 368 -579 1028 -682 -758 677 -58 -374 360 781 -536 -854 -206 -197 431 656 -59 370 -17 -128 33 -983 -7 -133 223 91 98 413 -72 -1085 992 1457 630 84 -485 240 -443 47 -72 -157 -664 
28 -191 -1190 -393 932 -361 684 946 323 55 243 -308 823 80 -159 -380 -314 1011 196 -303 799 -898 1152 -4 -242 73 780 527 1022 97 800 -81 1055 -440 1703 98 -43 100 118 875 -243 -168 49 -232 -945 92 -20 -301 -624 415 27 1110 266 554 265 -281 989 383 -52 -1176 -816 -140 395 -212 -516 -655 -441 768 895 265 -1680 17 704 -1221 -259 -433 -359 13 720 -704 -393 -1264 -25 340 -234 -67 186 634 -514 -530 892 326 538 371 149 -219 -1040 -1413 -74 -167 -439 -333 325 -682 -955 -177 350 -635 -290 -249 -432 863 -130 129 422 100 431 800 -738 493 816 -118 -1006 -319 -848 -149 -163 -71 404 -612 23 -1165 356 332 375 453 500 662 -166 1406 371 500 354 -420 -329 -908 905 -360 340 -711 818 826 400 -177 213 -43 1918 -56 416 541 82 -518 -290 -442 -96 -43 -671 -947 -142 -391 485 -735 1331 -442 -686 -964 341 706 -903 -323 -778 207 231 727 237 -431 -806 -72 398 -841 -27 732 -146 -146 112 108 47 -79 -372 269 -664 1236 -645 227 203 -262 -539 917 322 -334 227 -287 611 452 -193 -169 401 157 427 -147 900 35 555 -255 500 302 344 547 67 847 652 -648 -362 586 -317 297 -693 724 654 -161 68 -742 896 -210 273 -544 259 -7 313 47 -66 233 144 615 -75 -546 
-159 -518 477 -667 -379 -808 178 375 59 -745 -370 -1099 -601 -263 -37 127 -839 727 -63 -427 1059 -1401 55 -1 336 -608 447 -786 657 732 1152 -2 -525 212 752 672 -650 73 173 966 -285 254 841 742 -674 -185 -416 940 59 485 -236 -517 492 464 671 -984 207 263 382 948 -692 474 164 129 -806 -110 601 -13 308 -319 -1296 654 166 1121 -378 248 61 -472 -190 415 743 -751 -218 816 -554 145 -664 299 225 -674 857 365 -406 -197 105 -264 -614 -243 -17 105 -188 782 -125 -221 -88 -1097 -257 -778 30 -397 644 484 -916 -793 1467 -14 524 475 197 292 201 -27 277 -913 -780 737 62 159 1262 220 -182 -396 -932 345 70 -26 -520 832 -121 383 1010 74 -335 -100 780 110 -378 -1070 -719 1560 -356 -583 269 13 -130 851 478 -49 -300 4 -429 36 628 -176 -320 328 931 -59 118 -57 -614 -517 88 -749 803 -179 -121 78 -360 121 -526 213 -665 417 602 886 -159 -503 -997 206 -225 201 -340 -127 -625 -535 -181 396 -280 83 -392 304 1168 -200 630 -320 147 -1153 327 -1121 -7 -248 722 704 1221 1293 428 -648 -158 591 589 -625 -153 885 -147 -162 46 -851 302 6 -320 -876 992 -283 320 -344 -196 341 96 -1276 145 614 -198 1148 -8 -294 380 -706 -1115 232 451 -827 175 128 241 443 
-120 -541 -708 -258 -776 -571 -202 -505 -122 -111 828 405 -463 -99 179 615 675 397 1562 1104 -963 442 286 -76 495 722 -802 123 623 -315 -183 -1086 1402 -317 -240 399 -573 -140 -522 -231 544 1006 -367 50 746 -701 140 473 20 -1141 -252 256 116 -59 444 175 -582 831 -95 -890 -138 482 -532 -283 730 -146 -268 -297 798 34 -241 36 -996 -217 -539 6 -772 -474 -421 -45 -350 258 1271 372 -362 1316 0 -604 535 -440 168 145 23 -801 -1089 -239 -769 306 -347 572 147 207 336 -375 170 -370 -464 -152 -394 -27 633 -154 -155 356 849 144 -275 193 -606 776 590 -510 -619 -22 249 143 722 -380 -695 -431 -487 214 -182 177 325 521 776 437 -54 332 372 771 486 -567 -253 -289 -543 463 -1041 -1682 -447 -304 -103 -584 -1116 154 -281 371 768 657 778 -1215 -680 -885 -356 -199 215 233 729 -381 -237 273 642 52 -146 88 366 358 326 506 -1418 -502 584 -614 -1298 -796 150 1250 -41 -366 -277 -816 678 -1178 -674 192 123 -170 -545 -489 -116 176 -185 100 -682 499 -662 414 -389 -229 66 -76 -219 186 402 -337 -515 -706 492 730 -179 -457 -395 -613 -111 -654 334 587 -1517 616 32 669 70 590 323 -1202 -949 97 -441 816 711 938 1016 -832 676 -1386 241 528 -661 175 -88 -971 -640 588 -462 1055 
537 593 63 1060 712 -222 -169 -57 100 361 406 16 537 727 -233 -556 375 -490 592 -1079 591 -298 435 570 0 34 548 62 18 -271 -347 -780 -243 -367 -342 -363 -313 375 -341 -541 -212 -688 303 183 -333 -876 -242 -1057 -572 590 86 -384 -762 831 -745 391 873 1030 847 -91 -363 751 -191 -147 182 838 62 706 65 1261 -1093 249 141 -420 154 187 18 -328 291 340 -1491 457 526 -31 1930 -613 -92 -532 285 499 -177 -474 650 -401 -592 -768 -520 689 1070 446 236 719 362 -1041 317 -20 -754 1067 1374 66 1062 -446 -1147 -1218 -399 99 -487 -448 281 390 -759 803 914 308 755 -41 337 635 35 -353 -1219 1382 714 442 149 21 -275 -683 6 -350 504 529 487 -368 299 -130 -80 -538 -466 887 423 52 303 -267 167 -429 -280 322 -984 -27 304 -283 559 -189 185 -390 -679 -521 -160 681 8 -144 -126 -392 159 -102 128 347 -943 499 276 359 -626 -919 190 -107 313 544 192 -831 -76 -442 719 -832 -546 -116 265 395 793 -497 -253 -132 564 -749 -191 366 -386 271 325 -43 122 -758 650 -796 446 -301 -542 -57 215 -1467 732 -35 122 678 166 1 -321 -838 963 -124 904 200 877 849 34 241 551 258 -250 -193 -1725 -257 -166 -128 -435 -626 -1421 508 -19 -1153 722 56 -329 -608 -287 662 
-719 -889 -65 496 -255 321 345 -471 -99 738 583 -1008 220 223 138 514 -565 879 -46 -489 -972 263 335 -379 -20 82 69 -187 -213 405 -404 -84 -151 57 -1011 -780 -334 -952 -62 -656 -167 -292 956 -419 -274 -649 -22 522 502 -480 -330 77 399 674 -401 -408 789 -607 224 304 -200 552 -336 -1430 41 -481 -19 -464 71 -812 845 386 169 -328 -299 121 -316 138 -176 -1010 139 -197 338 906 900 446 395 -612 -342 -887 -469 234 -527 38 -493 68 339 -339 -555 -431 -124 -354 408 181 163 977 355 413 -841 -467 -1171 -236 357 -302 324 -869 -684 429 31 -20 138 701 275 -460 -225 -112 1174 -16 80 1143 73 -550 -23 -685 177 -104 -175 -639 352 -9 69 -353 425 -517 202 148 968 -487 456 -1545 1155 292 -275 730 -94 331 299 73 432 -130 54 -397 -799 1162 85 308 -128 -605 -369 577 -512 -60 -270 89 545 522 -417 -1351 818 -229 -320 223 310 383 -398 583 -595 217 623 489 1001 -47 623 563 -451 25 577 -181 -939 1519 -1462 566 -429 326 626 -57 582 -976 -808 889 546 970 -90 -507 176 283 -931 -868 -895 -754 -315 -542 11 268 101 -456 433 -129 -351 -389 603 964 -990 -261 165 134 -1067 75 741 -241 595 -289 -469 118 -355 151 -276 311 1080 -194 104 51 -719 616 48 473 
639 401 -48 -758 -249 -154 -170 473 1103 -175 -358 -227 -145 -500 478 543 1043 -384 1614 -185 411 -1127 36 547 836 422 -550 -129 -1395 -875 -843 -161 494 -338 -355 176 -1271 180 -295 -273 87 174 849 -2372 98 353 1737 -244 423 -623 604 263 167 281 121 250 -148 501 492 -352 -358 -645 -158 -163 -301 188 -682 -679 -45 -508 723 -597 524 -1490 363 1106 -484 -278 -622 -1004 71 -856 -320 140 465 360 794 -430 -605 174 -433 -418 -1303 -287 -581 430 61 -33 742 251 797 -1124 -175 -258 -317 549 494 -189 -576 -508 -506 -111 940 266 984 -85 865 512 -430 -392 -26 -84 206 97 6 723 296 83 -79 1893 21 -279 -969 -415 -349 391 207 -56 347 -960 27 248 336 919 -183 -90 40 -791 1265 -132 -648 122 -1296 -619 437 969 -693 -456 948 -1275 656 -327 177 -571 453 163 -164 873 -189 -119 -364 -1076 -324 304 -769 -331 33 -906 -58 -693 190 236 97 -635 1266 44 949 -804 -503 1066 -548 4 -942 878 -626 713 -1716 333 -60 -708 284 -508 -258 -400 -536 1007 374 -125 789 -614 805 693 607 1008 -1035 738 -776 58 -258 -33 -1800 522 62 -702 -56 -221 1163 85 220 -393 -288 -223 -122 -730 -1195 63 -171 -115 375 -899 695 744 -432 -561 342 -34 492 458 779 -487 -537 -204 -140 5 -208 236 
179 542 -1019 277 260 -191 -221 -183 754 447 -104 61 983 -137 -271 243 502 753 -1123 108 -195 -703 -135 -586 -334 -679 -110 315 38 67 -466 -397 785 705 52 -337 417 574 66 -293 1 72 -525 -388 353 98 -289 -848 74 58 -200 -74 -683 1183 -182 -391 308 902 18 373 -310 577 -195 161 352 132 -291 14 -26 -379 -515 380 493 145 -653 -33 -1279 101 710 152 56 476 569 -395 840 -622 572 175 466 -626 -154 966 176 823 -109 -240 26 -95 48 874 -662 -268 592 -342 460 885 19 -722 186 -791 378 -185 130 877 -482 711 367 117 -1178 115 -100 5 205 -174 388 120 917 -199 619 -217 -498 224 -13 -4 -914 -666 -308 425 -1377 -134 261 -840 396 -84 -372 72 231 307 -54 778 1487 81 -1054 360 -285 -74 -157 -228 -53 491 179 -49 582 645 8 -848 117 905 235 456 -219 7 -298 -1491 329 -536 471 562 -745 -102 -312 -877 -1977 -233 -261 479 0 603 1955 -26 525 -750 495 -89 -20 -254 -152 -345 -149 -504 -764 328 603 -506 279 293 -489 -629 -604 -452 729 -280 -803 -322 -28 -159 -619 -285 -302 -620 -1187 -535 155 105 379 644 -185 800 350 -618 400 -615 181 413 -760 677 602 -84 -404 380 452 -417 748 1374 -218 -353 -718 853 210 -765 -692 -737 90 554 -1065 -479 
83 348 -77 386 1145 -1012 368 -173 -119 160 26 335 -14 401 231 -274 655 579 -350 862 85 -328 940 201 753 913 -682 1132 713 -313 -1040 -499 -430 534 -475 426 -681 508 1324 350 1184 46 -314 769 1432 180 -239 152 785 -398 -968 1190 -313 476 1118 -556 -314 916 282 525 202 1115 8 978 706 -1453 606 -309 240 -249 404 1043 242 -919 2 698 -703 -368 759 764 25 -227 -409 -162 856 1265 -150 -1529 354 -510 1316 645 -608 16 -91 204 132 1137 -375 -116 -927 25 20 721 336 -1578 -122 -274 -1235 479 585 335 -315 -97 723 436 272 961 286 446 -332 1501 598 -606 -1021 147 -838 247 -444 -87 1109 194 -1030 -160 162 996 77 -417 424 -1118 -1055 141 760 -163 -197 -806 734 -28 330 -856 -1194 444 1123 -306 441 -429 -360 -116 -53 88 633 964 337 667 -1803 -433 55 126 299 178 443 522 348 133 -974 -449 -195 487 538 12 -647 -357 -34 744 90 330 -309 278 -871 -241 -36 -255 -392 -87 346 304 671 -704 -745 1050 464 -622 142 -899 -298 470 -1180 -855 -1365 -92 574 1523 92 106 -36 46 825 -16 -156 -578 198 318 286 152 -673 -77 199 703 -774 -210 84 1020 12 -185 -357 -33 304 666 -690 99 423 -1105 -220 600 353 -554 -804 -700 979 308 -85 679 197 723 483 496 
-648 851 543 1083 314 -203 548 261 475 -288 -11 461 -580 911 1080 74 -252 -277 -651 -550 1048 -81 349 -734 -779 -385 -133 -380 -505 400 -119 -141 494 -87 -168 -777 441 -240 -764 -390 1025 -1014 31 -586 726 455 -46 -104 798 -917 1132 -203 -245 -479 782 8 -1451 141 403 141 -529 -241 297 265 533 763 -949 -372 228 856 754 17 832 574 688 497 523 220 467 8 582 516 -517 -42 349 -1137 -81 -301 -200 -126 -339 -132 -577 -261 -66 -110 1350 415 115 -729 481 -38 -292 1223 -44 308 673 -34 1064 -887 74 -247 1612 -427 852 -239 82 489 691 -342 -649 165 -287 462 -24 105 -268 391 1064 594 -767 872 -498 105 -1100 -154 -31 -132 -64 139 -436 -290 930 1436 -221 -252 -455 59 507 1007 -801 153 222 -721 -78 90 -685 -221 405 -283 479 -18 -145 -81 36 251 2026 27 -35 -340 -173 -478 -617 519 -259 -115 548 -66 263 472 -619 15 102 -116 -199 -487 314 -512 -225 312 -403 -1095 -948 -436 -773 1006 -319 88 353 -1544 44 47 207 170 -917 622 516 95 -17 -16 -669 -525 666 -578 -1097 255 -615 250 300 590 -1247 -511 -474 -188 110 240 -871 -13 -339 54 -312 -979 -505 465 -68 206 970 -234 -185 -581 659 -1078 -108 239 -144 -978 984 -50 233 136 -175 229 12 -37 -868 602 
217 -629 -50 1392 867 701 -96 380 -155 408 253 225 677 822 189 589 -366 25 -1259 1873 -126 25 662 438 108 -249 -162 717 -1459 406 116 1211 493 -480 479 -558 -47 -614 -280 959 492 -1727 132 424 -965 120 573 -112 299 301 1179 -194 -1436 -287 -33 317 -775 115 1189 640 1273 -209 629 -396 71 -287 219 452 745 764 459 -384 -969 206 418 -688 -527 -176 -442 -38 280 -4 1494 -1076 -865 476 -554 318 341 461 528 1191 -547 1035 262 1100 753 -126 326 165 -397 -65 56 -1019 -99 392 -95 -638 -444 -301 -975 -691 -776 754 -910 293 350 783 915 -719 21 -1475 132 213 -293 48 450 -886 516 150 -642 765 541 261 369 -63 226 -412 -198 -195 375 1118 -233 894 -108 584 307 54 -864 228 644 -345 -323 96 19 -823 460 -772 360 90 -951 485 274 929 325 207 439 -906 -300 -348 -42 -163 457 -183 -568 -494 48 445 -803 592 204 597 913 32 -919 1190 -270 -328 521 258 631 319 -283 -131 -111 328 -182 738 1072 -954 264 1050 -122 1499 71 -574 -850 -204 565 387 198 -683 -187 711 416 -460 -24 -787 926 305 641 -672 57 590 -432 -627 119 604 103 118 -804 -632 -1177 -848 282 75 -99 -257 829 -248 -276 63 1024 -898 774 836 -271 138 -321 -43 187 95 67 874 -69 -73 
-263 198 -843 688 -455 140 -174 468 -245 -175 12 51 748 1886 243 863 924 -959 98 -543 -1001 -437 -188 860 -310 -14 718 294 -1 -352 641 -534 246 -110 118 -185 203 -393 520 -1243 11 -297 212 627 -1228 -394 331 411 -610 -561 257 776 864 -743 303 516 -284 -887 152 -359 470 494 709 -1197 -180 199 352 80 34 844 -373 -612 336 -360 -105 -220 945 -258 -200 -717 517 110 -90 -151 748 388 -729 403 282 -287 201 635 -1017 585 651 -124 320 -1150 -350 1167 713 -378 935 523 102 812 1132 -218 594 1043 -722 521 291 -297 1301 64 -637 634 -499 491 626 390 523 171 403 -121 -540 92 -241 471 -309 192 -394 -44 -62 981 -372 -1340 701 -942 437 -641 177 401 269 248 58 -104 -1109 295 -241 -541 -211 -597 -386 474 -669 -116 749 -218 -1215 -719 -210 -548 -1128 77 -495 -11 254 -1856 871 -519 935 -154 -105 -227 -223 518 -262 -942 -127 47 236 272 -840 240 224 -1143 -934 -496 -634 385 -1179 -422 -550 -612 633 22 254 93 -34 23 -771 373 476 122 618 221 138 267 -574 -1375 1363 -1179 949 -561 1249 176 -107 110 947 -377 366 -1171 355 -761 -216 1139 -562 -291 -570 185 -533 936 -73 -431 -389 -295 146 515 -1452 458 639 557 836 -84 924 -25 -33 107 568 468 -56 -305 442 693 
962 -184 -137 -193 431 640 219 484 -690 -516 -45 -762 -604 626 104 305 124 -795 -51 117 -189 -785 527 510 -572 -1309 502 -12 179 -829 -517 -1299 376 -354 -330 438 41 230 219 -531 313 539 433 -390 844 67 -206 918 830 -203 1092 545 733 473 149 -858 -831 354 1038 -55 511 744 102 432 270 -69 120 205 261 -1048 -374 -495 283 -459 517 1367 10 374 27 -431 1098 351 -451 969 450 637 292 -631 -335 -459 -1015 427 552 423 -501 -166 -199 1045 -154 -466 1040 -144 61 -698 529 -61 -25 682 -242 -111 -791 -106 -416 -540 -126 -901 418 -728 681 -642 534 191 937 -1035 18 -679 618 568 -55 -46 914 -8 -186 -633 -1063 -519 622 -213 -372 504 0 584 -572 60 -710 -49 -81 -678 283 -79 37 636 110 -7 24 770 -478 88 -277 125 671 -13 202 -728 469 -1220 350 128 289 404 44 777 23 -1296 1322 -783 -539 139 -68 1520 603 -900 -267 -119 833 43 -260 26 249 -517 521 -513 -1090 -1015 -326 7 -653 -1213 -34 129 -784 -200 -945 -170 -256 426 -72 -550 698 -211 -30 660 637 51 -678 -43 437 -376 -917 -336 126 202 -88 -134 -240 -471 -350 -999 -216 12 881 864 -135 328 692 78 130 -46 127 270 -477 715 -648 36 160 -22 125 54 -305 -504 999 -211 -132 422 -419 -343 
-606 -397 1132 361 -28 -355 -45 -31 428 128 58 684 15 639 1463 -580 -625 -581 -324 -1213 -128 394 682 132 216 -720 397 -538 38 -958 145 -330 696 341 143 39 446 281 -318 201 503 204 524 -789 1087 210 -121 553 804 -63 651 75 191 -180 344 -299 46 648 455 -414 34 -212 817 405 -87 -496 712 -573 1211 -526 -119 489 239 -462 3 457 -205 -109 564 -107 -24 -1181 -425 -434 -252 450 979 224 -717 366 348 561 -416 -1082 571 -348 -704 -1143 -400 422 383 -582 393 -733 -457 -679 -258 -32 -622 -239 -790 39 421 65 326 -126 111 514 1695 543 274 -164 100 -513 -55 171 -114 -48 721 420 -1349 1079 -400 1342 434 533 87 682 -622 -502 629 -328 -332 -500 184 146 -159 -359 -775 136 253 -617 513 -132 -652 553 76 -503 461 -76 451 -82 723 265 47 -109 942 -213 656 17 468 45 -724 -269 147 158 -810 399 -554 -500 -564 1478 215 540 70 451 1234 467 -153 -169 332 690 1099 -548 683 942 820 -341 -471 -822 -1119 1148 311 648 460 57 273 -967 133 259 -96 -730 647 -380 711 919 215 378 -45 -186 87 94 -129 -390 -180 126 363 769 430 -986 -400 -84 -665 2 -501 -990 651 104 -590 -966 37 119 -159 1013 1001 -622 -427 -1459 -99 -239 -324 834 682 92 188 988 
-90 96 -74 -23 0 436 270 -400 205 -908 82 108 -327 574 -113 273 -1134 -719 130 317 -422 -152 774 -668 -226 -1244 -553 1206 198 778 -488 216 -75 -319 165 -504 -558 -618 -263 -359 -260 -1074 -581 821 37 295 -146 -223 -390 -180 162 -1 369 266 -1046 -411 146 -1085 722 -645 -67 -669 -194 770 231 -91 -683 -2 264 -464 391 -540 127 446 558 299 -500 26 -759 -233 1354 165 -84 273 -743 214 -752 1035 -80 -581 -886 142 -753 324 -1045 321 -1831 -394 -1059 339 934 108 445 621 37 218 185 426 484 -52 -62 237 -288 743 -61 39 974 -285 605 -199 -1397 -770 -432 -164 71 -94 1207 -893 904 -1193 -118 504 1013 -91 -41 519 35 -1010 -373 736 466 553 1115 391 -192 -31 162 -667 67 -8 1127 -754 -308 248 1330 -355 -878 154 -38 -1161 810 84 363 -157 701 659 402 -304 199 -44 -846 -612 -137 250 597 -948 271 -489 -203 1194 -166 146 699 268 1431 743 -458 -497 591 25 -345 -431 -7 -678 -362 14 380 -197 -369 29 -826 545 783 275 -115 530 -174 400 143 -27 547 -434 575 534 574 -195 -851 -9 -101 392 541 485 -16 482 -236 835 -51 216 -199 494 212 -855 -168 -73 771 1049 -337 -71 -24 -241 -1238 -756 -486 -1193 1028 -208 749 -1223 -166 -479 -247 -88 299 -564 -1261 194 
296 -383 -942 392 967 523 114 516 795 578 -567 -83 -122 -881 -347 -130 612 33 -955 276 -878 551 -1209 531 -54 1081 854 -313 661 283 -382 -405 1462 -192 -284 211 39 -1118 723 898 982 521 15 -891 -821 442 646 -104 244 -463 -352 470 -600 -292 -234 500 -276 129 347 416 -28 83 -299 -946 911 745 -337 -1102 541 1368 -515 -844 1913 -853 -75 94 -322 -282 -537 42 -193 -6 -391 -908 895 429 284 361 -299 -100 -38 488 -587 -486 285 158 -201 782 -51 -677 2 97 33 370 -125 -879 -197 1577 427 -860 528 416 1141 189 -398 113 143 -707 -132 627 17 -142 445 314 1020 555 -684 -12 -546 461 304 -272 390 -112 -1042 -374 -477 70 384 -237 589 1023 -653 -176 -327 -25 -282 -544 -215 -926 -528 -1174 997 338 136 270 -28 816 -547 406 -505 -530 76 312 -737 218 1430 684 24 -120 -506 329 -499 292 -421 -79 -1032 553 437 -706 -320 -23 796 -934 -733 -349 206 220 -8 605 -96 -571 296 279 317 943 499 380 -877 714 453 863 -1194 -419 218 -514 -197 907 18 385 206 198 440 251 8 -591 -1058 194 694 -965 787 160 1668 400 489 -400 -133 34 -699 14 472 -680 116 -480 617 635 300 708 -838 943 -74 -302 -1355 156 399 347 -365 710 -384 739 -679 436 -218 288 43 317 
147 -338 145 65 -94 103 784 -69 120 360 1006 -400 -704 935 -684 520 -124 -228 -471 1441 -227 -14 -651 -936 -1048 299 724 -453 241 356 -563 644 -245 1 230 1094 193 -740 1012 -276 318 58 525 362 663 -1085 -758 -71 560 -863 -569 -154 -836 -1294 -143 571 -1240 53 124 567 370 149 -688 -323 446 999 -249 -410 169 -343 -190 736 -91 594 -209 -377 67 -180 -305 153 -11 846 -28 855 -221 321 820 -185 571 -245 657 -283 -662 116 284 8 616 396 -934 -937 48 1736 181 270 -200 603 101 339 841 534 -272 -237 -657 -8 -685 -129 -147 304 130 -1593 -231 -199 -523 -268 923 -114 -226 -249 -14 147 -1120 858 -342 -293 -316 -579 392 -717 -770 963 -699 708 -517 -493 -332 310 -189 670 -895 -1176 247 202 355 12 -146 274 179 180 417 -298 -85 1223 -43 -134 -236 636 377 506 139 469 -398 894 22 -980 -5 -529 -425 1332 -123 -400 -558 35 52 -257 -511 965 -900 -353 -189 -395 -146 -505 543 -342 172 56 773 206 -331 -182 -111 776 219 -717 -513 -352 257 999 -933 -254 -1212 -1496 -306 -388 -509 -486 -86 -495 -72 -260 -292 -195 708 458 343 -1383 -405 -341 808 -1328 -1568 493 -563 293 -457 627 414 -80 812 528 40 -30 641 1005 440 723 104 366 -104 -112 151 61 -371 -901 251 63 
1051 217 493 -1606 120 1164 124 -708 456 231 395 -735 499 -723 402 -457 981 376 259 607 -344 211 -5 101 947 769 -445 -55 -769 23 205 -495 -615 -854 -958 303 794 374 -728 273 -543 248 -822 -87 499 -86 474 315 1324 -208 -632 656 -157 395 -1090 553 -525 243 439 -199 109 43 -243 1750 344 -521 155 -930 341 -302 -242 638 -95 -1206 340 -47 -388 -331 -611 505 -476 626 -305 48 -27 477 38 -733 1029 -23 1117 792 30 154 602 129 -882 747 -891 293 120 947 -287 -304 -903 -305 -182 281 -1704 -83 684 760 -335 158 -39 -158 273 266 -60 -270 -1185 -783 544 -613 1124 -61 30 -133 54 84 1125 381 -717 -555 -575 -201 -656 -545 -891 252 48 132 1072 519 -522 839 -454 -528 -643 -451 58 -31 -468 -282 312 552 296 -540 1292 -698 -223 309 322 -39 614 -837 -69 557 463 -435 491 -152 -1009 -750 553 -498 -854 121 -760 247 332 -297 1172 795 -543 -257 1158 1365 371 309 -233 904 -909 466 107 -179 -46 -834 16 -1083 742 -388 -683 -1021 3 139 493 -330 -367 -287 -857 -979 336 -411 244 -105 481 227 763 496 -697 338 -225 -1272 650 -1066 -1541 18 551 -600 -333 -767 -453 -369 -1488 -934 -203 -1088 -151 372 -208 -200 -545 -247 83 380 14 -863 543 188 -942 -1 483 -170 -951 -13 
-302 -254 -532 -679 -714 1111 -865 -484 -1138 703 709 1718 -281 -303 -1562 -1125 286 -468 619 229 -432 -289 -68 72 435 -1385 -158 304 -202 433 179 594 -201 -625 -55 -507 282 -623 -561 -281 -163 473 -192 569 -859 -150 440 784 157 -617 -244 -70 455 -65 582 330 -620 -310 -243 187 -158 -686 -263 -463 57 -673 478 -614 -132 -236 -243 -1051 131 153 -116 -1196 741 729 -447 189 42 54 507 -423 -294 671 -129 873 714 -420 262 -564 -687 820 589 -1 39 419 59 -1392 721 -230 -394 -861 504 -317 -82 225 -103 277 -555 1212 -247 700 -908 -561 627 71 -171 -370 583 -653 -772 221 -267 -88 886 622 -119 180 400 -91 609 77 -408 765 -468 680 258 -358 144 -352 -1056 373 131 -452 -139 620 -179 837 -790 -51 301 149 -117 579 -303 321 -341 -597 -397 -725 -851 105 -326 -1313 -132 188 -1031 355 -386 -94 57 1192 533 670 248 -185 136 265 -143 158 -372 -613 -368 165 -113 -1270 560 -309 -1542 885 -393 -435 -874 61 -558 340 499 373 553 336 -1401 -273 -605 173 703 402 -573 251 -616 -263 -624 410 571 -350 -238 -119 -107 -632 -503 -198 370 670 13 -813 637 556 193 -796 -527 1278 76 75 -30 285 15 -1163 -223 249 352 -470 -793 -729 527 1557 106 -482 -195 429 140 -719 271 78 915 586 
615 94 164 142 -89 396 909 841 173 -919 -53 -1447 399 76 -46 -213 599 300 930 103 42 -160 -334 -767 -566 791 324 -721 1066 -246 322 335 -114 178 393 527 -105 -656 -502 -430 78 -342 188 -857 1278 -110 -477 438 65 -840 -127 -19 -482 534 892 384 -466 113 -1081 895 -503 188 230 -944 945 345 601 566 -239 -989 206 -641 -338 -590 -617 105 371 1031 -658 204 -148 -518 657 944 231 -420 235 -1328 -873 -489 -457 -445 -814 -284 -165 -323 817 498 -466 -1356 -26 -569 -218 347 402 -943 20 -721 297 333 -16 -156 440 -19 406 -286 204 1236 -277 70 -81 172 98 160 -655 357 -406 565 -212 852 -70 -675 -670 942 -520 -122 -64 221 542 450 -5 -451 694 -130 491 62 287 589 166 -49 -660 684 41 -109 204 276 -254 233 -457 435 -1002 473 -631 -525 -770 -77 179 -237 -722 -558 -691 -150 118 797 206 -38 153 -396 273 -906 -842 -1362 -957 906 49 317 -221 418 -703 139 482 -1296 165 358 518 -475 -1273 -244 -780 831 232 -270 114 822 -1092 164 -204 53 -1205 242 646 272 -430 366 246 56 -42 -524 -370 89 -1413 -792 -399 583 -713 201 -357 -145 -500 -144 -769 -593 -978 -31 -818 -19 -57 -329 242 -554 788 526 -646 326 -90 -355 271 -643 248 401 -469 -403 180 36 406 -269 
-370 -269 -975 -288 444 -283 161 -601 -1044 87 -359 -371 -10 482 251 23 -3 358 321 238 504 752 371 286 70 -8 -246 -789 1793 -271 359 -258 666 -633 966 294 -374 159 256 -1401 375 -414 -607 219 140 -67 -200 77 -165 -395 -242 -284 -228 -363 181 -551 547 -81 342 0 1 300 242 706 74 -431 -1055 45 592 -1131 426 -93 -18 716 -795 436 -324 628 -44 -400 -712 -355 1612 -480 3 -570 1041 243 -335 -530 -294 790 -160 -499 29 33 -681 29 -393 -482 4 986 1224 -1103 333 688 -946 -696 -732 -81 105 695 256 -172 -21 260 -115 539 -756 615 -481 -116 -879 -389 -911 -699 376 -36 766 -402 78 140 501 191 1394 1162 367 -660 -224 844 -528 74 358 602 -946 -141 633 251 -925 -26 -28 -1007 -610 687 -359 386 690 771 20 -1248 364 -131 429 -1091 -171 -366 685 229 -654 -156 -193 -153 44 -1798 -879 -382 245 -99 -71 -410 -804 397 239 -634 -827 -12 -734 482 463 254 -403 467 156 -281 768 -540 664 -1748 -79 -235 -1048 809 869 84 -658 267 683 -825 -229 -760 -209 -755 850 318 70 253 159 -143 -1099 1028 -427 450 -489 384 70 -727 -464 311 195 916 139 -540 92 1069 -492 -242 -523 -2 202 -199 -1037 -156 905 -929 -422 -669 -654 -179 -40 -139 -588 -175 1008 214 -413 819 
86 -286 -69 432 789 -123 492 -564 226 329 108 -216 -594 -664 -1190 739 657 -1308 206 76 -247 237 764 -323 -42 -1309 866 480 638 622 1395 -68 236 701 -601 -95 -134 340 116 208 84 120 -252 1146 388 -882 -509 392 -526 -198 1227 -137 -570 1557 607 -245 272 -91 -318 557 -853 74 485 -440 -306 523 420 1249 782 178 35 88 -886 -282 -31 -906 327 -109 -907 87 514 86 9 560 -477 -660 34 -105 -8 74 531 -461 418 455 817 695 -1191 1174 -619 -1419 -822 -1143 358 830 435 2 237 447 812 169 -1044 914 -643 -485 -877 611 810 -267 857 -927 996 515 125 -314 748 -462 -670 -430 -1139 -551 1103 -430 390 868 361 -252 667 -1143 -1370 28 -727 124 20 -634 -171 -566 91 155 -208 -392 434 -161 962 -960 1334 -384 190 567 -138 155 258 502 1 -171 -996 -693 109 718 -570 64 -185 532 208 620 -777 113 124 99 -404 370 -380 255 -846 450 1520 -965 -808 872 507 186 -228 -809 364 -336 -399 290 -172 81 367 1240 -969 -154 289 101 -1549 97 -410 94 -336 308 -460 100 -652 -43 -746 -322 303 165 -600 -450 549 -656 594 -99 -254 426 -233 254 -393 -18 76 -706 88 -190 168 -883 -18 32 18 158 187 -16 -669 317 -172 -718 -1735 -444 37 731 288 77 170 -627 927 171 
377 78 732 208 392 1053 439 -81 204 328 286 -522 -147 -1083 352 -412 95 111 -187 -440 -612 -757 -67 -671 -448 334 -632 -363 -47 -71 -538 -29 198 288 -456 345 258 -707 -652 -192 -444 1073 965 -299 1062 -196 -92 171 562 281 -540 -216 377 -391 -462 -415 123 -571 892 -582 -93 864 -442 404 420 -349 -320 -1161 -1366 -291 -46 40 -14 -871 404 607 -204 343 258 95 -184 342 -1187 -435 60 -780 794 365 -365 -283 483 1012 96 440 242 312 -381 -224 -641 243 -333 -56 461 72 387 477 922 233 -111 -18 697 212 1078 611 603 -804 10 -125 397 237 337 111 -427 209 788 -891 -156 -255 -724 -915 492 1018 439 -406 -429 -936 -677 -308 -969 -706 -195 -224 -470 -128 -1073 1002 -270 -42 309 230 1069 115 117 731 -497 1487 -36 195 572 126 355 87 2088 467 127 -1081 -207 361 1500 735 -629 -22 449 -372 33 -354 -29 -49 913 73 917 -127 -217 -16 1044 201 612 845 -745 -141 -359 -370 -8 47 706 -479 460 -67 253 153 348 84 -544 388 717 -805 499 815 -50 378 69 178 334 88 144 -299 -670 -298 -336 18 278 356 -317 528 -22 -689 798 379 248 540 -375 -330 323 218 -572 -409 316 137 129 -375 708 962 -731 -472 317 692 369 -600 -11 -1592 84 -140 438 -71 569 -809 
175 150 -544 77 -234 687 1397 -997 555 -28 -46 -115 508 191 150 -466 413 462 142 -932 60 -481 626 -23 -140 -6 117 255 -41 -239 518 145 871 -479 959 74 -168 -518 -762 -286 -860 419 614 -982 36 326 304 157 -3 -258 -133 -254 -770 -445 112 867 172 -1066 -283 45 -240 -839 856 -326 -105 -880 -1187 956 952 -172 -403 -564 -261 -802 -164 92 -781 695 -766 -1190 -636 -1303 1164 -895 144 537 546 140 -146 574 21 672 256 669 -225 454 -551 -122 -140 -954 596 -1300 523 -955 -391 855 508 114 -375 268 499 -652 345 302 696 -892 486 299 -43 -88 -708 -903 -1126 -342 -74 -629 444 -230 -378 600 -205 94 -283 -459 1535 -49 277 284 -375 -660 682 354 -62 -108 -173 -154 -754 325 -202 -239 468 -258 -1875 -273 -738 778 912 -29 434 -877 -781 -550 1533 249 280 1023 -482 319 369 -710 -374 -1027 -607 382 247 -542 85 68 -1091 -963 -915 224 2 -246 -672 479 -69 -277 -915 797 139 60 -631 -377 -162 -693 -794 -149 -847 -802 -1023 484 -284 828 -361 94 23 414 530 -30 680 1081 24 1151 915 119 -857 -561 -95 374 389 364 357 -299 -1525 195 875 1002 613 -102 -1077 -1170 -274 -511 -28 -369 596 139 118 -1079 816 -179 -728 198 613 -129 864 -692 242 -1203 -397 253 -741 812 241 -21 
-680 519 -84 -332 -204 -270 -286 68 -278 -175 -6 -97 803 -110 132 -51 -901 50 -950 -778 169 658 292 493 216 -34 488 -864 882 499 87 -785 -720 142 400 -1381 -97 443 -1276 389 1145 -831 838 -184 954 604 -150 -1238 109 -310 231 469 142 -898 -700 -118 -965 394 1052 -285 276 428 667 844 326 -341 578 10 225 304 388 -173 58 591 842 -1002 -497 -44 -120 -299 460 -1476 -917 465 -717 -248 -126 1270 -416 555 247 -635 386 -507 -395 200 -517 -687 771 432 -59 -12 410 698 -332 -134 191 -5 -466 -462 0 -766 -1210 219 267 -289 90 -661 1554 112 1196 243 886 502 -381 839 368 551 -555 810 -114 847 1409 307 200 3 563 250 1097 -714 693 -758 938 423 -258 -114 194 101 586 323 -131 -1276 -251 209 138 -11 914 -542 127 -921 446 470 -147 -745 310 54 1321 -942 344 260 552 431 489 23 100 116 -1325 -70 -222 -200 -324 -699 1432 126 629 439 -591 -113 21 -720 -164 1075 530 -362 1687 170 945 -678 -184 275 684 -622 286 648 930 322 24 -196 -64 -696 -1023 590 -469 -29 265 736 472 -83 -1008 23 479 -202 -68 54 892 912 545 -400 267 -497 247 -765 -672 -472 -333 0 236 -927 78 -316 -296 1081 -540 -625 54 -617 64 -421 134 -269 641 -123 179 -55 -1473 839 
-181 312 1000 523 -1100 799 1049 -963 -19 -1147 -634 -251 -85 -10 853 49 59 198 616 -420 -200 -355 356 -66 -208 715 -40 -141 -659 -39 756 -760 231 605 892 -509 447 -1553 -415 106 -120 979 -7 -317 -470 -156 -53 85 -20 309 682 -620 374 -143 -255 -315 -1081 312 324 409 -264 -654 -424 -534 -130 -637 48 -423 -140 -503 433 -325 159 -868 634 -128 849 -70 68 -31 -183 -1749 -129 526 -370 -1344 136 748 693 -7 -588 -570 -681 616 916 719 914 193 458 -868 1338 337 -821 -105 -702 -46 -970 779 -68 599 -230 -884 -223 248 32 -172 157 743 737 -111 -258 500 710 -197 -984 80 466 219 -50 210 188 431 598 -1029 721 775 671 343 400 -139 169 -543 1510 834 -764 846 -1258 -185 357 359 -111 1056 284 864 65 96 232 -121 -574 -646 548 -72 222 -550 -251 438 1782 784 -64 -63 -463 -661 -108 676 359 -102 1146 14 274 607 -354 -903 292 640 -63 296 117 -816 330 865 34 181 -617 160 749 -247 -480 244 -215 -654 349 -418 62 -140 26 -369 -549 206 -684 117 775 505 173 261 -160 -954 -114 701 1145 570 321 -197 852 -400 -512 257 441 -76 469 -135 -408 -420 -148 -800 82 692 318 -750 -1005 307 127 -752 -1048 60 36 -389 594 -301 -4 -87 -677 141 -1041 294 156 -1620 
-306 765 141 -639 977 638 -291 696 137 247 -128 -351 312 344 -390 -411 -250 236 -734 154 135 -920 1445 412 195 -271 -98 291 282 -854 -519 1019 209 -919 -157 583 -451 588 1257 -371 -1400 -412 1144 -346 203 549 -333 432 543 537 -786 -158 -106 291 -429 10 154 61 322 -677 458 468 887 295 -569 -34 893 124 259 -830 -1287 576 -440 607 16 -162 -848 -72 516 -462 178 648 454 428 826 619 896 583 154 -916 788 328 172 413 -131 -222 -1160 538 610 749 -164 729 380 -735 -1309 985 -513 -193 -866 532 215 563 271 -727 258 761 322 817 -635 370 681 -1480 -23 62 152 424 82 -919 276 -687 -1051 60 -250 183 352 534 -110 55 -496 218 -472 569 1165 -312 331 -736 -467 987 -102 -442 199 -216 -141 -263 -580 -201 -440 1235 729 -465 -426 -19 -354 -257 -561 175 -528 185 -339 -3 124 -126 1175 -372 -276 -567 -218 -558 -183 1416 223 675 25 86 22 109 -930 887 -678 -1088 106 203 84 627 -626 312 972 89 -42 -78 316 837 332 708 168 113 655 1106 591 -203 362 -414 608 469 341 -186 754 32 138 1045 43 1211 -778 -1108 68 273 -563 430 655 -950 -637 701 107 -542 -235 365 382 -872 421 -333 -105 221 2245 -224 153 -715 -656 155 507 38 -565 -4 662 -600 -939 -71 
839 1025 -621 94 -254 1388 315 59 1405 -312 -434 -8 204 -193 1314 -872 606 93 26 -572 -395 192 -345 313 -720 -319 -944 351 595 -1051 274 -15 997 579 -901 -216 1004 -1123 -879 -568 42 -614 447 -185 8 -32 0 -190 444 -242 1252 342 1439 -167 -38 560 144 -293 319 28 19 109 633 -507 -365 144 -766 455 663 -762 -491 396 95 -510 -356 684 -91 105 -211 971 -505 -314 -226 45 -177 -212 1125 593 -700 474 536 18 976 -1221 400 -669 -943 -599 -353 -347 179 -836 231 253 133 951 927 244 1144 -49 -495 509 554 103 -819 49 -406 557 -282 -1675 -389 -166 -992 781 238 -1412 -47 -195 991 -968 -470 -812 336 824 64 -742 -7 32 -204 -178 -321 -210 291 230 -82 125 -407 860 -30 -303 786 -803 1003 -115 -695 487 78 -153 112 217 -737 -643 391 34 867 112 -897 -449 -960 -1048 104 48 894 1435 101 213 498 -904 -534 961 687 44 -674 693 267 102 264 892 -348 -529 -638 -553 -187 1671 -702 -123 -658 295 720 349 -427 230 503 2100 -213 241 -561 238 828 -125 -598 -215 -66 -297 -696 406 -1187 -123 876 -624 -775 -828 -599 289 890 285 -233 -843 576 -389 -483 -63 566 -490 -282 624 2 -590 -660 -803 752 723 497 -155 173 -87 -222 523 417 -89 -1039 -245 565 -210 507 750 
-687 151 -846 46 -655 -672 -548 92 -149 -796 -849 565 445 14 -542 -266 93 93 -631 -306 844 -415 -294 4 238 -21 -538 670 322 408 -77 -461 260 -1730 368 -257 -579 11 -112 -98 800 0 -322 686 665 640 1030 -836 146 -125 -757 360 -1243 712 742 -88 -161 864 -346 74 71 344 758 943 15 -161 267 -339 -1109 1023 16 -441 1154 330 -96 -469 -22 825 -673 328 -409 -82 -30 -552 -224 -547 661 122 244 557 -408 -389 205 40 1058 167 -437 -40 -486 400 492 417 126 -362 -606 -796 -953 -323 1038 -428 476 1072 -129 -492 -609 345 658 -755 380 -889 678 -186 -589 214 -986 98 136 308 -371 588 166 349 -265 1002 -1023 303 -510 686 -95 -149 -232 -412 -776 293 -225 -197 516 -103 331 -751 -387 -806 134 -113 257 303 921 542 344 577 -39 -34 -148 -1020 -137 -372 496 115 -375 -298 527 533 574 -68 265 -934 -228 756 -114 -441 -21 167 -594 836 -821 -1140 15 393 -205 -199 -888 -150 282 -13 -163 -167 952 740 234 -403 1022 142 510 1 -1122 -116 108 308 -1079 -1068 273 -395 -764 215 249 -353 1034 -108 -337 -806 342 577 580 464 380 -40 -479 -235 -318 -77 -98 -464 82 -954 -484 -1058 549 679 -1146 107 -864 -134 576 -118 -831 -168 -166 -266 -484 516 -51 -454 393 -721 1175 -39 
-475 -203 374 -1248 148 -604 -566 978 552 433 -237 1102 69 -909 -148 694 -727 -319 688 255 61 46 152 -1100 -117 1489 -753 -475 -30 659 595 465 -461 1132 -98 1127 -789 358 92 1015 460 3 -91 8 -655 647 -805 275 -596 1238 -367 -1177 308 116 116 63 -334 -425 297 -1064 -1424 -813 -724 48 -300 -192 -261 214 -128 768 266 -168 -979 1171 -2 -892 -241 90 965 530 -168 1044 -446 56 -664 187 -456 -170 -46 -515 -113 -486 -185 -48 -642 -533 -93 -391 -726 -306 -115 436 -545 416 931 -1010 -873 -38 -38 631 -1376 -332 120 145 -78 440 -715 -327 1001 485 -466 628 -615 -705 -654 -158 -705 -92 854 443 119 628 783 -618 175 72 402 290 -276 679 -756 -165 -269 -225 324 286 -108 879 -138 252 -398 6 586 492 186 -385 192 -138 128 -596 -756 221 155 -768 -273 322 902 -74 -887 415 219 335 158 371 -390 -921 498 214 1605 -183 -315 23 190 68 -891 -257 -863 213 -155 -49 741 724 905 950 211 444 -307 -250 -605 -844 179 232 -357 -50 -1348 -441 -1374 489 -262 707 565 511 188 114 912 143 -531 568 35 -1414 -58 679 545 -407 -100 682 453 414 -143 629 1276 363 323 693 626 504 -1292 78 1204 649 -646 -615 -266 -513 -493 120 -399 -594 368 488 632 1020 -159 -675 -162 -701 
191 130 387 712 1408 -117 754 644 -11 644 73 -281 -509 -119 -641 -1165 -130 93 221 -386 1031 559 322 338 -56 1225 -235 65 -313 319 241 -484 495 -501 57 -297 -201 -1074 -625 -203 789 106 -1131 260 351 51 839 278 -435 157 795 -336 -660 1073 -484 -303 -618 451 -647 660 -608 1084 -522 949 741 -107 -97 109 -438 895 -1106 -475 843 403 83 -198 555 -481 -71 262 -593 96 -959 -182 342 -1278 -78 -388 -244 846 9 -104 -278 -107 988 -774 -430 13 -677 645 -316 450 25 1350 -1217 -643 -542 459 129 214 -515 -628 37 -306 -86 125 -645 -855 178 456 -1210 270 222 -661 217 -562 724 -203 -126 -352 -64 638 255 443 163 -632 115 881 541 539 -441 -368 404 855 -115 177 -385 33 -638 130 117 1009 1069 446 -232 -1342 -417 726 -403 -602 637 -99 -102 974 -8 -169 11 224 405 -166 682 -1259 -742 -119 -511 -510 727 164 -377 70 -113 -732 -176 544 -438 266 357 538 523 231 -733 -803 126 169 -280 -684 120 -89 -208 837 113 -140 17 1034 809 464 -945 -211 315 -158 520 259 231 -675 51 313 -1106 -257 740 -382 -679 -22 -501 306 96 -519 20 573 280 -448 243 -255 739 -393 -422 -23 -249 -873 -1895 123 -786 378 -575 -61 636 -508 -1358 162 -30 389 -367 -40 304 -39 -950 -496 
597 -830 -915 459 97 -759 696 -55 -995 1024 430 -1219 141 -760 1158 -541 -1281 494 -1110 641 -569 -1012 779 132 -403 926 1502 -420 -655 1276 412 -116 -306 -544 -46 147 258 522 -507 -81 356 168 -597 -1001 183 229 -46 -1040 169 380 -737 548 -450 688 89 -756 753 -757 -485 1325 -418 515 -340 -130 293 146 -481 -1061 -554 987 -841 -1488 800 425 607 892 -41 -862 725 534 1333 731 -1040 297 531 334 -346 548 -119 133 -108 -578 -187 538 -161 -1394 1047 -425 -3 189 -440 282 723 846 541 -746 668 -184 542 191 710 -689 1016 -366 282 -339 260 -1093 -22 1264 -726 278 461 354 580 245 169 -79 641 399 332 -93 -664 193 -1532 -559 -1635 456 404 393 479 -736 -161 -244 145 697 -127 -658 353 524 523 -265 208 1110 -160 -752 959 -654 363 176 -344 939 140 77 -472 502 71 366 616 669 -778 -157 -463 -1750 -674 -339 -47 1589 849 141 109 494 -275 704 -87 -78 -347 756 660 -288 -165 -1130 479 512 -244 -429 225 -158 -244 1600 1197 -142 207 -909 406 -1298 -233 256 750 335 -301 163 -235 350 -35 -304 -676 -158 919 -207 -1009 421 1053 81 127 -498 225 -39 85 458 657 298 858 1199 -568 -261 -659 -523 -547 455 301 -196 -424 670 919 237 -92 -620 316 -120 356 -711 580 478 -405 269 
409 195 -383 197 -100 597 -281 -586 -129 -398 -459 -485 123 -126 -463 1161 19 5 -487 536 222 -651 9 199 298 -708 -1437 -144 106 102 943 36 -621 -420 222 -834 380 174 353 464 -23 -952 174 487 -439 301 -44 355 407 -709 988 42 -96 1161 -301 -1633 -380 85 -119 355 561 -142 252 -543 779 -134 489 132 381 -738 -601 268 966 -438 -441 774 -91 318 193 34 -151 -639 -733 487 -581 613 467 697 -87 -861 599 1605 -888 226 -100 827 -1024 -723 358 500 84 -733 -619 1103 17 33 16 -804 -495 948 -78 899 -206 244 1062 -22 -406 -880 -293 -952 110 160 -439 -1283 327 113 4 68 518 -379 159 132 -830 1661 147 512 436 -192 1069 425 -462 -513 191 494 -682 160 -635 -429 896 431 767 -43 576 381 -519 -504 -748 -484 142 -519 233 361 127 934 -320 716 -478 1063 -381 877 1069 -541 -301 -81 -123 -537 56 278 -614 -220 -202 -224 37 211 161 177 8 513 22 -14 -400 -256 630 -377 -714 560 224 -426 -65 624 -1078 -63 -630 -76 1555 733 141 964 638 -977 16 -928 981 -119 451 -150 776 214 400 1154 716 153 -510 -921 -81 312 -365 134 341 -212 -1158 397 94 -533 -394 -637 -741 -732 -1134 586 354 16 972 856 853 -297 -350 822 -538 179 -1053 369 81 -604 -378 -1936 
279 32 -547 -235 732 819 -742 -11 -118 -1339 57 -751 286 22 557 -399 92 -1054 550 -1546 308 35 254 231 -942 24 977 1094 404 46 -196 -317 37 -1431 110 -334 -458 39 596 -1794 -994 121 501 177 958 61 223 13 -70 127 -355 -621 177 -454 -967 897 -130 274 -865 321 373 -8 -217 805 -13 1502 364 85 350 682 -1235 1003 -144 -946 -383 -46 -70 -699 -352 -64 471 -868 -539 990 266 -836 734 270 -73 669 179 606 9 -383 367 947 -363 -390 288 -566 168 409 -220 -409 3 1070 245 158 -245 -368 -510 375 -531 -1743 -108 -157 1027 -1155 488 -362 876 1064 956 392 46 217 70 -500 323 -437 -189 641 -13 -961 -360 -536 -19 -64 485 -460 227 -137 -659 43 -6 -297 302 -698 858 439 978 -291 -588 1764 49 -70 376 -627 -107 -549 -700 675 18 -475 98 -86 -482 606 293 -489 -413 151 304 -272 504 219 -843 1083 -936 126 609 -152 327 -25 1037 317 -182 -552 1174 849 -224 -63 335 -223 91 -271 235 87 -105 -139 -271 -345 -162 -658 904 594 45 -839 -375 732 -227 -166 617 182 -498 -151 265 136 193 580 -152 689 279 -849 -104 554 255 54 -73 -389 -919 329 107 -59 -677 -663 664 812 1627 604 573 -607 -481 664 -141 -173 -195 -907 -249 -177 -230 218 -338 172 28 -461 
902 -848 -85 725 1410 42 480 22 -631 -482 223 -1015 -224 1064 -240 -149 -123 59 93 617 -437 -107 452 1466 -158 -365 -520 596 -320 -90 -914 203 614 -1292 81 -1 663 4 -558 -618 242 -913 163 -265 1216 210 369 -644 468 -330 578 686 -454 -71 597 46 -141 12 819 827 -905 80 -479 1116 275 424 284 -360 -577 -58 -67 -573 608 -1223 65 82 323 -468 -459 55 971 -687 68 707 -225 -533 120 -1315 830 1750 -894 107 279 100 -97 981 150 -152 -737 45 -577 -18 306 -2046 -322 -263 771 210 -210 -9 11 -16 -86 -216 -69 184 954 -286 597 -297 -403 -743 -19 132 723 -453 7 -1 -539 344 -1272 74 386 -116 -130 -161 295 -800 -941 -103 -437 39 131 781 -612 -587 1547 -65 398 263 592 1101 -240 -370 541 -7 -223 534 -399 767 331 408 -347 -40 254 348 695 503 288 543 552 -724 119 43 435 18 1487 -210 -422 -238 -128 364 -233 -156 -898 -407 -569 649 -108 649 -277 -761 -320 -58 -262 341 195 -1052 845 -642 43 144 149 -209 -531 53 -380 585 -609 634 -210 -72 450 666 -107 63 47 1092 -502 583 -182 496 -244 -8 -902 -582 -302 -591 -92 74 -597 -74 -16 497 -133 97 -243 -108 551 85 -140 253 592 -702 154 -449 -231 -20 890 -494 -217 608 616 -27 -501 104 
-504 378 -677 550 -418 -490 125 -91 105 -1603 -389 239 980 1136 824 115 -713 108 -499 -284 -99 -305 750 -143 52 -1060 642 -135 -298 -367 79 -298 279 291 966 -630 118 547 -734 -843 87 -769 158 585 -226 318 -238 -255 -166 553 -62 347 969 367 193 520 589 -269 95 -397 -95 -1014 236 108 -208 22 -1192 -6 -191 -52 -339 1029 259 -933 -9 -1424 180 22 1134 -155 -55 -753 282 1729 -564 557 -225 -213 -522 155 -473 -962 -49 132 -1101 153 564 -886 541 499 -544 -1028 645 495 662 -19 65 198 492 -264 -93 -518 -1143 -166 147 -253 492 561 -802 -949 -281 469 135 505 -914 262 129 -325 16 427 304 51 191 662 -385 1300 674 370 412 -601 -258 365 719 -76 154 -485 591 306 806 -558 423 483 -719 -184 136 -264 -367 -361 -666 302 -216 -340 361 153 -949 306 -760 -230 -393 154 133 -365 65 182 -222 -1040 426 911 -98 12 -576 568 76 344 -1326 -10 -120 340 -251 445 -297 -54 -935 747 -80 46 -518 -69 295 1083 -307 -766 233 -736 -416 -668 -402 52 -892 887 -752 -1001 820 281 -99 488 1196 -151 118 -45 -23 -894 -146 -386 -386 301 -140 -881 210 420 -371 78 746 1089 505 831 907 -526 875 -330 -547 -291 1628 551 -1083 -660 43 -309 76 -278 487 1126 -772 130 -230 504 
-68 -410 181 -337 361 -229 -197 -98 498 61 488 -211 638 -676 -747 -371 329 -432 -418 165 260 186 -1419 723 263 54 1181 -610 775 -157 -241 -509 -131 -1238 1129 -598 87 159 -393 70 -16 58 322 334 950 -750 -831 12 -312 -410 -766 -478 -126 -383 580 -273 18 331 -421 164 -751 -632 593 -29 371 1435 1458 -431 -778 931 -226 -1045 -454 845 654 -256 340 604 656 1476 -832 -1152 -500 -336 -776 525 -273 -32 237 -1 -519 -728 -1217 384 -336 -188 -492 -674 710 -413 -125 418 -26 939 538 -857 -670 -369 1031 608 -30 996 278 79 909 -248 273 5 460 176 1145 390 328 303 241 -510 -412 681 -1400 243 -129 678 684 -347 -830 488 162 693 1678 501 619 218 -886 -1119 -240 228 -410 135 -1007 123 -542 -828 -84 -85 -460 338 -890 597 50 781 246 -381 -745 665 217 -101 -543 506 -273 910 -722 561 -1058 723 1299 1322 176 1170 486 -566 -1056 -874 579 255 97 110 65 463 292 -523 -720 -852 980 -451 -93 132 -353 675 45 1162 -111 -221 -132 -101 685 332 468 430 -567 343 293 -728 -293 -1155 -1478 774 408 -249 -26 -218 -8 196 38 988 36 -33 179 631 227 -96 102 -224 485 175 225 -687 442 -162 -38 61 -935 -71 -49 699 -787 180 -372 623 -1071 -17 -43 -572 -118 -420 105 7 
-233 912 -1427 -92 -773 -220 203 87 -137 249 144 1100 -516 -86 -288 1236 473 243 -26 -316 -402 851 -403 -243 -354 75 -217 -766 1270 -1771 -556 688 -1111 318 -136 -207 -886 -422 471 -103 -707 -420 94 -676 -1246 -257 19 249 -494 676 843 -450 703 -170 -165 760 -482 395 -658 -1149 129 -338 561 -460 434 -360 -454 510 229 -449 63 -191 -639 327 429 -175 1211 76 -378 -371 -59 -533 -79 660 3 -480 -681 736 -192 642 -68 167 -1057 137 513 398 415 -43 -619 -336 228 673 -108 -1073 -356 434 -596 253 -72 239 203 -611 568 284 -333 315 288 -745 424 -933 -595 -608 274 -1196 -999 -198 324 804 -522 -207 236 -536 27 -747 186 -404 1172 -793 842 -223 365 -452 -374 457 -231 -290 239 47 -905 -1048 294 -512 342 414 -964 1125 -417 92 -577 -913 -265 -932 -332 104 -347 -371 355 -396 -345 -550 285 -1269 251 415 -28 9 13 -478 525 238 -382 -269 961 -810 -182 525 1068 -688 -355 1055 -183 372 -601 378 -510 -540 -816 553 -594 -165 365 -98 1586 15 90 434 -913 -745 571 -330 -529 -996 -168 345 -419 -167 69 590 510 -128 -1166 -1415 -1085 -977 -496 409 -570 -123 556 -229 137 -381 637 439 121 -555 -537 195 1404 93 519 259 235 -232 -649 239 511 -236 -233 -69 88 1421 -209 179 -3 -341 
-127 334 -56 878 -533 37 -192 -407 962 -442 720 -916 -321 524 -277 -6 165 663 121 -312 713 1048 -463 41 -211 162 -367 -214 -155 34 -1074 631 -695 181 187 360 -52 -994 -685 26 -687 318 -90 137 419 706 -67 -668 -128 -4 -932 -352 -388 551 59 465 -219 567 -302 -194 630 -388 -301 96 -76 1260 218 -841 -366 302 779 -566 -40 -397 210 -435 -233 -180 -353 503 65 -468 -238 79 406 -780 -486 172 -627 1012 -488 41 115 -497 1706 2052 411 -686 751 -346 168 -57 1479 -152 1254 -623 163 -641 261 35 1246 171 863 -629 -368 100 320 -101 54 77 686 522 -185 405 -665 -579 -174 -789 -134 -1408 587 587 -46 380 -163 351 182 -899 -281 343 394 -1295 52 -168 -400 -823 805 476 472 433 -80 685 958 497 -81 -621 228 -175 22 283 39 1127 36 438 302 264 275 153 178 -346 -451 -437 467 988 -107 -742 456 425 -3 177 361 348 -45 983 -40 895 195 -140 181 404 -137 -231 -563 459 -267 113 -69 -390 -703 185 -309 -235 467 86 949 -455 79 -321 124 362 -135 590 117 171 1138 -1274 -859 452 566 -563 637 101 73 344 70 -547 288 193 -461 45 606 -740 -75 -265 33 873 -1498 78 316 599 173 -1554 337 -806 463 333 1061 216 -215 277 -42 491 437 701 475 -489 
-243 436 -717 -1241 -695 686 385 -317 -241 32 572 397 -691 -1094 -335 1164 503 292 1883 -279 -1180 -548 316 -570 438 -129 114 -366 884 -280 612 748 262 -335 398 328 -1025 485 -3 -170 -251 -809 422 -129 -433 -84 536 356 -599 -627 -295 -28 -726 -873 -407 520 -415 247 1147 -660 -583 -625 873 -163 477 -87 -453 1301 557 -752 -782 613 63 766 -428 134 -630 -371 10 456 -196 611 902 -380 -179 643 -722 642 1185 355 -210 -569 36 545 -533 398 548 -676 415 -131 312 -241 67 -1780 -624 -37 94 607 -590 48 18 1113 39 17 717 -450 15 701 393 614 -660 -246 -730 -273 230 868 -12 -174 302 -457 -52 450 -716 -361 -538 812 521 254 -790 822 136 502 326 -619 824 -244 -327 94 -955 368 -1361 201 -969 -472 -479 735 -674 1051 908 -331 -1708 -464 -1335 -24 863 130 -733 7 332 610 -357 -564 984 285 -224 -570 -229 -519 5 -179 -1830 -567 180 -590 -65 -56 277 755 -456 -634 -805 -270 -565 -96 -541 759 21 307 224 -819 -69 -464 679 267 56 584 -104 696 -444 32 690 -598 322 -228 -334 371 -568 770 -209 461 -1090 175 -350 644 -174 408 242 345 639 -276 -160 -316 866 55 -197 761 301 631 -286 -33 565 320 -126 198 513 -48 90 413 -137 -835 -240 -503 66 374 416 366 
-494 279 713 -555 -214 -1536 -214 -468 239 -296 899 -472 -392 -199 169 320 -165 -1 384 -499 601 420 158 279 51 580 604 -524 40 -793 4 -286 -868 -192 -83 -555 -314 979 -604 -474 420 613 -417 -507 790 1763 180 535 309 659 -248 -277 1204 -7 155 -223 -90 -807 191 -590 993 -100 525 -49 317 -157 -92 192 1021 46 372 1256 -136 860 813 -1026 -444 -951 599 -15 -1315 159 229 -202 -421 1016 -8 422 -391 -34 433 273 -349 325 673 -314 -209 -385 -517 -59 348 -468 -113 1388 147 264 -225 -191 77 302 -84 -43 -249 207 -322 -156 -471 680 -114 196 -441 199 -54 -30 -289 16 90 725 -204 202 -838 -631 -57 180 889 485 -21 265 241 -381 13 259 1592 -231 738 665 -163 1052 -672 482 -916 -1293 -1088 943 325 110 -1181 372 -766 182 1008 122 -381 -30 104 29 15 781 -410 -1324 837 225 -1578 -465 473 497 -650 359 -54 -462 1182 -272 412 -424 120 241 752 -202 -344 100 407 480 1471 26 -40 309 -465 -205 265 57 133 114 -731 301 -512 8 180 283 -654 40 -283 -396 926 -1248 -397 1313 905 -428 -673 -487 161 686 -2 113 161 -736 -292 -415 1452 -762 -1176 565 -102 540 291 535 -306 -452 -8 225 -408 -557 -368 923 -710 -870 245 -799 -919 -82 510 348 82 -77 111 468 
-995 -389 499 252 -32 -137 -81 722 -60 35 -78 942 -456 85 -745 817 872 -337 521 -556 635 -181 50 -85 200 547 -1211 290 360 -1691 -494 14 -465 -1002 -571 91 -467 -248 1710 -393 -1178 -93 879 -757 -940 -630 -10 165 272 -301 350 305 359 -24 -506 -310 -87 763 -452 -103 492 -520 -733 540 -41 964 56 -239 -35 -162 -403 583 -314 -334 -74 -623 569 371 -563 499 -130 528 -1190 562 -425 -35 723 -566 637 103 441 520 311 -1290 345 -291 276 -388 -8 -674 514 -559 -772 -892 696 154 664 -1222 -910 -1075 830 -79 1040 327 -509 -282 -318 630 -150 -99 -38 529 494 90 -287 -591 -167 12 -61 -750 -361 -121 80 -558 869 138 -136 261 -222 -290 -94 -1023 -154 946 259 366 838 -1020 580 -465 -102 698 -178 382 -800 -45 -284 -2178 255 -849 609 -631 776 -499 -175 648 -38 166 236 -276 -433 -237 139 673 361 598 845 -444 487 -70 970 -372 -840 -552 -274 -112 449 204 -20 701 1281 351 280 471 -291 293 -741 13 -49 111 -1292 -1082 -373 743 -404 471 -1283 -850 -822 -142 -820 890 316 -366 -567 -566 203 -347 655 37 -840 56 -718 1155 218 466 -29 104 -242 -132 -181 483 -20 -370 -365 -220 -480 252 -167 152 141 195 -8 -68 -852 136 781 484 1496 -309 -574 79 -669 -31 263 -576 
464 -278 -306 -803 132 230 81 594 187 209 66 -99 846 135 271 337 -448 -1133 -869 82 -727 -281 -690 -245 -452 -1030 642 -1005 145 1314 -575 104 -75 -529 219 -828 834 -163 669 692 758 449 1015 165 460 -222 -763 -1328 -194 -822 -575 -321 184 546 -211 -127 -919 206 57 1070 -1051 -72 298 26 -110 1633 214 484 356 384 271 -482 239 -409 -393 -92 554 915 721 262 710 -26 -322 -57 -944 -136 -454 -288 308 495 1177 -359 183 -994 -248 542 -184 -205 -118 506 68 133 -661 846 668 1059 146 172 45 55 411 -537 -1502 -423 -39 1284 205 -1354 530 268 -143 -330 -332 887 376 370 -523 -156 -1519 -251 154 112 619 602 -511 -1039 -100 467 -63 6 151 -454 -109 331 155 1035 -270 -905 78 251 -210 -1066 208 -813 20 -1227 237 -706 -510 -707 -87 706 330 -905 -663 719 751 -280 -690 -711 -30 -49 -572 -350 502 805 -743 -404 18 632 -586 27 -850 192 -577 -489 -466 -876 67 517 -252 207 502 186 317 185 70 406 -190 1039 -517 777 -871 -292 -492 465 -379 102 -266 983 -647 -62 588 -146 484 -126 -114 -302 -68 319 -515 246 598 -359 633 703 -189 -598 -651 764 363 -184 -617 -156 73 125 561 275 112 737 328 -288 402 118 -24 245 209 -1401 -355 -628 -401 331 241 -742 -713 -1167 
562 -1089 -132 -724 -480 345 61 1011 -399 -236 151 -1654 150 -595 -223 -669 324 -210 301 47 859 -1218 815 493 -613 395 -3 411 -405 523 -387 -281 627 -880 -346 -589 -1407 -131 -127 -513 102 -60 -1575 -535 1191 136 715 -83 -75 -869 386 119 -252 -62 -510 -121 327 479 118 -364 60 -608 -288 -239 1314 788 -345 -1173 546 -18 -658 606 -713 -542 105 -82 742 -84 -653 498 -248 -117 -508 -515 -463 -923 519 -696 322 698 -570 95 -427 100 -865 -254 -223 -620 -533 1735 998 111 255 257 -695 -634 74 -469 203 -1028 -357 -645 342 -58 44 159 -402 -341 116 -138 -151 -251 -655 -20 -223 326 560 764 -119 -591 -1105 1085 -229 -529 -288 -576 -279 455 -1294 -1232 -591 373 1217 521 -601 765 178 -501 649 -146 -231 979 318 495 735 -384 -875 -590 -436 -288 549 -389 653 452 -1414 129 705 1699 1305 -1317 -437 -294 -190 -417 368 -862 1035 -576 -918 250 278 -857 863 633 1097 360 475 -585 -110 1282 -420 -1833 -67 -411 -1269 -734 -1237 435 -193 -524 762 -929 -766 54 1274 -526 -235 -1308 224 -284 -939 751 436 1085 -587 -611 -815 -644 -457 -161 -1162 488 22 832 -547 -257 705 -550 -918 264 -524 197 64 769 39 -1391 -117 -1344 -778 112 -265 -313 -1381 480 471 -287 -384 13 -449 -624 253 -225 -75 437 -76 -291 
129 752 104 -1330 -241 -69 155 -636 653 -438 -211 192 -1050 -789 491 749 -668 -563 169 388 -812 381 -57 -274 356 -414 -868 -246 -842 770 -101 -280 776 -62 23 130 -406 -1027 582 65 -895 495 249 -1441 -39 54 439 -313 1182 -20 -34 466 -296 -373 931 -461 -271 -240 1369 1114 254 617 300 413 510 -1742 -1167 -760 -489 67 -136 -856 119 -364 -372 -101 -67 869 -22 -43 -765 -531 395 -641 -368 -615 237 -244 -363 94 -868 -189 -483 -482 729 122 -160 370 126 -47 834 250 -832 -483 152 273 498 -51 314 997 -284 -399 -26 370 512 141 -153 -256 387 82 134 -140 354 -72 311 -337 -1259 -140 -114 -161 19 58 -662 704 157 36 -224 -572 136 933 -535 112 1986 391 1150 -271 -608 -269 233 -28 -403 114 -149 -1071 54 882 -712 -123 749 -617 -951 -143 206 -583 -867 1715 -1394 716 191 -274 342 -573 -1049 248 584 858 209 -880 1594 -1272 -681 -91 -667 156 785 379 719 -270 -368 300 364 -1030 -189 -49 -701 -241 -261 133 -53 189 590 -8 -535 918 -65 723 162 -225 373 314 -831 217 267 851 1048 176 239 243 -202 -376 -263 319 1420 -230 -1092 430 181 -788 -158 47 -932 764 1427 -1050 465 -1361 -28 -1155 79 1113 -175 790 -246 -1113 63 -132 -584 -1007 1524 -647 -43 239 -11 -1214 177 -643 
273 473 553 453 -95 -13 569 37 834 294 -1219 -165 125 1189 572 24 598 833 251 -1033 -630 -314 -480 -695 596 -75 112 -541 321 -568 79 278 -781 -443 -397 279 -163 566 952 -215 89 -485 -260 -434 -8 816 456 -695 -16 -443 494 45 -512 -432 23 581 -1502 -770 944 -703 272 -1350 1255 -168 -209 485 840 -391 322 9 -926 6 81 925 216 58 200 -773 585 268 -1230 -676 -1390 163 -413 -1057 -105 244 398 276 686 -493 148 548 -128 -350 -200 414 -1115 608 -378 -557 521 431 1452 195 -296 231 738 641 -664 -279 257 -705 -20 605 -809 -12 -301 965 478 425 233 -263 479 286 980 -358 333 174 -381 -925 1084 -1 -102 484 -170 665 -335 -338 -58 -166 -499 531 -600 603 -494 178 327 631 -725 -76 -909 -494 409 531 854 236 486 -54 580 493 -956 -174 720 -601 239 362 318 -446 -877 -129 -475 484 -874 -277 501 1152 180 702 -1624 -540 502 -685 276 174 -452 -84 -441 -844 -1275 -259 -397 -671 781 1175 404 -1513 1324 -787 846 -74 1395 -748 -324 -226 693 282 1152 -450 228 -1596 1315 -55 -732 -288 478 -232 615 -464 -368 1721 -302 -1086 593 -951 -24 -118 -61 422 -821 -163 73 881 -1480 1013 410 -526 -175 -677 45 1 1028 774 109 -31 -205 459 -466 -510 384 -581 -410 -79 -296 -213 
-518 141 1179 566 -691 -727 -1243 279 -1585 -275 -407 414 -1159 203 11 1450 -609 -315 1123 790 -826 -24 51 -1314 -1343 -951 -406 357 214 384 -1245 169 -311 -566 -78 214 -522 309 318 -698 -816 584 -99 404 253 46 420 -590 565 -597 -379 76 -1505 -791 -107 406 -704 179 87 135 749 -1522 -1481 800 21 609 -956 -301 557 306 300 -128 -463 947 96 -495 501 143 675 -908 1708 585 -265 353 -405 -929 127 252 432 823 -2013 30 -92 1252 691 1550 1830 -292 -78 -340 -303 256 -80 -1 356 1019 667 -29 426 -323 448 -537 315 1008 250 373 62 -480 859 421 -771 -137 734 -1065 -482 344 823 270 -7 280 1970 37 167 -1295 -270 -569 159 654 -641 385 -682 -801 -272 825 -1352 -335 474 -576 70 333 -309 477 326 473 930 889 615 -228 304 -258 857 722 -77 -540 226 742 -354 399 566 350 -243 893 -465 432 -670 181 -474 239 1487 -771 -998 -154 1514 -668 -98 -191 -202 285 1255 571 256 -771 143 280 210 137 96 -293 41 14 230 -102 85 -209 248 136 -954 490 -568 453 926 936 -244 108 128 -305 -101 194 -635 963 -518 -159 307 -606 -705 6 229 918 -394 73 446 -312 -30 -644 186 934 36 751 269 -98 -375 452 -226 790 572 -311 160 -288 685 495 1153 14 -923 224 108 -550 
681 -322 -103 -300 -466 17 -423 983 903 274 -840 333 -1108 74 636 873 413 362 275 -63 -347 455 -126 60 -462 -411 -398 -553 153 -451 -73 148 438 814 -37 973 -52 -296 943 19 370 242 -713 -62 520 -873 -27 -316 -636 -694 952 516 -174 362 -175 117 -688 -186 -197 177 98 -179 -951 -384 360 69 278 117 236 45 1180 696 -724 545 -136 294 487 -113 43 -72 516 -162 -872 735 -218 140 186 -594 -42 -152 294 -1162 147 -190 -304 242 -389 238 -1411 -497 673 853 -282 309 -329 -682 -185 136 -307 980 578 -65 -779 263 793 710 1024 -810 655 110 -213 -193 463 -671 -119 841 -1113 411 -303 -2 978 -412 -208 -56 662 -1137 -140 1287 -633 1227 -297 -655 -279 -231 -50 626 -65 199 176 29 -222 -552 692 -1145 -1374 -381 167 -351 445 -536 79 -391 -811 -396 -693 -93 262 -468 -396 247 539 343 -5 722 -504 955 -854 143 -373 522 -577 -445 618 -243 495 325 -399 -747 1018 -51 -458 1410 -117 290 -241 -250 -34 -495 -237 -282 -737 783 -223 214 658 928 88 73 -707 -151 58 584 -625 -269 157 -304 -456 -828 972 573 123 -529 130 -1059 120 -376 -847 -146 -1400 -125 161 1525 -597 248 421 -78 372 -195 585 149 1317 790 386 222 -126 75 -311 -316 -352 -76 16 451 810 -191 -117 -6 
847 -258 -1193 48 175 286 -7 -11 -556 514 -291 957 482 516 -484 -400 -353 -280 135 785 33 -163 -111 666 545 -837 -256 -660 944 -206 -395 18 -329 -1251 426 434 -546 -326 48 74 -613 88 4 -780 -124 -471 67 -472 211 271 -225 709 -501 201 944 977 34 -165 -399 1008 -1114 -461 -720 -477 -153 273 -188 -119 892 -63 -795 -1022 236 -771 39 -309 -63 -51 -835 -18 -71 -284 -733 763 52 45 241 815 -844 147 180 296 -312 354 -1220 795 141 145 264 46 -25 188 623 131 -533 -626 -508 -352 -982 -585 -508 -339 412 1011 383 1580 400 55 341 -549 1294 62 46 -377 -260 -936 -529 262 455 -273 558 -678 -246 -743 -365 116 -200 590 1418 374 668 -1261 -510 633 185 178 474 685 746 111 638 -236 286 1071 -1056 1659 -480 -573 1185 -681 333 138 149 -1087 -17 -535 406 87 -505 69 496 131 -263 708 -344 -557 315 1162 -1302 -942 -726 -387 -100 -1032 -478 -10 -134 -254 -1101 819 -932 813 -73 -196 -409 364 -860 -173 444 475 -335 -1348 -30 432 159 -834 -1449 -501 -254 -292 89 237 -98 500 471 -855 -797 1014 69 -259 -469 -661 70 1473 -135 -658 1359 -482 -242 1015 644 60 -499 -94 -759 -111 -100 -354 479 543 427 -931 885 -22 -48 -318 -135 472 -1172 -714 -324 -393 -175 -1342 758 -47 
351 -597 92 -688 -363 -641 1160 -325 309 -158 430 -206 -118 -414 -334 -93 -917 938 148 -455 -438 -169 949 -1009 -330 95 442 1104 1134 -521 -482 -103 237 -596 464 682 664 -557 634 -640 -161 -89 636 -1191 457 30 685 159 -686 -898 -31 -700 581 912 130 -769 -367 1245 -998 -847 111 -393 283 564 -346 639 306 845 -165 605 7 385 -1076 -58 357 447 -292 363 -982 -572 963 -21 330 790 116 -574 -130 1489 273 -484 610 -451 146 36 156 981 -387 102 96 -254 -206 -395 -892 -300 -306 -523 -54 1009 7 -683 495 -715 -510 -772 -183 768 240 -400 173 -1124 71 -155 951 -55 -724 -29 1250 149 -1339 211 1039 -892 -420 -627 -684 158 1249 1072 303 704 1296 -775 570 -410 20 -1437 -750 462 465 -220 347 454 817 -1064 -622 -425 865 -599 -241 -357 197 711 -601 -318 639 109 -323 263 586 -194 380 676 152 549 265 -1157 317 -1191 658 239 958 275 -304 360 192 190 186 848 -485 552 817 -1172 1151 881 190 -126 -862 642 -44 34 355 -289 -344 286 -1306 -194 -270 683 457 -303 13 870 -1150 309 1 -715 -216 435 467 975 -208 480 -201 -157 -676 114 58 1077 -526 3 757 -591 190 25 -447 -38 834 92 -177 -249 653 1059 378 -605 198 1183 291 433 546 -169 86 -251 87 156 104 -334 
-74 -121 -43 408 224 399 -417 -256 -130 -753 -189 1173 -326 125 -272 -409 -234 -1205 756 799 -49 -116 -795 294 757 78 -454 143 -281 252 21 223 -413 942 -164 399 214 353 934 227 767 -748 383 1000 -500 650 21 1121 -710 126 952 -33 516 -557 -86 -318 -265 528 -83 -904 385 -59 -10 781 210 441 -255 133 184 180 -34 -143 824 286 949 221 367 -425 41 -570 -396 653 128 545 -573 1074 -289 693 -479 28 176 1254 756 15 -210 -905 -199 -225 49 -842 -312 -220 -944 -482 -339 39 166 217 77 992 -763 994 616 -513 438 -489 -858 -740 300 -654 639 -116 178 -354 1010 -816 -544 110 -82 614 696 -1449 196 237 -378 1257 -208 123 505 185 1280 110 -269 6 439 95 -356 -97 -427 -380 537 -219 311 1259 -349 586 81 -264 122 194 -329 -942 590 160 29 -171 23 -712 -631 632 261 -784 85 -1125 -539 -276 -1240 540 872 -304 44 -496 -1343 -468 492 79 240 -354 664 -654 -645 326 141 116 667 5 -627 1262 723 839 352 -81 -564 -474 -231 223 173 -200 279 -332 1423 291 210 166 -848 -150 359 -160 -339 -810 77 -697 -230 104 214 948 -138 -371 225 620 -188 -279 248 61 21 266 1041 179 -555 -149 -622 1084 -384 -272 -844 511 1832 204 772 625 105 -236 158 -243 -709 -789 
277 226 -815 284 309 -1012 -385 -1127 202 285 -780 688 -410 -184 673 555 538 -802 -154 112 174 308 -177 368 507 -802 777 352 -1466 -291 78 762 -330 794 -712 928 -640 879 6 187 -374 -731 -1476 -322 680 -341 146 -111 78 -791 -283 762 590 -392 9 143 906 -202 -455 245 379 245 -651 -259 -174 -314 -1533 -41 -314 680 543 -124 -44 245 -213 -742 -52 -133 -832 -157 -522 229 -177 -746 -937 -376 12 -502 -46 -298 -710 386 291 475 -712 -772 312 811 -135 124 -796 -270 -325 401 1125 -346 -562 -902 -380 821 317 241 -299 -249 -135 565 393 140 111 -163 -8 277 -805 -116 604 571 -666 -280 272 401 -282 -55 -776 451 -284 476 -1193 368 -88 188 -807 598 -702 825 279 -331 122 483 -76 -202 -408 -464 391 -307 150 457 -385 474 -83 284 -672 1036 -1441 -659 118 1312 76 -103 4 382 241 -32 -192 321 -589 282 -517 -548 -273 -1038 -147 423 -475 -776 -474 -344 145 -399 -774 -18 -481 -319 232 -764 -896 888 515 -485 -120 -480 -425 -991 75 486 -971 475 479 -618 20 -809 -542 -208 70 234 452 528 -290 232 -1267 -1060 184 173 48 496 -967 -23 55 -48 -434 202 162 352 20 125 -344 -167 66 -223 295 -248 87 232 7 411 283 -336 296 -87 -1132 -127 121 392 238 -364 -59 854 
636 595 703 -391 748 421 -524 -123 -311 -681 435 99 -329 -78 -1394 -484 634 -281 -210 -452 828 881 -374 -316 -205 1034 586 -391 -739 966 -1244 -162 165 -721 -1150 -141 -471 1350 -112 290 314 627 -1449 458 -434 812 -53 113 -369 304 829 -381 -141 -371 677 261 -68 44 -49 -7 332 -1009 -357 1275 -34 96 -1063 -828 243 398 1101 589 37 226 110 -447 280 -723 819 496 -528 -321 56 -568 -463 223 -119 -299 -127 -344 585 -46 509 -392 538 451 483 -264 -508 1020 -564 1113 -296 61 -419 -215 20 -284 573 -247 -350 600 196 -132 -415 -410 -837 -287 -580 -381 -582 341 42 -978 866 754 -302 -275 369 -782 -215 505 35 309 -320 922 419 -1248 71 1309 184 503 -443 775 -13 399 -410 674 8 156 -1247 1402 20 130 650 4 -599 810 -374 -593 95 70 -480 -502 -240 34 -80 466 60 983 840 17 -784 -439 48 377 385 192 -240 -888 101 357 -155 628 -286 211 -154 -731 244 -1324 -64 62 957 325 3 397 879 -96 -568 -1211 -24 -123 -298 -75 189 -448 -590 567 838 1223 -433 97 785 -667 -115 457 567 -73 942 -498 31 730 203 -363 -36 399 258 107 1142 1272 18 431 -991 -144 554 882 -959 -730 -51 -721 -443 -720 -454 -675 952 940 439 343 84 69 -212 -713 572 -973 -53 1150 
-492 -685 409 -588 -91 -183 -395 -1254 -1126 514 -403 461 -188 -506 -457 -190 -287 -61 -982 602 689 570 -943 -152 589 -662 1468 -848 999 -191 -129 675 -450 -76 82 -585 -507 -233 219 -47 81 670 903 -534 32 -322 199 -557 -656 225 258 43 -74 284 81 -42 -529 22 394 -801 -510 259 486 340 562 1336 -184 183 -983 -316 19 -573 777 1299 563 -929 -620 751 588 -344 399 -57 1212 682 -222 1015 227 -554 -689 453 -430 -1047 361 -544 425 1065 -469 22 715 38 -1349 301 671 -553 -219 8 -1038 2 9 -21 471 -682 -358 387 321 821 259 276 -64 -251 869 30 368 -1100 -860 169 -509 -89 -900 -353 1231 530 -721 -900 -1593 406 1570 -381 368 1232 1019 -1231 -600 -258 -185 -163 458 -257 647 -966 258 117 -622 -150 -1018 -32 351 162 -468 304 969 331 -58 -547 759 -714 976 565 -214 90 -328 855 661 104 301 -1502 773 32 -74 129 -171 542 431 -304 359 -275 537 977 -626 492 -338 -888 -97 -346 -92 -735 -11 100 52 -179 -792 167 466 -1426 -270 -847 -169 -9 -721 65 771 -311 -589 -897 79 -885 270 -348 -257 -129 779 -874 -224 198 233 -170 -985 596 -82 -704 509 -213 377 -240 207 -495 2 -52 -136 289 -1042 -1192 635 -322 343 520 218 815 -173 675 -346 1052 -68 -661 -975 -255 
227 -231 -51 -221 19 -142 -744 -374 816 200 333 -517 -338 -423 962 602 209 -334 109 385 -84 -93 -431 -481 -126 790 165 -384 -752 -854 -362 136 -336 404 330 -423 391 -2 318 347 226 -302 427 -362 326 -100 -249 -1198 234 207 735 6 -195 48 554 -298 1005 258 936 972 -146 -495 -126 220 538 -157 -59 211 -395 312 332 -330 260 -1017 -239 -749 582 -110 333 -1505 151 -398 -220 -373 371 576 -851 -1126 160 -117 32 46 -544 1781 -922 298 198 831 373 152 -598 16 -358 -869 679 -33 538 -94 -1121 -353 219 -218 154 -493 317 -705 768 -316 -853 -477 181 -367 4 -627 437 50 -85 206 -1012 231 752 154 727 655 -601 -681 1404 -477 634 364 -472 564 864 393 474 117 472 -137 -373 310 280 270 -613 411 -792 -41 -384 565 485 251 -180 180 -1219 114 381 248 23 473 -51 470 99 341 771 224 228 -673 718 -27 202 -161 -525 956 371 -22 -264 605 -305 -128 -275 138 246 -439 -677 470 81 -338 -26 -609 -581 -107 -275 484 -607 -937 593 1518 -640 -5 222 -366 26 -98 -214 30 186 -359 -374 -620 -72 422 -232 -810 209 146 343 -301 -37 328 300 -670 90 -138 -313 -1163 -23 86 346 221 702 343 -26 3 380 -1270 181 354 -487 -343 -273 559 92 -608 307 190 13 -764 
124 -476 894 -112 390 9 -726 12 -604 105 267 -11 336 -176 -1365 11 670 11 -450 -1003 574 371 289 181 -1331 -710 130 -805 1153 657 -833 462 1660 648 363 438 -836 762 1188 -392 -55 -529 -452 1587 -5 -411 869 613 -964 -410 615 -376 38 327 1286 -216 204 215 512 156 -12 -499 -62 -1026 -1075 689 -10 99 525 -136 -271 550 -181 -467 -282 536 -198 -67 -107 755 -43 -660 477 97 -364 -606 178 504 -410 -524 142 -287 134 411 523 1 -769 -457 -167 1205 -303 118 560 -507 -1176 1189 826 -908 -457 229 45 -72 -734 -1578 708 -1029 -398 -732 202 41 1293 -100 -267 15 -206 -345 657 -981 -58 -58 47 -763 -427 122 1257 265 -191 367 -123 144 -118 -750 8 27 705 579 1427 -449 957 880 165 -369 514 -21 -551 800 -661 -340 -115 -835 546 476 468 151 -941 485 -798 -763 813 -499 350 -705 -68 168 -1447 333 352 -173 -600 -543 -638 518 -9 307 122 -59 528 -1126 232 -17 286 229 -198 500 303 40 -875 832 -287 -57 -701 -168 326 416 349 -747 126 -41 424 322 -676 -93 -432 378 883 -1321 -37 -54 33 1140 -335 105 537 -835 286 405 409 -243 1 -19 -324 182 26 491 -105 -457 26 184 740 -545 422 -81 463 -127 -24 910 133 879 -193 -218 -289 453 168 -755 289 141 
248 594 -546 -339 -585 685 -734 1056 -660 221 96 92 -702 339 -1243 412 -222 -505 -504 -43 187 -801 -498 -166 -133 -735 -412 -257 758 223 222 -382 -583 948 -383 1057 762 1063 150 -25 101 108 -921 701 366 -664 292 -463 819 953 897 -508 -67 -39 398 792 654 -765 572 -589 157 149 83 -77 -439 -130 -202 -165 -967 -1212 -957 592 69 861 -1483 -94 115 -1152 374 1197 490 391 -1061 -80 775 156 503 838 -596 -475 -60 455 689 -551 11 491 -346 191 -977 115 947 -336 478 865 -297 66 314 -183 434 530 -976 547 -30 -593 -69 450 -535 120 391 -362 766 391 -126 -143 369 -447 -396 -142 814 -353 741 -147 -251 616 1338 -1398 -459 93 -928 808 -343 7 -779 -799 -419 255 -202 -223 -424 192 744 516 -267 447 81 283 158 -73 -276 4 -144 543 604 464 -947 -79 -757 534 938 91 403 138 395 -655 282 -930 -1043 334 438 405 570 116 -301 464 658 536 62 -342 -391 572 76 817 349 4 387 -367 -38 -199 -336 -114 -357 -90 943 -73 -271 -699 545 -162 -712 450 -691 102 -56 1218 659 637 854 315 -1181 602 1318 260 -904 -210 63 -95 -352 -980 480 -483 403 234 634 141 56 -668 453 -348 -160 88 178 99 99 657 -772 -376 718 -135 -749 -244 607 610 -123 190 -291 -484 
-172 530 978 -1316 -853 1170 -278 161 414 -196 31 -275 770 -825 316 217 11 91 -112 -746 188 673 971 336 -157 836 1091 11 -380 -303 217 -1225 -83 -649 634 695 406 -484 -521 203 -711 59 -188 424 -721 -327 158 -346 -861 51 -5 -380 813 -722 -820 831 567 -1547 -245 166 213 -294 205 810 315 -292 -298 546 -688 -283 396 -314 230 509 35 -663 -65 161 49 255 935 -350 -995 -118 467 67 -503 107 -1252 -763 -284 -438 -374 -464 136 912 -1077 -427 16 -48 321 657 319 90 -291 554 -45 486 8 -283 478 182 -47 -438 -592 -959 23 -147 270 882 442 420 124 915 -119 -604 -567 -707 -164 -462 551 553 232 963 57 328 79 -162 596 397 646 256 297 20 288 -313 -828 1012 20 -814 -451 -823 -379 -624 363 182 -685 -133 336 224 10 -41 412 -369 -23 58 -575 -539 -837 1089 375 545 124 179 -20 -686 -910 551 -41 -221 478 1261 -287 715 -43 -327 28 395 392 -376 -921 -243 192 197 794 -847 -583 330 -441 701 593 48 -1341 641 -574 52 1204 314 -720 -766 -781 -455 -24 -122 173 -680 207 75 504 99 637 -119 446 243 90 421 17 111 -30 80 283 -639 79 -749 337 469 -245 -641 498 492 -1504 -90 722 409 630 523 1442 -915 -439 248 -641 1022 -385 -543 -582 336 
-271 -111 -265 709 -815 355 -282 79 -325 273 -391 -731 941 100 -604 -899 1051 38 163 -89 859 524 819 -541 -287 -155 58 -335 689 343 -1248 953 -472 -1446 73 -411 -805 -843 567 253 238 732 -1099 143 -62 -94 189 -848 -60 -46 -306 755 625 143 427 248 -681 297 395 -753 -1247 -210 -748 158 -178 587 280 -590 -182 6 -30 102 -22 401 98 -620 -126 -202 -211 762 196 551 -127 437 -996 -398 12 514 878 74 39 -732 133 -881 277 328 379 20 -309 569 -195 546 609 146 -367 -440 241 -1245 134 -402 36 -442 -280 -92 1586 -299 547 -1072 -78 216 141 794 -774 -799 609 17 1378 -283 -187 -1130 -92 983 -797 -1020 132 -139 -673 -268 -405 -51 -583 -638 -418 1473 434 -396 1220 -506 -244 402 -1296 512 -384 194 -33 321 133 -281 -628 120 412 110 -641 -328 655 554 -7 116 49 -170 276 -1096 1 847 333 350 705 -194 -529 674 -738 50 511 -37 177 -372 1639 -675 -1247 -246 -865 264 262 -136 -389 529 185 47 421 -942 -520 89 -57 -281 -131 -860 230 214 -333 297 -320 -92 1086 -2 -597 191 155 -337 -773 214 -1065 -109 -303 -9 464 -1045 -77 380 252 178 641 -238 753 -467 419 124 -1186 -690 -23 1005 -321 -531 59 -306 752 151 523 -299 -460 395 802 897 -512 -82 -1162 632 
-52 15 429 -151 -101 553 -341 -438 241 -441 156 249 -570 170 -380 -983 325 -430 528 684 704 -201 -891 900 995 -831 -106 -352 139 152 -782 956 -324 535 385 533 738 -628 629 -394 -821 -440 329 -121 673 -639 1293 324 595 -494 30 -1483 213 -570 857 468 83 245 153 109 86 73 2 1297 -824 -401 -897 526 -281 -174 -275 366 -495 -74 215 53 -399 546 -108 587 -1078 -651 217 -1289 335 -115 613 -345 26 87 -643 458 474 -399 -471 578 982 -19 1356 583 95 -281 -159 -422 47 -851 -282 52 -368 10 -50 78 -165 381 187 165 12 -318 134 -9 621 -430 744 -153 798 -546 94 193 -35 -45 960 -1035 -332 677 -55 -499 -343 481 -401 290 385 -970 -210 311 -105 169 379 190 -1101 490 820 305 0 618 -578 27 279 65 28 686 -822 -763 1141 -289 569 316 -568 542 -551 -1208 196 -455 766 -935 -155 -431 -197 333 -351 195 -119 134 -1291 -609 -823 -273 -235 1036 7 -292 -680 1256 -173 148 182 -923 -1025 380 461 -1008 -907 478 619 -355 -949 -81 -335 -381 354 187 721 -178 -441 414 1248 -396 619 182 426 139 140 310 -532 -252 1208 -278 -693 248 -829 -226 -914 -820 732 51 366 -551 870 -273 -521 66 -444 940 544 -747 -231 -732 -246 -265 -107 -1154 -354 -594 -85 686 -686 -627 
286 -48 84 -653 -777 -143 -1005 842 -540 -1376 -186 -806 -508 535 432 -601 59 904 -334 16 -404 -70 -839 -34 -520 -399 -108 -420 -405 495 641 -867 -813 81 1147 -46 508 -265 -742 348 656 -513 36 830 666 -105 -482 97 -511 -115 702 97 773 29 -97 -612 524 392 -823 556 -297 1500 389 811 307 59 605 576 -107 -904 -584 121 -566 -514 307 153 181 860 423 -176 520 -166 980 -225 553 -192 -823 -566 126 546 -865 213 469 502 -385 270 -35 -278 399 -281 488 602 145 727 1261 1132 767 476 269 -39 255 190 227 -80 124 -50 494 -384 748 -114 -512 -936 -90 545 -681 -613 -287 1030 155 507 -270 148 742 689 220 -943 133 -745 930 23 320 -173 -228 -713 419 820 287 261 -223 -712 60 469 -896 -341 -217 -258 -59 -287 -152 -233 38 409 154 -163 -657 -332 -726 -478 266 35 221 -361 -174 -606 325 544 -556 383 16 339 200 -571 41 687 90 205 292 907 97 223 257 65 -668 -71 1091 -785 593 -723 -260 355 -281 203 -466 696 -79 -179 999 -405 -697 245 80 -557 21 96 -241 1048 321 -1119 -527 900 299 774 -120 929 -745 821 622 -1465 -150 111 751 -757 -536 112 -992 719 603 220 439 -787 361 547 -811 489 -973 -1567 -491 -104 211 -385 -1526 498 40 502 -953 579 
824 -549 790 177 -594 58 -387 661 -218 -330 378 274 10 -542 -753 410 1010 352 -629 600 -302 -1328 552 -1528 -489 -379 632 793 -1245 -369 821 -744 869 453 -80 -38 277 -241 -1481 798 -65 -71 -1269 177 -281 -148 -6 -1471 206 -217 1240 -135 -750 -865 694 401 -40 424 316 524 -1183 -188 -98 223 -171 102 484 708 -470 -764 -491 -103 196 694 -435 748 120 -153 -308 -158 674 63 92 -202 -263 195 -370 578 -93 643 -929 -382 457 -666 -43 141 89 1053 -379 -101 -4 76 -104 32 -2 993 -362 -834 279 692 -673 -665 -478 477 -946 339 327 -174 305 890 265 -372 -145 82 -436 -334 221 1251 596 399 614 -677 536 683 188 19 -318 -39 -586 248 442 -886 112 181 324 -14 46 861 -1269 952 -221 -146 248 -123 911 -897 716 -263 -407 540 437 -322 78 -618 167 13 1061 428 -385 408 -34 528 -1113 -201 -283 -241 504 -207 1148 1079 -410 896 61 937 -186 745 68 833 1103 -65 180 -933 401 -1213 466 308 -323 -909 -199 -771 249 296 358 -143 -557 -257 -741 -117 -187 380 -102 -964 -748 -552 -296 684 -259 -391 276 11 -202 599 -568 -44 -299 -45 771 532 268 -779 753 -718 38 347 -686 -429 -471 -216 321 178 103 613 191 1162 1208 269 79 -369 293 -695 -426 -283 706 4 355 936 
351 897 434 -992 55 1103 207 -295 299 304 -304 -419 766 -935 -863 798 3 125 -520 -451 -272 -907 267 296 426 -653 -98 -149 -373 178 -390 -703 -129 -1160 -513 -1156 -768 23 -292 -644 662 348 570 -32 -508 828 425 1253 1576 836 189 7 368 603 613 -151 -323 -593 764 -558 1068 -1042 459 -304 -281 -850 1000 -444 276 177 -727 -352 -391 7 -1153 -170 107 -578 141 -389 871 2 -815 790 -1310 70 248 1402 -272 -1180 -298 398 -794 -318 181 -1592 -704 -657 146 293 -113 -211 -221 119 189 365 437 1341 -967 -435 -484 585 -58 592 -213 -467 727 289 329 -313 -503 -1102 350 -530 -298 113 1168 -419 -101 -260 78 -476 798 221 259 -159 1340 -460 -592 659 429 222 875 -676 395 -1144 -872 -676 -793 341 -529 -624 12 859 -1227 75 513 -296 368 648 856 -246 662 -252 -39 -457 -497 541 -600 -362 -955 -578 -932 226 656 74 -500 -174 673 530 -536 481 -403 988 -168 66 -999 -597 -327 227 105 367 702 103 172 -115 -823 -443 -1037 549 505 -7 -140 -173 279 1032 477 482 -293 701 -227 22 604 228 -427 490 1153 145 -142 -529 178 730 -369 89 -487 -820 -389 -10 1105 -3 -284 540 -432 -534 -952 -607 -1203 -532 291 -71 178 -436 742 146 -649 -238 -13 -1244 398 -461 280 -596 489 719 701 -1266 
-11 735 -364 189 173 -416 47 66 -711 -173 842 -496 -478 743 1002 1287 -233 1624 -191 1280 1525 -416 -617 331 444 134 105 -1350 -259 -678 -1010 -1198 -96 -667 1110 -451 -222 708 -1057 337 -7 -589 303 -188 203 469 71 460 1903 7 -199 1053 247 31 356 350 -501 264 -307 -238 -158 362 627 617 689 -254 409 -72 -56 427 143 1255 854 28 132 231 198 485 1289 423 -94 -127 -150 -158 572 258 -536 -153 27 -463 -868 1800 1514 369 103 692 -461 -437 361 -113 790 -1103 762 -60 579 -717 -1184 -731 -411 -79 577 -498 23 463 -528 366 -138 -461 -188 1620 -891 437 -240 -888 473 -416 1133 306 -118 275 141 955 -628 675 984 370 -618 -3 259 217 346 671 -58 503 63 277 -738 300 -675 193 -214 -318 -1729 444 -111 -482 34 -101 -144 513 -177 -727 -369 888 451 -574 661 -521 -84 603 -118 -54 -597 -514 -76 573 216 -124 -854 -229 -1221 90 -639 616 -391 -393 -260 -281 379 183 -702 -116 -628 -138 404 -183 -148 -1031 281 -261 77 -99 513 149 -201 -170 -174 161 -26 4 117 962 -372 748 410 294 189 186 622 -218 -520 -14 -1946 237 153 469 187 -176 -108 579 -110 644 124 -683 -589 -557 -123 99 293 -1127 153 1303 128 -144 -875 643 -751 97 -457 31 -54 366 1060 968 -334 -159 
76 -373 73 328 347 539 398 235 595 382 -300 286 397 378 66 -455 -88 -373 -195 -52 -315 85 -179 -792 187 184 190 236 155 -504 23 464 701 537 498 -1114 1088 -1517 -762 283 -1091 259 1459 338 -794 1039 -87 534 -246 309 512 330 1293 -18 -698 111 714 207 1206 390 -968 -1237 -581 -9 -116 733 278 863 -61 731 -251 691 -223 -43 72 -203 -373 1013 -144 -840 191 -737 825 180 406 -496 -346 -36 -819 -264 -752 -567 34 -959 -1073 -437 457 -285 -36 545 622 -488 197 492 108 48 340 618 -545 -419 -469 -890 269 35 215 -795 -482 32 -582 -325 -12 116 -648 -521 207 -531 -34 469 613 -100 224 -138 216 -669 -593 577 -621 -491 546 -1046 151 42 216 1326 -1166 -41 -243 630 -249 273 -883 -245 -350 -55 768 85 -194 1130 318 -466 844 -643 -658 15 -35 532 75 -355 -685 -22 472 570 -511 -899 650 360 643 -67 -886 -95 357 143 -3 97 -484 176 442 -876 675 -244 775 189 455 -928 539 -150 -798 -951 -855 -642 1039 198 6 -935 1225 -729 441 519 150 344 -928 -314 335 -225 753 -56 501 -476 -124 79 -31 16 -665 -326 727 15 -130 -434 -44 -969 814 -217 746 -360 726 505 95 649 -138 516 -169 540 -474 -824 -1122 413 -262 15 367 490 423 856 -205 1091 350 -458 
-22 915 -203 -370 20 -21 -1541 625 155 -167 516 -192 175 854 293 567 185 284 -93 15 94 -279 487 83 -509 67 340 -118 202 379 -1107 -546 629 -1655 338 -613 631 -785 159 301 142 387 -709 601 410 -411 -87 115 406 -283 -177 506 -271 -265 124 -67 -333 -396 27 -224 72 990 88 -24 -580 -1065 827 -39 -15 523 265 -121 940 -907 54 -450 97 -280 786 -162 285 -101 -1118 298 419 -122 -418 -410 879 369 -357 -630 290 -453 779 -223 -1250 -436 -127 716 474 -745 178 385 77 -60 465 -245 18 268 204 165 -806 439 711 -536 306 330 590 65 -174 134 2103 755 -506 -935 -735 326 30 707 276 401 497 235 -76 50 -750 176 55 634 -26 654 116 866 -27 -551 339 -451 21 642 327 -913 -196 1022 -198 -307 440 -1266 558 -91 -587 -300 791 -137 -465 103 -213 -615 -686 -752 -545 -576 -4 -501 -786 517 832 65 -80 152 -1130 -407 -193 736 -52 15 -586 -349 481 -1318 934 1585 -351 187 562 409 1155 89 -455 1151 -665 -882 -483 601 -126 798 21 -74 -981 149 -615 698 529 14 438 430 13 -209 -801 -707 220 -1082 760 -690 -7 753 -294 -655 -184 458 228 -966 -83 -323 33 157 322 88 -822 59 -619 -265 -469 -332 19 488 1 -980 1273 -108 75 -293 1425 143 -99 233 
-34 -215 349 1065 192 194 -727 676 -421 -306 1321 661 -424 257 89 -980 -401 -30 84 524 37 -292 -629 306 254 -366 -918 915 -1127 632 986 -34 -357 -168 -605 104 -595 120 231 -514 585 302 -901 -19 302 405 219 475 226 -260 211 -821 -187 -2 370 23 -660 913 297 11 -956 -60 125 3 619 324 -549 527 -442 -303 193 715 -242 893 -358 266 592 73 603 -310 1145 467 1134 136 -80 856 385 -224 152 207 258 528 -262 -1386 -227 -35 607 -14 282 -549 99 -12 304 74 376 -365 121 -256 -262 -552 -619 -1030 -499 -98 -518 289 34 -570 -937 161 279 360 -17 145 1105 734 109 320 743 149 -396 -78 -1217 1229 -754 -1307 1095 185 -1036 389 -228 -830 839 -325 904 84 -447 315 -531 1278 -451 -88 363 -793 -1080 -970 -1637 48 -523 -208 -329 -74 -708 497 1 -246 -598 -444 -800 650 619 -857 -444 -81 579 -937 -171 -466 689 821 -430 -357 -1346 -187 -287 -41 -795 589 127 85 -36 -355 526 442 -612 -163 84 381 -369 -873 -283 728 1066 -612 -263 -604 467 -846 -76 165 -218 170 -1102 -445 771 296 -744 642 290 906 195 -103 -654 706 -458 -587 -74 652 216 -537 -25 -671 611 19 556 -1125 -570 -279 608 -806 254 -376 416 -170 888 -658 332 197 7 -1260 162 294 145 375 -292 1160 
361 328 -1879 -217 321 -680 552 -883 -78 -1118 130 219 -630 -123 766 344 -296 179 275 248 -73 -27 21 -454 -302 275 -882 1323 -556 168 -1069 -35 872 709 -1449 -183 -907 359 971 -853 -159 473 -286 88 -558 1304 513 367 -122 -482 -411 129 -650 321 801 -1587 366 -457 -38 -926 110 -667 777 -314 -1190 -1136 373 123 485 24 700 349 -348 8 501 -720 662 191 353 -463 -525 -261 692 -70 -285 -368 90 -506 -499 1201 -561 1085 -73 170 265 -1198 -51 -672 -316 -327 145 -652 -54 -764 573 -65 -167 -1101 -356 565 -371 428 -161 -443 48 105 -445 -577 -16 -219 221 836 -913 -82 -1523 854 376 -826 -567 -828 -80 8 -311 83 -1538 941 425 -481 -49 -773 -460 375 145 -95 -474 -260 -484 -749 1258 -576 190 -310 440 -431 -430 1077 -138 455 -115 822 -218 -296 -464 -634 267 62 -206 -40 295 1274 -231 25 -417 -738 -346 265 -333 -108 -429 -776 31 1581 -222 -842 397 -355 512 566 -530 1 -476 -995 1868 -39 -427 978 520 33 -334 -947 -448 580 681 -644 88 1058 309 -186 -494 -434 -103 -405 -261 463 -748 54 1176 602 -856 771 787 209 -794 47 803 977 -210 318 80 -137 -1008 275 275 408 -1124 152 -420 636 425 -305 -1635 -1467 -157 -287 -408 -429 -261 123 -522 571 -939 188 42 679 238 -524 
434 1039 -415 -149 470 33 -741 -555 584 226 -101 -296 1039 -21 -176 -240 -22 667 -645 411 -290 823 -1062 -148 -164 -284 -378 213 -375 184 -690 -406 340 -4 318 340 442 396 -239 -439 1050 -116 -522 233 -222 12 572 -920 -1027 -420 -375 721 -1000 -490 -907 -627 343 98 322 -378 -361 1866 102 905 -1243 -1349 -98 476 738 428 188 273 210 -164 -27 -433 -1483 509 -106 -852 42 1493 -154 -916 179 -409 -317 559 443 872 -340 515 -41 164 396 -285 -78 244 270 203 -1628 21 85 -112 35 -260 -623 361 31 -325 -905 204 -17 11 607 533 415 -672 843 45 -416 50 609 91 285 -112 327 -274 -1172 493 919 1148 18 -800 -263 414 -197 194 -222 -282 -487 270 -894 -823 -32 950 540 -520 313 -649 1147 -496 -101 -489 -245 -755 985 182 62 485 -1001 -146 341 646 -210 -815 -831 145 739 664 167 300 496 -697 -327 273 -360 -47 1326 264 -991 396 136 190 -476 -406 854 1538 583 162 -29 -409 -521 -591 -278 190 357 -852 185 234 -1063 -8 -958 292 -932 937 237 146 -591 -315 630 161 333 -501 -390 159 -1177 -458 90 262 -278 419 -167 -277 570 -481 239 61 -422 588 440 -42 442 238 810 467 415 -127 -506 341 -846 -448 -510 -584 2 83 -365 -214 410 174 84 417 7 -44 -771 -4 
-514 654 1185 -280 -529 -172 -475 16 394 1268 -296 565 226 334 -564 -736 -1455 -103 -239 -116 -969 -268 -329 -144 176 981 139 -383 157 542 398 715 94 679 -1358 -911 28 935 -492 711 29 327 -552 1511 708 672 -779 738 294 -125 -621 -964 -430 1124 50 560 -845 -1208 -75 -111 128 150 39 -296 -206 976 70 -10 -108 617 -318 -1100 87 1242 -246 -531 653 -35 866 837 -126 41 -690 1325 -441 1129 124 -761 -58 -16 1114 92 -12 -99 217 -31 -420 -145 -707 -314 -50 -574 -491 1043 758 -302 1067 -640 -198 459 856 95 -1160 -49 535 164 -334 274 273 764 237 130 -111 532 177 424 -136 -67 135 -418 -838 486 184 650 -1480 -163 302 -113 -847 -381 -170 83 -492 -888 -183 -281 -700 917 222 -221 120 988 -61 -371 106 -370 -1564 162 -28 451 524 978 -144 733 -620 122 116 -477 -151 100 51 -839 -771 -759 944 -196 -796 311 -253 -432 -810 -1371 -173 544 -240 -1169 106 241 -1433 -1575 -596 -776 1548 379 537 -824 -82 592 -186 -932 309 -525 -46 -662 -630 44 227 498 -337 706 -207 -283 472 -143 1621 71 155 -25 -361 413 35 236 309 291 -150 -257 -946 598 641 379 -45 -105 -622 547 258 96 -382 -915 530 -150 270 249 864 518 702 420 435 -109 10 -570 -482 742 503 476 509 -117 
-1484 20 -67 205 -23 -206 286 522 -82 -18 -997 -573 -86 994 -953 -923 251 471 458 -407 -562 138 929 -899 132 1808 -646 -158 234 -404 -37 -143 432 -401 565 54 888 -700 -155 338 85 -461 424 -149 42 -23 -453 723 460 -457 510 -691 -445 466 -56 449 -950 311 -511 545 -248 -621 374 -398 -641 28 816 99 -478 -122 1227 1025 943 805 -1198 40 -15 538 -396 432 83 552 58 -397 -188 -752 123 182 -331 187 -504 -294 559 -742 45 131 956 788 -357 77 345 -409 -531 455 -529 -453 -453 470 989 368 -689 -278 625 -43 -229 536 -189 371 761 102 -63 -693 197 -1698 -981 -1110 1023 281 1373 157 1028 -370 -433 -383 1115 411 642 142 -583 -425 -192 -355 -240 98 722 110 1382 77 497 811 -859 35 283 -882 -368 -864 -582 449 432 -212 776 -33 -500 -928 -121 -271 475 -303 1229 -169 685 -89 -89 65 -113 -72 854 -484 -461 -122 -69 -1379 -666 998 -559 -1012 -718 -69 501 -220 2049 37 -463 1187 448 576 -817 -545 -1040 1 763 316 730 598 -346 -529 -392 471 -539 1119 -49 -141 -533 -78 834 -15 140 -608 169 -512 90 -282 -474 205 -603 429 337 756 -405 360 -565 -115 -927 415 1638 966 703 -587 89 -5 109 286 75 1 -282 655 -316 -528 864 263 -927 505 -417 541 -390 -674 
-120 -569 -476 -330 320 -958 -1312 -429 -667 344 558 -972 -668 585 330 -32 39 774 898 287 -472 608 243 737 483 1640 405 393 272 356 894 -281 -1158 -262 -111 350 510 458 -590 274 1042 1048 -992 474 -165 -1041 -214 218 -580 191 837 540 -618 1015 -947 -100 -744 -1544 -901 -26 -110 185 786 294 546 -620 1057 -66 138 293 1561 -162 -192 970 -1095 807 -317 -358 347 359 880 424 1058 180 -54 -260 -187 -455 -77 150 153 854 10 506 -845 -182 -547 -116 -263 600 1 578 -179 113 -250 -436 -577 -621 638 -158 -750 -496 -334 -225 -9 -258 -997 -819 -592 359 -111 -317 53 -1218 -66 -755 -165 -243 377 210 123 32 5 225 80 -1343 794 -316 371 654 -14 424 170 -573 964 -439 -807 485 -83 629 -503 975 -1071 -140 -658 150 294 50 -1333 362 -244 27 -485 795 -213 -361 377 -247 556 73 158 251 -82 -90 -290 607 300 -373 -346 154 295 450 860 130 -201 28 -467 1057 -326 -437 -43 191 465 -240 -232 353 -74 -319 405 366 452 -449 -29 2 570 -256 928 285 459 241 -652 164 -813 -821 -251 -410 -321 77 -472 327 -841 -293 -180 -317 -333 -652 -247 51 498 699 199 -67 336 1109 1205 -736 -1078 -412 -185 574 993 -110 -1258 -155 158 74 -853 49 -60 514 296 -199 -200 602 -728 1131 
-51 130 -524 675 56 -109 -397 614 1043 -783 976 135 89 540 -156 -288 -512 1850 525 482 -61 156 5 768 228 945 -166 -745 -241 282 -43 -617 985 292 686 450 519 -87 -109 -609 8 162 208 -395 509 -53 270 514 248 241 293 -345 223 39 648 -566 -378 143 -899 -405 270 327 -476 -122 -35 -191 -207 468 -841 -678 -372 392 1657 -1499 -403 658 -1091 1140 -390 -319 -409 173 750 -255 788 -30 766 -338 492 -15 -581 340 821 -183 450 703 606 -595 318 -1451 -880 -1174 473 358 374 699 -338 -306 388 939 64 -911 -141 -598 313 494 428 -926 -29 -1527 493 901 829 -187 -689 -611 466 153 22 299 662 -492 -789 -279 406 214 20 186 262 -26 80 -564 886 -649 1915 318 594 187 -157 56 573 -551 238 254 646 -897 259 197 571 -1017 206 -56 456 817 386 34 374 885 248 952 -1080 -293 -654 -314 -1044 -1171 -1018 418 -251 -874 -1116 -882 -614 765 -364 348 -295 -591 515 -303 -748 541 970 35 -113 -253 -942 -140 -549 696 454 636 -90 601 -1433 -482 -224 -1742 491 38 123 446 -420 15 369 498 -220 -357 218 -997 426 761 789 304 24 14 691 166 43 -257 -490 -419 -1155 279 -1121 -155 229 -588 -20 668 287 -173 485 136 172 -442 559 -91 924 657 -573 221 -15 -347 -495 -56 
599 -90 1278 641 1190 562 -569 129 -1088 391 -280 637 190 -270 -515 329 834 -1653 669 721 -481 -147 672 78 48 296 349 19 0 -440 -62 363 148 -324 -791 157 664 -541 828 1255 -592 -1012 -99 314 -35 609 -801 1716 197 -10 646 -911 354 842 -373 881 -257 157 537 -35 746 -182 316 -100 -1183 -932 389 838 1287 694 316 172 -608 -140 292 309 -264 97 39 -464 344 -132 877 -225 -1121 1088 942 1380 -2 81 122 -126 578 -613 -70 -676 -348 362 661 -888 242 -724 428 -75 -609 543 -244 362 -867 -468 -233 80 -934 -124 384 -611 -127 911 -71 -153 736 -1062 -207 -162 1260 -354 -230 -142 255 362 -1055 301 -609 278 1078 525 1250 23 -478 401 978 366 -449 -432 202 -285 458 -232 1099 -640 -72 -169 -90 -658 64 -348 -507 282 1032 146 -202 -52 -554 613 927 756 -311 -894 -367 -112 1390 4 -96 -94 -245 1002 607 -215 -157 -252 -625 536 134 -355 -23 -278 476 -394 -714 -433 -214 771 660 358 -580 762 90 -357 -432 -196 532 -519 -280 279 19 -153 -991 -457 586 -329 -156 -498 -370 -341 -637 -152 -961 -276 5 -373 -206 155 -726 235 105 -438 800 80 790 266 -764 640 115 314 575 -132 -478 -556 144 -141 482 -562 908 -503 673 1185 358 1223 -270 -704 110 12 221 83 -132 -179 
892 -679 -737 512 -79 946 300 -728 486 66 -378 690 -70 52 43 -571 587 1045 327 629 -278 1077 564 713 872 -305 -156 82 -32 43 153 -618 464 -717 -969 -332 -226 527 390 -281 -447 657 -761 406 393 -197 -35 -806 -397 134 566 -347 -891 622 -1065 509 -483 371 -205 -755 466 -283 432 -237 678 -693 769 -165 -435 -64 162 -418 931 -479 1248 -306 -375 664 -63 289 -410 -1173 553 1008 -161 273 -321 275 -195 187 233 -928 312 -454 -142 543 -391 -732 -596 -515 -338 -749 234 -261 -420 -800 -388 -625 492 -1059 441 -696 -359 -245 -1063 -757 -585 -361 159 -477 325 -52 210 -16 31 200 -47 1006 -250 207 1213 -709 375 428 102 -633 160 722 1139 396 -6 748 722 764 -398 -265 -1161 23 -39 -578 623 76 792 72 987 321 -746 -320 -536 -164 -584 -1269 752 300 123 1012 -835 -208 -374 57 -1541 1033 -465 276 -346 525 -270 34 -184 -597 -1015 607 -845 -407 92 -427 143 -350 208 -99 -232 -59 744 -205 120 400 -347 1548 -14 8 -277 669 -73 -292 40 -226 578 590 191 68 572 637 -1434 -363 500 38 -1183 680 377 166 14 -93 488 -476 -55 -916 260 -963 259 -421 1036 55 -77 -344 -275 -391 219 107 699 -585 469 86 443 -350 -290 31 -153 141 -794 1651 -303 1329 -336 -99 497 27 
-183 322 -364 -652 -138 597 323 -616 1016 -1129 -604 -213 -233 -563 81 -260 56 -653 768 401 -282 1063 -223 -601 540 1418 293 -475 324 -49 1086 55 42 -51 31 475 -900 -1074 491 -98 -237 -520 -118 -69 -1062 46 338 245 -48 378 844 -328 651 1013 -832 285 631 106 123 -682 -407 -273 -181 368 -374 359 -268 485 640 -846 -381 376 67 -408 -303 -146 -54 558 699 501 -473 103 205 -302 -26 -564 -814 -42 -203 -338 184 -233 415 -233 108 -745 280 457 -215 -706 569 273 -1508 -858 425 239 38 -292 449 -143 -803 -456 59 -103 -474 -395 153 -737 232 -842 972 -1406 -76 375 -576 298 43 8 -572 -562 -176 -77 -457 521 -84 -423 316 419 109 298 -115 -9 -130 -10 845 270 484 -408 -83 -278 175 360 94 -906 505 -367 36 494 860 -1125 582 -257 -995 -531 -713 -117 -1080 -256 11 -1017 -907 100 193 -488 -161 84 -952 505 125 458 434 -326 -1209 -865 682 428 249 -1286 -383 -693 32 92 -452 -365 -123 -267 -515 -321 -811 1142 650 566 107 80 -812 70 -316 -642 598 740 323 -836 593 -124 -294 -12 255 228 -638 -259 -349 117 1091 -119 812 -450 586 66 -991 -604 -308 66 -955 -251 639 984 350 533 1163 438 440 -625 8 -441 -140 30 200 246 1151 -19 -685 704 1404 -646 -779 -258 
-345 215 -966 116 -818 -1104 658 949 -165 142 -146 527 -353 -724 -1378 -166 470 -152 -298 433 -678 380 -484 42 698 826 -131 251 158 1037 -141 -105 -995 -77 506 -172 -731 0 -809 169 -405 12 457 576 -309 302 -684 747 -333 -548 17 213 783 680 -548 -1187 83 128 -813 198 530 232 248 337 -760 254 -126 -1375 -699 -907 -503 -786 828 492 306 -561 -596 258 -1057 542 493 -582 -240 -191 -1042 505 -153 -51 1114 200 -444 -248 -972 -427 547 -46 -690 912 605 105 -427 279 537 340 1058 -166 -954 444 -219 247 -647 -550 227 835 10 198 -370 1398 935 -138 22 91 -415 -1718 -776 94 693 -522 520 1005 -19 282 -625 734 -691 -420 -230 34 -771 432 -735 377 -184 -219 550 -86 43 -463 -323 897 -829 634 -623 -981 658 -130 -90 -435 -550 -490 -189 -124 -864 -587 1075 639 433 806 -152 -357 -11 -631 413 -411 53 -162 -635 -441 367 -224 -517 -1137 -459 -154 -777 -916 733 -61 127 -564 168 -351 12 -460 -180 -176 -143 -748 81 505 -938 1069 460 -324 -783 557 -302 -287 -307 -265 1240 196 657 1028 344 750 690 -746 23 -662 342 424 -372 2 -591 332 -263 523 -813 -254 -55 -52 -906 -9 -369 -800 -1095 113 -540 -380 -826 -679 -956 -154 384 -396 183 -379 287 898 -1050 -539 -417 813 -806 -382 
-240 -131 130 334 803 994 528 -374 -281 793 -139 -89 -466 1294 -427 1488 545 -1279 -132 163 -848 -150 -93 -149 -75 91 574 -409 -226 -630 298 -377 492 -51 -737 650 -306 702 109 386 2 -623 -65 1074 290 -282 -134 -437 488 -387 -269 100 -68 -239 -913 473 268 -233 -505 133 211 -325 466 -59 1056 639 386 268 -374 -826 -509 16 903 -300 -71 279 837 18 -122 214 169 1470 -1110 107 253 560 -295 -128 652 264 -919 894 -322 -8 632 -111 -316 529 -704 -386 -39 -295 -438 157 -252 -35 818 -244 321 201 -296 1375 -82 179 140 230 -79 349 -99 1344 -519 -525 154 -376 1082 396 -299 -346 -290 306 -572 286 574 -832 627 -191 -814 26 -674 -728 886 230 352 47 -1060 971 -284 -529 193 -852 -1122 293 382 -124 681 -572 511 638 806 -195 -148 1214 1534 871 447 329 -155 676 848 150 -309 -504 -133 -1576 -242 340 -955 -143 368 -546 214 -276 -109 -302 -248 1105 275 -818 148 1035 91 794 -442 -473 12 946 50 -435 -421 -691 569 -1000 -405 -1710 489 72 756 -26 198 391 712 -761 522 -695 -492 37 309 -862 180 -266 -1452 1353 69 410 -919 -341 432 12 -807 -125 308 535 -732 183 -131 -213 -403 -260 199 -138 -17 231 -422 576 -5 -32 187 -511 60 95 -111 206 -259 293 -774 -1557 
642 361 -261 -613 169 20 -156 -220 253 -37 -71 237 -750 -1692 -19 26 403 263 396 -1150 502 -621 -713 52 -150 47 -158 -491 212 -331 422 -676 253 842 447 729 -421 -381 594 -480 872 -300 64 -341 -847 -497 682 386 -1466 -205 -1030 46 -916 -838 -240 -775 -124 555 -243 1197 323 744 -720 -28 471 463 114 -1029 -807 -288 607 457 361 111 -1275 987 97 1016 -4 149 518 249 561 -239 832 84 -129 -621 516 144 326 143 -1048 -277 248 427 701 112 1273 -1042 -1622 -203 188 494 185 446 446 391 -179 343 826 28 -389 -470 681 831 161 -706 -134 -8 500 34 1208 1080 -1274 917 -913 580 -443 -154 711 -74 -1365 921 -709 -134 -443 709 72 694 121 -1019 95 -794 923 79 -230 660 1072 29 -519 420 596 -479 93 -295 -216 1090 -126 101 -779 -381 95 200 452 -801 626 -100 -133 1759 -310 -754 -629 1135 793 79 -1046 -476 1516 -465 -673 219 441 -1102 389 -917 841 -150 -318 620 -1626 -178 573 308 -3 728 71 1018 351 180 742 563 -168 -369 416 -670 468 -837 -313 384 847 -935 -341 238 224 681 1244 -71 149 943 309 -244 50 815 -62 134 -103 -15 185 -383 -55 -198 951 -386 295 802 758 -113 -73 -496 138 -440 -664 -590 76 192 -496 1027 978 692 -459 -505 -34 -506 75 536 
44 -196 -702 205 -94 -39 -183 -730 -412 -261 429 566 -123 498 -203 6 -646 1093 845 850 631 -285 -477 17 -350 172 -838 907 438 391 -145 1218 496 -765 -57 408 -1158 -445 870 -1067 -633 937 -29 -547 -690 78 237 439 -846 -51 -222 -146 138 51 529 -319 33 1105 -728 476 -192 343 -909 -919 582 335 -69 -606 -757 -1229 -580 -80 340 21 -121 97 56 340 -426 -49 -486 247 751 -19 -921 -794 -660 430 -325 89 378 552 -438 384 434 1908 249 186 -786 685 -451 -394 -221 -1197 751 -512 -369 -1196 32 557 -146 454 293 -457 110 338 806 -535 -829 -498 586 487 66 723 -730 742 1295 12 -316 -792 -859 -682 -1641 -488 -200 375 -380 369 1 674 -858 -801 -671 528 499 -32 -690 -105 -320 435 278 -214 25 353 127 333 -81 -64 377 -918 -217 47 -278 -27 -332 55 267 743 -446 -203 -1257 -72 1307 840 -271 144 231 -1189 499 583 -967 128 -911 -255 281 -251 -94 -578 -352 -38 197 -1382 -453 -793 -573 729 853 338 -125 -232 -165 66 871 -342 -93 -642 308 -39 -219 -761 182 -217 173 376 766 -92 159 1284 -41 1060 -276 584 758 -329 -447 -369 457 -198 -1493 265 -613 537 136 -1215 459 80 194 1560 -603 786 559 -730 -219 -344 -1180 587 -366 223 -269 -311 -205 -413 858 -305 692 -415 
-463 -510 456 987 520 339 -301 1116 -411 503 8 -224 454 203 222 -259 288 -657 -578 148 -162 -545 147 351 869 -1179 -72 -63 1074 542 -597 272 -66 -39 -432 -1138 578 161 1127 -136 319 -252 78 288 164 51 -982 297 930 427 -403 675 146 595 -409 361 -569 1297 366 144 473 -362 641 631 82 -636 -532 -183 1235 91 93 570 103 -1254 -415 -629 -253 -686 638 83 524 -477 -782 466 -69 -169 950 -173 -131 1344 978 -980 -265 -916 -1026 -1708 121 339 538 378 296 -644 -14 243 111 -838 57 -150 -654 -448 -748 -1101 -482 849 358 15 -180 -677 -150 291 -413 215 463 971 1120 -318 -1300 354 1319 -92 -431 -849 455 247 755 -166 342 849 -1368 -587 93 890 -171 503 298 306 -127 142 30 -97 975 -583 333 1031 334 388 1049 -1099 -746 967 -808 780 812 999 -1539 36 187 -199 -763 -35 660 -534 -794 -39 392 456 434 331 -289 -146 577 53 135 238 29 -610 -491 -151 638 -413 552 347 -331 -103 572 603 -233 1244 898 71 -586 461 817 -177 -264 -937 -701 -456 -247 103 -453 713 173 620 113 -681 -493 -867 503 -688 583 264 -212 -460 1024 -463 -203 350 706 -435 -20 658 -36 48 -15 -700 -1065 -752 -221 -907 569 -56 -242 -261 49 653 -373 -321 509 -639 -188 393 45 746 410 -488 
7 603 39 174 498 -453 -560 -1142 -1049 983 237 528 -617 947 306 669 -571 -618 -713 182 -89 251 297 990 -708 -223 155 -1070 301 -541 -124 251 -703 -33 -1182 -381 -193 1391 268 607 -313 23 35 636 618 -259 -775 526 279 -55 -1264 158 45 176 633 275 -694 -52 -318 554 621 69 6 -103 -114 326 795 192 -293 1169 -254 -685 520 -36 884 -342 594 -481 1338 702 -913 410 -409 512 -108 652 145 -660 840 -374 -1 135 1119 61 -297 239 300 990 422 536 -873 -640 807 1273 -176 48 864 -180 1203 -253 722 1033 -668 -159 220 678 -1081 776 -21 647 -615 -599 -629 -128 136 -449 -650 788 286 652 -702 -584 176 475 912 545 -177 264 602 459 -577 -668 442 959 176 25 108 892 -261 545 -842 -92 648 -514 640 -290 -729 853 -616 73 -464 1163 353 -274 400 -189 -343 531 387 -280 1951 -249 -54 288 781 91 336 -282 -321 -426 750 -50 390 325 -133 -805 -579 1625 -697 -265 -39 435 176 777 -273 392 420 358 87 529 123 -153 -563 50 -227 -382 908 349 -352 50 -348 -889 651 1001 1311 -240 734 -482 -205 697 -782 -187 811 -269 -242 177 -990 -121 663 -425 525 243 -369 386 63 -250 8 -1381 -845 -699 -580 418 109 -466 -15 -1351 -1240 697 -267 431 -460 -45 373 -481 -858 -576 
152 -518 -1115 -237 -496 -260 -660 -282 -1045 -535 -647 1101 -459 56 -371 -551 1169 -725 314 119 -47 1615 -626 220 369 341 93 -492 547 -308 673 397 -626 272 -938 425 -807 -371 551 523 -828 834 -70 -95 -93 750 -590 -92 75 -110 268 245 -738 -728 -806 -531 -234 1060 1193 -17 -365 -342 63 -399 283 -98 672 232 -1265 -323 -237 -790 650 -446 216 -140 1142 623 -111 169 -1026 -538 -318 142 243 546 268 -153 -171 -897 -273 -170 -73 -904 -254 470 -912 1113 -1723 -1463 -572 -497 784 -545 1324 332 -661 862 -83 301 -451 749 136 640 -195 -89 -245 -973 -20 -79 473 -173 -824 -57 -518 -862 -31 41 0 -87 242 -222 170 -278 528 289 -116 -503 164 -331 786 -499 -473 265 -661 -135 773 -48 -789 -231 -639 -492 567 -154 128 67 169 -18 -522 -164 -93 -320 -156 478 -150 -230 1045 527 -1435 601 -1098 652 -418 331 -158 292 791 623 559 -23 -167 421 -895 -1174 726 341 -215 -401 -26 800 -713 -659 159 -490 346 -503 -258 356 -165 -559 -107 683 341 40 -584 -393 357 -393 50 642 1078 -972 215 226 342 -354 149 418 526 -205 193 -195 373 496 1192 -267 -88 -545 -1166 -560 518 -435 -322 -437 -272 -87 484 753 -769 -866 -1269 -576 398 -822 -532 -36 -413 1075 -807 649 -856 1105 -189 -743 334 -1162 
766 472 1032 185 -148 -253 266 898 -210 -8 -345 -136 150 -1377 -1361 202 -354 334 -472 357 -157 -642 -807 -1030 861 -965 -607 -639 904 1007 -501 934 111 735 -42 -578 -253 447 -358 121 -642 -138 194 1239 -897 405 -172 -645 -74 1372 915 769 -154 793 514 -239 519 47 -389 -1131 -1062 1082 -791 -612 -77 886 1159 -338 327 231 -470 -946 1086 435 -919 137 405 772 -424 375 -354 -245 -889 221 -219 -166 -35 722 271 1142 691 468 371 -1100 772 483 408 -1114 -60 571 -258 -52 84 472 -137 -1212 401 -820 -400 -65 12 189 -537 50 792 381 -46 -278 -292 7 565 585 928 -137 -180 -135 -858 302 705 -454 -1065 -138 734 471 -294 132 997 38 522 -182 -457 -297 -2054 89 -842 -352 -61 605 6 -263 23 -672 -509 -63 -491 -1037 -335 -341 289 129 -122 -256 -383 -364 -107 -516 -649 6 -348 -224 266 200 164 272 -591 743 109 358 46 -933 -253 -955 1158 -39 -251 -2 1768 969 -813 -76 69 165 -46 -331 -52 227 833 -158 492 616 -289 -887 342 57 627 -394 -499 483 -361 971 780 -409 228 -319 -1378 222 -83 340 -328 630 -348 175 -543 -425 512 1422 1130 417 742 -237 434 -374 543 -631 107 21 1165 98 -550 -21 -187 -125 298 253 287 714 -16 102 753 -85 -381 -409 986 -1098 567 633 
232 1475 -510 -268 796 -456 -264 143 886 -90 732 -147 -394 314 1436 -135 193 -1588 -550 135 243 952 150 -217 -1142 -183 -597 1040 -248 291 -243 -343 541 102 118 9 -223 244 457 73 17 818 853 683 157 501 984 683 784 -240 473 -196 569 680 24 -79 -967 -673 3 165 -16 712 1414 -346 -1028 -1117 -184 -169 -745 359 408 1005 1163 484 -838 724 -50 -524 1000 -21 471 -114 597 -968 -151 -1104 508 657 -694 417 414 -13 445 -731 864 -1340 34 196 -2 -294 -273 -702 -623 -192 632 136 -402 -45 -626 769 -246 -469 323 -1057 -1177 -767 -71 -167 -949 -741 -141 134 -891 424 417 44 -272 -794 549 -1128 -572 122 780 607 235 -42 895 -687 -154 -556 -490 -404 -258 -524 409 36 -722 -268 160 161 -57 -1356 -125 394 -563 550 127 411 128 -1247 86 533 31 -809 -480 245 -342 171 438 -125 -905 147 -62 284 247 -387 43 -519 163 -380 1577 808 -742 -717 713 272 -1335 -329 806 -594 -521 -121 -397 -137 -165 -479 911 -160 274 1159 160 -282 965 652 -608 -386 654 -332 1252 -416 -740 -410 194 334 -117 106 -706 -740 452 -1133 -686 309 199 -750 940 -406 -416 -267 -673 264 -195 2 1421 -140 -134 -513 50 -730 -637 -308 -594 -113 204 -350 -65 496 -977 -180 -599 99 527 40 540 -883 194 -44 
1053 -407 1190 601 -28 330 867 1002 124 985 -170 -216 627 -234 -857 -637 -989 503 -643 -1110 775 347 452 -38 131 104 -431 53 188 -366 -342 -37 839 891 1224 702 658 90 744 -842 115 378 -11 -696 -154 -785 -1023 -118 -752 638 -350 1096 427 -324 878 -925 -348 -8 541 520 -4 696 -465 -177 729 -323 -338 -681 -7 -157 214 604 -120 -538 243 -458 -694 -4 -736 67 435 -760 -119 118 -1435 -530 419 682 -312 425 635 416 -299 108 -384 143 125 -238 -652 877 -492 321 973 396 264 913 -290 -814 -345 -385 -125 -123 -667 -90 -896 -475 319 -242 -304 -273 1094 -421 -137 577 -846 -88 635 302 -1548 -502 388 227 -52 -489 -737 712 -200 799 -55 791 -684 629 -1016 -615 -92 742 -540 522 -331 400 78 -373 -271 -410 773 560 150 -307 -777 -991 443 879 144 -121 247 -420 379 281 -203 1382 507 -273 -10 739 -435 40 244 -246 12 415 -690 77 738 -552 584 784 400 -295 -38 243 69 -721 1272 -1098 255 1052 368 -772 -285 193 375 -778 261 -598 706 -633 508 -1433 126 -361 -2275 -994 -226 638 352 432 884 608 178 201 156 -95 1106 371 -667 816 952 -35 -175 176 166 128 469 417 -255 -234 145 39 -853 -434 361 -227 -796 212 -97 438 787 -7 265 -629 2 -1225 -891 -77 216 391 
700 -332 142 1008 482 537 52 -1143 -1010 23 -802 -992 984 -176 428 -512 -125 247 -469 351 -112 -119 1055 -385 -4 399 1512 -108 -72 148 -741 103 -214 -272 -229 542 523 -241 -643 508 -40 -223 741 132 -301 -170 49 -557 609 17 315 437 608 -428 -173 -90 402 -99 1669 483 -685 -229 315 -175 5 733 -728 -91 151 739 1303 318 -225 -754 1486 135 -148 -420 -772 -829 677 -410 -688 1587 -302 -858 -177 465 -472 772 -519 -148 901 -717 -1136 1335 571 -310 98 91 -126 380 594 -474 959 111 -192 814 -80 -1318 -546 -278 -699 -60 238 599 8 721 648 -1046 782 502 84 -985 188 -297 14 -1173 -651 414 206 -383 882 89 -210 286 -185 -212 -1271 -120 430 908 -270 937 -269 594 609 -538 838 -368 471 380 -59 -670 625 915 459 586 -229 786 -335 -756 -466 -1266 14 21 963 -201 -599 -181 366 -384 30 42 -243 36 434 -954 443 -321 -326 26 -961 567 -169 -553 -590 882 -236 -294 -800 66 -394 -341 -950 731 600 -56 328 -335 720 377 368 -540 -804 -1082 -168 1157 -594 835 158 -448 130 461 -646 -578 679 255 -553 -523 165 163 809 333 319 -49 -628 -770 -810 1142 533 67 -283 111 867 480 800 -201 1369 1025 437 -58 268 448 -943 -305 -749 227 -48 188 253 173 -308 -710 856 1317 
-664 818 -652 -261 604 -409 372 -721 -812 -639 1176 -470 -196 -357 698 -173 -382 -785 -70 -438 1103 95 -741 -226 -83 -73 -337 -388 35 926 205 126 389 499 164 -327 386 622 -1068 113 -259 234 -141 552 -109 453 221 642 1501 34 472 -102 247 -683 561 310 -839 319 -614 -126 149 1680 -220 100 408 -281 144 431 673 153 -849 197 -341 570 -124 149 311 -393 -313 1127 -463 212 525 -938 332 433 -1555 482 -336 168 1146 150 574 -417 148 354 -479 841 176 -309 -38 190 631 284 585 -1157 346 1044 104 120 188 -1067 -468 439 87 36 -476 300 -416 -152 269 -417 146 -64 260 150 90 -771 -110 -369 -305 136 50 5 728 185 165 8 615 156 794 -164 374 -665 459 85 -95 224 -176 -425 -129 -140 -57 404 429 302 6 -16 -739 280 -1289 -514 421 -39 682 871 -408 575 864 -689 -44 193 434 -115 -1002 -14 585 35 -290 202 450 -592 -38 -323 427 -314 -205 -512 35 -667 548 -383 538 320 -522 -533 525 115 -300 -566 11 -171 380 -486 -827 165 -174 935 416 150 419 859 51 772 1208 -157 -193 270 560 -729 92 62 382 -625 -18 300 -351 551 -1251 423 547 -157 237 773 -114 355 601 59 -940 136 -445 -934 -974 130 -80 137 212 -146 -727 -13 1181 -12 710 -806 -438 -7 
162 -1 998 994 14 38 -929 76 -527 -460 242 -260 490 406 -333 -113 -552 3 227 -138 -209 -104 741 -534 -619 43 -1002 -393 28 206 130 1235 -449 309 268 8 1234 -289 -56 -1000 -383 712 -309 -607 -112 255 -1025 593 -562 1031 1500 -822 -337 1154 1095 1010 256 550 -739 819 625 -452 -1492 1061 -244 -202 75 -239 575 359 -156 379 -1398 698 310 -593 348 -671 -75 1364 -314 -328 620 -51 -871 -371 846 143 141 -246 113 948 614 1288 677 -309 1232 854 -96 -163 -593 1043 -665 264 -400 131 256 -281 600 808 -346 810 -461 -229 568 323 321 -313 1042 -1724 -723 -618 -89 -363 -408 -561 -855 253 -221 -308 853 -374 -976 -757 944 -361 -1519 1402 596 899 361 -707 813 984 315 701 230 491 -324 699 612 463 -30 926 -645 381 -93 731 66 68 879 -32 81 -306 264 -128 174 956 388 508 830 -660 287 -107 298 -486 4 954 -362 -526 1636 -91 -70 420 -767 357 -176 325 -429 383 1175 35 1524 1460 119 289 -1237 768 356 -163 335 6 -1042 -497 -405 -155 -541 -134 -39 613 204 429 261 -22 668 570 1102 -144 657 666 40 -518 -615 319 -1281 -667 -460 -472 1674 1044 -785 265 -254 -342 659 -510 740 265 -457 451 131 847 -402 -84 144 -79 725 -883 421 -36 -195 -732 421 -120 693 -1150 
580 367 -790 246 1399 -189 -441 733 -925 -67 689 593 502 173 -1184 -203 560 -251 -302 108 226 -1501 165 846 351 218 -52 767 359 3 -757 -269 -269 -655 674 -492 -945 783 402 126 379 1523 5 339 -63 127 625 -367 697 70 -774 1419 -76 -473 55 -546 -193 308 -129 958 1115 330 -141 -122 189 933 -214 -251 -738 132 307 -41 -14 -139 615 389 -575 -563 -141 363 -156 -260 262 288 -317 376 622 153 -300 449 264 368 95 22 -436 -89 -738 314 -109 -81 57 -510 1028 251 -39 545 103 233 339 -1246 302 -39 -1208 108 -22 228 -77 169 -746 -16 -88 995 627 332 519 -92 696 -10 -744 -299 -697 -523 355 -429 -617 138 -631 -464 -540 -90 414 456 -108 -563 27 379 -348 96 718 709 106 31 -274 740 403 509 -543 -757 502 324 -544 664 67 273 81 580 -694 946 554 -418 -37 253 244 693 133 665 -129 161 -537 -754 -363 -752 170 -308 -290 173 40 -742 -66 -16 162 449 -160 -109 25 355 332 358 -157 317 96 -444 -104 133 -594 -562 -930 1013 -610 458 -224 670 -323 402 68 172 711 130 -203 -38 -72 -564 331 625 -127 -683 264 -688 442 303 -580 -249 484 -819 279 377 553 -609 239 -533 -344 -215 181 138 -499 815 272 695 -200 534 860 -390 -962 58 752 -770 
194 -230 275 -270 -91 -664 1519 650 349 317 -438 9 -748 213 -304 -36 445 939 904 208 -705 -1574 277 262 1732 585 -237 685 -599 -399 -58 -1226 -308 -163 456 -182 837 -944 -1366 563 272 -171 -175 159 380 -159 -914 -977 -63 -765 15 454 418 -387 -142 -1361 -172 335 -54 -374 -67 -384 1050 -618 -881 -772 849 -482 -743 -715 1181 553 -78 -141 -138 1122 -181 -151 -232 278 555 -497 539 252 -887 700 242 133 1351 -160 748 -135 -385 1073 245 -805 367 -807 -265 338 1213 -1746 343 88 -1201 -522 22 478 521 294 586 -172 164 6 -679 -194 -447 -81 344 -277 -794 1341 158 165 -684 625 575 -273 274 356 -441 811 -607 444 594 93 -1855 255 919 -742 -1070 1399 -101 161 -130 464 -756 -345 525 -185 -914 184 -1337 -341 610 221 -1035 -323 106 311 -804 -1415 -4 -463 -544 -209 -582 -132 16 -455 1050 61 533 -278 -604 738 254 -355 14 -718 721 814 669 28 346 65 191 -824 -313 554 -110 1385 -880 670 543 108 -743 116 244 -95 -605 438 273 -77 538 240 -61 211 -585 544 74 179 192 -734 -609 1670 43 -731 -1452 1472 538 193 -637 -52 -262 -473 395 -262 353 -734 -521 258 554 102 944 -65 811 -57 -202 -600 -802 -314 -830 -17 185 704 -418 -1181 23 496 89 -426 -646 -5 477 -70 
-532 164 -1343 -359 -1 209 435 38 -183 -552 411 414 -116 97 898 -471 205 537 406 307 423 404 430 -596 -167 191 -230 1403 -162 -54 649 31 42 -456 -626 372 -362 959 -322 405 37 -457 -874 -317 5 26 918 149 306 -281 1198 251 -903 630 426 833 48 1028 68 41 -306 -671 264 492 465 -600 1174 -312 308 -710 -648 349 -1119 182 206 141 -763 114 -1047 1108 77 -1757 736 -200 -335 224 99 170 -540 169 833 1504 679 292 -683 115 -661 79 -359 213 294 -493 -34 -1498 -605 941 804 -1183 -432 688 -712 -40 -233 -69 -585 576 991 350 337 -38 31 -640 -1025 414 -242 592 601 -240 478 259 671 -1413 -647 -402 630 406 -409 476 -20 155 -1658 640 -476 -324 370 -2072 -881 1309 -347 1063 236 8 -142 -226 721 431 689 -604 428 -97 -125 364 -442 -942 513 -178 -895 372 -90 -578 381 987 -7 -64 -598 -156 -517 -18 -783 -100 2153 182 335 232 460 108 -461 53 757 -701 429 -35 593 582 -330 465 540 -240 -175 -842 -462 888 893 370 -1074 -103 1102 540 1129 81 -415 -789 -934 660 267 325 493 2 292 1006 575 769 411 12 -413 115 -728 87 -121 -387 -42 877 -938 -323 138 501 -276 98 148 702 204 150 -468 -19 210 -343 480 -104 323 82 -451 894 213 228 85 353 
846 -196 560 43 -988 -95 -366 -176 -520 -1329 -827 1028 334 -19 962 218 1098 -454 970 924 -164 -257 56 514 -601 866 -609 337 -656 -267 -131 -957 -1251 1084 -98 1213 118 120 152 -168 -74 146 -163 -484 171 621 996 -359 543 -62 461 -469 119 -12 159 584 336 -98 681 -1172 404 -167 -464 56 129 -1058 -418 -484 -11 -350 -1057 -285 -1097 -360 877 -58 -287 532 823 516 -996 -800 113 -2089 407 215 490 577 698 -340 -81 191 390 23 124 -17 390 1103 -41 203 600 -1167 -735 -829 893 -294 -268 -912 -558 682 -410 -3 339 -166 324 200 -958 845 6 918 -1005 1060 263 -227 116 -448 -248 648 871 258 -3 358 687 685 -22 -107 -309 -702 -38 -534 -967 913 197 914 25 -168 -545 432 194 631 233 -171 509 82 -607 -119 168 -506 325 -116 -857 -189 -35 -523 410 -310 -943 -936 144 -554 237 -269 517 279 -704 634 -517 -983 -722 -1049 409 -242 247 -478 464 -1247 1329 291 -1005 -368 -446 -601 671 355 813 130 -134 536 606 -888 958 -161 -534 1304 -197 240 -333 -195 41 -179 872 -416 18 169 -152 237 -376 464 -379 -607 441 537 -431 456 -765 555 188 353 566 534 -862 -826 -99 -842 233 273 1100 -680 -32 -780 -24 797 65 -1007 -182 -398 1044 -806 835 -1177 -846 -576 -460 92 31 246 
-79 650 -499 -583 -446 517 221 -267 -242 158 545 350 395 224 -904 1187 219 1083 246 -74 133 -612 426 -1288 -160 -286 -868 802 -597 -159 -276 601 372 -534 108 -293 -692 -93 -588 -353 -356 -208 -454 574 182 -710 852 -414 -73 -13 243 366 -580 352 -601 207 -61 542 -316 -511 151 -178 -105 -636 -751 -662 563 774 -417 -270 -473 467 357 1148 -1676 403 644 271 -978 -360 -155 923 224 1137 -385 293 -360 -496 400 328 -1056 1114 109 621 440 489 546 616 -463 26 -594 641 -115 -515 -386 480 -221 -157 -12 266 -1160 -290 -842 -223 -1356 -588 930 -506 378 -1513 -91 379 -15 -740 -324 -644 160 -609 525 204 -707 27 -765 -586 198 -121 1167 -386 -108 135 -187 655 122 -173 385 -352 561 -353 596 -629 -5 -348 -1242 -104 -367 -1122 -206 57 77 170 -277 -401 -471 540 1694 335 -1546 -56 946 -270 -852 -154 1272 -247 -922 -1138 350 -405 -118 -508 -560 -265 -374 -543 541 643 328 -96 489 -235 1062 201 266 479 -243 200 -244 275 689 -1156 456 -446 48 -457 -1 593 113 -1164 -378 -406 335 5 -361 9 -411 -1349 -185 -844 -188 911 -558 916 -542 -352 -505 205 73 -45 -239 -620 -470 469 -226 -463 1248 304 13 984 289 1026 -683 -496 103 167 -524 -472 -802 322 471 -500 -524 -259 167 1176 -924 -507 
267 -388 -93 859 -253 811 902 1283 75 -683 985 -784 273 -154 -312 953 -849 141 -47 -243 973 -620 575 -446 752 217 265 -482 -555 -584 -1020 6 -883 -964 -228 388 542 -487 482 -157 -604 -788 283 -79 -102 -898 -444 247 456 1188 104 1161 1036 -235 -377 -141 -618 -593 774 -66 384 666 -381 801 936 387 -414 72 33 1178 13 1226 -85 297 -271 -100 -78 -234 235 238 1573 476 -522 792 248 459 -433 -415 -500 -604 -5 872 363 46 801 -135 -643 -94 109 -420 244 1020 -582 385 -305 367 -223 -496 -703 -1326 42 92 -21 372 -784 -912 647 1144 -101 389 295 -837 -177 -478 331 -345 -74 75 -273 -115 118 520 -1012 -502 -242 -1336 114 -418 -1270 373 589 42 -703 -673 27 -9 341 -1113 -561 -307 566 279 16 165 136 -79 529 -404 306 -135 256 341 -311 -13 105 -819 1008 -185 -345 -380 442 470 21 33 -25 605 -511 28 -743 1091 680 -214 -481 -490 50 791 635 -405 -304 457 102 406 -486 -682 -387 -971 812 -697 -126 -840 -176 -826 485 -529 -420 -744 -1052 -441 -472 231 -653 -122 713 174 409 547 284 277 86 1034 -679 -960 -428 -63 337 -292 58 -289 -914 -699 -539 29 -300 -556 906 -254 239 1020 261 361 89 379 336 1384 414 -738 966 163 111 -859 552 474 24 487 -96 725 
-408 501 962 124 610 -326 -671 282 293 -281 123 -635 -824 -381 482 -989 -524 -667 242 -916 -455 1322 -327 201 -1178 348 -68 681 -31 -452 143 778 -968 515 514 911 101 698 535 41 259 1062 1036 -435 -55 1288 -1223 716 352 -52 -387 -370 881 1082 326 696 -807 -931 -246 -419 230 -331 488 1798 -295 207 -186 -358 52 51 -353 500 -650 474 329 -1049 681 -668 42 -49 622 868 186 -34 493 -655 557 -91 664 -900 702 514 68 192 1454 1236 290 702 952 -138 -303 1037 -200 -656 -7 -116 -484 773 -260 453 1230 174 420 -215 -205 1396 1661 -338 -855 871 80 219 -241 233 1145 615 272 -1125 -447 -1019 102 455 546 327 108 -150 -590 -463 -1195 151 259 14 -25 -214 616 -85 197 -571 -287 704 631 1042 -1062 -26 -456 492 16 280 -693 -61 -88 807 293 321 166 -1521 -98 -433 45 573 545 -158 989 929 975 157 -1065 -791 -54 501 529 -214 110 -233 198 -286 415 22 -663 234 355 18 -380 -506 1153 -59 526 -675 858 -1169 300 990 502 72 195 162 -592 -142 1210 -1450 381 111 649 -1062 77 -416 33 385 1268 145 290 134 -1884 -1079 -177 472 -1144 1079 659 -392 104 -537 -57 404 -127 405 60 781 97 -541 -540 517 73 -701 679 -302 -896 -105 85 763 34 -213 -185 43 -1887 290 
-608 309 -96 -383 -384 287 292 1331 -403 761 668 69 1066 235 440 -716 -1323 -640 -312 -939 920 -391 345 -430 -402 -519 62 79 125 -706 403 258 -947 -1019 -177 -78 -396 -60 -79 -287 -256 -138 424 134 513 218 -157 80 1050 -405 -456 -153 -115 946 54 178 -253 215 -1048 376 -839 1110 -183 -771 223 4 674 59 33 -43 -831 335 -107 739 -34 264 650 -515 -156 -737 -25 -378 91 487 208 242 114 -160 -124 22 243 442 197 -33 652 374 -430 542 360 251 385 97 322 -625 -167 485 -79 -871 -381 1061 375 40 -496 -1118 -294 799 -14 173 -385 -25 574 488 277 -786 781 -39 205 -222 373 444 54 -437 203 -437 466 -1278 148 405 -286 587 -495 181 -10 -1227 -226 -1151 -319 -300 -365 373 -629 355 -534 -22 -297 -1725 -619 382 1082 191 -282 143 -607 -282 -715 -86 -813 479 219 459 -664 -691 462 164 344 129 38 -270 -489 1243 568 743 -108 291 765 -589 322 77 48 310 -199 8 -178 313 -415 -47 -104 -153 564 -235 -176 -230 -423 47 317 451 101 -775 -238 -86 917 -816 353 594 866 -510 237 -966 96 94 -69 482 -360 -792 -571 855 -942 257 739 419 901 685 -64 724 -313 -327 62 -192 1255 675 1082 74 850 -121 481 -1197 -5 446 194 -1459 -414 720 -31 -927 -239 -1046 
-833 63 -425 -850 -784 -628 -542 -741 1310 -450 52 -411 -313 662 623 945 429 534 1025 -892 -707 1210 -386 553 148 247 398 794 976 -345 -473 -1105 822 418 233 878 -321 310 -737 -23 -226 360 8 859 545 -725 -242 -560 -870 -740 -245 165 139 -59 -877 906 -87 -101 -325 -90 -542 781 -399 418 -671 1071 359 789 1380 -777 933 642 -574 91 -1186 -166 -762 -973 272 621 723 -844 565 299 -508 1511 434 -144 416 167 181 32 -1559 -173 -478 703 -249 -289 47 376 277 166 958 -381 120 1243 -208 309 232 -254 502 -36 186 -1086 1493 466 158 860 -290 -234 -374 192 -870 716 4 69 -446 -844 164 221 -36 -353 -82 -141 -219 -278 -578 -925 -148 -997 227 672 487 -323 -670 49 -469 565 759 -1323 -624 327 -1023 -1191 151 133 -1027 -278 -823 -780 407 -84 -992 -154 -31 1041 -804 427 618 -306 -516 -369 157 742 868 -306 400 -122 -305 228 125 17 728 -337 999 -442 178 -30 417 217 186 345 417 -1002 -718 91 -697 47 98 469 -1110 155 -93 745 279 160 1127 346 -397 582 -453 -63 121 636 -268 -87 -40 -146 -409 680 -82 569 -554 687 468 -70 -525 -867 -1429 -8 333 -39 -496 185 -584 882 -807 -379 -320 -447 455 -482 -495 397 87 -964 -1076 -192 -671 -356 301 -583 -1473 -356 81 1178 
115 48 -331 495 -886 -161 -887 -904 -23 -248 -655 1373 354 314 1062 -102 841 -70 -892 -766 -38 -347 18 209 -1083 -1562 215 911 311 -482 -248 -19 -751 -105 161 575 -65 104 -520 988 878 -119 778 581 -200 487 121 837 -400 93 -17 169 -395 -135 -198 -1004 320 408 114 737 427 -427 562 965 149 -389 973 534 -239 -1047 726 -233 363 -57 480 349 598 -380 832 885 654 -177 -277 -684 -589 -94 414 -91 49 980 -831 809 149 -231 -1132 -351 -683 433 -575 -478 725 -290 653 157 697 418 51 259 -390 122 -907 52 -220 -538 375 -611 603 643 63 529 -27 -967 -25 805 -181 -39 -925 622 -760 1370 -95 -178 -505 601 811 1082 -699 -465 -13 -1023 -884 -321 138 -56 291 -431 -223 93 425 156 -237 -628 -175 633 18 531 224 -311 -83 -326 -832 343 -136 -196 239 -154 -626 45 -555 -61 663 163 327 -14 413 155 -544 -134 52 -304 606 549 -629 615 213 -486 258 -65 129 -234 474 16 256 -1263 932 902 594 -309 396 498 214 191 233 -423 355 -602 -2 -814 58 -771 1163 -596 98 -134 -1031 -388 764 -624 442 -743 -174 -157 711 581 -358 334 -27 -948 796 -395 307 -163 749 -706 -487 96 413 423 -966 -255 -421 -33 82 1177 -684 -401 -1594 -122 453 173 158 506 -366 -401 1088 73 
-830 -377 618 -24 -159 799 -709 -116 -635 -110 -628 1256 919 369 -684 198 190 -1162 69 1140 511 -233 -100 116 -651 87 575 221 511 -221 67 949 -626 265 798 895 -182 18 420 437 -596 822 247 527 179 -358 297 467 541 -370 309 -712 84 179 -573 435 263 64 -560 597 85 -25 -1257 543 624 765 -182 -237 -503 -159 -101 -971 814 66 -1159 -406 -190 -191 -206 32 250 555 -97 -1411 291 -202 558 247 194 88 584 276 -182 87 854 352 1174 298 362 -172 35 -65 -763 2 1165 -671 -284 -243 -145 298 -989 -168 178 -580 -306 1542 86 317 -96 -143 630 -361 299 -250 -97 1014 -372 664 -270 109 1226 -79 209 -290 -145 -433 -1034 -171 137 -838 95 -794 -745 738 -860 236 63 574 570 461 -512 1600 839 174 739 -161 662 351 352 -842 -375 467 800 1357 53 698 497 1310 -137 -595 238 1 -592 -636 386 -241 -416 560 300 183 -366 -282 -152 327 -513 -1262 149 -354 608 -452 -921 189 -183 499 -709 303 -344 418 286 -422 598 -512 -1904 -180 -554 -1454 -446 -61 744 -453 210 154 309 -476 599 -1037 1420 370 468 -874 128 608 456 -136 -613 -87 -440 617 43 241 787 560 -1043 -997 -301 960 378 -774 -1303 918 133 -414 -1156 -374 55 1309 287 -130 88 38 168 -1 -592 -1411 81 -946 
Execution time: 288.618 ms
