Algorithm: Kruskal's MST
MST edges:
1818 3141 1
5174 8708 1
5174 5912 1
1560 9489 1
2829 2830 1
4047 4048 1
8520 8521 1
1691 1692 1
2768 8721 1
2765 2766 1
4077 4355 1
5048 8481 1
8481 9980 1
1755 1756 1
5013 5014 1
5184 5185 1
1819 3117 1
80 81 1
4109 8518 1
8374 8375 1
6881 6882 1
6882 6883 1
4919 7255 1
6896 6897 1
9821 9822 1
187 188 1
2671 2672 1
8332 8333 1
4867 5484 1
1401 6911 1
1288 4973 1
8834 8835 1
2996 4179 1
87 88 1
5399 8785 1
7713 7714 1
1333 1334 1
5384 9681 1
2980 9691 1
5370 8790 1
9957 9958 1
8751 8752 1
8730 8731 1
4851 4852 1
8715 8716 1
1422 1423 1
1453 1650 1
8670 8671 1
1469 5252 1
1470 9212 1
8658 8659 1
1490 8950 1
2889 8892 1
3988 8405 1
83 1393 1
2888 2889 1
5206 5207 1
7084 7399 1
2253 2254 1
4536 4537 1
4214 4450 1
2532 2533 1
8089 8090 1
4499 9548 1
2522 6268 1
4476 8175 1
4471 8781 1
2314 3242 1
4455 4678 1
2511 6074 1
7074 7075 1
2534 8545 1
4406 5375 1
8070 8071 1
4369 4370 1
4360 4361 1
2342 7041 1
2356 7827 1
69 3649 1
2358 9028 1
2467 2468 1
8020 8048 1
7120 7121 1
2426 2427 1
2428 2429 1
4717 4718 1
1945 1946 1
4845 6385 1
8292 8870 1
2648 2649 1
4826 9886 1
2011 9321 1
8263 8264 1
4771 5656 1
2647 2648 1
2096 8944 1
4743 7640 1
4734 8688 1
2595 7907 1
1357 5332 1
4713 4714 1
8197 8198 1
4664 4665 1
4644 9695 1
2162 2163 1
2196 2197 1
4606 4607 1
61 4906 1
4570 4571 1
7019 7020 1
2537 9453 1
4567 8023 1
2218 2219 1
6517 6518 1
3502 3503 1
6138 6872 1
3633 3634 1
6476 6477 1
539 540 1
3470 4793 1
7476 7477 1
618 8254 1
6071 9090 1
3458 5646 1
643 5522 1
6501 6502 1
6030 6031 1
647 648 1
499 500 1
3434 7880 1
3696 9571 1
6530 6531 1
704 4732 1
7504 7505 1
3408 7641 1
717 6526 1
9333 9542 1
3382 3383 1
5428 5429 1
746 4679 1
761 762 1
775 6386 1
821 822 1
397 6229 1
9884 9885 1
3558 6455 1
6372 7110 1
6348 6349 1
6399 6400 1
330 331 1
289 3446 1
3565 9744 1
9665 9666 1
3541 5389 1
3521 9923 1
3593 3594 1
390 7376 1
397 2287 1
9976 9977 1
6209 6330 1
6209 6210 1
3520 6221 1
6437 8238 1
415 4643 1
6452 6715 1
446 447 1
460 7977 1
3615 9805 1
465 1035 1
3618 7496 1
476 4665 1
6146 6147 1
3622 8124 1
1101 5879 1
922 9330 1
9017 9018 1
3157 3158 1
1032 7797 1
3182 3183 1
5602 5603 1
9167 9168 1
3097 7319 1
3204 7065 1
9173 9174 1
5613 6709 1
9130 9131 1
5640 7692 1
242 4501 1
6673 9814 1
6687 6688 1
983 984 1
991 992 1
3338 9904 1
3238 4705 1
8911 8912 1
1093 6853 1
9229 9230 1
6670 6671 1
3325 3326 1
26 27 1
856 5860 1
5444 5445 1
3305 3306 1
9015 9016 1
1189 5803 1
6708 6709 1
8941 8942 1
1166 6622 1
7346 9449 1
7662 7663 1
900 6861 1
8390 8391 2
3520 3521 2
2515 8259 2
2902 9271 2
2919 3050 2
3195 3196 2
2938 2939 2
127 9414 2
3093 3094 2
153 9763 2
3544 5277 2
3555 4621 2
156 7259 2
7662 9032 2
3037 7207 2
2777 2778 2
2700 5063 2
2699 2700 2
3369 3645 2
3371 3372 2
2689 9708 2
2703 8957 2
2706 6941 2
3406 3407 2
3289 4845 2
2711 2712 2
115 3125 2
2652 4546 2
150 6008 2
7586 7587 2
2647 4977 2
3443 3444 2
7806 7807 2
2628 5763 2
133 8304 2
2848 5762 2
9864 9865 2
2575 4808 2
7468 7469 2
2568 8269 2
2897 6457 2
963 3376 2
725 4623 2
739 2432 2
9307 9308 2
9290 9291 2
9248 9249 2
847 1530 2
857 3871 2
874 875 2
257 258 2
892 893 2
901 8419 2
250 251 2
9342 9343 2
1017 5567 2
1031 3742 2
1049 6704 2
8987 8988 2
1133 3743 2
8946 8947 2
8919 8920 2
1235 1236 2
1299 5668 2
8821 8822 2
1303 4565 2
471 4819 2
9697 9698 2
318 319 2
321 5284 2
326 327 2
351 1356 2
9651 9652 2
376 7752 2
381 382 2
411 8004 2
426 6577 2
465 9766 2
8791 8792 2
9725 9726 2
506 4987 2
520 7380 2
525 4105 2
558 6540 2
590 7639 2
9432 9433 2
644 9521 2
652 8103 2
663 6432 2
9348 9349 2
8152 8668 2
6385 6386 2
1880 9223 2
8349 8350 2
1928 1929 2
1979 1980 2
181 7770 2
8244 8245 2
2070 8666 2
2099 2100 2
175 176 2
2147 2148 2
1829 5344 2
170 3324 2
2246 8346 2
2261 6524 2
2275 6387 2
8111 8507 2
8087 8088 2
2313 2314 2
8081 8082 2
8065 8066 2
2371 2784 2
8008 9126 2
1542 1543 2
1348 1349 2
8771 8772 2
1370 2120 2
1397 6183 2
1425 2306 2
8633 8634 2
1514 1515 2
1525 1894 2
1532 1533 2
1536 1537 2
1538 2013 2
7990 9676 2
8570 8571 2
1616 3280 2
1629 1630 2
8535 8536 2
8514 9383 2
1707 9507 2
1709 2726 2
8483 8484 2
1742 3639 2
1789 9935 2
1823 3330 2
6603 7633 2
5036 5037 2
5031 5032 2
5598 8609 2
5622 8597 2
4187 4188 2
5652 5653 2
5008 5009 2
5686 8534 2
4947 8477 2
5712 5713 2
4939 6878 2
3916 9074 2
6598 9703 2
6594 7235 2
6590 6591 2
3792 3793 2
4267 9176 2
3776 3777 2
5845 5846 2
4878 5609 2
5853 5854 2
5876 5877 2
5382 9289 2
5233 5234 2
6751 6752 2
7204 7205 2
7201 7202 2
4048 5283 2
6803 7964 2
4117 4118 2
4038 4596 2
5110 5111 2
5356 6427 2
4019 4020 2
4434 4774 2
5091 5092 2
5418 5419 2
3976 8480 2
5429 5915 2
3952 9416 2
7264 7265 2
7181 7688 2
6698 6699 2
5057 9028 2
3924 5190 2
6344 6345 2
4549 8236 2
6102 6103 2
7398 9607 2
4625 4626 2
7397 7398 2
4704 4705 2
7371 7372 2
6205 6206 2
4612 8310 2
3722 3723 2
4770 4771 2
3564 3565 2
6158 6159 2
3692 4139 2
4836 4837 2
6157 6158 2
4397 5254 2
3570 7816 2
7020 7021 2
4500 4501 2
98 99 2
2251 2252 3
1684 1685 3
1706 9029 3
2220 7459 3
5081 8113 3
1630 5450 3
1682 1683 3
8527 8528 3
7028 8743 3
1641 3503 3
1720 1721 3
8117 8118 3
2274 2275 3
7039 7040 3
1621 7150 3
8580 8581 3
2276 5235 3
5209 9649 3
5218 7717 3
1337 7372 3
9787 9788 3
5249 6611 3
5269 6819 3
1467 4038 3
52 53 3
9833 9834 3
6877 9465 3
2071 2072 3
4750 9636 3
2067 8820 3
8349 8403 3
2039 6771 3
1912 7970 3
1860 1861 3
8277 8278 3
4878 5610 3
8335 8336 3
4825 4826 3
4827 4828 3
1962 4404 3
4850 4851 3
5048 8353 3
4724 6686 3
2151 4767 3
8432 8433 3
1808 1809 3
1802 2496 3
1788 2453 3
1780 1781 3
2165 2166 3
8173 8174 3
1777 1778 3
1743 4468 3
2180 9757 3
62 63 3
1950 4282 3
8500 9668 3
15 16 3
593 594 3
633 5683 3
642 643 3
9981 9982 3
6031 6032 3
9403 9404 3
9365 9366 3
5926 6394 3
9344 9345 3
266 2505 3
6079 6080 3
5888 8212 3
9330 9331 3
9314 9315 3
9311 9419 3
5841 6217 3
784 785 3
809 4543 3
811 2068 3
821 4435 3
6161 6162 3
301 4173 3
302 337 3
346 9397 3
6424 6425 3
9641 9642 3
383 9785 3
394 7702 3
6248 6249 3
411 7442 3
458 459 3
897 898 3
466 467 3
6155 6156 3
476 9675 3
9726 9727 3
485 6862 3
6139 6140 3
6086 6087 3
566 2949 3
582 583 3
5351 8893 3
1234 2905 3
5419 5603 3
5410 9108 3
5393 5394 3
8811 8812 3
5022 9541 3
8781 8782 3
8774 8775 3
222 5420 3
1355 2810 3
5433 5434 3
1360 5311 3
1363 8393 3
5338 5339 3
1396 1397 3
5329 5330 3
1407 1408 3
1435 1955 3
1437 8195 3
8691 8692 3
1011 1587 3
898 5389 3
9173 9670 3
916 7880 3
932 8926 3
5665 5666 3
6621 6622 3
9151 9152 3
6638 6639 3
9093 9094 3
1458 7929 3
1037 5918 3
1077 6338 3
6689 7348 3
1115 1693 3
1116 5421 3
5471 5472 3
1139 5942 3
8951 8952 3
8940 8941 3
3636 3637 3
3359 3360 3
3642 7394 3
7545 7546 3
2869 8125 3
2885 8557 3
3971 3972 3
7957 7963 3
7559 7560 3
2487 2488 3
2462 3456 3
3496 7867 3
4214 4215 3
3747 3748 3
7982 7983 3
3510 3511 3
7563 8020 3
3516 8417 3
9850 9851 3
2995 6352 3
3301 4535 3
7991 8670 3
4290 4291 3
3748 3749 3
2636 5191 3
90 6725 3
7194 8825 3
3374 9407 3
2707 6993 3
4118 4119 3
7213 7214 3
2731 2732 3
2668 8370 3
7873 7874 3
2657 4293 3
4163 4164 3
7556 9110 3
7888 9759 3
2748 2749 3
4168 7976 3
7897 9578 3
3415 3416 3
4052 4053 3
2798 3603 3
7494 7631 3
4213 4214 3
2829 5703 3
7792 8106 3
8082 8083 3
3802 4645 3
3868 3869 3
3866 3867 3
7660 8645 3
9849 9850 3
3064 3065 3
7415 7416 3
3108 3109 3
2327 7802 3
2324 2325 3
3780 3781 3
2321 6841 3
163 7527 3
3037 6530 3
3024 9976 3
2383 9957 3
3169 7516 4
5316 5317 4
1406 3168 4
2752 6960 4
9750 9751 4
7826 8375 4
6747 6748 4
3130 9479 4
4061 9979 4
7299 7809 4
5344 9260 4
4045 4046 4
2789 2790 4
3374 3801 4
864 865 4
537 1241 4
2827 2828 4
929 930 4
6042 6043 4
5181 9016 4
7857 7858 4
9518 9519 4
1340 5020 4
9185 9186 4
600 7844 4
7851 7852 4
5278 5279 4
3822 7808 4
2725 8928 4
1466 4420 4
5721 8938 4
1455 6275 4
1454 1455 4
848 8559 4
6765 6766 4
1413 1813 4
7838 9421 4
7836 7837 4
617 5630 4
1430 3933 4
5293 5294 4
5246 5247 4
8638 9830 4
6605 6606 4
9218 9219 4
271 272 4
9190 9191 4
5544 5545 4
1147 2117 4
2946 3812 4
234 235 4
1121 9287 4
7675 7676 4
2959 2960 4
3893 3894 4
9105 9106 4
1114 7155 4
1109 8401 4
262 1436 4
1105 8838 4
9080 9081 4
1094 5599 4
2938 6693 4
1013 6545 4
5884 5885 4
5550 5688 4
5829 5830 4
9022 9023 4
1024 2048 4
5832 6133 4
3296 9989 4
1063 7132 4
3264 5071 4
1061 6929 4
3290 4272 4
90 91 4
2895 2896 4
9157 9158 4
951 8970 4
1047 1048 4
7536 7813 4
7242 7243 4
5388 9415 4
2877 2878 4
7605 8065 4
8824 8825 4
9959 9960 4
6025 6026 4
83 4466 4
1287 9035 4
1344 8857 4
5809 5810 4
5974 5975 4
5961 5962 4
675 6173 4
8914 8915 4
1201 1202 4
6709 6710 4
5925 5926 4
5647 6661 4
7553 7554 4
870 3624 4
5628 6118 4
715 3104 4
9888 9889 4
2404 9434 4
9995 9996 4
179 5711 4
2051 2052 4
179 6263 4
9993 9994 4
8257 9653 4
379 7111 4
3504 9135 4
6250 8038 4
4834 9246 4
1989 1990 4
1976 4687 4
1973 6131 4
1966 7770 4
56 6518 4
2481 2482 4
1929 6427 4
9823 9824 4
7137 9417 4
1919 1920 4
4907 4908 4
436 437 4
1908 1909 4
438 439 4
8372 8373 4
2518 3140 4
4938 4939 4
1880 1881 4
8385 8386 4
2187 4341 4
66 3149 4
4492 4493 4
2318 4175 4
7425 8156 4
6373 6374 4
6355 6905 4
324 5268 4
2335 2336 4
7023 7024 4
168 339 4
292 293 4
327 328 4
8063 8064 4
9678 9679 4
4358 4359 4
1556 6979 4
2185 5615 4
4354 4355 4
2369 9473 4
7107 7434 4
9839 9840 4
4652 6961 4
8189 8886 4
2143 2144 4
2386 6577 4
2127 7672 4
9670 9805 4
2125 7506 4
2123 2124 4
3518 3519 4
2668 5420 4
7167 7168 4
2599 7726 4
1763 1764 4
3561 6096 4
8475 8476 4
1743 1744 4
2626 2627 4
6844 6845 4
9589 9590 4
1729 4805 4
475 476 4
1725 1726 4
4156 6911 4
6143 6598 4
7509 9924 4
8391 8392 4
1656 1657 4
1646 7772 4
205 941 4
2668 8575 4
1631 9510 4
7511 9282 4
7867 7868 4
5113 5114 4
6461 6462 4
5132 5133 4
502 1130 4
6130 6131 4
5135 5136 4
1559 9707 4
5152 5153 4
1800 5138 4
8397 8398 4
4224 6008 4
2526 7760 4
1807 1808 4
3676 4158 4
454 455 4
192 317 4
4227 4228 4
1836 5658 4
1831 1832 4
4940 5104 4
1864 5865 4
6456 6457 4
4205 4206 4
814 815 5
335 3039 5
6283 6284 5
338 9598 5
6407 7897 5
3727 4693 5
3224 3225 5
7364 7365 5
6592 6593 5
7526 7527 5
3715 3716 5
9547 9548 5
6099 6406 5
7522 7523 5
317 4494 5
5750 5751 5
0 9272 5
3331 3332 5
5745 5746 5
7548 9254 5
7445 8484 5
6186 6187 5
3699 3700 5
6231 7408 5
6426 6427 5
735 6016 5
619 620 5
377 3354 5
723 724 5
398 399 5
3467 3468 5
5901 5902 5
6156 6950 5
6280 6281 5
6190 6191 5
704 1418 5
769 3679 5
3413 3414 5
3700 3805 5
478 479 5
431 1023 5
343 5085 5
3776 9277 5
485 2042 5
804 1137 5
342 5214 5
6074 7512 5
9614 9615 5
3324 3325 5
1746 8774 5
8319 8320 5
4272 4273 5
1947 6926 5
2468 4283 5
1942 1943 5
4884 6485 5
4268 4269 5
2518 2519 5
1892 2016 5
7142 9487 5
2525 6214 5
4956 4957 5
1805 1806 5
5021 6178 5
1779 4448 5
1966 9728 5
1735 6499 5
1734 2539 5
8485 8486 5
7883 7884 5
5064 5065 5
4138 6983 5
5090 5091 5
1681 9962 5
8543 8544 5
7184 8390 5
1613 2190 5
1591 4194 5
7864 9782 5
1570 1571 5
1563 9408 5
2378 6663 5
7061 7062 5
2293 6767 5
2285 2286 5
2276 2277 5
4522 9875 5
8074 8075 5
7088 8304 5
2244 7664 5
2237 4175 5
2228 2229 5
2223 4188 5
4359 4360 5
2215 7935 5
4577 8514 5
2191 9619 5
1550 6922 5
7113 7114 5
4316 8137 5
4740 5809 5
4285 4286 5
2054 7875 5
2050 7659 5
2034 2035 5
2031 7313 5
6924 6925 5
2018 2019 5
8276 8277 5
7135 7136 5
2442 2443 5
4276 7264 5
8309 8310 5
3871 6271 5
2941 2942 5
6692 7459 5
2989 2990 5
9011 9589 5
1090 2394 5
5561 5756 5
9031 9032 5
1070 1071 5
1057 6926 5
5562 5563 5
1038 2916 5
3878 6159 5
5592 5593 5
3014 8522 5
5623 5624 5
5463 6740 5
1001 3344 5
9115 9116 5
987 1845 5
986 8279 5
973 9977 5
971 3284 5
3059 3060 5
9164 9418 5
7314 8565 5
5714 5715 5
3132 9264 5
7625 7626 5
883 3365 5
9197 9198 5
3169 3170 5
7790 9791 5
8620 8621 5
1535 1536 5
5213 5214 5
1522 2372 5
1516 3990 5
2706 2707 5
2706 4510 5
1498 3027 5
6775 7032 5
2744 6859 5
5311 9158 5
2819 5016 5
5356 5357 5
1353 1354 5
2836 2837 5
873 9994 5
1327 1328 5
3989 7827 5
1289 4255 5
1243 9167 5
1219 5385 5
6714 6715 5
8912 8913 5
1207 1807 5
2915 2916 5
1201 3578 5
1184 6036 5
2926 5075 5
5456 5974 5
7268 7752 5
156 448 5
9714 9715 5
107 108 5
114 145 5
14 7821 5
270 271 5
9729 9730 5
263 1544 5
285 286 5
10 8069 5
233 2413 5
24 894 5
167 7625 5
125 9725 5
9923 9924 6
2758 2759 6
5416 5417 6
1901 7395 6
3666 4553 6
998 8463 6
5358 5359 6
5875 5876 6
2334 6766 6
7808 7809 6
4227 5677 6
7418 7419 6
1938 8188 6
5836 5837 6
8856 8857 6
269 1733 6
7847 7848 6
5481 5482 6
3765 6876 6
2347 2348 6
8563 8564 6
1017 1018 6
1015 3082 6
2752 2753 6
8837 8838 6
9079 9080 6
4555 6614 6
8725 8726 6
3266 3267 6
7785 7957 6
4666 7655 6
1398 1399 6
9670 9671 6
289 290 6
5229 5230 6
1657 1658 6
6783 6784 6
721 722 6
170 171 6
3242 3243 6
2221 2222 6
6013 6014 6
338 3601 6
6795 6796 6
3792 6924 6
9563 9564 6
703 3034 6
992 8623 6
1046 8574 6
696 697 6
2116 2117 6
7798 8118 6
1458 1459 6
2816 2817 6
2459 5566 6
8154 8155 6
9666 9667 6
6993 6994 6
3299 8795 6
5283 5284 6
2210 7521 6
3983 3984 6
6980 6981 6
720 6032 6
565 566 6
3494 3495 6
2620 2621 6
5689 5690 6
414 8374 6
9490 9491 6
7893 7894 6
1108 3516 6
7130 7131 6
4328 4329 6
3700 3701 6
1092 8818 6
1515 1516 6
1091 5209 6
1550 4799 6
2403 6899 6
1087 1088 6
3508 3509 6
2430 2655 6
4298 4299 6
104 105 6
9881 9882 6
7464 7465 6
543 3583 6
8894 8895 6
3526 3527 6
2646 9695 6
7997 7998 6
2022 7852 6
4325 4326 6
6609 8861 6
7203 7204 6
6610 6611 6
7999 8732 6
7139 7140 6
9636 9637 6
3414 6271 6
1263 1264 6
2681 3741 6
6663 6664 6
4051 4052 6
1584 1585 6
1266 6100 6
3717 6949 6
1584 6807 6
1047 8862 6
2374 2375 6
6214 6728 6
9419 9420 6
1949 1950 6
2121 6899 6
2176 5570 6
183 184 6
3416 3417 6
2669 9887 6
2386 7484 6
4442 4443 6
9036 9037 6
1974 9941 6
4428 4429 6
1255 1979 6
4426 6051 6
4419 8992 6
8305 8861 6
3551 5684 6
399 400 6
2398 8538 6
6315 6316 6
6900 6927 6
1480 1481 6
2506 2507 6
7172 7765 6
7280 7281 6
3146 3147 6
8446 8973 6
1180 1181 6
798 1852 6
797 8557 6
7620 7621 6
4837 4838 6
794 795 6
310 3402 6
1201 5928 6
4836 5126 6
8938 9669 6
1486 4667 6
787 3525 6
8137 8138 6
7734 9312 6
7610 7611 6
1702 1703 6
5099 6520 6
8426 8427 6
3817 3818 6
1733 1734 6
8927 8928 6
7671 7672 6
231 5139 6
2260 7040 6
77 1965 6
7951 7952 6
3054 3055 6
2480 5895 6
3871 5381 6
1738 4576 6
8760 8761 6
5963 9671 6
1355 3476 6
2976 9906 6
4976 8103 6
7162 7163 6
4980 4981 6
1185 4480 6
3035 7194 6
4200 8135 6
7686 7687 6
6529 6610 6
7641 7642 6
1196 3205 6
1780 3790 6
5001 5002 6
5910 5911 6
4796 9327 6
6926 6927 6
750 751 6
486 963 6
5174 5175 6
2919 2920 6
8522 9228 6
2229 5956 6
5187 9906 6
231 232 6
8088 8089 6
8414 8415 6
4998 9414 7
1510 7968 7
1978 5598 7
1350 1951 7
3634 3635 7
9253 9254 7
3635 3636 7
6113 6114 7
5591 6367 7
4061 9422 7
1427 2804 7
8814 8815 7
3980 3981 7
2038 2039 7
590 591 7
1074 4173 7
2648 7285 7
2218 4455 7
7643 7644 7
1080 1081 7
7886 7887 7
3031 3032 7
1169 7379 7
4260 4261 7
5806 5807 7
9784 9785 7
760 3808 7
4671 8299 7
5551 5552 7
7442 7710 7
813 7633 7
884 8861 7
3904 7869 7
3279 6265 7
7778 8789 7
395 396 7
3016 5719 7
7064 8153 7
5954 5955 7
880 8108 7
3554 3555 7
819 820 7
609 8047 7
3020 3021 7
4982 9885 7
3273 3274 7
144 7976 7
5581 8789 7
4728 4729 7
7772 7773 7
212 5579 7
1361 1362 7
7895 7896 7
7458 9904 7
8273 8274 7
4748 5736 7
2020 9166 7
5706 6002 7
289 9676 7
1207 1208 7
6606 6607 7
180 3240 7
1229 6786 7
3078 5954 7
6388 6389 7
7958 8578 7
3239 3240 7
8985 8986 7
4108 6086 7
2492 9163 7
2431 3503 7
7294 7295 7
3524 7492 7
947 2366 7
6363 7393 7
3130 3131 7
3032 3033 7
2072 9116 7
1716 3982 7
4749 8871 7
3262 3263 7
5660 7699 7
5962 5963 7
9479 9480 7
429 6905 7
5667 5668 7
2586 5423 7
274 275 7
8283 8284 7
6884 6885 7
8405 8406 7
3689 8978 7
5677 5678 7
4976 4977 7
3681 3682 7
6253 6254 7
7458 7459 7
3875 5511 7
3043 3044 7
3961 3962 7
9278 9279 7
1293 1294 7
2778 2779 7
1808 5137 7
9607 9608 7
7818 7819 7
8348 8349 7
7821 7822 7
4234 9573 7
902 3675 7
112 3941 7
2754 8549 7
3337 3338 7
3784 5290 7
55 2357 7
489 7312 7
1486 5437 7
3280 3443 7
9385 9386 7
6447 6448 7
1708 8995 7
5947 8516 7
5264 5538 7
1374 7339 7
9728 9729 7
1922 3666 7
7027 7028 7
3311 3312 7
6549 6550 7
776 6445 7
911 2036 7
2939 5992 7
2948 4195 7
3779 3780 7
6994 6995 7
7607 7608 7
910 4164 7
2837 2838 7
6215 8400 7
2801 2802 7
1894 2666 7
5420 5421 7
8233 8234 7
263 6328 7
9553 9554 7
4792 4793 7
904 2591 7
7555 7556 7
9852 9853 7
2538 2539 7
7732 7733 7
5874 5875 7
687 3394 7
1329 1330 7
3363 3364 7
1605 1606 7
6690 6691 7
3754 3755 7
4515 9844 7
9578 9579 7
7947 7948 7
9694 9695 7
1275 1276 7
8855 8856 7
797 1317 7
3916 3917 7
1272 1273 7
4219 8182 7
3363 5667 7
967 9211 7
2564 2565 7
8107 8108 7
8330 8331 7
4489 4490 7
4670 4671 7
2715 3283 7
6238 6239 7
7702 9181 7
7630 7631 7
5465 6717 7
7930 7931 7
5059 6865 7
6171 6172 7
4538 4539 7
9544 9545 7
2056 6903 7
4527 4528 7
2736 6435 7
1501 1502 7
1025 5811 7
4246 9366 7
6562 6563 7
8132 8133 7
8842 8843 7
9882 9883 8
1611 7068 8
3601 3602 8
232 1568 8
150 151 8
2051 4798 8
4258 6529 8
1516 1517 8
503 734 8
100 7327 8
7158 7159 8
1505 5471 8
4238 4239 8
1479 8774 8
8955 8956 8
528 6201 8
8634 8635 8
5886 5975 8
496 6269 8
4228 4229 8
274 4268 8
1170 1171 8
5880 5881 8
2586 8650 8
275 670 8
950 9294 8
9185 9281 8
1708 7163 8
3167 3168 8
2957 6635 8
4785 4786 8
2911 7306 8
1683 1684 8
6800 8951 8
942 943 8
4737 4738 8
2889 2890 8
9158 9167 8
8411 8412 8
796 1288 8
5207 5208 8
2867 3320 8
2858 5516 8
5241 8148 8
247 2544 8
5282 5283 8
3291 9070 8
9353 9354 8
7795 7796 8
1889 1890 8
9121 9122 8
2797 5117 8
1635 1636 8
1778 2762 8
848 1678 8
259 4980 8
7673 7674 8
853 5473 8
1739 6034 8
3054 3270 8
3045 3794 8
7657 7658 8
4978 5181 8
3037 6190 8
4904 6825 8
4896 9190 8
9807 9808 8
2792 4579 8
7687 7688 8
878 9428 8
1780 2330 8
4882 4883 8
5019 5020 8
9195 9196 8
8495 8496 8
7638 7639 8
3149 5529 8
6907 9253 8
5034 5035 8
261 2737 8
2971 4917 8
2000 4179 8
1047 3084 8
3394 3395 8
1049 1050 8
5538 5539 8
4464 4465 8
1961 6068 8
2677 7658 8
4442 8734 8
5605 6659 8
6646 6647 8
595 596 8
1563 1564 8
594 595 8
630 6832 8
5649 5650 8
9791 9792 8
1098 1099 8
9920 9921 8
3477 9340 8
563 3939 8
8619 9275 8
4336 9327 8
1537 8207 8
2618 2619 8
8273 8699 8
3512 4669 8
7464 7726 8
3340 3341 8
8360 8361 8
3315 4160 8
1627 9300 8
3320 3738 8
113 839 8
687 1296 8
113 2158 8
1620 5282 8
6731 6732 8
1912 1913 8
1014 6109 8
1920 5761 8
1018 3428 8
1122 2441 8
9394 9395 8
9473 9474 8
8339 8340 8
3355 3356 8
3358 8465 8
6699 6700 8
8338 8339 8
643 644 8
1596 8405 8
638 6603 8
9408 9409 8
8329 9697 8
2712 8075 8
403 6563 8
4096 4289 8
3686 3687 8
9623 9624 8
3911 9806 8
6487 6488 8
1298 5316 8
8881 8882 8
3697 3698 8
6211 7362 8
2404 2405 8
2337 2338 8
9695 9696 8
6335 8972 8
2249 5418 8
6193 9616 8
7284 7285 8
2399 2400 8
2345 2346 8
7306 7307 8
7242 9420 8
2252 3559 8
3764 8223 8
6358 7843 8
9615 9616 8
85 86 8
9613 9614 8
1320 9642 8
2225 2226 8
2309 2310 8
2310 2311 8
1315 1316 8
8805 8806 8
3679 3680 8
4140 6979 8
2453 6226 8
3996 3997 8
7337 7338 8
9906 9907 8
7988 7989 8
440 7453 8
6252 6253 8
8896 8897 8
6055 9841 8
2296 6771 8
1329 5104 8
2214 5745 8
1378 4482 8
1409 4304 8
1423 1424 8
2383 6848 8
2352 2353 8
6380 7028 8
386 3155 8
2171 2172 8
1423 1878 8
3753 4377 8
1200 1975 8
8840 9597 8
2377 9807 8
5989 5990 8
8119 8120 8
2479 3740 8
6496 8348 9
7912 7913 9
610 611 9
9325 9326 9
7775 7776 9
9413 9414 9
1310 7268 9
7871 7872 9
7196 7197 9
7577 7578 9
3255 4679 9
728 729 9
1937 8744 9
1260 7342 9
9620 9621 9
1523 1550 9
4106 4107 9
1595 1596 9
3513 8365 9
1936 6945 9
346 347 9
9506 9507 9
6685 9685 9
4315 6123 9
970 971 9
5274 5275 9
432 433 9
2742 2743 9
74 9243 9
1145 1251 9
8586 8587 9
2919 8376 9
1689 5573 9
4773 9975 9
6938 7667 9
3224 9754 9
755 8898 9
334 703 9
3678 3679 9
5563 6075 9
1388 7690 9
6790 6791 9
2221 2304 9
1393 1394 9
3388 3389 9
2221 2586 9
531 532 9
7055 8603 9
1045 1046 9
1043 1044 9
533 4214 9
4050 4051 9
7048 7049 9
8810 8811 9
951 5258 9
5463 5464 9
4373 6874 9
237 238 9
4020 5623 9
1403 8641 9
6481 6482 9
363 9937 9
9825 9826 9
35 7152 9
1004 4307 9
8060 8061 9
364 3047 9
2641 7275 9
4390 7259 9
8291 8292 9
1025 3150 9
8355 8356 9
6161 6247 9
1409 3950 9
1560 1561 9
64 2382 9
6101 7859 9
1918 4513 9
9460 9461 9
666 5783 9
1017 1998 9
1435 4100 9
1252 3083 9
6166 6167 9
370 461 9
1408 1409 9
2743 2744 9
2810 3422 9
975 976 9
2837 7053 9
5587 9690 9
4653 4654 9
2142 2143 9
981 7411 9
4092 4093 9
170 1427 9
1245 7999 9
2664 6160 9
4337 4338 9
986 7907 9
2624 3574 9
1109 1110 9
7357 7358 9
2021 2022 9
4345 9499 9
4620 4984 9
1571 6133 9
5669 7812 9
5669 7155 9
3695 5520 9
4620 9417 9
2200 9672 9
5594 8720 9
4189 4190 9
3313 3314 9
9404 9405 9
1632 1861 9
1548 5133 9
8100 8101 9
2246 2247 9
3908 3909 9
448 8870 9
810 811 9
315 316 9
7696 7697 9
808 809 9
490 491 9
805 4235 9
8125 8126 9
7703 7704 9
1795 2090 9
2534 3233 9
797 7289 9
2281 2282 9
7181 7182 9
3162 3163 9
1804 9690 9
7277 7278 9
9979 9980 9
1708 5251 9
1809 8688 9
325 723 9
3930 3931 9
3189 3190 9
8205 8206 9
1455 3360 9
3938 3939 9
3939 3940 9
7301 7302 9
1191 3471 9
2266 2670 9
2260 2261 9
4194 6492 9
8668 8669 9
1186 1187 9
866 867 9
3113 3114 9
4199 4200 9
868 869 9
95 96 9
472 473 9
1183 2958 9
5948 6761 9
5832 5833 9
825 1901 9
6895 6896 9
8123 8124 9
6855 6856 9
5920 7740 9
217 7335 9
1785 1786 9
2526 4595 9
3014 3015 9
451 1442 9
312 6970 9
8916 8917 9
4162 7766 9
8422 8423 9
2445 2446 9
1692 5272 9
1218 5151 9
3673 3674 9
2230 4840 9
9290 9805 9
2561 2562 9
3754 6233 10
1000 1060 10
6088 9393 10
2528 2529 10
2478 2479 10
755 756 10
6147 6518 10
9447 9448 10
9879 9880 10
9876 9877 10
5176 5305 10
4516 4517 10
8613 8754 10
5597 5598 10
5955 5956 10
2769 9894 10
1999 3039 10
7816 7817 10
403 5995 10
1003 1395 10
1184 3247 10
3224 9073 10
3481 8545 10
1677 4682 10
5030 5031 10
220 2705 10
447 6392 10
5584 5585 10
488 5811 10
2631 2632 10
1249 6908 10
2576 2577 10
9663 9664 10
5355 9636 10
810 8925 10
3653 3654 10
2574 3372 10
2796 7286 10
937 3131 10
7444 7445 10
1464 4770 10
1601 9885 10
8155 8156 10
2279 2280 10
4975 5766 10
651 7522 10
6695 8141 10
6350 6351 10
9824 9825 10
5932 6378 10
9720 9721 10
7827 8445 10
1284 1285 10
457 458 10
7828 7829 10
477 7487 10
9390 9391 10
4544 8773 10
9025 9026 10
4011 4012 10
7078 7079 10
1433 1434 10
9601 9602 10
2108 6901 10
8518 8519 10
5608 6872 10
1562 8674 10
4411 4412 10
510 4937 10
2351 2352 10
6003 6004 10
781 1917 10
8608 9087 10
1930 1931 10
6727 6728 10
5640 5641 10
6693 6694 10
758 4460 10
580 581 10
9772 9773 10
9381 9382 10
9866 9867 10
601 602 10
8202 8203 10
3134 3135 10
1728 8887 10
4393 8681 10
2642 5111 10
5010 5011 10
2931 8720 10
760 761 10
5418 8053 10
6809 6810 10
4887 5545 10
1045 9064 10
5069 5941 10
499 7536 10
5567 8139 10
6370 6371 10
2214 2215 10
444 445 10
7784 9480 10
6291 6292 10
1304 5249 10
141 9494 10
4677 7261 10
5056 7676 10
50 6167 10
9767 9768 10
4654 5791 10
5706 9732 10
6226 6227 10
7192 7193 10
4287 4288 10
6668 6669 10
741 5928 10
8507 8508 10
2549 9832 10
5858 9466 10
1496 6716 10
850 6743 10
2316 6612 10
3268 3269 10
6917 7323 10
2096 3279 10
7137 7138 10
5701 5722 10
2606 2607 10
3274 3275 10
8971 8972 10
2061 2062 10
5727 5728 10
2544 6209 10
9170 9171 10
6242 8329 10
7932 9357 10
3304 8077 10
1228 2373 10
4122 4123 10
7794 7795 10
8887 8888 10
1448 2592 10
2204 4303 10
1592 1593 10
5778 5779 10
2042 2043 10
3400 3401 10
7748 7749 10
559 4763 10
1224 4037 10
387 1565 10
4854 4855 10
6746 6747 10
5032 5907 10
7359 7360 10
2629 3353 10
4844 4845 10
7715 7716 10
8949 8950 10
39 40 10
3286 3287 10
5573 5574 10
7207 7208 10
3414 8755 10
7989 7990 10
6948 6949 10
5543 5544 10
340 341 10
554 555 10
1662 4944 10
6391 6392 10
892 7781 10
6767 6768 10
6165 6166 11
7644 7645 11
8761 8762 11
4951 4952 11
3881 3882 11
3125 7348 11
848 3258 11
332 438 11
4972 4973 11
7231 7232 11
1765 7221 11
860 6781 11
5139 5140 11
3044 3045 11
4041 4227 11
4777 6313 11
3095 7660 11
6810 6811 11
1038 4209 11
5540 5541 11
3382 9404 11
5514 5515 11
4959 4960 11
1931 9052 11
5136 5137 11
8036 8037 11
3074 3075 11
7034 7035 11
9042 9043 11
1752 6867 11
2825 9060 11
3163 3164 11
971 2240 11
5283 8411 11
9323 9324 11
3203 3204 11
709 710 11
1801 1802 11
5191 5192 11
8445 8446 11
1653 6341 11
1303 1304 11
8153 8154 11
1881 6997 11
776 777 11
7795 8931 11
6755 6756 11
4622 7828 11
1300 2940 11
696 4102 11
1697 1698 11
3791 7374 11
3804 6050 11
5195 5196 11
8098 8099 11
6961 6962 11
2877 4361 11
3187 3188 11
909 910 11
739 8679 11
1894 1895 11
4703 8930 11
960 961 11
9333 9334 11
4687 4688 11
913 4945 11
9692 9693 11
795 2637 11
9669 9670 11
3339 5865 11
1005 4619 11
2759 9512 11
2756 4904 11
207 208 11
365 8018 11
6185 8453 11
2188 5888 11
8414 8753 11
2749 2750 11
1618 3086 11
137 937 11
306 2355 11
1351 3752 11
2744 5493 11
30 31 11
1020 1021 11
2253 3828 11
6451 7162 11
6359 6360 11
772 773 11
8093 8094 11
695 8070 11
2789 6509 11
2788 2986 11
691 3467 11
2936 7023 11
205 2089 11
6738 6739 11
923 924 11
8460 8461 11
2247 9753 11
6854 9313 11
4794 7168 11
2774 2775 11
8560 8561 11
4866 8897 11
2770 7820 11
755 2870 11
2523 2524 11
1577 8854 11
7386 9687 11
487 488 11
552 6953 11
9440 9441 11
7883 9350 11
12 7102 11
2040 5051 11
1491 1492 11
1176 1177 11
2410 5707 11
9965 9966 11
4087 6679 11
276 277 11
6589 9333 11
235 3147 11
8683 8684 11
2603 2604 11
442 3809 11
2117 4215 11
6550 6551 11
2461 6270 11
4311 7297 11
3537 3538 11
8689 9151 11
3458 3459 11
4314 4315 11
1132 7783 11
2060 5937 11
5762 5763 11
6544 6545 11
1136 9032 11
8621 9055 11
6087 6088 11
9855 9856 11
5797 6096 11
2574 3676 11
5566 5567 11
1144 7649 11
4188 4692 11
7165 7166 11
2101 2102 11
465 4697 11
5966 8828 11
2492 2493 11
9732 9733 11
1251 1252 11
3405 4440 11
4457 9637 11
463 8816 11
1562 5063 11
1548 1549 11
522 523 11
2054 5819 11
3565 3566 11
513 514 11
3619 3620 11
6123 6124 11
8185 8406 11
2633 5217 11
4055 5435 11
5777 8215 12
2572 9640 12
203 2302 12
5172 5173 12
1661 7935 12
8193 9082 12
2125 9916 12
7992 7993 12
1838 5904 12
8522 8523 12
1843 1844 12
2899 2900 12
4654 4655 12
7583 7584 12
745 746 12
2579 8900 12
2578 7717 12
4276 4277 12
5193 8530 12
434 4517 12
9161 9162 12
9679 9680 12
6213 6214 12
555 9272 12
2622 2623 12
6755 7248 12
0 1 12
8370 8371 12
2407 4401 12
7891 7892 12
5672 8145 12
1437 3197 12
7102 7103 12
4631 6801 12
2791 2792 12
1098 6376 12
9364 9365 12
6625 6626 12
7556 7557 12
8354 8355 12
2337 2778 12
161 162 12
2635 2636 12
3506 4212 12
3787 3788 12
2029 2030 12
7117 7118 12
2855 2856 12
6430 6431 12
7202 9703 12
4669 4670 12
1526 5360 12
6235 6236 12
4698 6287 12
6233 6234 12
421 422 12
5279 5280 12
1695 8512 12
2136 5931 12
106 107 12
6764 6775 12
4636 7276 12
2830 2831 12
7177 7178 12
2514 6547 12
1368 1369 12
5002 5003 12
3018 3703 12
4882 9969 12
3639 3640 12
4213 5613 12
3605 3606 12
1786 6324 12
3011 3012 12
1171 7355 12
877 878 12
3651 7571 12
5907 8647 12
3000 3779 12
4222 4602 12
1491 1600 12
7629 7630 12
2533 2917 12
1339 4430 12
2993 2994 12
3152 7537 12
9215 9578 12
95 1140 12
3069 3070 12
3067 4952 12
2095 6980 12
3862 3863 12
4188 7498 12
841 842 12
5984 5985 12
837 1530 12
3100 3101 12
2534 4453 12
834 5754 12
2504 2505 12
833 5020 12
1768 1769 12
6001 6002 12
257 6399 12
8935 8936 12
4987 4988 12
152 153 12
2270 4183 12
1694 6744 12
8429 8430 12
7421 7422 12
1326 1327 12
2056 7871 12
4246 4247 12
3582 3905 12
1696 2650 12
6563 6564 12
3788 7062 12
918 2162 12
1158 1159 12
3206 7533 12
128 3128 12
5837 5838 12
2934 5174 12
1827 1828 12
5817 5818 12
5149 8781 12
8906 8907 12
2303 2304 12
5808 9727 12
1707 6103 12
1711 1712 12
2983 9002 12
5048 5049 12
6324 6325 12
225 333 12
2457 4647 12
9978 9979 12
2455 2456 12
292 775 12
7321 9508 12
5171 5172 12
9182 9183 12
1327 6218 12
1812 8589 12
8910 8911 12
194 195 12
4823 8684 12
4818 7885 12
8138 8139 12
785 2984 12
4244 7790 12
378 379 12
4400 7202 12
4418 4419 12
5446 8383 12
2171 5430 12
4580 5832 12
9458 9459 12
9069 9370 12
1435 1907 12
7546 7547 12
2379 6421 12
5452 8109 12
146 1539 12
7494 7495 12
5452 8372 12
2705 8706 12
616 1380 12
2698 8395 12
4388 4389 12
8336 8337 12
9719 9720 12
9468 9469 12
8839 8840 12
4031 4032 12
4391 4392 12
2662 2663 12
1991 1992 12
391 8684 12
655 8199 12
3999 9226 12
68 69 12
2744 2745 12
1053 1054 12
2661 3427 12
2752 8709 12
5479 6768 12
7221 8231 12
5622 6215 12
3463 5243 12
8314 8315 12
7215 8425 12
1562 2829 12
1009 1010 12
2661 2662 12
3328 3329 12
4002 4798 12
138 3797 12
4389 8880 12
66 67 12
1917 2261 12
8297 8298 13
3220 3221 13
5621 5713 13
2285 6016 13
7882 7883 13
805 806 13
3913 3914 13
3660 8390 13
137 1129 13
7044 7045 13
660 6673 13
2222 2223 13
2438 4539 13
401 402 13
1316 5445 13
210 211 13
2526 5640 13
879 8309 13
5499 7553 13
3016 6858 13
9738 9739 13
8564 8565 13
224 6031 13
8716 8717 13
2427 2428 13
4294 4295 13
1486 5239 13
3378 3379 13
5211 5212 13
1128 2495 13
637 2603 13
2592 2593 13
1131 1132 13
1664 9775 13
4218 7934 13
4723 5052 13
1788 2079 13
1270 7894 13
7366 9089 13
7134 7135 13
3701 5494 13
950 7348 13
9037 9038 13
9788 9789 13
1434 1435 13
6505 6506 13
7501 7502 13
1501 5493 13
7933 7934 13
8880 8881 13
3203 5242 13
508 509 13
2232 4234 13
9297 9298 13
4803 4804 13
3666 3667 13
597 598 13
8648 8649 13
3202 3203 13
2933 2934 13
397 3754 13
598 9936 13
6 869 13
1065 1136 13
1708 2662 13
1498 6221 13
5849 5850 13
1064 6578 13
1931 6738 13
8045 8046 13
9690 9890 13
3175 3176 13
5594 5595 13
1257 1258 13
18 2522 13
3373 4052 13
3440 3441 13
2569 3332 13
2743 7814 13
3372 3373 13
5618 8108 13
2387 5552 13
6282 6283 13
2123 7077 13
8591 8592 13
5586 8595 13
5219 6379 13
2113 2114 13
801 802 13
8963 9564 13
9191 9192 13
516 7841 13
9843 9844 13
2302 2303 13
127 128 13
2919 6750 13
8959 8960 13
8788 8789 13
5824 5825 13
7530 8646 13
2053 2054 13
9538 9747 13
1150 9003 13
5298 5299 13
5315 6016 13
181 7718 13
2011 6278 13
5313 5314 13
2765 8780 13
6220 6221 13
1405 2564 13
8275 8276 13
5304 5745 13
984 985 13
4090 6562 13
5304 5305 13
9861 9862 13
5742 8595 13
8152 8518 13
863 864 13
8921 8922 13
1442 1443 13
7571 7572 13
2676 8728 13
6224 6225 13
474 9367 13
3284 3285 13
4981 4982 13
4207 4208 13
5701 7816 13
1617 9865 13
3784 3785 13
8540 8724 13
9131 9227 13
7407 7408 13
5535 9704 13
5651 8713 13
1904 8977 13
3773 3774 13
3627 4575 13
5970 5971 13
5654 6878 13
8831 8832 13
5656 5657 13
4453 4557 13
3771 5107 13
1552 1553 13
683 9249 13
407 4964 13
2687 2688 13
3079 3080 13
303 304 13
120 6218 13
2794 2795 13
3996 6217 13
2005 4945 13
4961 8417 13
1249 3373 13
2267 5495 13
576 3812 13
1910 6070 13
1004 3100 13
4382 4383 13
4965 5272 13
3986 8989 13
5644 5645 13
7343 7344 13
5232 5233 13
2369 3120 13
4663 4664 13
1179 7231 13
5413 5414 13
4209 8181 13
7378 7910 13
1865 6197 13
6002 6003 13
8714 8715 13
5633 5634 13
613 614 13
4481 6687 13
3606 5160 13
1368 5036 13
7305 7306 13
1398 7847 13
4680 4681 13
2709 8352 13
6775 8763 13
7411 7412 13
4889 7714 13
8344 8345 13
7365 7808 13
2211 8343 13
7775 9948 13
4660 6790 13
7572 7573 13
2845 2846 13
3131 6499 13
2319 2320 13
3613 4768 13
826 5670 13
6636 6637 13
4947 4948 14
4824 4825 14
2696 5265 14
4883 4884 14
8223 8224 14
3399 3400 14
81 1608 14
9235 9236 14
1809 4405 14
7286 7287 14
8763 8764 14
3828 6474 14
2692 7888 14
9853 9854 14
300 301 14
4060 4061 14
96 97 14
3922 3923 14
254 255 14
3360 8300 14
3174 3175 14
6026 8624 14
1332 1333 14
7667 7668 14
6121 6122 14
9702 9703 14
7731 7732 14
389 390 14
6665 6666 14
2110 7239 14
9279 9280 14
4955 8713 14
1369 1370 14
481 482 14
8327 8521 14
3840 3841 14
3592 3593 14
296 771 14
443 444 14
3731 8787 14
4066 5513 14
3861 5068 14
7650 7651 14
8502 8503 14
4437 4438 14
9048 9049 14
2088 4708 14
5951 5952 14
5895 5896 14
8754 8755 14
7695 7696 14
1799 1800 14
808 5983 14
2993 9759 14
5896 5897 14
873 874 14
2724 2725 14
2367 9097 14
2070 5270 14
3126 3604 14
2069 3006 14
8448 8449 14
1260 2038 14
3887 7997 14
6317 6318 14
886 887 14
2295 2296 14
3892 5660 14
1411 1472 14
7979 8277 14
7960 9695 14
7523 7524 14
5531 7383 14
7054 9822 14
2279 9215 14
3045 3046 14
3600 3601 14
3834 6281 14
6138 6510 14
1167 4088 14
1709 8484 14
6364 9555 14
46 4852 14
6906 7599 14
4179 4180 14
8763 9796 14
876 2925 14
247 7787 14
2864 2865 14
3786 5398 14
6970 6971 14
3979 3980 14
2215 2764 14
7899 8575 14
8894 9403 14
8988 8989 14
8624 8625 14
1856 2065 14
1079 8278 14
5255 8805 14
6774 6775 14
1305 1306 14
6441 6442 14
9992 9993 14
8392 8393 14
2843 2844 14
1236 6631 14
738 7805 14
530 531 14
5421 9997 14
6640 6641 14
1406 6806 14
9025 9691 14
3246 8296 14
2601 2602 14
954 5143 14
248 249 14
8539 8540 14
4293 7196 14
1423 8188 14
2873 2874 14
537 8575 14
6183 6184 14
2219 9995 14
2318 2319 14
3426 3427 14
9967 9968 14
2632 8995 14
1295 2546 14
4361 5826 14
4613 9089 14
568 2517 14
9005 9006 14
6211 6212 14
1622 6815 14
3318 8545 14
9374 9375 14
1402 7966 14
4606 4698 14
5648 9948 14
9101 9102 14
4596 8618 14
81 82 14
362 5194 14
160 2535 14
2621 2622 14
419 2846 14
714 9247 14
3282 3283 14
2417 2566 14
5403 5404 14
4578 4579 14
7376 7377 14
4580 7218 14
8560 9441 14
960 5583 14
2327 7874 14
2623 2624 14
702 9763 14
283 284 14
3776 6831 14
9119 9202 14
1619 4607 14
1405 3741 14
2154 6094 14
7138 8545 14
9034 9099 14
757 2597 14
757 5099 14
7382 7383 14
5616 7802 14
4426 9171 14
4409 9852 14
3940 5270 14
7439 9303 14
9543 9544 14
9292 9293 14
918 919 14
7383 7984 14
9324 9325 14
1690 1691 14
2154 5054 14
6703 9910 14
931 2090 14
6573 7450 14
9396 9397 14
513 6019 14
1691 7999 14
1152 1153 14
7028 7029 14
7437 7438 14
5133 9335 14
3433 3434 14
4249 9335 14
1065 1066 14
3227 3228 14
4520 9705 14
8803 8804 14
2042 2619 14
502 2857 14
4818 6079 14
2661 5314 14
752 6074 14
203 204 14
9913 9914 14
188 189 14
3587 4863 14
199 1692 14
3963 3964 14
7761 7762 14
9690 9691 14
4016 4017 14
4145 5870 14
1471 1472 15
1736 9676 15
3861 6135 15
3633 9056 15
4338 6383 15
9780 9781 15
1191 9903 15
3776 6375 15
1196 1197 15
4197 8564 15
8500 8501 15
1045 2471 15
3385 6101 15
4515 5216 15
1692 7563 15
9225 9226 15
9222 9223 15
8728 8729 15
7659 9021 15
3463 7255 15
4377 4501 15
4073 4074 15
197 6693 15
4048 4117 15
9178 9467 15
1101 6445 15
1334 7122 15
9002 9958 15
4801 7683 15
3950 3951 15
2263 2264 15
8550 8886 15
7323 7324 15
3773 7028 15
3987 7060 15
3693 3694 15
1447 1448 15
1319 9891 15
3214 5100 15
3380 6239 15
3517 8633 15
7640 7641 15
9047 9048 15
4263 5185 15
891 3767 15
79 7555 15
4868 5255 15
936 937 15
3443 6288 15
6943 6944 15
7597 7598 15
1173 5370 15
1224 8692 15
7046 7047 15
7547 7548 15
1593 6553 15
4006 9327 15
4740 8311 15
7045 7899 15
7230 8130 15
7133 7134 15
3911 3912 15
9157 9732 15
1168 1169 15
1493 6898 15
3451 9793 15
4092 6122 15
1362 5531 15
1604 7318 15
4648 4649 15
3447 3448 15
1149 7071 15
223 224 15
1113 1114 15
3673 4631 15
4099 4100 15
7303 7304 15
4131 4132 15
7304 7305 15
3729 3730 15
7467 7468 15
8502 8749 15
4571 4802 15
9135 9136 15
6975 8037 15
4568 8192 15
8836 8837 15
1688 2324 15
1654 2710 15
3364 3365 15
2477 5868 15
2030 2031 15
1959 1960 15
2388 3000 15
2692 9339 15
9301 9302 15
1778 3876 15
7879 7880 15
2199 9358 15
716 717 15
292 9556 15
2963 2964 15
5628 5629 15
2893 3362 15
5706 8054 15
5425 5426 15
552 2469 15
5071 5072 15
5926 5927 15
9634 9635 15
6589 9053 15
2782 6913 15
2471 2472 15
5960 8887 15
4977 4978 15
163 2733 15
558 3925 15
615 616 15
5574 8151 15
5470 5471 15
6350 8537 15
6737 6738 15
8394 8395 15
2851 8703 15
3004 3005 15
6032 6033 15
9705 9706 15
2050 8943 15
2988 2989 15
408 409 15
2413 2414 15
6826 6827 15
3012 5444 15
7938 7939 15
1833 8835 15
2406 4703 15
815 1872 15
2616 2617 15
600 601 15
6217 6218 15
5914 5915 15
2396 2397 15
5452 5453 15
8134 8135 15
534 2297 15
2957 2958 15
5770 7349 15
5757 5758 15
4957 4958 15
2888 3592 15
676 2324 15
1950 9511 15
2321 4729 15
8430 8830 15
2634 6051 15
6768 6769 15
5842 5843 15
2250 7918 15
6296 9696 15
2343 5879 15
3055 3056 15
785 1042 15
1848 7807 15
2359 2360 15
6007 6008 15
5762 6049 15
6041 7355 15
682 683 15
2779 3581 15
4951 5828 15
9974 9975 15
9352 9353 15
2208 5846 15
2117 7340 15
2624 8470 15
300 1987 15
5847 9410 15
6038 9776 15
508 1196 15
6017 8829 15
4966 5505 15
6564 6565 15
5299 5300 15
8968 8969 16
2732 2733 16
2573 6246 16
4792 5219 16
7190 7191 16
252 253 16
3896 3897 16
1493 8361 16
2187 2188 16
6594 6595 16
778 4439 16
1936 2469 16
776 7906 16
193 4928 16
309 9787 16
3203 4462 16
919 7799 16
110 4445 16
8256 8257 16
332 333 16
9332 9333 16
5356 6226 16
1135 1136 16
5483 9911 16
774 3986 16
218 7685 16
3545 3546 16
689 690 16
634 8590 16
9060 9061 16
2125 2126 16
3207 3208 16
2725 6630 16
4795 4796 16
2573 7848 16
7017 9389 16
7245 8456 16
5183 7462 16
56 2640 16
7587 7588 16
4149 4150 16
78 6972 16
1852 1853 16
2299 2306 16
33 34 16
5415 5416 16
5371 5372 16
6321 6322 16
8948 8949 16
2756 2757 16
6316 6317 16
3811 3812 16
6406 6407 16
449 4958 16
2299 2300 16
94 4578 16
4002 4003 16
3641 3642 16
507 1335 16
503 504 16
2464 8222 16
7011 7012 16
3940 3941 16
1666 1667 16
505 506 16
1663 8223 16
6185 6186 16
6331 7374 16
7985 9867 16
8941 9659 16
1141 5352 16
1161 7541 16
4132 4133 16
520 521 16
517 518 16
6574 6575 16
654 655 16
737 1648 16
1610 8436 16
6332 8260 16
137 1181 16
56 5693 16
7556 8357 16
175 9988 16
2741 4734 16
2566 6034 16
4142 4143 16
2565 9953 16
754 755 16
7384 7934 16
3767 8248 16
7433 8076 16
4707 4708 16
9327 9328 16
3667 3668 16
7026 9890 16
1502 5192 16
1014 2767 16
8799 9442 16
9464 9465 16
8163 9477 16
6866 6867 16
2501 8658 16
8848 8849 16
583 2881 16
3723 3724 16
7645 7646 16
2811 5959 16
23 3507 16
581 582 16
3978 9359 16
2502 2503 16
4918 4919 16
2191 2192 16
388 1317 16
4383 7078 16
1085 4169 16
1430 1431 16
4404 4405 16
7489 7490 16
8877 8878 16
9205 9206 16
9706 9707 16
4066 6836 16
4215 6312 16
5700 5701 16
8453 8454 16
6644 6645 16
1069 1070 16
4079 7511 16
4318 4319 16
7560 7561 16
8285 8286 16
842 5046 16
6620 6621 16
1745 1746 16
2827 5152 16
9224 9225 16
3480 3481 16
1095 8904 16
1746 2397 16
5652 8696 16
352 760 16
3736 8858 16
1180 3592 16
3291 3292 16
1484 7682 16
2192 2193 16
980 981 16
783 5400 16
4039 5995 16
9795 9796 16
2835 2836 16
3772 3986 16
350 6043 16
2639 9609 16
7228 7229 16
3488 7937 16
9573 9903 16
385 386 16
1554 1555 16
1647 9962 16
1306 1307 16
4967 6164 16
7479 8378 16
3170 3551 16
5049 9217 16
3161 3162 16
5747 9914 16
7801 8075 16
6776 7717 16
52 2077 16
6349 6350 16
8315 8316 16
6273 7171 16
900 2953 16
1807 5752 16
900 3321 16
964 1053 16
5247 5248 16
369 7448 16
5979 5980 16
8362 8363 16
1517 9238 16
308 8266 16
7001 7002 16
6275 6276 16
692 693 16
2136 8277 16
2587 5123 16
7858 7859 16
3632 3633 16
7937 8766 16
1058 3063 16
2712 3902 16
1570 9733 16
408 5835 16
1289 1290 16
2148 4723 16
5263 7194 16
9118 9119 16
3182 6077 16
6263 6264 16
4860 4861 16
3969 7613 16
809 810 16
3381 7979 16
1040 7450 16
6422 6423 16
4848 9977 16
5733 5734 16
494 495 16
1711 9392 16
414 7324 16
6073 9341 16
1440 4493 16
4298 9885 16
813 3208 16
416 417 16
2841 9832 17
5902 5903 17
2068 8690 17
4608 4609 17
3605 5599 17
3318 3319 17
9112 9113 17
3303 3885 17
3298 3299 17
2812 3005 17
2797 5364 17
6202 8682 17
5357 8505 17
2531 2532 17
3817 6398 17
8371 8372 17
8655 9569 17
1975 9274 17
558 559 17
2016 2017 17
8295 8296 17
2651 5263 17
7469 7470 17
3504 3505 17
4316 4317 17
3429 3430 17
8305 9301 17
20 1367 17
2642 7403 17
3420 3421 17
2611 4771 17
1060 1061 17
609 1593 17
4450 4451 17
7900 8677 17
5558 5559 17
1521 3249 17
8583 8916 17
5674 5675 17
7888 8052 17
567 568 17
568 569 17
7888 7889 17
4355 9817 17
1545 5968 17
3479 5628 17
7669 7670 17
6219 6220 17
4349 5708 17
1127 1128 17
2001 3945 17
1091 1092 17
1089 3698 17
2331 7655 17
8281 8282 17
9673 9674 17
3452 3453 17
4385 9293 17
578 1031 17
664 665 17
3805 3806 17
3561 3562 17
9067 9068 17
1929 7065 17
5462 5463 17
4257 7245 17
63 64 17
7266 7267 17
8246 8247 17
660 2104 17
7528 9202 17
5834 6713 17
4250 4251 17
3813 3814 17
4560 5920 17
7429 7430 17
356 7842 17
5402 5403 17
5844 5845 17
2556 7933 17
4474 4475 17
1585 1586 17
2030 4626 17
3526 7951 17
6595 8085 17
7861 7862 17
1519 7435 17
6417 6418 17
2030 2182 17
3798 9951 17
1620 6602 17
1951 7080 17
4477 4478 17
1041 3749 17
5756 5757 17
2582 6000 17
3959 4415 17
1035 6548 17
9057 9058 17
6292 6293 17
1338 6739 17
7243 7532 17
9931 9932 17
944 8018 17
4153 4154 17
5015 8055 17
749 4593 17
3139 3140 17
2151 2828 17
8047 8048 17
2401 2402 17
752 753 17
6083 7774 17
3226 4919 17
810 9141 17
4144 4145 17
1372 1373 17
6936 6937 17
6170 6389 17
4165 4166 17
827 2625 17
4897 9338 17
2161 8029 17
953 6310 17
320 3000 17
4001 9687 17
7274 7275 17
743 2713 17
7187 7188 17
1848 1849 17
5006 5007 17
6011 7862 17
948 2039 17
818 4929 17
4158 7374 17
4729 7100 17
3882 4119 17
427 1971 17
6060 6122 17
789 4460 17
128 886 17
1445 3392 17
86 834 17
4805 7123 17
4805 9789 17
430 431 17
174 4237 17
5082 5083 17
193 2049 17
3681 4717 17
6045 6046 17
3196 6249 17
4821 6979 17
3191 4001 17
9175 9176 17
7736 7737 17
5134 5168 17
9187 9188 17
1219 2070 17
4782 4783 17
1828 3903 17
4126 4127 17
6490 7041 17
793 5285 17
1692 1693 17
3654 7682 17
1240 1241 17
1369 3167 17
1237 7433 17
2960 4693 17
45 8691 17
1821 3006 17
1284 2098 17
1450 2949 17
3275 9470 17
4051 5510 17
1855 2039 17
2169 2170 17
834 2989 17
6871 6900 17
1734 6157 17
1656 9445 17
9584 9585 17
2483 2484 17
364 3805 17
7319 7823 17
6133 6134 17
1734 4897 17
4965 9814 17
8118 8119 17
6152 6153 17
3098 3099 17
4934 8352 17
1868 7573 17
7351 7352 17
8669 8670 17
90 5396 17
5977 5978 17
3097 3098 17
1191 6778 17
2512 6028 17
115 116 17
7171 9475 17
2834 2835 17
8018 8019 17
476 6084 17
4029 4030 17
6530 7916 17
4204 4205 17
4914 4915 17
9644 9645 17
7964 8198 17
1854 9266 17
4701 4702 17
2968 2969 18
45 7925 18
7678 9145 18
3395 4407 18
2638 7906 18
2693 9089 18
2224 5497 18
6350 7966 18
4376 4668 18
2004 9745 18
627 8878 18
537 3535 18
1446 1447 18
1125 1126 18
8431 8432 18
1737 9403 18
1387 5104 18
7856 9980 18
2596 2597 18
126 127 18
1347 1348 18
2357 5629 18
855 9979 18
3065 6184 18
536 1450 18
4370 4371 18
3474 5156 18
5754 5755 18
7101 7102 18
4937 8929 18
9233 9234 18
7094 9262 18
8720 8721 18
4935 8193 18
7 9216 18
3061 3062 18
3723 8943 18
9456 9457 18
7482 7483 18
6647 9112 18
3702 3703 18
1527 9175 18
1274 7686 18
3503 3504 18
8271 8272 18
9244 9245 18
4410 7966 18
3113 3704 18
3040 9029 18
7469 9209 18
170 5785 18
2 9053 18
1111 5257 18
9255 9256 18
4977 9823 18
3973 3974 18
2381 2382 18
8180 8181 18
1308 2813 18
1079 1080 18
1110 4411 18
4399 4400 18
2644 2645 18
2410 2411 18
574 2340 18
72 4530 18
8000 8001 18
800 6698 18
9192 9193 18
802 1654 18
6234 6235 18
2991 7775 18
294 6935 18
1789 1920 18
7209 9705 18
283 925 18
5580 9725 18
2415 2416 18
1970 1971 18
608 1043 18
4439 4440 18
9936 9937 18
5583 5584 18
887 9592 18
8592 9502 18
4436 4437 18
9507 9508 18
1721 1722 18
1785 2842 18
1410 4344 18
502 503 18
681 9918 18
4170 4171 18
5376 8822 18
1620 5904 18
9155 9156 18
4173 4559 18
3588 3589 18
2470 2471 18
2469 2470 18
2774 4740 18
4597 4598 18
7317 7318 18
8743 8744 18
8943 8944 18
5222 5826 18
4599 6119 18
2474 7911 18
5381 6993 18
1668 8752 18
7826 7827 18
9086 9087 18
3238 3239 18
5756 9214 18
9383 9384 18
447 4740 18
5192 5193 18
5839 5840 18
1917 1918 18
2893 2894 18
941 5385 18
442 443 18
3914 4454 18
3604 3605 18
4635 4636 18
2506 8056 18
2505 2595 18
9124 9125 18
2519 9392 18
4625 6528 18
9340 9957 18
3822 3823 18
4656 4657 18
7563 7564 18
7562 7563 18
1870 1871 18
9122 9123 18
1869 1870 18
6770 6771 18
4248 6533 18
9587 9588 18
6523 8765 18
462 8812 18
8795 8796 18
6779 6780 18
8399 8400 18
3924 3925 18
6546 6547 18
493 2663 18
41 4083 18
4180 4181 18
206 754 18
8094 8095 18
5883 9600 18
1288 1289 18
5168 6784 18
2046 5914 18
3194 6068 18
1513 2327 18
2894 2895 18
6403 6404 18
128 129 18
4802 4803 18
1683 4975 18
5174 9251 18
6820 6821 18
4801 5921 18
78 4874 18
1136 7304 18
208 209 18
9168 9312 18
2578 2579 18
100 792 18
3352 3353 18
648 9552 18
9980 9981 18
3558 3559 18
1614 5044 18
2928 2929 18
5798 8910 18
2134 7892 18
1920 6676 18
2118 2119 18
2950 4974 18
7453 7454 18
4784 4785 18
3842 7285 18
1690 3631 18
4760 4761 18
3598 3599 19
4096 4097 19
7378 8286 19
1472 1473 19
363 893 19
5980 5981 19
6448 6449 19
2046 2047 19
4338 7892 19
2531 9562 19
2524 2525 19
6150 6983 19
423 5024 19
8218 9964 19
3608 7187 19
2339 5546 19
3479 3480 19
5940 9959 19
7237 7238 19
7239 7240 19
7379 7380 19
3737 3738 19
5928 9780 19
3775 3776 19
6177 6178 19
2426 4519 19
4350 8075 19
286 287 19
1136 9301 19
7189 7190 19
4349 4350 19
6138 6139 19
8164 8165 19
9883 9884 19
5835 8186 19
6452 6453 19
2155 7897 19
3657 4990 19
71 2570 19
6217 6263 19
22 23 19
448 449 19
2153 7815 19
1216 1958 19
1216 1217 19
2616 5947 19
2111 2112 19
376 377 19
2454 2455 19
7431 7432 19
7897 7898 19
1525 1526 19
4254 5739 19
4084 4085 19
5724 5725 19
7432 7433 19
543 5736 19
2559 6702 19
4334 4335 19
2189 7866 19
1444 1445 19
4229 4230 19
4054 4055 19
3523 6449 19
392 9211 19
1296 1297 19
1442 8540 19
6575 6576 19
4137 4613 19
7931 7932 19
3993 8146 19
2602 7746 19
9510 9511 19
7223 7224 19
5744 8532 19
437 4961 19
8703 8704 19
4141 6096 19
6475 6476 19
3495 3496 19
5697 9381 19
161 9423 19
5406 5407 19
4872 8629 19
2734 5207 19
3007 3008 19
5436 7914 19
660 661 19
670 9311 19
1615 9353 19
673 2160 19
2999 5513 19
4572 7768 19
6898 6899 19
5383 5384 19
1619 1620 19
2770 5196 19
8558 9595 19
3160 9099 19
7006 7007 19
689 1518 19
206 207 19
2970 2971 19
7045 7784 19
2269 5587 19
3392 3393 19
626 627 19
124 4901 19
3024 8334 19
5511 5512 19
110 9680 19
1948 1949 19
5498 5499 19
2717 2718 19
690 4254 19
3957 9048 19
5491 5587 19
1036 1037 19
4494 4495 19
5488 5489 19
2227 4288 19
1031 1579 19
646 845 19
2255 2256 19
945 7483 19
9150 9151 19
3255 5540 19
1819 1820 19
7578 7579 19
8533 8534 19
9298 9299 19
9740 9741 19
6320 7508 19
2249 4666 19
44 9174 19
2872 9555 19
926 4993 19
2239 2240 19
751 9636 19
1680 4427 19
316 317 19
6799 6800 19
928 929 19
4763 4764 19
5149 5150 19
6990 9067 19
9363 9364 19
9113 9114 19
6742 6743 19
3309 3310 19
6997 6998 19
4836 7634 19
987 6466 19
1639 8112 19
324 5217 19
2203 5305 19
1876 7656 19
3281 3282 19
9736 9737 19
0 2711 19
6772 6773 19
2846 2847 19
3179 9472 19
2949 2950 19
6782 6783 19
9672 9673 19
3038 3039 19
2634 3862 19
301 3426 19
6648 6649 19
9792 9793 19
843 3199 19
1961 6421 19
1308 1309 19
5655 5656 19
592 593 19
9234 9235 19
6391 7417 19
6880 6881 19
571 3971 19
838 839 19
9677 9678 19
6365 6366 19
4463 4464 19
296 9907 19
4950 8536 19
5629 7728 19
569 4235 19
4733 4734 20
4645 7243 20
8220 8221 20
6142 7224 20
6450 6451 20
4951 8052 20
9735 9736 20
1878 1879 20
4641 4958 20
8545 8546 20
6536 7005 20
3998 5858 20
1875 6741 20
3678 6968 20
1181 5527 20
3683 4919 20
476 7618 20
8544 8545 20
2529 2530 20
7710 9016 20
5357 9860 20
995 996 20
1220 4006 20
4414 4415 20
326 8311 20
6542 6543 20
4931 4932 20
24 25 20
6409 6410 20
487 7603 20
8746 8747 20
236 5167 20
1292 6869 20
2323 6725 20
1892 4270 20
2525 2526 20
2806 2807 20
1638 1639 20
713 7720 20
2966 2967 20
9892 9893 20
8206 8207 20
1242 5204 20
42 1352 20
6009 8415 20
8923 8924 20
1470 4149 20
7603 7604 20
2429 4139 20
6044 6396 20
49 5847 20
4725 7487 20
3646 3647 20
282 283 20
1746 8690 20
1747 1748 20
3741 3742 20
728 6532 20
9785 9786 20
2639 9829 20
4116 4117 20
2627 9970 20
4720 7682 20
429 5032 20
5999 6000 20
1848 4676 20
743 744 20
452 9815 20
6956 8132 20
5201 9357 20
7402 7403 20
473 474 20
6834 9340 20
9303 9304 20
5281 5282 20
3896 6263 20
3482 9655 20
2090 8316 20
748 749 20
4014 4015 20
6977 6978 20
2181 2182 20
2091 6573 20
308 309 20
719 4399 20
5197 5198 20
8290 8291 20
580 6862 20
1206 5967 20
4000 4001 20
2951 2952 20
1653 7988 20
8537 8538 20
1192 6807 20
3198 7628 20
2343 2344 20
9315 9316 20
5168 5169 20
1254 3561 20
10 11 20
4435 4436 20
565 4243 20
3950 5797 20
4881 5072 20
6412 6413 20
233 8294 20
81 2482 20
7898 7899 20
6897 6898 20
816 817 20
3758 9350 20
6599 6600 20
1296 2132 20
605 7327 20
4082 4083 20
5458 5459 20
1063 8359 20
149 5102 20
6701 6702 20
7536 7537 20
7921 7922 20
6905 6906 20
1609 1610 20
3535 4388 20
6863 6864 20
7297 7298 20
3393 3394 20
3854 3855 20
394 1563 20
8972 8973 20
6031 8069 20
7127 9259 20
8179 8180 20
2690 9020 20
1054 1055 20
9206 9377 20
7368 7369 20
98 3915 20
2310 7894 20
4994 6246 20
9414 9415 20
9705 9882 20
632 7733 20
8019 9881 20
9635 9918 20
7262 7263 20
2390 2391 20
3124 3125 20
3704 4212 20
2925 2926 20
1736 1737 20
6719 6720 20
5029 5030 20
3989 3990 20
7226 7227 20
2254 2255 20
4599 5534 20
3429 7993 20
5400 5401 20
2410 8235 20
47 4304 20
7015 7175 20
599 3177 20
1244 5772 20
8155 9061 20
6206 6950 20
3431 3432 20
4243 5260 20
1622 1623 20
6732 6733 20
5368 7675 20
361 2818 20
5359 5360 20
5864 9241 20
5822 5823 20
5025 5026 20
6486 6487 20
8267 9899 20
1918 8528 20
9075 9076 20
42 1951 20
7935 7936 20
809 8578 20
5446 5447 20
8498 8499 20
388 2341 20
4554 4555 20
4554 7723 20
361 7833 20
4559 4560 20
2355 2628 20
9542 9543 20
2453 9940 20
3573 5553 20
893 5100 20
1615 2776 20
5663 5664 21
4786 4787 21
4785 8158 21
4951 6195 21
6177 9805 21
2120 6578 21
4127 6789 21
1829 5793 21
6336 6337 21
3209 4954 21
4950 4951 21
7233 8609 21
2443 6722 21
3204 3205 21
2121 4592 21
8451 8452 21
839 8747 21
860 8970 21
9812 9813 21
6463 6464 21
1267 1268 21
4845 4846 21
3156 4908 21
2146 2551 21
4087 4088 21
3143 7907 21
51 52 21
9711 9925 21
3874 3875 21
2397 2398 21
2267 2268 21
3017 4629 21
6126 6127 21
1280 1281 21
4057 4058 21
3019 3020 21
4065 4066 21
8764 8765 21
8161 8162 21
914 5669 21
5112 5113 21
2947 2948 21
1446 7842 21
3895 9837 21
5093 5094 21
6055 8224 21
4820 4821 21
9643 9644 21
7612 7613 21
5115 5116 21
3682 8373 21
421 2923 21
4098 9555 21
2417 2418 21
9929 9930 21
4097 4098 21
6140 6141 21
6838 6839 21
840 841 21
7725 9033 21
1028 1029 21
652 5067 21
9878 9879 21
4261 6655 21
5465 8045 21
5801 5802 21
7532 7533 21
5629 9585 21
5477 6510 21
71 72 21
9496 9497 21
111 8325 21
1598 1599 21
5487 5950 21
8274 8275 21
2721 3780 21
1594 6030 21
670 671 21
7819 7820 21
9763 9764 21
5395 5396 21
2556 6602 21
3577 3578 21
1295 2662 21
2752 8181 21
3572 4589 21
5768 5769 21
1917 3467 21
4255 4256 21
4541 4542 21
655 2665 21
1386 1387 21
4258 4259 21
8642 8643 21
5598 5599 21
6607 6608 21
4324 4903 21
4450 6987 21
1966 6104 21
2672 4598 21
6262 6263 21
2612 2613 21
3791 3792 21
1122 1246 21
3428 8532 21
599 999 21
4415 8499 21
9971 9972 21
4417 4418 21
7878 7879 21
7126 7127 21
9513 9514 21
7452 7453 21
7331 7470 21
7049 7050 21
89 3756 21
1983 4033 21
140 5524 21
5533 6695 21
357 358 21
4470 4471 21
2697 2708 21
8314 9142 21
2691 9406 21
1959 5465 21
1581 2255 21
9683 9684 21
3465 9654 21
950 6128 21
1374 2653 21
2110 3816 21
1302 1303 21
1851 1852 21
5213 9851 21
2295 7706 21
736 8878 21
6513 8702 21
6520 6521 21
1470 1471 21
2295 5007 21
7778 7779 21
2485 8324 21
1862 1863 21
1330 3137 21
6021 6022 21
7310 7311 21
8416 8417 21
170 6988 21
937 7589 21
4742 6070 21
4742 4743 21
944 4385 21
3663 3664 21
8236 8237 21
3662 3663 21
7344 7345 21
6949 6950 21
2291 2292 21
2344 3893 21
6016 7876 21
8790 8791 21
9099 9100 21
493 7957 21
5680 5681 21
6743 6744 21
699 2679 21
1175 2854 21
7794 8158 21
2513 2514 21
3301 8741 21
5303 7980 21
4346 6921 21
6982 9042 21
997 8687 21
1181 6777 21
3824 3825 21
4241 9484 21
9848 9849 21
4192 4193 21
465 466 21
2091 2092 21
7161 7162 21
9347 9348 21
5959 6773 21
572 5933 21
470 4347 21
2837 4063 21
9775 9776 22
3985 5503 22
6423 6424 22
3472 4957 22
7257 7258 22
2202 4017 22
346 499 22
6237 6238 22
1396 7248 22
3865 6318 22
348 349 22
3865 3866 22
6246 6611 22
6170 6171 22
311 5488 22
6402 6403 22
2240 2241 22
7273 7274 22
6314 6315 22
3925 3926 22
1381 9704 22
6309 6310 22
166 167 22
6196 6197 22
2275 2276 22
6408 7873 22
2233 4586 22
1357 1358 22
3996 4439 22
3886 9747 22
3849 3850 22
6 4578 22
2232 2233 22
3803 7052 22
6359 6896 22
6277 6278 22
6364 6365 22
7334 7335 22
3793 8687 22
3790 6830 22
2717 4100 22
5067 5068 22
7728 7729 22
3405 3406 22
4456 4457 22
8317 8318 22
3389 6367 22
5078 5079 22
5530 5531 22
3750 3751 22
9415 9416 22
6657 6658 22
789 790 22
5493 5494 22
639 7009 22
788 9649 22
7528 7529 22
9180 9181 22
1935 1936 22
5486 9405 22
28 2360 22
588 4811 22
576 577 22
1783 2452 22
1088 1089 22
3136 3137 22
9469 9470 22
578 579 22
2639 9723 22
2641 3691 22
1559 8192 22
8294 8295 22
1022 1311 22
3440 5923 22
5614 6721 22
272 273 22
4413 4414 22
9453 9454 22
1974 5901 22
2667 2668 22
1061 8267 22
890 7617 22
1836 6236 22
4789 4790 22
9140 9141 22
765 6112 22
1858 7860 22
6781 6782 22
1831 2132 22
9147 9148 22
5159 5160 22
6785 6786 22
3252 5024 22
2932 2933 22
1667 1668 22
6793 7395 22
933 6849 22
4728 4864 22
7591 7592 22
9318 9319 22
2890 2891 22
749 7883 22
751 6654 22
6823 6824 22
5444 6295 22
9386 9387 22
4551 8948 22
9285 9286 22
4560 5055 22
2949 5470 22
3329 6507 22
5381 5382 22
1902 4955 22
5645 8757 22
690 691 22
994 3288 22
5343 7204 22
2804 2822 22
4806 4807 22
9797 9798 22
7789 7790 22
7742 7743 22
4795 9171 22
2090 3160 22
7172 7173 22
5996 5997 22
4177 4178 22
5991 5992 22
9208 9209 22
5981 7849 22
2486 7991 22
5972 9518 22
6869 6870 22
9603 9604 22
2089 2090 22
1182 1183 22
2509 4138 22
6117 6118 22
829 830 22
4982 4983 22
275 2667 22
8229 8230 22
4922 4923 22
2155 2156 22
6485 6486 22
1440 1441 22
1762 9066 22
9837 9838 22
9770 9771 22
397 5541 22
6055 8759 22
1446 7783 22
1170 3525 22
431 983 22
6500 9968 22
3111 3112 22
4143 5735 22
1212 1213 22
1209 1210 22
3041 3442 22
3649 3650 22
2176 2177 22
72 2287 22
2387 7298 22
7115 7116 22
9639 9640 22
3509 7254 22
5709 7200 22
5678 5679 22
3489 8094 22
564 565 22
1522 9303 22
4891 9663 22
90 2337 22
1544 1545 22
3023 3024 22
1546 1547 22
1096 4251 22
2003 5427 22
1092 6822 22
3579 7537 22
2545 7036 22
2552 2553 22
2554 6095 22
8242 8243 22
6466 6467 22
4954 4955 22
4236 6143 22
1494 1495 22
1153 1315 22
3568 3569 22
826 5845 22
9789 9790 22
6128 6129 22
525 2702 22
3080 3081 23
2263 3977 23
1841 1842 23
3836 3837 23
3090 5149 23
3225 3226 23
1836 1837 23
3069 7857 23
3034 6095 23
1782 1783 23
1951 8407 23
1724 5484 23
1721 3246 23
125 126 23
7636 7637 23
7693 7694 23
3029 3030 23
1759 9341 23
1807 9614 23
7307 7308 23
3170 4072 23
8120 8121 23
1705 1706 23
2277 2685 23
7656 7657 23
1766 1767 23
3612 3613 23
2658 2659 23
2314 5346 23
1562 1563 23
3450 3451 23
1554 6817 23
3463 3464 23
1551 1552 23
1545 5595 23
147 7330 23
2630 4384 23
7917 7918 23
2050 6934 23
215 3384 23
3606 6544 23
3606 6957 23
3416 5280 23
2495 7467 23
2103 2407 23
3657 3658 23
3669 7152 23
8199 8200 23
2420 7111 23
8191 8213 23
1441 1442 23
2402 2403 23
3703 4414 23
3755 3756 23
2182 9056 23
2370 2371 23
2181 3899 23
3303 6075 23
1372 5514 23
3232 3233 23
3235 3236 23
1670 1671 23
7767 7768 23
1851 7643 23
3261 8058 23
1660 9233 23
1658 1955 23
7573 7574 23
2854 2855 23
1862 7418 23
1863 7335 23
1864 1865 23
1870 8897 23
130 9400 23
7798 7799 23
3320 5274 23
3330 9773 23
1615 2415 23
2727 4935 23
7850 9114 23
3369 3370 23
2718 8180 23
1949 4021 23
1953 1954 23
110 2662 23
8312 8313 23
7509 7510 23
3792 6014 23
1224 1225 23
6276 7270 23
1109 3575 23
8907 8908 23
4344 8152 23
4857 4858 23
5518 5519 23
5509 5510 23
1293 4300 23
6077 6078 23
6678 6679 23
6229 7097 23
7244 8998 23
6111 8096 23
255 437 23
4002 9170 23
635 636 23
6913 6914 23
4924 6616 23
1325 2646 23
8917 8918 23
322 4116 23
5151 9690 23
6806 6807 23
763 5667 23
5160 5161 23
6660 8368 23
5489 8591 23
5565 5566 23
3967 9415 23
6067 6068 23
618 619 23
513 6314 23
4902 7414 23
8810 9678 23
6489 6490 23
9366 9367 23
5430 5431 23
5749 6750 23
6975 6976 23
6971 6972 23
4042 4043 23
4681 8919 23
9143 9175 23
692 4772 23
6132 6133 23
4697 7719 23
5418 8614 23
6449 6450 23
4745 4746 23
5418 5705 23
5363 5364 23
8878 8879 23
6148 6149 23
9509 9510 23
4106 6426 23
989 5717 23
4363 7757 23
5972 6311 23
269 7437 23
484 485 23
8850 8851 23
9027 9028 23
9489 9490 23
4808 4809 23
5753 7306 23
1274 5539 23
9168 9727 23
922 1520 23
4033 4034 23
9131 9132 23
5862 5863 23
9062 9063 23
773 774 23
4467 4715 23
488 7492 23
4470 9953 23
7038 7039 23
500 8165 23
4188 4189 23
7287 8712 23
1115 3737 23
1191 1192 23
445 4898 23
7118 7119 23
1132 1356 23
562 7842 23
564 678 23
6028 6509 23
5991 6845 23
4201 4202 23
6022 8316 23
1118 1119 23
790 791 23
831 832 23
1343 8237 23
458 8308 23
4212 4213 23
4937 4938 23
293 294 23
1174 1175 23
6853 6854 23
1331 1332 23
1052 1053 23
5020 5426 23
4176 4177 23
6846 6847 23
1026 1519 23
7045 7046 24
2005 7774 24
3293 3294 24
8577 8791 24
7218 7355 24
2360 2361 24
8209 8210 24
588 589 24
9591 9592 24
1915 1916 24
2008 2009 24
2507 9776 24
986 987 24
5486 7262 24
4061 7755 24
1986 2614 24
1429 6696 24
6960 6961 24
4532 4533 24
2746 6306 24
9395 9414 24
2746 6294 24
8947 8948 24
7410 9696 24
1578 1579 24
2007 2933 24
1650 6066 24
2459 2460 24
467 468 24
5658 5659 24
3394 7860 24
2737 2738 24
1560 1659 24
8296 8297 24
1998 3515 24
5426 5427 24
2734 2735 24
5748 6280 24
537 8393 24
112 113 24
7985 7986 24
2146 4853 24
1618 7550 24
5680 8328 24
1486 1487 24
5547 5548 24
1209 1613 24
1571 1572 24
3423 3424 24
2661 8735 24
9963 9964 24
6661 6662 24
4522 4523 24
7866 8444 24
5537 9314 24
4545 4546 24
278 7810 24
6493 8663 24
6494 6495 24
1018 9532 24
608 3985 24
7962 7963 24
6042 9348 24
2677 9173 24
6500 6501 24
1204 4361 24
5578 5579 24
157 2755 24
5572 5573 24
6101 6102 24
5495 5496 24
8899 8900 24
2160 8740 24
5709 8233 24
7003 7004 24
2654 8545 24
2657 2658 24
440 6170 24
4120 4121 24
3623 6284 24
8554 8860 24
2022 2023 24
2712 2713 24
7980 7981 24
4614 4615 24
2448 2449 24
7043 7044 24
4592 6607 24
4129 4130 24
3326 3327 24
4222 7572 24
5692 5693 24
7384 7385 24
158 159 24
625 626 24
2404 8063 24
406 1442 24
2149 9811 24
319 320 24
3964 3965 24
5177 6143 24
1315 8055 24
2908 2909 24
5835 5836 24
328 329 24
8740 8741 24
1744 7526 24
4936 9685 24
5187 5188 24
1326 5191 24
50 51 24
1831 8278 24
4273 4274 24
2930 8159 24
2933 7563 24
1379 6178 24
847 9756 24
8735 8736 24
3782 3783 24
1399 9010 24
169 8439 24
4869 4870 24
2049 8110 24
1723 1724 24
5231 6405 24
4896 4897 24
2936 6585 24
132 133 24
212 643 24
5816 5817 24
6887 6888 24
1533 1534 24
5203 5204 24
7651 7652 24
748 4105 24
5888 8428 24
3030 3031 24
5069 6717 24
4305 4669 24
2972 7114 24
3893 6620 24
6355 6356 24
0 6249 24
5046 7493 24
5011 5012 24
1806 3406 24
3533 3534 24
2269 9928 24
8446 9285 24
2259 2899 24
811 812 24
5025 8568 24
6852 6853 24
9942 9943 24
9945 9946 24
2288 2371 24
8473 8474 24
3061 9248 24
1136 8950 24
2242 8128 24
5847 7794 24
843 6569 24
2946 7055 24
137 1577 24
9291 9292 24
3917 4316 24
5106 5107 24
5098 9633 24
788 3543 24
836 837 24
3037 3038 24
9281 9282 24
2809 7946 24
3211 9918 24
5335 5336 24
1553 6479 24
4034 8759 24
8064 8065 24
6204 6205 24
2195 8466 24
3206 6314 24
2031 8623 24
9014 9015 24
534 535 24
7797 7798 24
8847 8848 24
7099 7100 24
705 706 24
6218 9605 24
903 904 24
2186 2187 24
7581 7582 24
2754 2755 24
6954 6955 24
35 6243 24
536 2120 24
949 4940 24
536 9747 24
3231 5721 24
725 726 24
370 371 24
1677 1678 24
6943 9377 24
1152 4202 24
1085 1086 24
1269 6765 24
4770 9802 24
2216 2217 24
9186 9187 24
8378 8379 24
9188 9189 24
4000 8951 24
4362 4363 24
5300 6064 24
54 55 24
4839 4840 24
717 2123 24
3158 7894 24
8381 8382 24
8083 8084 24
4834 4835 24
6222 6904 24
3765 3766 24
2844 2845 24
8392 9005 24
3986 3987 24
2577 6488 24
3140 3703 24
901 902 24
7090 7091 25
1522 9642 25
2616 6969 25
3485 3486 25
2020 2751 25
5669 5670 25
6611 6612 25
3462 3463 25
9756 9757 25
494 8409 25
1112 6289 25
1129 4634 25
9481 9482 25
4652 4653 25
1562 3636 25
7112 7664 25
543 1313 25
9519 9520 25
5729 5730 25
2558 8044 25
1574 1575 25
1562 4587 25
3506 3507 25
4432 7621 25
7900 7901 25
2060 7015 25
5833 6922 25
8593 9354 25
2603 9442 25
3500 4348 25
4376 4377 25
2053 9020 25
6587 6588 25
8624 8918 25
7483 7484 25
9179 9180 25
4912 5495 25
4904 4905 25
741 2424 25
2874 2875 25
256 257 25
729 2549 25
2851 3859 25
4860 5663 25
9341 9342 25
1711 2877 25
7618 7619 25
2829 5015 25
6801 6802 25
4812 4813 25
6757 6758 25
1699 1816 25
701 702 25
2811 2812 25
1888 9990 25
2808 2809 25
1691 8718 25
5332 5333 25
37 223 25
9359 9360 25
9241 9242 25
5033 5034 25
1784 5807 25
2992 3685 25
5042 5043 25
5004 5005 25
6855 7279 25
5047 5048 25
3021 6187 25
2978 2979 25
196 197 25
6841 6842 25
1803 7638 25
3216 3217 25
5118 5119 25
2944 6807 25
3058 3059 25
4957 7880 25
9806 9814 25
846 847 25
765 9582 25
9226 9227 25
197 3014 25
9311 9312 25
1834 9280 25
8577 8578 25
5505 5506 25
2704 6661 25
4586 6142 25
9428 9429 25
3335 7552 25
1010 2593 25
1965 2377 25
9071 9072 25
6650 6651 25
1603 8243 25
7040 7041 25
110 389 25
7005 7006 25
144 371 25
1594 1595 25
9827 9905 25
1039 2586 25
1040 1041 25
584 585 25
9463 9464 25
1998 3056 25
2634 2635 25
3415 8752 25
8284 8285 25
4648 9283 25
3222 3223 25
688 2674 25
4730 7178 25
188 9617 25
4718 4719 25
4712 4713 25
9384 9385 25
268 1266 25
3269 3270 25
8340 8931 25
7701 7702 25
5665 5966 25
9924 9925 25
4638 4639 25
6983 6984 25
646 8480 25
3298 5001 25
4630 4631 25
4626 4627 25
4621 5600 25
634 6195 25
9106 9107 25
8555 8556 25
3882 7896 25
2413 5989 25
308 1359 25
7 3655 25
7999 8000 25
1428 9990 25
3713 4501 25
8819 8820 25
323 2828 25
371 6003 25
6421 9158 25
4154 4155 25
368 4279 25
368 369 25
219 2544 25
3854 4218 25
4174 4175 25
281 1603 25
2341 2716 25
2268 2797 25
7412 7413 25
2226 6298 25
465 8146 25
4110 4111 25
6473 6474 25
2160 2161 25
3965 6255 25
3685 3686 25
6097 8200 25
9 10 25
6095 8117 25
5931 5932 25
3781 7758 25
93 94 25
2303 6905 25
6397 6398 25
7151 7152 25
1215 1216 25
2308 2309 25
4257 4258 25
3974 5635 25
6137 6138 25
2110 2863 25
4030 4031 25
3831 6587 25
6388 9312 25
6022 6023 25
7445 7493 25
161 4775 25
7318 7319 25
4023 7765 25
1355 3865 25
8833 9420 25
6404 6405 25
2241 2242 25
8743 9910 25
6236 6379 25
8076 8077 25
6432 6433 25
9778 9779 25
2204 2205 25
2205 2206 25
7455 7456 25
2219 2220 25
2074 2075 25
441 442 25
73 74 25
4278 4279 25
7409 7410 26
7332 7333 26
1622 9847 26
8928 8929 26
7976 7977 26
1003 1004 26
5528 5529 26
4930 9578 26
845 846 26
1468 6282 26
7012 7013 26
3925 9566 26
2646 5277 26
2900 2901 26
2300 4677 26
594 6982 26
3101 3102 26
8557 8558 26
2712 2842 26
120 3150 26
1379 6659 26
3104 8761 26
269 6991 26
1391 1392 26
7525 7526 26
1472 8573 26
3107 5187 26
4944 6001 26
2294 5726 26
587 3070 26
7403 8640 26
9459 9460 26
7661 7662 26
2674 5576 26
8195 8196 26
1611 2536 26
7177 9732 26
3339 9319 26
443 3789 26
420 421 26
1590 6302 26
9687 9709 26
2145 2146 26
7270 7271 26
8482 8483 26
5555 6388 26
3960 8310 26
1971 2679 26
1618 1619 26
1618 3978 26
165 166 26
11 12 26
7385 9498 26
9228 9229 26
7269 7270 26
9092 9093 26
5632 9643 26
4477 7669 26
4753 6993 26
7801 7802 26
1714 1715 26
1868 5178 26
4038 8712 26
6249 6250 26
5345 6946 26
2792 7960 26
8825 8826 26
8359 8360 26
1901 9085 26
2803 9328 26
6772 9409 26
4751 4752 26
3225 5290 26
6943 6977 26
2781 3917 26
8162 8163 26
6734 6735 26
683 1281 26
1397 2958 26
913 6278 26
1409 2273 26
2831 2832 26
135 2551 26
5308 7886 26
7348 7349 26
252 4440 26
708 709 26
1886 6234 26
8381 9902 26
8492 8493 26
7623 7624 26
2196 8896 26
2809 4142 26
4800 9384 26
712 3622 26
925 2395 26
1891 9182 26
2842 2843 26
7233 7234 26
8889 8890 26
8540 9267 26
6464 6465 26
1245 8104 26
29 8873 26
4094 4095 26
5466 5467 26
3294 8298 26
2883 6180 26
7211 7212 26
172 3200 26
6285 6286 26
2164 2262 26
2387 9033 26
2885 2886 26
1935 7030 26
2387 6336 26
3308 3309 26
639 640 26
4076 4077 26
5410 5411 26
2181 2698 26
4722 4723 26
952 1712 26
3252 3253 26
379 380 26
1432 1433 26
8490 8491 26
6967 8223 26
3315 3316 26
6278 6279 26
59 60 26
667 668 26
9388 9389 26
3270 9483 26
4693 4694 26
6136 6137 26
4897 4898 26
2872 2873 26
4275 4276 26
2487 2705 26
4363 7210 26
1545 3860 26
9250 9251 26
5014 5015 26
5988 5989 26
2498 8678 26
6519 8783 26
7112 7113 26
311 6457 26
3917 3918 26
9914 9915 26
1572 1573 26
6845 6846 26
177 1031 26
4986 4987 26
9880 9881 26
2105 4802 26
2267 6293 26
4399 6562 26
4313 4314 26
48 1873 26
1524 4551 26
1791 5806 26
9284 9285 26
211 2241 26
549 550 26
4234 9233 26
5698 9093 26
5981 8489 26
2574 7496 26
6396 6397 26
2486 8605 26
9809 9810 26
4425 7315 26
3036 7745 26
2043 3638 26
1546 5176 26
3425 3600 26
9529 9530 26
5719 5720 26
1351 2965 26
2077 2373 26
8941 9467 26
313 2650 26
3563 3564 26
5809 7471 26
1535 6362 26
2950 2951 26
2286 5307 26
5028 5029 26
5947 7053 26
5878 6291 26
2588 8999 26
1089 7462 26
7123 7124 26
2066 9866 26
2084 2085 26
797 1540 26
1088 7675 26
7973 9339 26
3528 3529 26
46 47 26
8584 8585 26
1055 3479 26
4377 8164 26
5646 7399 26
7946 7947 26
5035 5036 26
9041 9042 26
6548 6549 26
1356 1357 26
7480 7481 26
4380 4381 26
7132 7133 26
9765 9766 26
6524 9385 26
1355 2861 26
4300 8156 26
2030 3638 26
1176 6087 26
5774 5775 26
5929 5930 26
7088 9936 26
2110 2111 26
5775 8091 27
5417 5418 27
4093 4094 27
168 169 27
2877 9824 27
1915 5970 27
7809 7810 27
2370 8912 27
8408 8409 27
6859 6860 27
3976 3977 27
4357 4358 27
9520 9521 27
1149 3561 27
8491 8492 27
737 738 27
1724 1725 27
3264 5347 27
116 117 27
3703 9260 27
1726 3208 27
5786 9804 27
1251 7432 27
4259 4260 27
2519 8970 27
4656 5743 27
4673 4674 27
4376 7325 27
1247 8592 27
3135 5495 27
8037 8038 27
1145 2867 27
5225 5226 27
489 9373 27
3521 3522 27
701 738 27
912 913 27
118 119 27
5901 9217 27
1887 2540 27
360 5124 27
5863 7045 27
5307 5308 27
1696 1697 27
2335 2338 27
7245 7246 27
2836 5578 27
301 736 27
2336 3995 27
712 1543 27
7115 8010 27
4842 4843 27
2536 7340 27
703 5362 27
1290 1291 27
228 3393 27
6217 9706 27
4837 6114 27
8233 8335 27
8504 8505 27
904 8227 27
5301 9619 27
9554 9555 27
2325 3674 27
1282 7484 27
3764 6836 27
7223 8482 27
5355 7583 27
2050 8968 27
3123 3124 27
8443 8444 27
7709 8595 27
2049 2050 27
521 1880 27
377 378 27
1508 1741 27
2309 7435 27
1669 8708 27
1669 1670 27
1143 1144 27
6153 6154 27
4352 6005 27
4353 8919 27
1541 1647 27
3725 6128 27
337 526 27
5264 5963 27
3990 3991 27
7299 8826 27
4267 6865 27
890 7310 27
5911 5912 27
2800 2801 27
6438 6439 27
4320 4321 27
5335 8193 27
4778 5511 27
363 364 27
4779 4780 27
4221 4222 27
768 7027 27
3361 3362 27
24 986 27
454 8667 27
8208 9434 27
9308 9309 27
3604 3760 27
433 965 27
566 567 27
9448 9449 27
9897 9898 27
7967 7968 27
3637 4584 27
1818 4871 27
6298 7346 27
1030 1031 27
9435 9436 27
857 5398 27
9617 9618 27
2913 2914 27
3947 4266 27
4161 4162 27
2416 9229 27
1462 6425 27
8142 8143 27
2414 2415 27
4429 5815 27
5548 6564 27
1208 3807 27
4579 9974 27
4583 4584 27
7403 7404 27
225 551 27
1484 1485 27
4473 7369 27
2644 5835 27
1821 6434 27
7887 7888 27
3922 9736 27
85 8378 27
588 2269 27
569 570 27
9050 9051 27
22 1509 27
145 1770 27
3376 8775 27
65 132 27
5467 9985 27
772 3756 27
1056 1305 27
6641 6642 27
9039 9040 27
5128 5129 27
76 2618 27
4191 4192 27
2446 4075 27
567 5949 27
4504 4505 27
4448 6137 27
771 772 27
1978 1979 27
65 66 27
6035 6036 27
9123 9124 27
742 5961 27
5521 5522 27
3684 3685 27
9701 9702 27
7146 8288 27
8904 8905 27
2300 5672 27
5193 7447 27
7655 7656 27
1232 1233 27
400 401 27
6860 6965 27
4624 4625 27
2277 4558 27
4916 4917 27
8692 8693 27
990 1003 27
6099 6100 27
997 6198 27
2708 2709 27
631 3097 27
3904 3905 27
273 4269 27
2617 7494 27
29 30 27
2961 4868 27
7000 7001 27
7146 7147 27
9632 9633 27
1997 2294 27
978 7632 27
394 395 27
3107 3108 27
8436 8437 27
2277 7005 27
8689 9099 27
7952 7953 27
5083 6172 27
860 861 27
4416 4417 27
861 8978 27
5939 5940 27
2156 2157 27
2837 7166 28
9305 9306 28
293 8596 28
5140 5141 28
5057 5058 28
2286 4240 28
3062 3063 28
3057 3058 28
6283 7250 28
3828 3859 28
6886 8375 28
5120 7223 28
1332 3119 28
8778 8779 28
6791 6792 28
316 8760 28
8146 8147 28
2264 7594 28
2884 3069 28
808 9761 28
867 4294 28
7720 7721 28
1317 1318 28
7308 7309 28
8413 9254 28
8113 8114 28
6825 6826 28
262 263 28
8749 8750 28
2247 2248 28
1353 4019 28
7782 7783 28
304 9788 28
2980 2981 28
7708 7709 28
9269 9270 28
2855 4979 28
6400 7571 28
727 6146 28
47 48 28
5235 5236 28
798 7634 28
127 6601 28
3905 7252 28
859 860 28
2992 6470 28
3859 6364 28
2863 2864 28
5138 5139 28
8080 8081 28
865 866 28
313 4838 28
3962 3963 28
2268 2269 28
4959 7904 28
259 1043 28
3966 3967 28
4964 9361 28
329 330 28
7629 7643 28
8631 8632 28
8390 9511 28
889 8260 28
7634 7635 28
262 415 28
7660 7661 28
2860 6477 28
1094 4251 28
4127 4128 28
8960 8961 28
1540 6405 28
6584 6585 28
6539 6540 28
6088 6089 28
8617 8618 28
4581 4582 28
3334 5707 28
523 6749 28
7094 7095 28
6065 6066 28
2592 7045 28
3343 7808 28
2678 9491 28
2032 2033 28
8672 8673 28
4529 5224 28
7427 7428 28
3493 3494 28
8890 8891 28
9406 9407 28
6471 6472 28
7848 7849 28
7850 7851 28
4103 5694 28
989 7834 28
6682 6683 28
80 1132 28
9443 9444 28
1537 1538 28
9104 9105 28
2527 2528 28
4123 4124 28
2077 6408 28
1224 6802 28
9417 9418 28
2572 5560 28
2620 3450 28
5632 7500 28
7157 7158 28
446 9014 28
5688 6256 28
7975 7976 28
2642 2643 28
5637 7673 28
6627 6628 28
2638 2639 28
1994 1995 28
7154 8790 28
8656 8657 28
5992 5993 28
9830 9831 28
4436 4458 28
460 5973 28
7416 8601 28
3424 3425 28
2659 6876 28
243 244 28
5735 9316 28
2092 2093 28
3359 6708 28
2661 8280 28
7956 7957 28
5975 9678 28
3591 8528 28
2617 2618 28
2717 9571 28
2659 2660 28
7163 7164 28
5621 5622 28
461 7349 28
7979 9287 28
7160 7161 28
9887 9888 28
6614 8295 28
36 2710 28
1416 6485 28
4772 4773 28
3732 5147 28
7128 7129 28
7594 7595 28
1684 9990 28
7228 7336 28
6939 7430 28
4304 7684 28
2805 2806 28
4755 4756 28
689 7494 28
2782 2783 28
8049 8050 28
8546 8547 28
2556 4207 28
5379 5380 28
1261 8414 28
2815 2816 28
55 304 28
6916 6917 28
8973 8974 28
8506 8507 28
907 908 28
1703 9499 28
4815 8693 28
2202 2203 28
7936 7937 28
6951 6952 28
5871 5872 28
5320 5321 28
6753 6754 28
4802 5475 28
4029 9393 28
1693 7051 28
5899 6923 28
4033 8871 28
2180 5889 28
8342 9050 28
2174 4464 28
2528 7343 28
8340 8341 28
7366 7367 28
5841 5842 28
7214 7215 28
2070 5830 28
1250 3123 28
6142 7475 28
9154 9155 28
969 2392 28
8035 8036 28
1925 9999 28
7375 7376 28
9138 9139 28
3249 7554 28
5910 6683 28
3283 3284 28
1440 7824 28
6703 6704 28
3277 4230 28
6118 6119 28
5832 9203 28
35 36 28
74 3789 28
2536 3781 29
2960 6711 29
1795 9434 29
6839 6840 29
7924 9269 29
9494 9495 29
2049 6754 29
2247 8938 29
516 813 29
5098 5099 29
1879 5597 29
5912 6772 29
5856 5857 29
7942 7943 29
2079 2080 29
804 805 29
5054 5055 29
276 7509 29
536 537 29
2511 4329 29
2085 6921 29
8762 8763 29
2070 2071 29
6541 6542 29
2605 2606 29
5775 5776 29
5076 6862 29
2026 4553 29
5717 7873 29
149 8160 29
2054 3366 29
2549 2550 29
753 1051 29
6279 9797 29
5223 5224 29
9960 9961 29
662 663 29
164 2933 29
5452 8682 29
742 9553 29
2720 2721 29
2157 8444 29
5228 5229 29
1939 8561 29
1942 4314 29
1951 1952 29
5517 5518 29
43 3057 29
2901 2902 29
6096 6097 29
5521 8709 29
6259 6260 29
2331 2332 29
1882 1883 29
6213 9589 29
2318 4564 29
9662 9663 29
1891 1892 29
9841 9842 29
693 694 29
5529 9630 29
5361 5362 29
5362 5363 29
684 9750 29
5371 7069 29
5418 7585 29
2750 2751 29
334 335 29
6018 6019 29
601 6773 29
6035 7878 29
2444 5943 29
6502 6503 29
2932 4238 29
5129 5130 29
5601 5602 29
445 446 29
1974 4779 29
6508 6747 29
2939 2940 29
573 2961 29
572 3154 29
315 2534 29
2476 2477 29
561 562 29
2479 7341 29
9437 9438 29
7754 7755 29
5555 6272 29
2910 9223 29
7865 7866 29
6662 8230 29
6050 7356 29
1964 2627 29
1966 2646 29
2622 2780 29
9982 9983 29
5149 7271 29
5580 5581 29
2669 2670 29
2126 4698 29
6654 6655 29
6037 6038 29
2922 2923 29
6955 6956 29
1294 1295 29
9885 9886 29
4615 8655 29
8826 8827 29
925 926 29
3255 3256 29
954 955 29
3749 3750 29
8618 8619 29
3982 7333 29
8652 8653 29
915 916 29
1530 1531 29
229 3271 29
833 1622 29
4809 4810 29
876 877 29
4607 4608 29
4602 7091 29
8612 8613 29
910 2017 29
119 1640 29
3322 3323 29
8559 9242 29
3115 3116 29
4924 4925 29
3270 4343 29
4018 4019 29
3068 9839 29
1434 5589 29
4952 4953 29
965 966 29
9134 9135 29
4657 4658 29
4283 4284 29
4085 4086 29
958 1273 29
4058 4059 29
9148 9149 29
234 1748 29
4302 4303 29
4304 4305 29
3258 3259 29
4315 8445 29
3121 3122 29
3689 3690 29
4071 5634 29
9874 9875 29
101 102 29
3237 4511 29
7499 7500 29
6911 8781 29
4753 4754 29
1672 1673 29
6910 7250 29
4060 8331 29
1783 4201 29
3831 4155 29
49 50 29
1784 8323 29
8590 8591 29
261 262 29
4377 4378 29
224 2714 29
1719 8696 29
7513 7514 29
1155 2187 29
3099 3100 29
8501 8502 29
3890 3992 29
9068 9069 29
3227 6922 29
4244 4245 29
7589 7590 29
4497 4498 29
7380 7381 29
827 1887 29
1256 8615 29
1195 1196 29
3947 6361 29
1621 1622 29
9096 9097 29
4113 5389 29
4405 5069 29
3439 3789 29
1148 5667 29
4405 8665 29
4995 9277 29
3022 3426 29
948 998 29
1069 9133 29
8505 9877 29
858 859 29
3094 5991 29
1721 4584 29
9362 9363 30
3619 3961 30
6522 6523 30
7590 7591 30
934 4722 30
4217 4218 30
5345 5960 30
3589 3590 30
7971 7972 30
4752 4753 30
693 1945 30
5300 5301 30
4814 6890 30
3179 3180 30
4166 6006 30
6038 7268 30
904 1407 30
2128 2129 30
1465 1466 30
6061 6062 30
4811 4812 30
7178 7179 30
134 135 30
2415 9096 30
2837 3393 30
282 5879 30
4155 4156 30
9955 9956 30
1475 1476 30
1185 1562 30
8517 8518 30
2109 8788 30
3606 3607 30
1176 5958 30
2803 2891 30
3611 6512 30
3210 9488 30
7408 8042 30
1895 4954 30
698 7427 30
1714 1940 30
4195 4196 30
4192 7341 30
6033 6034 30
5319 5320 30
912 3346 30
4185 6570 30
2591 5276 30
5707 5708 30
4573 9712 30
5722 5723 30
624 5011 30
7013 7014 30
7088 7089 30
107 6758 30
4379 9451 30
5508 5509 30
551 552 30
184 5411 30
4601 4602 30
533 9221 30
6593 6594 30
4607 5973 30
2715 2948 30
1099 1100 30
5571 5784 30
65 2981 30
9054 9055 30
2660 2661 30
9065 9066 30
5627 6185 30
3385 6446 30
4476 4477 30
2671 7834 30
3408 3409 30
1539 1800 30
1612 8146 30
5687 5688 30
4546 4547 30
1015 1016 30
6615 6616 30
4425 4426 30
9498 9499 30
3435 9446 30
6538 6539 30
3550 3551 30
4698 4699 30
488 7609 30
669 670 30
3555 8583 30
671 2160 30
4723 4724 30
9382 9383 30
9570 9571 30
7454 7455 30
5393 5978 30
483 7679 30
8221 8544 30
5946 8432 30
4249 4250 30
683 9539 30
468 9386 30
1156 1413 30
2558 2559 30
5795 5796 30
1112 1113 30
992 6041 30
3312 3313 30
2721 2722 30
5822 7351 30
6567 6568 30
235 236 30
246 247 30
2489 4421 30
1643 1644 30
504 8091 30
2547 2548 30
2739 7150 30
8542 8543 30
1126 1127 30
9395 9396 30
3681 4642 30
2228 7752 30
6289 6290 30
2875 2876 30
6293 6294 30
8871 8872 30
8486 8737 30
6431 6432 30
6307 6308 30
3770 7191 30
1 8190 30
2212 2213 30
8144 8145 30
8458 8459 30
4993 8472 30
5227 8444 30
3941 3942 30
2348 8127 30
4998 4999 30
8468 8469 30
397 398 30
367 368 30
79 80 30
9270 9602 30
4915 4916 30
4926 4927 30
7733 7734 30
5087 5088 30
2361 2362 30
5085 5086 30
1811 1812 30
9985 9986 30
1255 1256 30
6255 6256 30
783 1785 30
1840 6750 30
3140 8917 30
868 4494 30
1310 3297 30
2215 6671 30
1310 6988 30
1290 5264 30
8808 8809 30
8025 8026 30
6886 8541 30
2379 2380 30
1768 3094 30
133 134 30
8724 9599 30
1367 5649 30
8910 9569 30
6201 6202 30
3081 3082 30
7242 8657 30
1282 1283 30
230 2107 30
1280 5521 30
6084 6085 30
48 49 30
5264 5265 30
2200 2201 30
3752 9062 30
851 1550 30
3074 4979 30
2334 2468 30
2189 2190 30
126 7220 30
9991 9992 30
7658 7659 30
1815 1816 31
1946 1947 31
342 564 31
2943 4184 31
4965 4966 31
356 357 31
5425 8962 31
3288 3289 31
6273 6274 31
2552 5672 31
2733 4216 31
665 666 31
2531 3764 31
8068 8069 31
957 2171 31
6415 6416 31
1758 8075 31
4645 4646 31
7124 7125 31
3282 6731 31
506 507 31
5882 5883 31
9667 9668 31
645 646 31
7122 7123 31
5434 6753 31
2209 9980 31
3769 3770 31
7674 7675 31
28 6929 31
4000 8660 31
1514 4287 31
3517 6601 31
2536 2537 31
7310 8327 31
6629 6630 31
1053 1062 31
5650 5651 31
1969 8437 31
572 5759 31
1055 9083 31
1580 1581 31
3347 9209 31
2993 5181 31
1576 1577 31
1575 6949 31
7279 7280 31
7027 7108 31
8567 8568 31
2623 4398 31
3918 3919 31
8126 8737 31
64 65 31
3890 9321 31
6850 6851 31
1590 1801 31
23 3917 31
304 3437 31
9452 9453 31
1593 1594 31
5621 7761 31
2653 2654 31
599 600 31
299 5214 31
9713 9714 31
5613 8675 31
1790 4186 31
1943 7489 31
2600 2601 31
7552 7553 31
6836 6837 31
831 8344 31
2709 8613 31
805 5873 31
832 8395 31
2038 2605 31
1557 9357 31
2579 5747 31
1395 9151 31
4366 4367 31
5779 5780 31
9526 9527 31
1305 2305 31
5087 5110 31
7109 8039 31
6296 6297 31
2028 2029 31
823 1556 31
7017 7018 31
547 4519 31
2237 3336 31
4410 4411 31
5555 5556 31
8603 8604 31
3825 3826 31
8602 8603 31
1380 4224 31
3828 8448 31
2242 9423 31
8171 8172 31
729 8028 31
6112 6113 31
4880 8281 31
1886 1887 31
9202 9203 31
2120 2234 31
4810 4811 31
2447 2448 31
6922 6923 31
9718 9719 31
4095 9504 31
189 3292 31
2383 5661 31
158 9864 31
704 705 31
8930 8931 31
5327 5809 31
8368 8922 31
2463 2464 31
6006 6007 31
1729 7783 31
933 8883 31
2464 7993 31
6462 6463 31
753 4694 31
2796 2797 31
2363 5753 31
8651 8652 31
5288 8644 31
6771 6772 31
4855 4856 31
7180 7181 31
891 892 31
7788 7789 31
717 4457 31
7635 7636 31
3152 3153 31
2409 2410 31
7628 7629 31
2415 6437 31
1871 9446 31
7747 9943 31
78 1349 31
7182 7183 31
1454 5527 31
418 419 31
725 1449 31
4843 4844 31
9628 9629 31
6049 6050 31
7391 9667 31
7990 7991 31
4133 4314 31
2127 9031 31
1881 1882 31
4762 4763 31
6180 9849 31
6876 6877 31
5953 5954 31
6457 8456 31
3713 3714 31
8415 8416 31
474 6036 31
2767 7529 31
1912 4454 31
6881 7910 31
7365 7366 31
2488 2489 31
2511 2512 31
2336 7010 31
1677 9485 31
2759 9956 31
2775 6706 31
952 953 31
2780 9624 31
7665 7666 31
4935 6088 31
5923 6558 31
935 2862 31
9722 9723 31
7584 7585 31
9306 9307 31
4249 5895 31
4256 4478 31
1904 1905 31
4161 7073 32
1061 7173 32
6401 6402 32
2520 2521 32
1131 3661 32
2010 2011 32
2134 8406 32
273 9563 32
6329 6330 32
8954 9690 32
5686 5687 32
6094 6095 32
9618 9619 32
1465 7372 32
1269 1270 32
1203 1204 32
7388 7389 32
6076 6077 32
230 4177 32
2656 2948 32
6208 6209 32
2654 2655 32
4023 4024 32
589 590 32
7047 8216 32
7386 7387 32
4261 8368 32
8769 8770 32
9621 9622 32
7345 7346 32
9622 9623 32
3739 3740 32
4469 9153 32
1584 2172 32
7060 7061 32
417 418 32
6633 6634 32
2441 8688 32
1581 9388 32
2001 2002 32
406 6055 32
6222 9144 32
1160 5061 32
9646 9647 32
4322 5388 32
3609 3610 32
1178 1179 32
7092 9032 32
8029 8340 32
1310 1311 32
9010 9011 32
8882 8883 32
6515 6516 32
4081 4082 32
76 9648 32
2589 5853 32
213 214 32
9975 9976 32
4348 7166 32
2052 9042 32
2471 3418 32
6583 9765 32
1108 1856 32
2361 2573 32
9596 9597 32
4225 4889 32
1534 6730 32
2102 6831 32
8822 8823 32
468 469 32
8952 8953 32
478 4864 32
6478 6479 32
2391 2392 32
4044 4045 32
8129 8130 32
9668 9669 32
7958 7959 32
1384 3375 32
7080 7081 32
1468 6278 32
8978 8979 32
1376 1377 32
6114 6115 32
368 8042 32
3806 7314 32
3948 3949 32
4390 9607 32
4384 6316 32
5032 5033 32
1319 1320 32
2595 6782 32
3725 3726 32
389 4746 32
388 1608 32
9961 9962 32
5469 5470 32
1739 1740 32
4616 4617 32
769 770 32
1825 1826 32
8325 8326 32
1944 2546 32
2712 3906 32
4602 4603 32
5506 5507 32
2704 2705 32
839 1996 32
5105 8359 32
977 3949 32
1955 7293 32
1763 3733 32
1006 4540 32
9431 9432 32
2690 2691 32
5561 5562 32
6872 6873 32
832 833 32
8568 8569 32
1773 2436 32
7542 7543 32
1805 9178 32
2677 2678 32
614 615 32
5265 5266 32
7601 7602 32
6925 6926 32
4776 4777 32
6761 6762 32
1883 1884 32
5305 5306 32
134 5919 32
4837 9945 32
691 1988 32
9930 9931 32
6940 7237 32
4848 4849 32
8523 9541 32
1674 3612 32
5254 5255 32
3240 3241 32
9377 9378 32
887 7610 32
7823 8419 32
727 5680 32
735 5343 32
3129 3130 32
7762 7763 32
198 6901 32
247 9288 32
4506 9694 32
6857 6858 32
4524 4525 32
7709 7710 32
1605 4039 32
1609 7407 32
3018 3019 32
9263 9264 32
383 657 33
5193 5194 33
3534 3535 33
119 8557 33
4691 8911 33
7129 8307 33
1726 7610 33
667 5392 33
2177 9398 33
5908 5909 33
4269 5072 33
674 8855 33
48 3991 33
4879 8210 33
5231 6599 33
2994 7192 33
1229 1230 33
3891 6326 33
4111 4560 33
5219 5220 33
8691 8728 33
2077 2078 33
1139 1196 33
1237 9146 33
813 8889 33
2366 2367 33
4935 4936 33
1835 2324 33
1524 8503 33
1265 8147 33
4046 4047 33
9764 9765 33
9655 9656 33
984 4009 33
209 210 33
1529 1672 33
7360 7361 33
640 4080 33
1113 7029 33
7357 8900 33
8159 8160 33
570 4371 33
30 9682 33
2733 8655 33
762 8396 33
3514 3515 33
287 288 33
7756 7757 33
862 1298 33
4061 4062 33
3712 6390 33
5630 5631 33
6397 7130 33
4293 4294 33
1605 2019 33
973 974 33
971 6679 33
636 1886 33
3166 7201 33
2469 9919 33
5994 7280 33
4214 5517 33
2437 8894 33
429 3424 33
2828 5309 33
1171 1172 33
1879 2335 33
8198 8199 33
427 5935 33
7390 7391 33
1877 1878 33
6740 6741 33
9594 9595 33
8380 8381 33
5350 5351 33
1710 7305 33
2261 2262 33
167 462 33
8766 8767 33
5336 5337 33
909 2597 33
295 5719 33
2804 7493 33
6010 6011 33
3191 3192 33
2813 5425 33
438 9141 33
4207 6504 33
7524 7525 33
5328 5329 33
2458 2459 33
218 2094 33
277 4883 33
6906 6907 33
7184 7185 33
9724 9725 33
1909 8630 33
6358 9886 33
2648 6996 33
8187 8188 33
401 4088 33
4251 4252 33
9579 9580 33
2395 7806 33
8013 8014 33
137 138 33
1450 8195 33
2772 2773 33
468 4889 33
2147 3440 33
3857 7222 33
2090 7069 33
4743 4744 33
3584 3585 33
217 695 33
9592 9593 33
6769 6770 33
1496 4632 33
7179 7272 33
1361 8414 33
7791 9524 33
5290 5291 33
7024 7852 33
182 5321 33
827 3442 33
8259 8260 33
3349 3350 33
3797 5038 33
558 9393 33
8082 9122 33
5502 6822 33
4468 4469 33
1763 3175 33
581 940 33
6829 6830 33
67 2560 33
3419 9485 33
5122 5123 33
2579 4200 33
5674 8204 33
1630 4614 33
4365 8338 33
527 528 33
3997 7237 33
5736 5737 33
1971 6185 33
6597 6598 33
1397 1398 33
4395 7314 33
7088 8361 33
2960 2961 33
4429 7561 33
1304 9273 33
1075 1076 33
148 149 33
2702 2703 33
333 3779 33
344 5991 33
8090 8091 33
1053 8301 33
841 9206 33
6290 6291 33
5516 5517 33
7706 7707 33
5116 5117 33
2332 2333 33
3807 3808 33
5006 7319 33
3415 4484 33
4020 7940 33
7535 7536 33
3075 3076 33
6581 6582 33
1010 2152 33
6298 6299 33
7001 7905 33
4943 4944 33
2311 2745 33
823 901 33
5056 5057 33
4024 4199 33
4330 4331 33
3809 7217 33
8799 8800 33
5812 5813 33
5634 5635 33
5652 7619 33
4607 6481 33
7100 8958 33
825 826 33
1402 9430 33
25 3693 33
4569 7270 33
4571 4572 33
3418 3419 33
270 6881 33
1104 3235 33
4017 8785 33
6215 6216 33
7539 7540 33
1631 1632 33
9711 9712 34
6071 6072 34
6771 6854 34
6503 6868 34
3878 9549 34
1765 1766 34
301 686 34
2143 8094 34
5280 9256 34
7290 8694 34
6368 6369 34
3744 3745 34
7405 7406 34
326 5789 34
2120 7031 34
7399 7400 34
5068 5069 34
4178 4179 34
434 435 34
3181 3182 34
189 3954 34
4990 9824 34
1778 6896 34
220 8837 34
3638 3639 34
4825 7984 34
2433 4377 34
1377 1378 34
707 708 34
3009 3010 34
88 2449 34
6911 6912 34
2833 6257 34
1464 1465 34
194 4303 34
7681 9473 34
8191 8192 34
5173 7074 34
6148 9555 34
1751 1752 34
3711 3712 34
3706 3707 34
6219 8379 34
9987 9988 34
2207 2208 34
8470 8471 34
1821 8906 34
8425 8426 34
1250 7757 34
2171 8258 34
2280 2281 34
2199 4299 34
2921 7156 34
3076 9583 34
6194 6195 34
2912 9183 34
6188 6189 34
9660 9661 34
8024 8025 34
1749 2028 34
9220 9771 34
1423 9105 34
813 2622 34
1263 3278 34
6342 6343 34
801 9373 34
3884 3885 34
170 7061 34
3677 8074 34
342 5787 34
8465 8741 34
6428 6429 34
4864 4865 34
784 1140 34
2404 4885 34
4148 4149 34
2148 4068 34
8488 8489 34
2323 5195 34
6787 6971 34
6784 6785 34
6467 6468 34
5119 5120 34
2168 6882 34
9744 9745 34
8787 8788 34
6393 6394 34
1760 1761 34
172 4719 34
6246 6247 34
2283 2284 34
2388 2389 34
9676 9677 34
6843 6844 34
5380 5381 34
66 4043 34
1154 5695 34
68 7697 34
2714 7682 34
3473 4772 34
3476 3477 34
9375 9376 34
4250 9093 34
2086 6707 34
633 634 34
3568 8857 34
3568 7272 34
2575 2576 34
6679 6680 34
2763 2764 34
2080 6092 34
3582 3583 34
7149 7150 34
2786 2787 34
1594 9337 34
4511 4512 34
3380 7733 34
5751 5752 34
1498 5130 34
6537 6538 34
7951 9236 34
534 8008 34
1975 1976 34
994 2210 34
6527 6528 34
3238 8845 34
2768 2769 34
5851 5852 34
3304 5225 34
2745 8178 34
2639 2640 34
505 8132 34
8629 8630 34
2555 2556 34
504 9477 34
4456 9245 34
1519 2250 34
1925 9839 34
6706 6707 34
5857 5858 34
2545 2546 34
1646 7352 34
7570 9649 34
8238 8239 34
4327 4328 34
1632 7742 34
4343 7381 34
1632 9208 34
1506 1507 34
7139 9304 34
956 957 34
7106 7107 34
7890 7891 34
3499 4715 34
8227 8228 34
666 3769 34
1969 5930 34
4695 5254 34
1935 7300 34
2694 8529 34
571 8004 34
4210 5757 34
5691 7159 34
544 545 34
3445 3446 34
5746 5747 34
6648 7755 34
7964 9252 34
1613 7296 34
4417 6074 34
9026 9027 34
8655 8656 34
2462 5182 34
7073 7074 34
142 7304 34
1570 3795 34
9485 9486 34
1563 7793 34
9606 9607 34
1174 8779 34
1901 1902 34
461 9900 34
4230 4231 34
9063 9064 34
1064 1896 34
1166 1167 34
7864 7865 34
6940 6941 34
693 4039 34
4775 4776 34
3213 3214 34
3789 6330 35
6568 7411 35
2682 2683 35
8717 8718 35
4430 4431 35
2637 6483 35
2907 6060 35
1413 3581 35
6572 6573 35
360 2496 35
766 5008 35
2683 7131 35
8589 9991 35
2298 2299 35
565 3889 35
1020 6851 35
3290 3291 35
5166 5167 35
2059 7920 35
2679 2680 35
9941 9942 35
169 170 35
2012 8337 35
2230 2231 35
640 8839 35
2555 2557 35
6837 6838 35
2013 2014 35
9405 9406 35
3970 3971 35
8251 8252 35
179 180 35
9656 9657 35
2234 2235 35
6669 6670 35
1757 8870 35
352 962 35
2317 7221 35
9425 9426 35
162 4723 35
3407 3408 35
3998 4668 35
3821 7071 35
2610 2829 35
1625 4960 35
7903 7904 35
1085 4359 35
2321 4094 35
8078 8537 35
6318 6319 35
778 4781 35
4383 4384 35
6842 6843 35
7903 8803 35
7541 7542 35
520 2510 35
4609 4610 35
8478 8479 35
3490 3491 35
4552 6116 35
4449 4450 35
7241 9018 35
6874 7291 35
1011 1012 35
819 4809 35
8086 8087 35
838 4931 35
851 852 35
7550 7551 35
353 2442 35
1561 5487 35
6221 6222 35
3468 3469 35
2579 2580 35
8569 8570 35
1467 6000 35
7176 7177 35
1602 1603 35
4223 4224 35
4767 7771 35
427 428 35
3217 3218 35
282 8888 35
2790 7966 35
2426 7930 35
1491 8437 35
4226 7848 35
2424 3463 35
2098 2099 35
2433 8692 35
177 178 35
1679 1680 35
2094 2095 35
167 5724 35
7523 9283 35
6075 6076 35
888 889 35
947 4145 35
7428 8739 35
307 7866 35
1863 9477 35
9450 9451 35
5372 5827 35
7166 8914 35
1479 5184 35
926 927 35
3619 4275 35
1980 1981 35
917 4684 35
6027 8621 35
2118 3828 35
221 334 35
3624 7485 35
3211 3212 35
9171 9172 35
8368 8369 35
9612 9613 35
165 6270 35
8207 8208 35
4177 5675 35
2798 2799 35
694 695 35
7987 8571 35
1199 8035 35
6037 6091 35
2438 2439 35
455 6603 35
2796 5642 35
7412 7978 35
4218 4219 35
2793 2794 35
2886 2887 35
7938 8847 35
3127 6806 35
4094 6283 35
4471 8496 35
956 5201 35
3551 3552 35
5208 5209 35
9933 9934 35
489 490 35
7649 7650 35
3834 8761 35
6465 6466 35
4863 5382 35
3280 5140 35
5043 5044 35
1583 2044 35
748 7780 35
3107 6639 35
143 144 35
9316 9460 35
1519 1520 35
5877 5878 35
6883 6884 35
6980 9181 35
1839 1840 35
5859 5860 35
1147 9450 35
397 2925 35
8902 8903 35
2762 3775 35
1040 2410 35
5382 6616 35
3356 3357 35
6891 6892 35
6967 6968 35
6341 6342 35
813 814 35
9331 9332 35
4103 4104 35
6095 9714 35
2250 3274 35
5937 5938 35
5581 5582 36
5001 6904 36
2996 9886 36
4999 5000 36
4495 4496 36
4493 4927 36
5646 5647 36
2675 3467 36
3843 6169 36
4471 4472 36
2652 2653 36
3827 3828 36
3841 3842 36
3901 9169 36
7296 7297 36
2637 2638 36
3842 3843 36
5661 9160 36
4515 4516 36
3920 8016 36
4482 4483 36
6303 6304 36
6634 6635 36
2290 5543 36
8106 8107 36
7872 7873 36
6390 6391 36
6778 6779 36
6523 7211 36
2840 2841 36
5969 5970 36
4247 4248 36
2779 2780 36
2847 5840 36
3142 3143 36
4248 4249 36
5238 9594 36
7148 7149 36
8017 8018 36
5401 5402 36
5404 5405 36
3558 4500 36
3687 4767 36
2385 7129 36
6468 6469 36
3205 3206 36
4801 4802 36
4503 9873 36
6503 6504 36
7166 8203 36
4807 9143 36
4778 4779 36
7171 7172 36
6004 6005 36
7646 7647 36
97 2885 36
4828 7161 36
2428 3851 36
7389 7390 36
153 154 36
5288 5289 36
4846 4847 36
2839 4640 36
2315 8928 36
2717 5460 36
5499 5500 36
4017 4018 36
2581 2582 36
4375 8752 36
6228 9642 36
6230 6231 36
4962 4963 36
4592 4593 36
7918 7919 36
9845 9846 36
108 109 36
108 2826 36
6833 6834 36
7680 7681 36
3971 4466 36
6835 6836 36
2680 9443 36
5855 5856 36
4280 4281 36
6792 6793 36
5438 5439 36
3530 7454 36
6162 9673 36
5165 8025 36
5672 5673 36
4932 4933 36
4629 4630 36
105 8029 36
6686 6687 36
4942 9344 36
3740 9713 36
6204 7872 36
6680 6681 36
959 960 36
8997 8998 36
618 2111 36
2009 4447 36
945 946 36
1784 1785 36
933 4091 36
907 1497 36
8637 8638 36
2169 4202 36
1535 7520 36
8464 8465 36
8343 8344 36
2245 9993 36
688 9070 36
267 2553 36
9610 9611 36
1578 3272 36
8410 8411 36
1450 1451 36
1957 1958 36
1037 2277 36
1974 5626 36
1420 1421 36
1984 3286 36
1441 7174 36
648 2348 36
1845 3072 36
8430 9739 36
1387 1388 36
976 6110 36
974 975 36
535 3791 36
9133 9134 36
9650 9651 36
238 5589 36
1503 1504 36
1508 1509 36
9320 9321 36
1217 1218 36
8360 9537 36
9681 9682 36
2075 9249 36
384 7996 36
1225 1226 36
2107 2108 36
1655 8011 36
228 229 36
764 1043 36
9602 9603 36
1235 1896 36
1644 2012 36
720 721 36
1695 4515 36
741 5828 36
305 3101 36
9474 9475 36
9326 9327 36
456 6377 36
733 7000 36
1695 1696 36
726 2706 36
1312 2289 36
378 7152 36
9582 9583 36
8350 8351 36
1856 1857 36
1182 1352 36
1590 1591 36
8496 8497 36
2954 3079 37
200 2319 37
397 3736 37
1400 1707 37
6605 8333 37
19 2075 37
1270 9581 37
3923 6066 37
405 406 37
190 6692 37
1293 2585 37
3852 3853 37
3855 3856 37
1290 6140 37
3959 3960 37
406 407 37
5692 7653 37
1382 1383 37
6613 7248 37
2912 9974 37
5702 5703 37
3886 3887 37
3316 3317 37
3410 3411 37
5921 5922 37
3404 3405 37
3378 8568 37
9574 9575 37
1729 1730 37
8575 8576 37
6535 6536 37
1617 1618 37
3323 3324 37
1632 1633 37
3083 3084 37
3151 8314 37
468 1105 37
3296 3297 37
9586 9917 37
5965 8899 37
3278 3279 37
6008 6009 37
3243 3244 37
3199 7261 37
1680 1921 37
1683 6005 37
5994 5995 37
6517 8985 37
7356 7357 37
5794 5795 37
412 413 37
3709 3710 37
1435 1436 37
2193 2194 37
3664 3665 37
3661 6818 37
3626 4696 37
9540 9541 37
7408 7409 37
505 8265 37
219 4135 37
5848 5849 37
6068 6069 37
3555 3556 37
3546 3547 37
7451 7452 37
3530 3531 37
3512 4969 37
497 8718 37
2347 3755 37
3041 3042 37
3436 9366 37
4658 7745 37
6964 7356 37
2006 2007 37
2151 2152 37
4699 4700 37
9691 9692 37
1270 3236 37
2003 6626 37
9143 9144 37
5095 5096 37
658 659 37
4674 4675 37
8289 8290 37
9128 9129 37
4 4442 37
6694 6695 37
166 8997 37
360 361 37
2097 2098 37
8092 8093 37
4573 4574 37
4557 9965 37
779 7148 37
4902 5025 37
5039 8934 37
5024 5025 37
2528 5677 37
8230 8231 37
2081 3589 37
5346 9145 37
7945 7946 37
8240 9466 37
4585 4586 37
4892 4893 37
2048 4314 37
684 9166 37
4858 4859 37
5312 5313 37
6255 9471 37
9716 9717 37
4790 7864 37
6836 8923 37
5409 5410 37
1204 2562 37
4326 4327 37
1138 8264 37
1140 1141 37
4260 7971 37
5280 9700 37
1150 3718 37
734 3630 37
759 7412 37
4138 9966 37
4233 8989 37
752 8024 37
4224 5590 37
8208 8209 37
4181 4591 37
8115 8116 37
1967 4475 37
9292 9984 37
2811 5885 37
4481 4581 37
711 712 37
9016 9017 37
1897 1898 37
9034 9035 37
4134 4135 37
4424 4425 37
1072 1073 37
67 2755 37
2474 2475 37
622 9636 37
2123 8587 38
40 7491 38
6020 6021 38
2132 3564 38
3130 9743 38
2114 2115 38
9604 9605 38
2462 2610 38
3192 3193 38
3180 3181 38
2084 3214 38
7947 8942 38
339 340 38
2474 9743 38
2100 2101 38
1789 5570 38
3170 3171 38
7813 9212 38
8318 8319 38
1947 8589 38
7852 9913 38
1827 5817 38
2730 2731 38
7751 8669 38
1924 5765 38
188 8960 38
7728 9136 38
1902 1903 38
2859 9951 38
2783 2784 38
1866 2001 38
8386 8387 38
2821 2822 38
2637 4076 38
8472 8473 38
422 423 38
2590 2591 38
8452 8453 38
8262 8263 38
2599 2600 38
1787 8319 38
1790 9814 38
120 121 38
7712 7713 38
7714 7715 38
1988 1989 38
2651 3034 38
2976 2977 38
6191 6192 38
2962 2963 38
4506 4507 38
1030 9374 38
638 639 38
4524 5673 38
4569 4570 38
7015 7016 38
5473 5474 38
4594 4595 38
995 4301 38
649 3644 38
653 7517 38
5441 5442 38
960 8090 38
957 3216 38
4715 4716 38
241 2727 38
5500 5501 38
4473 8704 38
9755 9756 38
4406 4407 38
5535 8667 38
6658 6659 38
1157 6955 38
5582 9758 38
4233 4702 38
4231 4232 38
4203 4204 38
712 713 38
789 3707 38
5086 5087 38
6828 6829 38
710 711 38
6823 9157 38
780 3265 38
778 3570 38
267 8028 38
5061 5062 38
5204 5205 38
722 723 38
5211 8528 38
5216 5217 38
5252 5253 38
7168 7169 38
5312 5765 38
9266 9267 38
5005 7598 38
6744 6745 38
5342 5343 38
4949 8081 38
854 6086 38
871 872 38
899 2247 38
56 57 38
9734 9735 38
6946 6947 38
4720 4721 38
8588 8589 38
5912 5913 38
5906 5907 38
5905 5906 38
3475 3476 38
1596 1597 38
496 497 38
3501 7239 38
5865 8663 38
1510 4938 38
5858 5859 38
6560 6561 38
5850 9036 38
3638 8607 38
7537 7538 38
1609 4566 38
7542 9599 38
7543 7544 38
1624 1625 38
7558 7559 38
1644 2585 38
7574 7575 38
3261 3262 38
3237 3238 38
5711 5712 38
8920 8921 38
6647 6648 38
4124 4125 38
9471 9472 38
4012 9238 38
3999 4421 38
5671 5672 38
9898 9899 38
3967 6720 38
1335 1336 38
8786 8787 38
1689 1690 38
3902 3903 38
3899 4709 38
5711 8560 38
9972 9973 38
3865 9427 38
7328 7329 38
7335 7336 38
7345 7833 38
9534 9535 38
3671 9554 38
2248 8598 38
2323 4302 38
2274 2315 38
2224 5340 38
6357 6358 38
8062 8063 38
6320 6321 38
8084 8085 39
1967 1968 39
1671 1672 39
4151 8421 39
6619 6620 39
8709 8710 39
2350 4733 39
7534 7535 39
6733 6734 39
4678 4679 39
786 7443 39
9058 9059 39
8606 8607 39
1557 1558 39
1927 5373 39
1374 2725 39
6268 6269 39
2736 7976 39
3010 3011 39
3457 3458 39
6312 7412 39
2569 2570 39
5439 5440 39
2281 9920 39
229 6144 39
8984 8985 39
7072 7836 39
6856 6857 39
7922 7923 39
979 3301 39
2916 2917 39
9257 9258 39
1565 1566 39
1560 2008 39
9389 9390 39
2064 5084 39
3849 8464 39
7250 7251 39
9004 9005 39
1618 8719 39
5780 5781 39
1035 6116 39
9871 9872 39
1879 2425 39
7138 7139 39
870 871 39
581 9029 39
1789 5921 39
3489 4497 39
4916 6465 39
9741 9742 39
5492 8415 39
3733 3734 39
4508 4509 39
4531 9238 39
4266 4267 39
5271 5272 39
2306 2307 39
413 414 39
1940 6188 39
2842 9084 39
1388 9393 39
2062 5628 39
6266 9490 39
624 625 39
4539 4540 39
2210 2651 39
7457 7458 39
1965 1966 39
5599 9088 39
5186 5832 39
1555 9333 39
1788 7881 39
8966 8967 39
8572 8573 39
6400 6401 39
7724 7725 39
3730 3731 39
637 3685 39
1488 6735 39
2499 2500 39
5525 5526 39
932 933 39
1344 7291 39
2392 2393 39
5923 5924 39
6518 6519 39
5834 5835 39
7936 9756 39
2353 2354 39
109 4828 39
3406 4228 39
2127 3609 39
1268 5479 39
4740 4741 39
4331 4332 39
659 8811 39
3377 3378 39
8283 8568 39
9090 9091 39
2535 2545 39
5154 5155 39
1005 1006 39
618 1719 39
9862 9863 39
882 7634 39
1993 7300 39
3570 3571 39
4341 4342 39
619 4693 39
1336 1337 39
3575 3576 39
630 8537 39
1108 6538 39
3930 9789 39
2644 8542 39
7516 7517 39
3915 3916 39
8934 8935 39
3674 5455 39
9645 9646 39
3294 3367 39
7617 7618 39
3661 9492 39
7278 7279 39
3398 9067 39
1588 1589 39
3028 3029 39
1009 8907 39
3256 3257 39
4219 4220 39
365 366 39
2116 8804 39
5806 8172 39
6869 7762 39
1118 3905 39
8248 8249 39
7825 7826 39
3611 7282 39
9565 9566 39
5591 5592 39
291 9260 39
443 6954 39
4196 7283 39
7567 7568 39
984 1721 39
508 7404 39
9779 9780 39
4833 4834 39
377 763 39
2066 5995 39
3102 3103 39
6603 6604 39
5221 5222 39
3417 3418 39
4339 4340 39
5322 6369 39
1770 1771 39
5501 7060 39
8662 8663 39
3923 3924 39
130 2388 39
5547 6422 39
4574 4575 39
6649 6650 39
7738 7739 39
8372 9559 39
2139 2140 39
108 5018 39
4049 6690 40
5871 9001 40
8875 8876 40
8945 8946 40
2028 3847 40
4520 4521 40
1707 8539 40
6672 6673 40
1262 5624 40
5782 5783 40
5645 5646 40
7616 7617 40
3714 7393 40
2570 6411 40
1040 5203 40
7602 7603 40
3557 4239 40
2368 2369 40
1070 9080 40
2238 8635 40
8697 9801 40
1851 8853 40
2153 2154 40
7903 8468 40
8426 9980 40
6105 6935 40
3297 9044 40
7911 7912 40
1818 2337 40
4121 4122 40
2188 9012 40
2034 5223 40
5059 5060 40
5636 5637 40
7463 7464 40
7037 7038 40
4241 5270 40
301 3720 40
2684 2685 40
58 7341 40
6874 6875 40
4754 4755 40
4769 4770 40
6236 8616 40
1034 9219 40
4710 4711 40
3586 3587 40
9649 9650 40
5589 9497 40
8671 8672 40
6732 7073 40
2898 2899 40
1568 1569 40
6302 9516 40
9984 9985 40
215 2177 40
1596 1826 40
6616 6617 40
7824 8636 40
3870 3871 40
5690 6032 40
8108 8109 40
336 5887 40
616 617 40
9637 9638 40
1127 7167 40
9260 9261 40
3360 3361 40
2265 2266 40
3017 8354 40
5392 9350 40
1097 1473 40
1665 1666 40
4635 9613 40
1467 9299 40
8141 8142 40
9037 9072 40
2794 7373 40
2263 7491 40
3929 3930 40
121 4947 40
4599 6623 40
6696 6697 40
3387 3388 40
6301 6302 40
231 7389 40
3104 3105 40
2120 8148 40
2121 9012 40
7262 9587 40
1909 6709 40
1006 4761 40
2342 4274 40
4619 7750 40
4618 4619 40
2434 3122 40
3403 3404 40
3083 3597 40
7235 7236 40
4462 4463 40
3342 4129 40
2307 8937 40
1146 4046 40
4523 4991 40
2896 8648 40
8675 9771 40
4524 5446 40
1085 5369 40
3837 9877 40
639 2920 40
5452 9567 40
766 4840 40
1266 1747 40
2072 7982 40
966 2704 40
4048 9195 40
6929 6930 40
8863 8864 40
3487 9730 40
2849 2850 40
4521 9197 40
5946 5947 40
1651 1652 40
3237 4716 40
1536 7222 40
8384 8385 40
803 804 40
4900 4901 40
3459 4891 40
3464 3465 40
384 6156 40
7474 7475 40
3815 3816 40
2258 2259 40
8105 8106 40
8215 8216 40
4008 7454 40
5666 5667 40
8447 8448 40
9900 9901 40
6012 6013 40
1487 1488 41
1996 3907 41
2001 5576 41
5016 5017 41
1194 2287 41
1198 9795 41
2640 2641 41
6203 6204 41
5605 5606 41
5852 5853 41
1842 1843 41
671 672 41
4817 4956 41
3430 6708 41
1914 9097 41
4356 8273 41
4889 6985 41
5546 5547 41
374 1130 41
2820 2821 41
6 7 41
34 5729 41
4308 4309 41
7835 7836 41
2736 9575 41
1929 1930 41
1138 1139 41
2163 6702 41
3489 3490 41
8321 8322 41
618 8126 41
1899 6220 41
1900 1901 41
885 5593 41
3382 3622 41
7800 8866 41
257 2757 41
3377 7623 41
1899 2166 41
2766 5544 41
1576 4673 41
6915 6916 41
1912 7636 41
1078 1079 41
5865 5866 41
5532 5533 41
2671 8476 41
9247 9248 41
2664 6962 41
3300 4317 41
695 6120 41
2882 2883 41
313 314 41
4202 6971 41
1157 1158 41
495 7982 41
1535 7252 41
2348 2349 41
141 7925 41
1154 9217 41
1501 1512 41
9654 9655 41
214 215 41
3329 3330 41
9548 9549 41
8823 8824 41
1012 1013 41
348 685 41
3200 3201 41
2567 6347 41
5089 8035 41
410 600 41
227 5393 41
1724 3316 41
6619 7020 41
2054 2055 41
274 6851 41
4639 9078 41
7307 8201 41
5197 7452 41
6760 6761 41
3869 8661 41
9276 9277 41
9891 9892 41
8430 8431 41
1722 5882 41
9535 9536 41
2045 2046 41
7373 8102 41
5730 8752 41
3123 3946 41
5499 8608 41
7968 7969 41
8145 8146 41
2572 2573 41
8225 8226 41
2301 7869 41
8724 8725 41
4049 7145 41
2074 7600 41
9340 9341 41
2068 7316 41
8098 9925 41
4521 8731 41
3164 3165 41
3156 5351 41
7621 7622 41
1414 1415 41
4640 4641 41
653 654 41
5741 8155 41
1016 1017 41
1375 1376 41
6395 6396 41
2212 7941 41
3824 4126 41
6015 6016 41
944 5386 41
8505 8506 41
6062 6063 41
7325 8727 41
574 575 41
247 248 41
3762 3763 41
202 203 41
306 9240 41
1455 1456 41
649 6363 41
4154 7854 41
264 2944 41
225 226 41
7905 8141 41
957 958 41
1006 4878 41
1000 1001 41
5051 5052 41
38 9540 41
2451 4742 41
1819 6220 41
2588 2589 41
4123 6165 41
2609 2610 41
1343 5381 41
725 5691 41
7387 7388 41
8466 8467 41
1833 7735 41
279 280 41
3625 3626 41
3909 3910 41
8995 8996 42
4615 4616 42
6260 6261 42
8796 8797 42
6533 6534 42
1550 1551 42
297 3770 42
9072 9073 42
3465 3466 42
9512 9533 42
1110 7405 42
1771 1772 42
5764 5765 42
532 533 42
4605 8930 42
1794 1795 42
1277 4311 42
890 1163 42
5575 5576 42
9100 9101 42
8570 9078 42
2839 3969 42
1282 2512 42
1385 7278 42
9962 9963 42
3497 3498 42
3477 3478 42
2183 2184 42
7698 7699 42
6603 8534 42
2473 2474 42
1920 3735 42
1781 8221 42
4560 4561 42
4878 6891 42
3414 4394 42
245 246 42
981 982 42
6316 6491 42
1728 3116 42
741 3648 42
3953 5397 42
7253 9720 42
553 8203 42
1315 1647 42
3027 8033 42
1 9572 42
4553 9740 42
8835 8836 42
9832 9833 42
186 2428 42
3050 3051 42
3451 3452 42
2412 6288 42
6144 6145 42
2798 4022 42
4841 4842 42
4817 4818 42
4286 4287 42
9950 9951 42
746 747 42
2773 4379 42
2771 6614 42
1107 3413 42
2744 5027 42
5475 9852 42
5482 5483 42
1364 1441 42
2953 9360 42
7443 7444 42
3557 4637 42
5339 9157 42
1177 1178 42
5070 5071 42
6359 9888 42
4214 8250 42
8900 8901 42
6865 6866 42
7194 7195 42
1503 7168 42
1685 1686 42
9657 9658 42
5799 5800 42
520 8697 42
1426 1427 42
585 586 42
179 967 42
2870 2871 42
3709 4394 42
214 2144 42
4764 8174 42
519 520 42
1641 1642 42
3704 3705 42
1694 2033 42
5596 8759 42
6436 6989 42
3287 3288 42
6524 6525 42
6368 8019 42
353 8249 42
698 4473 42
7170 7171 42
458 2091 42
354 4411 42
7062 9742 42
1190 2420 42
6952 6953 42
511 1370 42
2912 9300 42
8003 8576 42
131 132 42
2944 2945 42
313 3757 42
6225 6226 42
8300 8493 42
6750 6751 42
5889 7829 42
3670 3671 42
5851 8079 42
8039 8040 42
818 3739 42
7185 7186 42
6591 6592 42
2059 6368 42
4507 4508 42
1960 9767 42
2186 9336 42
1027 3005 42
7710 7711 42
2271 2272 42
7614 7615 42
4056 7513 42
7145 7146 42
140 1484 42
3190 3191 42
3331 6730 42
5153 6808 42
1082 1083 42
2534 9329 42
927 928 42
2197 5063 42
4941 4942 42
1151 1516 42
1866 1867 42
6819 6820 42
8880 9487 42
8860 8861 42
7927 7928 42
2683 6088 42
3314 3315 42
8066 8067 42
2058 2059 42
2685 3052 42
1792 1793 43
390 391 43
1753 1754 43
3260 3261 43
1709 7804 43
629 6846 43
387 388 43
281 282 43
3083 3794 43
1762 3416 43
4526 4527 43
2922 4816 43
4459 9824 43
2923 4533 43
8421 8422 43
2842 2991 43
135 5062 43
1897 2660 43
922 923 43
6043 6044 43
4604 4605 43
4714 7625 43
6092 6093 43
9626 9627 43
9410 9411 43
7098 7099 43
1717 1718 43
1699 3493 43
1787 1788 43
6915 8255 43
908 909 43
4688 8067 43
4401 4402 43
3013 6334 43
4556 9848 43
4486 4487 43
6514 6515 43
9030 9031 43
4578 7741 43
2288 2289 43
2940 2941 43
7548 7549 43
1021 1205 43
386 2994 43
280 535 43
1607 7389 43
28 4504 43
2236 2237 43
3034 4562 43
9165 9166 43
2081 3125 43
5239 5240 43
6444 8988 43
7976 9523 43
2312 5476 43
1968 5389 43
3540 4002 43
7448 7449 43
363 9644 43
7939 7940 43
3777 3778 43
5278 7247 43
1270 4536 43
8301 8302 43
6797 6798 43
3826 3827 43
4271 4272 43
1382 3820 43
3474 5648 43
9369 9370 43
9209 9210 43
4916 4992 43
4051 7691 43
9367 9368 43
5244 5245 43
8051 8052 43
6879 6880 43
5180 5181 43
1384 3538 43
2704 2969 43
753 2966 43
7185 8271 43
8158 8159 43
4156 4157 43
345 346 43
5694 5695 43
3652 7066 43
8684 8685 43
9769 9770 43
6783 7156 43
5805 9840 43
1242 3984 43
1439 1440 43
5604 5605 43
7266 8597 43
505 3968 43
3610 3611 43
3897 3898 43
6279 8610 43
9904 9905 43
6244 6245 43
2010 5095 43
5608 5609 43
1255 8461 43
3627 3628 43
4284 6071 43
4890 4891 43
2141 2142 43
7515 7516 43
7121 7122 43
1577 6497 43
4870 4871 43
5915 8847 43
8994 8995 43
7832 7833 43
1584 2502 43
3402 6884 43
878 4438 43
7822 7823 43
1131 8149 43
2776 5253 43
4891 9187 43
6272 9246 43
7295 9035 43
188 824 44
5981 5982 44
355 356 44
1702 7049 44
1003 9001 44
2178 2179 44
810 8112 44
8280 8281 44
3895 4271 44
9786 9787 44
4873 4874 44
5496 5497 44
4457 5588 44
9256 9257 44
697 5331 44
6206 6207 44
9066 9067 44
5600 5865 44
360 5248 44
4173 4174 44
4832 5417 44
6245 8464 44
8149 8150 44
3221 8353 44
1678 1679 44
5089 5090 44
8434 8435 44
798 799 44
3067 8846 44
5820 5821 44
2033 2034 44
7057 7058 44
6757 8807 44
1226 1227 44
3705 3706 44
2584 2585 44
456 457 44
1438 1439 44
2784 2785 44
6431 9284 44
5814 5815 44
2291 3493 44
2619 4115 44
3247 3305 44
1111 1112 44
7063 7462 44
4686 6733 44
265 2601 44
5113 7577 44
6240 6241 44
1252 1253 44
5615 5616 44
6716 6717 44
9120 9121 44
2292 2293 44
8079 8080 44
6327 6328 44
5632 5633 44
9144 9145 44
2346 3638 44
7257 9782 44
2221 9947 44
8342 8343 44
1082 5972 44
4008 4738 44
850 851 44
4946 7114 44
2853 2854 44
6933 6934 44
1959 7540 44
847 5125 44
4656 9876 44
549 1309 44
5389 9995 44
2860 7690 44
6164 6165 44
2832 2833 44
872 873 44
978 979 44
1095 6432 44
1383 2139 44
2353 4321 44
8011 8012 44
8977 8978 44
5892 8051 44
9952 9953 44
4797 4798 44
4381 7705 44
4567 5878 44
3539 3848 44
477 4822 44
4768 4769 44
8859 8860 44
3049 3050 44
335 336 44
9184 9185 44
2432 2433 44
4027 4028 44
7566 7567 44
2759 6058 44
9166 9167 44
1888 9399 44
5734 5735 44
2326 2327 44
7434 8499 44
9577 9578 44
6941 6942 44
1777 2365 44
7336 7337 44
6557 6558 44
8551 8552 44
730 5940 44
6254 6255 44
1415 9184 45
8817 8818 45
6418 6419 45
265 2774 45
3759 3760 45
641 2501 45
7240 8225 45
9482 9483 45
5624 6958 45
8756 8757 45
1028 3980 45
2082 5196 45
1409 5397 45
8698 8699 45
1798 5826 45
5189 9436 45
4672 4673 45
5072 6718 45
8818 8819 45
5214 6061 45
1303 2687 45
2119 8734 45
759 4040 45
5215 7756 45
7965 7966 45
2483 7917 45
5131 5132 45
7363 7364 45
968 969 45
2174 2175 45
3867 7773 45
6380 6381 45
7923 9062 45
8513 9772 45
8210 8211 45
2521 2522 45
8112 8113 45
851 2798 45
103 7917 45
6999 7000 45
1527 1528 45
7994 7995 45
427 1461 45
8956 8957 45
2663 3057 45
3302 3303 45
3048 3049 45
3545 4939 45
5959 9815 45
9423 9424 45
6286 6287 45
183 2141 45
867 6039 45
5412 5413 45
7993 7994 45
3317 4840 45
5868 9940 45
6555 6556 45
2859 6750 45
1566 1567 45
4311 4312 45
5932 5933 45
1911 8901 45
7114 7115 45
4330 7456 45
109 1927 45
9648 9649 45
9793 9794 45
9748 9749 45
2391 6772 45
7095 9533 45
374 375 45
7478 7479 45
226 227 45
6893 6894 45
2740 9694 45
1313 1314 45
2823 3763 45
6894 6895 45
4821 4822 45
1122 1123 45
3958 3959 45
116 4333 45
2608 2609 45
9420 9421 45
802 1499 45
1214 6261 45
546 4860 45
6053 6054 45
1217 9999 45
7394 7395 45
3645 6571 45
3888 8714 45
4727 4728 45
1816 1817 45
6280 8525 45
3105 3106 45
4125 5804 45
9922 9923 45
2936 2937 45
3085 3421 45
1325 4010 45
6748 6749 45
3295 3296 45
3895 6040 45
4171 4172 45
5475 6640 45
1473 1474 45
2290 9556 45
2906 2907 45
2439 2440 45
3926 7109 46
8792 9055 46
3867 3868 46
3926 3927 46
4562 4563 46
5711 9412 46
3872 9323 46
3120 3121 46
3517 3518 46
4395 4396 46
4241 4242 46
7087 7088 46
469 2374 46
6653 6654 46
1493 1494 46
3595 3596 46
17 5343 46
8657 8658 46
7071 7072 46
1588 2690 46
7514 7515 46
1583 1584 46
3425 8321 46
4262 4263 46
7472 7473 46
609 610 46
5945 6084 46
5946 9681 46
4243 5964 46
586 587 46
1243 1244 46
5643 5644 46
7349 7350 46
8694 8695 46
3798 3799 46
1712 1713 46
7329 7330 46
3837 3838 46
4550 7551 46
540 1042 46
3137 3138 46
560 9009 46
1655 8954 46
7069 7070 46
7401 7909 46
3642 3643 46
1213 5926 46
458 3386 46
203 3719 46
5618 5619 46
512 7905 46
1219 5784 46
4114 7575 46
7054 7055 46
4738 4739 46
4949 4950 46
141 4908 46
4632 4633 46
9688 9689 46
2408 5824 46
669 6057 46
849 3203 46
8417 8418 46
5330 5331 46
260 881 46
756 3276 46
2497 2498 46
4906 8405 46
4907 5461 46
6413 8242 46
2087 2088 46
9953 9954 46
2132 2133 46
4934 8603 46
3028 7376 46
59 3773 46
6239 6240 46
5227 5228 46
5450 5451 46
4661 5451 46
1797 1798 46
2594 9782 46
793 1691 46
302 303 46
6972 6973 46
5287 5288 46
6375 6376 46
5005 6702 46
812 7016 46
2150 9984 46
5286 7502 46
2441 7677 46
2129 2130 46
6436 6437 46
9627 9628 46
2956 7462 46
54 1973 46
2285 8599 46
6416 6417 46
5368 7094 46
1893 8209 46
6460 6461 46
6389 9109 46
2425 3744 46
1906 3182 46
4787 4788 46
7955 7956 46
6163 7768 46
331 8366 46
9206 9207 46
2761 2762 46
9686 9687 46
9146 9147 47
1871 5297 47
3639 5788 47
1816 7650 47
1687 1688 47
5611 5612 47
8996 9111 47
3624 3625 47
3620 3621 47
5324 5325 47
5625 5626 47
5714 6170 47
4682 4683 47
9045 9046 47
9624 9625 47
2817 2818 47
1889 9057 47
7722 7723 47
6726 6727 47
1581 1582 47
3203 9949 47
3357 3358 47
681 682 47
5377 5378 47
7776 7777 47
673 9859 47
1123 1124 47
7567 9496 47
2750 3944 47
499 4736 47
3513 3514 47
7855 7856 47
848 9514 47
8628 8629 47
5348 8732 47
3527 3528 47
1964 1965 47
1326 5738 47
5411 5412 47
4922 6895 47
3483 3484 47
1132 1133 47
114 1374 47
9557 9558 47
4901 4902 47
8548 9670 47
6326 6327 47
2929 2930 47
9818 9819 47
8351 8352 47
6723 6724 47
1187 1188 47
3250 6484 47
2912 2913 47
5917 5918 47
2852 2853 47
3267 3268 47
1973 6029 47
2902 9461 47
4886 4887 47
8306 8307 47
7704 7705 47
3145 7217 47
2546 2547 47
8802 8803 47
7215 7216 47
336 8007 47
2122 2123 47
9294 9295 47
3845 6145 47
970 4064 47
5101 8717 47
9684 9685 47
84 9634 47
4074 4075 47
1346 9422 47
9102 9103 47
2443 2444 47
2277 2278 47
3819 3820 47
2493 5994 47
8440 8441 47
7326 7327 47
988 3586 47
8214 8215 47
7286 9799 48
537 5483 48
5536 5537 48
3864 3865 48
8553 8554 48
8176 8177 48
1766 1977 48
8784 8785 48
8722 8723 48
4874 4875 48
2385 3247 48
7961 7962 48
6893 7518 48
1753 8898 48
826 1403 48
828 829 48
6024 6295 48
608 4205 48
7333 7334 48
9937 9938 48
1773 1774 48
8128 8129 48
51 5792 48
1120 6908 48
2351 8874 48
5577 6698 48
7302 7303 48
6058 6628 48
7461 7462 48
1911 9500 48
1134 7274 48
7322 8778 48
9517 9518 48
3420 9810 48
3117 3118 48
3026 3027 48
4297 4298 48
2859 7347 48
6919 6920 48
1795 1796 48
3936 3937 48
5826 9972 48
6436 8773 48
1214 1215 48
797 2106 48
2619 3215 48
972 973 48
2620 5704 48
5996 9565 48
3386 3387 48
1230 1231 48
791 792 48
4101 4102 48
5490 8869 48
1700 9900 48
1340 1341 48
8702 8703 48
1889 8443 48
7799 7800 48
1106 7189 48
5072 5073 48
69 70 48
6579 6580 48
5803 5804 48
4363 4364 48
7605 7606 48
4819 6707 48
5325 8482 48
6664 6665 48
7981 7982 48
3396 3397 48
2646 5408 48
9630 9631 48
8873 8874 48
820 3345 48
3249 3250 48
2407 2408 48
3868 5084 48
1185 1186 48
3761 3762 48
9074 9075 48
2634 3178 48
1481 1482 48
6565 6566 48
1412 8534 48
7104 7105 49
3886 7058 49
7508 7509 49
5198 5199 49
4891 4892 49
1234 3069 49
7249 9889 49
87 9831 49
3846 3847 49
3412 6971 49
7290 7291 49
5554 5555 49
155 156 49
2103 3185 49
4310 4311 49
6663 8409 49
3645 3646 49
807 4605 49
8012 8013 49
358 359 49
1483 9345 49
5017 5018 49
6210 6211 49
2026 2027 49
1997 1998 49
1259 3327 49
1498 7288 49
5063 5064 49
7198 7199 49
8122 8123 49
6578 6579 49
5065 5066 49
9944 9945 49
4086 4087 49
8883 8884 49
2404 9871 49
7929 7930 49
1463 7708 49
158 7504 49
6552 6553 49
547 8022 49
5890 5891 49
185 186 49
862 1354 49
8216 8217 49
611 612 49
9213 9214 49
3796 3797 49
4911 4912 49
297 298 49
5770 5771 49
835 836 49
8975 8976 49
5868 5869 49
548 4320 49
8002 8003 49
8627 8628 49
1274 1275 49
2694 2695 49
4589 4590 49
392 393 49
992 2694 49
2166 2167 49
953 954 49
4758 4759 49
126 2543 49
8435 8436 49
1733 8259 49
7677 9456 49
1726 1727 49
1088 8639 49
5522 5523 49
5478 8396 49
8467 8468 49
4764 4765 49
1763 7902 49
6472 6473 49
2305 4737 49
8404 8405 49
8798 8799 49
397 7373 49
4721 6887 49
5437 5438 49
7058 7059 49
5245 5246 49
7529 7530 49
2981 2982 49
7663 7664 49
1102 1533 49
4674 9194 49
4680 7396 49
2975 2976 49
3259 9629 49
2903 2904 49
8965 8966 50
1265 6232 50
1374 3091 50
9478 9479 50
8830 8831 50
5346 9998 50
6421 8966 50
5249 5925 50
240 241 50
4159 4160 50
5761 5815 50
3219 3220 50
4279 4280 50
2538 7507 50
6452 9150 50
3548 3972 50
5267 8162 50
1165 1166 50
666 667 50
7941 7942 50
3590 8157 50
8650 8651 50
5354 5355 50
1954 8708 50
938 1210 50
7065 7066 50
4431 4432 50
49 2500 50
5519 5520 50
3919 3920 50
4991 5530 50
6054 6055 50
686 9846 50
8188 8189 50
9455 9456 50
8774 9351 50
9232 9233 50
5182 8455 50
324 3629 50
349 4659 50
4501 4502 50
1084 1085 50
111 6177 50
8901 8902 50
7042 7043 50
4525 4526 50
1613 5374 50
6721 6722 50
2112 2184 50
6222 6223 50
740 741 50
559 560 50
8347 8348 50
5823 5824 50
5620 5621 50
148 4185 50
3716 4793 50
382 383 50
5934 5935 50
4829 4830 50
9401 9402 50
1103 3288 50
7915 9786 50
1874 1875 50
7096 7097 50
3925 8654 50
2436 5126 50
3053 3054 50
6779 7577 50
792 7127 50
117 9039 50
4285 8381 50
6567 8933 50
4588 4589 50
3002 3003 50
4479 9869 50
4894 4895 50
9527 9528 50
3645 4072 50
1814 1815 50
3448 3449 50
7158 7753 51
7940 7941 51
3566 3567 51
517 3523 51
172 173 51
7925 7926 51
4451 4452 51
1210 7831 51
3552 3553 51
2904 2905 51
7614 9813 51
1430 6275 51
6437 6438 51
959 8643 51
706 707 51
9462 9463 51
1469 1823 51
7615 7616 51
2981 3073 51
244 8037 51
9546 9547 51
288 289 51
450 451 51
9831 9832 51
6241 6242 51
8005 8006 51
8514 8515 51
7902 7903 51
2526 7370 51
4690 4691 51
1824 8698 51
8056 8057 51
6749 6750 51
175 1534 51
1465 3829 51
2613 6680 51
5001 9525 51
5 6 51
7423 7424 51
5349 5350 51
9168 9169 51
688 4347 51
4942 4943 51
8027 8028 51
290 2673 51
4910 4911 51
425 426 51
6596 6597 51
6151 6152 51
5459 5460 51
8738 9119 51
4612 6795 51
6108 6109 51
6796 6797 51
4393 4394 51
3422 6761 51
5188 5189 51
858 5436 51
2093 8441 51
9378 9379 51
935 936 51
8758 8759 51
1614 9604 51
1164 1165 51
7844 7845 51
5967 5968 51
3957 3958 51
2822 2823 51
324 1339 51
6917 6918 51
2868 2869 51
1840 1841 51
1072 1304 51
5568 6392 51
7460 7461 51
9927 9928 51
1933 1934 51
5376 5377 51
8980 8981 52
5045 5046 52
1914 1915 52
1926 1927 52
3092 3093 52
13 934 52
486 4857 52
8979 8980 52
7119 7120 52
5201 5202 52
7735 7736 52
4898 4899 52
5813 6986 52
7033 7034 52
2974 8354 52
916 917 52
2329 2330 52
91 9716 52
1756 7185 52
4843 5951 52
7008 8847 52
8990 8991 52
2961 2962 52
2851 4025 52
3331 8748 52
2102 5861 52
6977 8247 52
2587 2588 52
6927 6928 52
3193 6045 52
2339 2340 52
1580 7703 52
6098 7566 52
20 21 52
2924 2925 52
1286 8051 52
3597 3598 52
6864 6865 52
2000 6347 52
1322 8117 52
8166 8167 52
767 3484 52
3 1377 52
2686 9859 52
7579 7580 52
939 8629 52
9799 9800 52
2312 2313 52
5510 9896 52
1845 1846 52
5148 5149 52
2125 6480 52
6332 6333 52
1371 1372 52
6051 6052 52
7565 7566 52
6493 6494 52
3832 6279 52
9438 9439 52
7847 9200 52
4765 9783 52
7738 9179 52
5709 5710 52
4969 4970 52
8219 9879 52
4161 6384 52
7066 7067 52
1141 1142 52
1320 1321 53
5154 7818 53
4611 5440 53
8479 8480 53
650 651 53
5169 5170 53
1774 1775 53
62 2491 53
5096 5097 53
997 2689 53
3018 7034 53
647 2516 53
6408 6409 53
3848 3849 53
5268 5269 53
3089 3090 53
8866 8867 53
2197 2198 53
6429 6430 53
3090 8397 53
3012 3013 53
4003 4004 53
5258 5259 53
5685 8690 53
1008 1009 53
544 1517 53
6353 6354 53
6812 6813 53
7697 7698 53
1376 2103 53
1500 7129 53
7436 7437 53
171 5778 53
9024 9025 53
696 4911 53
1077 2012 53
7839 7840 53
3454 3455 53
3594 3595 53
25 26 53
3333 5344 53
732 733 53
9426 9427 53
3545 3943 53
7582 7583 53
464 1933 53
278 830 53
1960 4183 53
3482 3483 53
4920 4921 53
6106 6107 53
8550 8551 53
3455 6633 53
4769 8934 53
4961 4962 53
607 608 53
5957 9478 53
5897 5898 53
6150 6151 53
4684 4685 53
8167 8168 53
4153 9534 53
2972 2973 53
3390 3391 53
621 622 53
4861 4862 53
8581 8582 53
2435 5485 53
6010 6265 53
1822 1823 53
4368 4369 53
3172 3191 53
1595 3877 53
1885 1886 53
5322 5323 53
201 2844 53
1476 1477 53
4167 4168 53
5699 7980 53
4814 4815 54
70 71 54
4828 4829 54
9550 9551 54
628 9981 54
8140 8141 54
5237 5238 54
546 547 54
9747 9748 54
3085 3086 54
2113 9870 54
3975 3976 54
677 4940 54
9433 9434 54
8801 8802 54
873 6811 54
6667 9153 54
3937 3938 54
9012 9013 54
4894 9612 54
5645 7593 54
3617 6460 54
9264 9265 54
128 7877 54
6966 6967 54
529 1246 54
3233 3234 54
5256 5257 54
3718 9017 54
1247 1248 54
8776 8777 54
5798 7666 54
2558 5515 54
3767 3768 54
2228 8270 54
1223 1224 54
7626 7627 54
1381 1382 54
4747 4748 54
2398 2399 54
2507 2508 54
6504 6505 54
7950 7951 54
4005 4006 54
7953 7954 54
259 4070 54
6179 6180 54
3908 8402 54
6251 6252 54
4049 9183 54
817 3120 54
1498 1507 54
7426 7427 54
2909 2910 54
463 464 54
1834 1835 54
3264 3265 54
3556 5831 54
1326 8032 54
4443 4444 54
5480 5481 54
679 680 55
5549 5550 55
4759 4760 55
881 882 55
6963 9071 55
992 993 55
5504 5505 55
1066 9156 55
5272 5273 55
8884 8885 55
5296 5297 55
5155 6575 55
6763 6764 55
6804 6805 55
7253 7254 55
4179 8384 55
4172 4173 55
8913 9561 55
700 6989 55
799 800 55
5074 5075 55
5076 5077 55
2216 7396 55
5830 6724 55
5786 5787 55
3184 9052 55
9525 9526 55
8072 8073 55
1871 3509 55
2967 5732 55
1985 9670 55
3340 5420 55
3728 8537 55
1685 6372 55
3571 3572 55
8611 9737 55
3106 3560 55
3110 8669 55
1482 2229 55
3132 3133 55
2352 3853 55
6540 6541 55
2593 3835 55
3158 3159 55
9515 9516 55
2206 6056 55
2723 2724 55
2540 2541 55
6529 6684 55
2865 2866 55
2884 5796 55
7287 7786 55
1509 5525 55
1810 1811 55
9816 9817 55
7569 7570 55
2421 2422 55
6739 6740 56
69 3883 56
3770 3771 56
3368 4020 56
4548 6802 56
6580 6581 56
895 3243 56
5769 5770 56
5485 5486 56
2788 4337 56
5 6705 56
3254 3255 56
1075 9428 56
8240 8241 56
139 140 56
4077 4078 56
1244 5050 56
90 7486 56
3308 6533 56
7838 7839 56
1238 1239 56
1951 9861 56
8938 8939 56
675 676 56
8816 8817 56
1390 1391 56
6381 6382 56
5053 5054 56
3460 3461 56
191 192 56
8792 8793 56
2135 7740 56
5879 5880 56
3549 9024 56
952 3342 56
2130 2377 56
6558 6559 56
6106 9329 56
3955 4789 56
3956 3957 56
6110 6111 56
4706 4707 56
3613 3614 56
7678 7679 56
5915 5916 56
6697 9337 56
5909 5910 56
1379 9661 56
8366 8367 56
3116 4985 56
9097 9098 56
8459 8460 56
8667 9296 56
603 604 57
4252 4253 57
2015 3824 57
3535 3536 57
843 844 57
1519 6303 57
3509 7199 57
2617 8808 57
9006 9007 57
7477 7979 57
8183 8184 57
4150 4151 57
4151 4152 57
182 728 57
833 3659 57
4309 4310 57
1626 1627 57
8565 8566 57
3484 3485 57
5332 5767 57
7026 8865 57
2800 3978 57
674 5365 57
5179 9787 57
2146 7944 57
3113 8526 57
1732 1733 57
2785 3994 57
4765 4766 57
9872 9873 57
2506 3844 57
4048 6440 57
2383 2384 57
5260 5261 57
2376 3235 57
921 8753 57
4646 4647 57
3005 3656 57
1738 1739 57
6637 6638 57
9819 9820 57
9925 9926 57
6675 6676 57
941 942 57
7051 7052 57
3900 3901 57
4059 4060 57
7353 7354 57
7747 7748 57
5161 5162 57
3188 7716 57
5790 5791 57
8193 8194 57
372 373 58
2897 3077 58
1578 3880 58
1793 1794 58
3509 3510 58
5442 9882 58
8438 8439 58
6199 6200 58
4688 4689 58
3508 5900 58
146 147 58
6937 6938 58
31 32 58
3340 5638 58
5998 7058 58
9045 9192 58
1033 4324 58
5541 5542 58
3350 4639 58
3260 4924 58
4422 4423 58
6673 6674 58
3186 6626 58
2364 4903 58
3244 3245 58
8033 8034 58
7666 7667 58
365 5293 58
1759 1760 58
7487 7488 58
3025 3026 58
9126 9127 58
4514 8178 58
8168 8169 58
3375 3376 58
2567 3813 58
9836 9837 58
3872 3873 58
92 93 58
8267 8268 58
7260 7261 58
2489 2490 58
5231 5232 58
5157 5158 58
3615 3616 58
4035 4036 58
6346 8647 58
5146 8341 58
6258 7971 58
3731 3732 58
2446 2447 58
9492 9493 58
5120 5121 58
7225 7226 58
4055 4056 58
3762 8991 58
4006 4007 58
9895 9896 58
14 15 59
9129 9130 59
8851 8852 59
5124 6415 59
6323 6324 59
2322 8639 59
1730 1731 59
8450 8451 59
3110 5302 59
6168 6169 59
9236 9237 59
2582 2583 59
5557 5558 59
2719 9535 59
2041 2042 59
971 6547 59
1477 8330 59
3409 3410 59
2723 2728 59
4651 4652 59
3071 3072 59
4650 4651 59
9761 9762 59
251 4771 59
4433 6964 59
5102 5103 59
4830 4831 59
1083 4296 59
3350 3351 59
8843 8844 59
6266 6267 59
6048 6049 59
1874 8511 59
8909 8910 59
9304 9305 59
911 912 59
7012 9594 59
2054 6736 59
8679 8680 59
6059 6060 59
5077 5078 59
370 8562 59
7689 7690 59
4351 4352 59
9803 9804 59
349 350 59
4012 5366 59
4358 7105 59
1775 1776 59
5389 5390 59
1144 6931 59
1985 3928 59
1270 1271 59
8269 8270 59
8223 9909 59
8303 8304 59
354 8705 59
4479 4480 59
5247 9929 59
7758 7759 59
2146 6305 59
5891 5892 59
498 499 59
2644 3144 59
4066 4067 59
6974 7880 59
6307 6442 59
9136 9137 59
2177 2178 59
8048 8049 59
7420 7421 59
7361 7362 59
6561 6562 59
1410 4422 60
136 137 60
8863 9269 60
5392 8631 60
1451 1452 60
2823 2824 60
570 8531 60
1923 1924 60
3102 3352 60
6586 6587 60
6454 6455 60
1911 6354 60
4015 4016 60
1064 3672 60
151 8097 60
4488 4781 60
7025 7026 60
8601 8602 60
9380 9381 60
8600 8601 60
4301 4302 60
2664 7908 60
5073 8584 60
2108 9908 60
481 6753 60
3410 8875 60
8419 8420 60
4195 8252 60
2935 8368 60
1981 1982 60
7428 7429 60
2955 2956 60
492 493 60
3947 3948 60
3446 3447 60
4146 5878 60
371 372 60
7085 7086 60
1220 1221 60
1219 9868 60
7667 7927 60
2689 9530 60
397 9177 60
6655 6656 60
8184 8505 60
4236 4237 60
9501 9502 60
3910 3911 61
2086 2087 61
3154 8293 61
7768 7769 61
6090 6091 61
7764 7765 61
2927 6901 61
4720 9522 61
9811 9812 61
919 920 61
6047 8306 61
8741 8742 61
4011 8772 61
8376 8377 61
2871 7974 61
2985 9516 61
1133 5443 61
2542 2543 61
1068 1069 61
100 101 61
1661 3066 61
6338 6339 61
3662 8496 61
8245 8246 61
3392 4403 61
1955 1956 61
1972 1973 61
4183 4184 61
4409 4600 61
4441 4442 61
1628 1629 61
603 4003 61
9262 9263 61
233 8842 61
6516 6517 61
2173 2998 61
2075 5080 61
5163 5164 61
6308 6309 61
1700 1701 61
5802 5803 61
8287 8288 61
7608 7609 61
5022 5023 61
9203 9204 61
3001 4406 62
6477 7727 62
4967 4968 62
5739 5740 62
4160 8116 62
9000 9001 62
1963 1964 62
7693 8996 62
2282 2283 62
5716 5717 62
6352 6353 62
9439 9440 62
5318 7020 62
927 5432 62
9917 9918 62
4783 4784 62
9854 9855 62
7500 7501 62
7255 7256 62
486 6794 62
1345 1346 62
530 2423 62
515 7710 62
5286 5287 62
4093 5334 62
7022 7023 62
5181 8964 62
452 453 62
5145 5146 62
5387 5388 62
1925 6458 62
2807 7691 62
5943 5944 62
2700 5449 62
123 124 62
1637 6983 62
1460 1461 62
678 679 62
6498 6499 62
1634 1643 62
2892 9046 63
2077 4662 63
7802 7803 63
2421 6361 63
4921 4922 63
6420 6421 63
2563 2564 63
6181 6182 63
2615 2616 63
2865 8676 63
4902 4903 63
2073 2074 63
1859 1860 63
6888 8169 63
5406 6020 63
3260 6812 63
656 657 63
4445 4446 63
5728 5729 63
8974 8975 63
7497 7498 63
6663 7587 63
7112 7830 63
7086 7087 63
1066 1067 63
5811 5812 63
4386 4387 63
7446 7447 63
3800 3801 63
3163 8647 63
3932 3933 63
7153 8349 63
1034 9585 63
3228 3229 63
1403 1404 63
7811 7812 64
1239 1240 64
4100 4391 64
1233 7215 64
1704 1705 64
5987 5988 64
8524 8525 64
3746 3747 64
5144 5145 64
1058 1059 64
9912 9913 64
75 76 64
501 9327 64
5041 5042 64
3673 3934 64
7188 7189 64
5820 9289 64
558 7392 64
1740 9699 64
7653 7654 64
8388 8389 64
6125 6126 64
9116 9117 64
1718 1719 64
8015 8016 64
6345 6915 64
6624 6625 64
4540 4541 64
9502 9503 65
9162 9391 65
4319 4320 65
5612 5613 65
2849 6462 65
4333 4334 65
6189 6190 65
4695 4731 65
5040 5041 65
5894 5895 65
8770 8771 65
7144 7145 65
1477 1478 65
2043 2494 65
3438 3439 65
5568 5569 65
2449 2450 65
4866 7648 65
5156 5157 65
2498 2499 65
8476 8768 65
8040 8041 65
717 718 65
9857 9858 65
4876 5116 65
6374 6375 65
8357 8358 65
6643 6644 65
1366 7685 65
9021 9022 65
781 782 65
7948 7949 66
5250 5251 66
6803 6804 66
5682 5683 66
3857 3858 66
6243 8021 66
1193 2367 66
733 2138 66
3580 3581 66
2075 2076 66
4012 4013 66
7909 7910 66
3868 8707 66
2485 2811 66
4367 4368 66
9731 9760 66
3008 3009 66
6992 6993 66
2746 2747 66
2394 6790 66
8554 8555 66
8169 8170 66
7846 7847 66
7853 7854 66
404 405 66
9551 9552 66
1675 5772 66
3527 5976 66
3527 9239 66
8510 8511 66
6729 7844 66
3498 3499 66
4856 8534 66
9200 9201 66
3431 3526 66
8509 8510 66
3542 6761 66
1277 1278 67
9475 9476 67
2328 2329 67
8424 8425 67
3921 9072 67
1002 9106 67
1767 1850 67
4775 8851 67
4970 4971 67
5616 5617 67
9759 9760 67
9018 9019 67
7092 7093 67
9356 9357 67
7141 7142 67
8257 8258 67
9310 9311 67
4460 4461 67
7056 7057 67
5292 5293 68
6459 6460 68
5294 5295 68
5419 7576 68
5676 5677 68
6339 6340 68
5800 5801 68
5696 9017 68
9230 9231 68
2037 8551 68
8136 8137 68
4534 4535 68
8101 8903 68
4988 4989 68
2359 9531 68
2131 9594 68
2114 7050 68
3459 3460 68
7473 7474 68
8744 8745 68
2880 2881 68
8059 9447 68
7076 7077 68
2025 2026 68
7140 8686 68
8008 8009 68
7901 7902 68
4211 8640 68
5162 5163 68
2814 2815 68
3322 6370 68
7225 9397 68
8442 8443 69
4373 4374 69
7481 9853 69
2979 2980 69
3223 3259 69
239 4726 69
1636 8087 69
1322 1323 69
6016 6017 69
7530 7531 69
1993 1994 69
8621 8622 69
2785 2786 69
5127 5128 69
680 4339 69
7466 7467 69
853 854 69
6889 6890 69
4877 4878 69
5866 5867 69
1489 1741 69
931 1986 69
9321 9322 69
4995 4996 69
4385 4386 70
4408 4409 70
622 623 70
138 3979 70
296 6643 70
4083 6710 70
5986 8193 70
4135 4136 70
9505 9506 70
905 4774 70
4833 9138 70
2465 2466 70
7272 8993 70
7004 7005 70
5468 5469 70
2570 2571 70
9752 9753 70
4773 4774 70
6082 6083 70
906 907 70
6554 6555 70
9710 9711 70
122 123 70
3830 8381 71
9689 9690 71
3935 3936 71
3783 3784 71
1531 9746 71
8701 8702 71
2575 3002 71
7424 7425 71
1391 7357 71
3087 3088 71
5448 5449 71
896 897 71
4912 4913 71
6198 6199 71
4484 4485 71
6909 6910 71
5457 6337 71
6787 6788 71
1161 1162 71
6717 8312 71
6651 6652 71
4710 9104 71
5093 8375 71
6816 6817 71
6931 6932 71
5391 5392 72
2917 2918 72
538 9001 72
4772 9355 72
6174 6175 72
2764 8700 72
5200 5201 72
8663 8664 72
5353 5354 72
5773 5774 72
4887 4888 72
9268 9269 72
4034 4035 72
4485 4486 72
8813 8814 72
2418 2419 72
4306 4307 72
8869 8870 72
9828 9829 72
540 541 72
7142 7143 72
3401 3402 72
6442 6443 72
2979 8711 72
8582 8583 72
2031 2701 73
9817 9818 73
8579 8580 73
1599 1600 73
213 2159 73
6176 6177 73
3096 3097 73
9158 9159 73
9372 9373 73
1257 1364 73
2136 2137 73
1421 1422 73
3720 3721 73
8177 8178 73
7206 7207 73
4182 4183 74
9611 9612 74
3229 3230 74
1117 1118 74
5556 5557 74
9008 9009 74
4371 4372 74
8775 8776 74
3410 8982 74
7518 7519 74
6618 6619 74
6300 6301 74
5760 5761 74
1417 1418 74
524 525 74
8651 9317 74
5366 5367 75
5730 5731 75
1822 2243 75
2455 4956 75
542 543 75
3687 3688 75
4147 4148 75
7441 7442 75
1222 1223 75
6813 6814 75
4996 4997 75
7352 7353 75
1645 1646 75
4028 4029 75
8042 8043 75
4025 4026 75
7083 7084 75
42 3573 75
8260 8261 75
6413 6414 75
7870 7871 75
3210 3211 75
4263 4264 75
1973 8031 76
1991 9508 76
8073 8226 76
6712 6713 76
8840 8841 76
8733 8734 76
9324 9346 76
691 1457 76
4111 4112 77
1017 1676 77
3348 6312 77
5935 5936 77
7503 7504 77
2056 2057 77
3492 3493 77
8456 8457 77
3086 3087 77
7700 7701 77
6080 6081 77
1389 1390 77
5753 7596 77
7439 7440 77
8363 8364 78
7863 7864 78
8389 8390 78
7419 7420 78
9777 9778 78
6632 6835 78
8461 8462 78
8231 8232 78
731 2901 78
2419 2729 78
1847 1848 78
4197 4198 78
4488 4489 78
1685 8006 78
4909 4910 78
3397 3398 78
5210 5211 78
3832 3833 78
2987 2988 78
5002 9401 79
8486 8487 79
2760 2761 79
2082 2083 79
8059 8060 79
5454 5455 80
9575 9576 80
9567 9568 80
6920 9597 80
4088 4089 80
4322 4323 80
4289 4290 80
3391 3392 80
3838 3839 80
3307 4213 80
3708 3709 80
8983 8984 80
4734 4735 80
216 1225 80
6901 6902 81
1419 1420 81
557 558 81
7743 7744 81
5892 5893 81
1279 2401 81
5421 5422 81
9558 9559 81
1365 1366 81
1933 5718 81
6959 6960 82
4518 4519 82
4480 8815 82
3274 8494 82
9199 9200 82
1341 1342 82
8931 8932 82
6180 6181 82
7730 8291 82
1211 1212 82
9076 9077 82
5261 5262 82
8868 8869 83
1019 1659 83
9094 9095 83
4790 4791 83
5340 5341 83
5141 5142 83
5109 9612 83
5563 5564 84
2063 2064 84
8361 8362 84
1932 1933 84
5639 5640 84
9774 9775 84
3809 3810 84
4291 4292 84
8625 8626 84
4627 4628 84
6758 6759 84
5325 5326 84
1750 1751 84
2257 2258 85
8593 8594 85
2173 2174 85
3250 3251 85
1301 1548 85
2023 2024 85
9856 9857 85
9560 9561 85
5310 8321 86
5661 5662 86
3248 3249 86
303 9835 86
480 481 86
6676 6677 86
2721 6125 86
1324 1325 86
8793 8794 86
4069 6868 86
556 557 87
602 1651 87
8130 8131 87
423 424 87
3147 3148 87
3112 3113 87
4491 4492 87
9932 9933 87
1940 1941 88
6173 6174 88
1649 1650 88
8030 8031 89
8252 8253 89
2270 2271 89
4265 4266 89
4725 4726 89
9371 9372 89
7319 7320 89
9938 9939 90
7219 7220 90
5606 5607 90
3585 3586 90
4757 4758 91
6553 6554 91
2997 2998 91
8721 8722 91
7791 7792 91
1511 1512 91
5423 5424 91
5985 5986 92
3879 3880 92
2466 2467 92
3532 6488 93
1006 1007 93
6510 6511 93
2597 2598 93
3173 3174 93
7291 7292 94
605 606 94
2879 2880 94
7 8 95
5108 5109 97
1830 1831 99
7082 7083 99
Total MST weight: 279085
Execution time: 248.605 ms

Algorithm: Prim's MST
MST edges:
0 9272 5
0 1 12
9272 555 12
555 554 10
0 2711 19
2711 2712 2
2712 8075 8
8075 8074 5
2712 3902 16
8075 7801 16
8075 4350 19
4350 4349 19
4349 5708 17
0 6249 24
6249 6248 3
6249 3196 17
3196 3195 2
2712 2713 24
2713 743 17
743 744 20
2712 2842 26
2842 1785 18
1785 1786 9
1786 6324 12
6324 6325 12
2842 2843 26
2843 2844 14
2844 2845 24
2845 2846 13
2846 419 14
2846 2847 19
6249 6250 26
6250 8038 4
7801 7802 26
7802 2327 3
2327 7874 14
7874 7873 3
7802 5616 14
2327 1513 18
7873 6408 22
8038 8037 27
8037 8036 11
8037 6975 15
6975 6976 23
6408 2077 28
2077 52 16
52 53 3
52 51 21
51 50 24
50 6167 10
6167 6166 9
6166 6165 11
2077 2373 26
2373 1228 10
8036 8035 28
50 49 29
49 5847 20
5847 9410 15
5847 7794 24
7794 7795 10
7795 7796 8
7795 8931 11
7794 8158 21
8158 4785 21
4785 4786 8
4785 4784 18
4786 4787 21
8931 8340 25
8340 8339 8
8339 8338 8
8340 8341 28
7873 5717 29
5717 989 23
989 7834 28
1 8190 30
49 48 30
48 1873 26
48 47 28
47 4304 20
4304 1409 8
1409 1408 9
1408 1407 3
1409 3950 9
3950 3951 15
3950 5797 20
5797 6096 11
6096 3561 4
3561 3562 17
6096 4141 19
3561 1254 20
47 46 26
46 4852 14
4852 4851 1
4851 4850 3
1409 2273 26
3561 1149 27
1149 7071 15
4304 7684 28
4304 4305 29
4305 4669 24
4669 3512 8
4669 4670 12
4670 4671 7
4671 8299 7
6096 6097 29
6097 8200 25
8200 8199 23
8199 655 12
655 654 16
655 2665 21
1407 904 30
904 2591 7
904 903 24
904 8227 27
1785 783 30
783 5400 16
5400 5401 20
2591 5276 30
5708 5707 30
5707 2410 11
2410 2411 18
2410 8235 20
5707 3334 28
7834 2671 30
2671 2672 1
2672 4598 21
4598 4597 18
419 418 31
2410 2409 31
8075 1758 31
8931 8930 31
8930 4703 11
4703 2406 15
418 417 32
417 416 16
2712 3906 32
4597 4596 32
4596 4038 2
4038 1467 3
4596 8618 14
4038 8712 26
8712 7287 23
7287 7286 14
7286 2796 10
8618 8617 28
8618 8619 29
8619 9275 8
2796 2797 31
2797 5117 8
2797 5364 17
5364 5363 23
2797 2268 25
2268 2267 21
2267 5495 13
5495 5496 24
5495 4912 25
2267 6293 26
6293 6292 17
6292 6291 10
6291 5878 26
5495 3135 27
3135 3134 10
2268 2269 28
2269 5587 19
5587 9690 9
9690 1804 9
9690 9890 13
9690 9691 14
9691 2980 1
9691 9025 14
9025 9026 10
9890 7026 16
5587 5491 19
9690 5151 23
5151 1218 9
2269 9928 24
2269 588 27
588 4811 22
588 589 24
2980 2981 28
5363 5362 29
5362 703 27
703 3034 6
703 334 9
3034 6095 23
6095 2554 22
6095 8117 25
8117 8118 3
8118 7798 6
8118 8119 17
8119 8120 8
7798 7799 23
7799 919 16
919 918 14
918 2162 12
2162 2163 1
8120 8121 23
7798 7797 24
7797 1032 1
334 335 29
335 3039 5
3039 1999 10
3039 3038 19
3038 3037 24
3037 7207 2
3037 6530 3
6530 6531 1
3037 6190 8
6190 6191 5
7207 7208 10
6530 7916 17
5362 5361 29
2981 65 30
65 66 27
66 3149 4
3149 5529 8
66 67 12
5529 5528 26
65 132 27
132 133 24
133 8304 2
8304 7088 5
7088 9936 26
9936 598 13
598 597 13
9936 9937 18
9937 363 9
363 893 19
893 892 2
892 7781 10
893 5100 20
5100 3214 15
363 364 27
364 3047 9
364 3805 17
3805 3700 5
3700 3699 5
3700 3701 6
3701 5494 13
3805 3806 17
5494 5493 22
5493 2744 11
2744 6859 5
2744 2743 9
2743 2742 9
2744 2745 12
2743 7814 13
5493 1501 13
1501 1502 7
1502 5192 16
5192 5191 11
5191 2636 3
2636 2635 12
5192 5193 18
5193 8530 12
5191 1326 24
1326 1327 12
1327 1328 5
1327 6218 12
6218 120 13
6218 6217 15
6217 5841 3
6217 3996 13
3996 3997 8
6217 6263 19
6263 179 4
179 5711 4
6263 6264 16
6263 3896 20
3896 3897 16
6263 6262 21
3996 4439 22
4439 778 16
4439 4440 18
4440 3405 11
3405 3406 22
3406 3407 2
3406 1806 24
1806 1805 5
6218 9605 24
2635 2634 25
2634 6051 15
6051 4426 6
4426 9171 14
9171 9170 10
2634 3862 19
3862 3863 12
9171 4795 22
4795 4796 16
4796 9327 6
9327 4336 8
9327 4006 15
9327 9328 16
4006 1220 20
9170 4002 23
4002 4798 12
4798 2051 8
2051 2052 4
4002 4003 16
120 3150 26
3150 1025 9
1025 5811 7
5811 488 10
488 487 11
487 7603 20
7603 7604 20
488 7492 23
7492 3524 7
4440 252 26
252 253 16
9328 2803 26
5193 7447 27
6217 9706 27
9706 9705 15
9705 4520 14
9706 9707 16
9707 1559 4
9705 7209 18
9705 9882 20
9882 9881 6
9882 9883 8
9883 9884 19
9884 9885 1
9885 4982 7
9885 1601 10
4982 4981 13
4981 4980 6
4980 259 8
9885 4298 16
4298 4299 6
9881 8019 20
8019 8018 17
8018 365 11
8018 944 17
944 4385 21
4385 9293 17
9293 9292 14
1559 8192 22
8192 4568 15
4982 4983 22
9292 9291 24
9291 9290 2
9290 9805 9
9805 3615 1
9805 9670 4
9670 9173 3
9173 9174 1
9670 9671 6
9671 5963 6
5963 5962 7
5962 5961 4
9670 9669 11
9669 8938 6
8938 5721 4
9174 44 19
9805 6177 21
6177 6178 19
6178 5021 5
5721 3231 24
6178 1379 24
9173 2677 24
2677 7658 8
7658 7657 8
7657 7656 23
7656 1876 19
1379 6659 26
6659 5605 8
9881 9880 26
9880 9879 10
9879 9878 21
5961 742 27
5963 5264 27
5264 5538 7
5538 5539 8
5539 1274 23
1274 7686 18
7686 7687 6
7687 7688 8
7688 7181 2
7181 7182 9
6859 6860 27
6860 6965 27
7656 7655 27
7655 4666 6
7655 2331 17
4666 2249 19
2249 5418 8
5418 5419 2
5419 5603 3
5603 5602 1
5418 8053 10
5418 5705 23
5418 8614 23
5418 5417 27
5417 5416 6
5416 5415 16
259 1043 28
1043 1044 9
1043 608 18
608 3985 24
3985 5503 22
5841 5842 28
5842 5843 15
742 9553 29
9553 9554 7
9554 9555 27
9555 6364 14
9555 2872 19
9555 4098 21
4098 4097 21
4097 4096 19
4096 4289 8
6364 6365 22
6365 6366 19
2872 2873 26
2873 2874 14
2874 2875 25
6364 3859 28
3859 2851 25
2851 8703 15
8703 8704 19
3859 3828 28
3828 2253 11
2253 2254 1
3828 6474 14
2254 2255 20
2255 2256 19
2255 1581 21
6474 6473 25
2331 2332 29
5418 7585 29
5529 9630 29
5602 5601 29
8938 2247 29
2247 2246 9
2246 8346 2
2247 9753 11
2247 2248 28
9885 9886 29
9886 4826 1
4826 4825 3
4825 4824 14
133 134 30
134 135 30
135 2551 26
2551 2146 21
2146 4853 24
2146 2145 26
488 7609 30
2803 2891 30
2891 2890 22
2890 2889 8
2889 2888 1
2889 8892 1
2888 3592 15
3592 3593 14
3593 3594 1
3592 1180 16
1180 1181 6
1181 137 16
137 937 11
937 3131 10
3131 3130 7
3130 9479 4
9479 9480 7
9480 7784 10
137 1129 13
3131 6499 13
6499 1735 5
937 936 15
7784 7045 19
7045 7044 13
7045 7899 15
7899 8575 14
8575 2668 4
2668 8370 3
2668 5420 4
5420 222 3
5420 5421 7
5421 1116 3
8370 8371 12
5421 9997 14
8575 537 14
537 1241 4
1241 1240 17
8371 8372 17
8372 8373 4
8372 5452 12
5452 8109 12
5452 5453 15
537 3535 18
1181 5527 20
3535 4388 20
4388 4389 12
4389 8880 12
8880 8881 13
8881 8882 8
7899 7898 20
7898 7897 19
7897 9578 3
7897 6407 5
9578 9579 7
9578 9215 12
9215 2279 14
2279 2280 10
6407 6406 16
6406 6099 5
7897 2155 19
937 7589 21
1181 6777 21
8373 3682 21
3682 3681 7
3681 4717 17
4717 4718 1
2155 2156 22
2668 2667 22
2667 275 22
275 274 7
274 4268 8
4268 4269 5
275 670 8
670 9311 19
9311 9419 3
9419 9420 6
9420 7242 8
7242 7243 4
7243 7532 17
7243 4645 20
4645 3802 3
670 671 21
7532 7533 21
7533 3206 12
137 1577 24
1577 8854 11
537 8393 24
8393 1363 3
8393 8392 14
8392 8391 4
8391 8390 2
8390 7184 5
8390 3660 13
3206 6314 24
6314 6315 22
6315 6316 6
6316 6317 16
6317 6318 14
6318 3865 22
3865 3866 22
3866 3867 3
6314 513 23
513 514 11
513 6019 14
7044 7043 24
7045 7046 24
7046 7047 15
8392 9005 24
9005 9006 14
1129 4634 25
3865 1355 25
1355 2810 3
1355 3476 6
2810 3422 9
4718 4719 25
9311 9312 25
9312 7734 6
9312 9168 18
9168 9167 1
9167 1243 5
9167 9158 8
9158 9157 4
9158 5311 5
5311 1360 3
9157 9732 15
9732 5706 10
5706 6002 7
9732 9733 11
6002 6001 12
6002 6003 13
6003 6004 10
5706 8054 15
9733 1570 16
1570 1571 5
1571 6133 9
6133 5832 4
5832 5833 9
5832 4580 12
4580 7218 14
6133 6134 17
6133 6132 23
9168 9727 23
9727 9726 3
9726 9725 2
9725 125 5
9727 5808 12
9725 5580 18
125 126 23
126 127 18
127 9414 2
9414 4998 7
9414 9413 9
127 128 13
128 3128 12
128 886 17
886 887 14
128 129 18
887 9592 18
9414 9415 20
9415 5388 4
9415 9416 22
9416 3952 2
9415 3967 23
1571 1572 24
7218 7355 24
7355 1171 12
1171 1170 8
7355 6041 15
1170 3525 22
3525 787 6
9414 9395 24
9395 9394 8
9592 9591 24
5833 6922 25
6922 1550 5
1550 4799 6
1550 1523 9
6003 371 25
371 370 24
370 461 9
371 144 25
144 7976 7
7976 4168 3
9158 6421 25
6421 2379 12
6421 1961 19
1961 6068 8
6068 3194 18
6068 6067 23
9312 6388 25
6388 6389 7
6389 6170 17
6170 6171 22
6171 6172 7
6170 440 24
440 7453 8
7453 7454 18
7453 7452 21
9420 8833 25
1355 2861 26
1572 1573 26
6001 4944 26
4944 1662 10
6388 5555 26
7976 7977 26
7977 460 1
9578 4930 26
9732 7177 26
7177 7178 12
7178 4730 25
2156 2157 27
4269 273 27
273 272 22
272 271 4
271 270 5
6099 6100 27
6100 1266 6
1266 268 25
6172 5083 27
5083 5082 17
7045 5863 27
5863 5862 23
127 6601 28
460 5973 28
461 7349 28
7349 5770 15
7349 7348 26
7348 6689 3
7348 3125 11
3125 115 2
7348 950 13
950 9294 8
115 116 17
3125 3124 20
950 6128 21
6128 6129 22
116 117 27
3124 3123 27
6128 3725 27
3123 1250 28
3967 3966 28
5832 9203 28
7045 2592 28
2592 1448 10
2592 2593 13
1448 1447 15
1447 1446 18
1446 7842 21
7842 356 17
1446 7783 22
7783 1132 11
1132 1131 13
1132 1356 23
1356 351 2
7842 562 23
2593 1010 25
1010 1009 12
1356 1357 26
1357 5332 1
1357 1358 22
5332 5333 25
1132 80 28
80 81 1
81 82 14
81 1608 14
81 2482 20
2482 2481 4
7783 7782 28
7976 7975 28
8390 9511 28
9511 1950 15
1950 4282 3
1950 1949 6
1949 1948 19
9511 9510 19
9510 1631 4
1949 4021 23
9510 9509 23
537 536 29
536 1450 18
1450 2949 17
2949 566 3
566 565 6
2949 2950 19
2950 4974 18
565 4243 20
4243 5260 20
565 564 22
2949 5470 22
5470 5471 15
5471 5472 3
5471 1505 8
564 678 23
536 9747 24
9747 9538 13
9747 3886 22
536 2120 24
2120 1370 2
1370 1369 14
1369 1368 12
1368 5036 13
5036 5037 2
1369 3167 17
3167 3168 8
3168 1406 4
1406 6806 14
2120 6578 21
6578 1064 13
6806 6807 23
6807 1584 6
1584 1585 6
1585 1586 17
6807 1192 20
1192 1191 23
1191 3471 9
1191 9903 15
9903 9573 16
9573 4234 7
4234 2232 13
1191 6778 17
2232 2233 22
2233 4586 22
4586 6142 25
6142 7224 20
7224 7223 19
6807 2944 25
2950 2951 26
2951 2952 20
4234 9233 26
9233 9234 18
9234 9235 19
9235 9236 14
9233 1660 23
5036 5035 26
5035 5034 8
5034 5033 25
566 567 27
567 568 17
568 2517 14
568 569 17
569 4235 19
4235 805 9
805 806 13
567 5949 27
569 570 27
7223 8482 27
8482 8483 26
8483 8484 2
8484 7445 5
7445 7444 10
8484 1709 14
1709 2726 2
7445 7493 25
7493 5046 24
5046 842 16
842 841 12
841 840 21
6142 7475 28
7223 5120 28
562 561 29
805 804 29
804 1137 5
2157 8444 29
8444 7866 24
7866 2189 19
8444 8443 27
5452 8682 29
8682 6202 17
5555 6272 29
5580 5581 29
5581 8789 7
8789 7778 7
8789 8788 13
7778 7779 21
6019 6018 29
6922 3227 29
3227 3228 14
7589 7590 29
7866 7865 29
80 79 30
79 7555 15
7555 7556 7
7556 9110 3
7556 7557 12
7556 8357 16
126 7220 30
670 669 30
671 2160 30
2160 673 19
2160 8740 24
8740 8741 24
8741 3301 21
3301 4535 3
2160 2161 25
2161 8029 17
1550 851 30
2189 2190 30
2190 1613 5
1613 1209 24
1209 1210 22
2379 2380 30
2875 2876 30
3681 4642 30
4426 4425 30
4425 7315 26
4811 4812 30
4812 4813 25
4998 4999 30
5264 5265 30
5265 2696 14
5264 1290 30
1290 1289 16
1289 4255 5
1289 1288 18
1288 4973 1
1288 796 8
4973 4972 11
4255 4256 21
1290 1291 27
5973 4607 30
4607 4606 1
4606 4698 14
4698 6287 12
4607 1619 14
1619 1620 19
1620 5282 8
5282 5283 8
5283 4048 2
4048 4047 1
5283 5284 6
5284 321 2
5283 8411 11
8411 8412 8
4048 4117 15
4117 4118 2
4118 4119 3
1620 6602 17
4119 3882 17
3882 3881 11
1620 5904 18
5904 1838 12
4117 4116 20
5282 5281 20
6602 2556 21
2556 7933 17
7933 7934 13
7934 4218 13
7934 7384 16
4116 322 23
7384 7385 24
3882 7896 25
7896 7895 7
4218 3854 25
3854 3855 20
1619 1618 26
1618 3086 11
1618 7550 24
1618 3978 26
3978 9359 16
9359 9360 25
7385 9498 26
2556 4207 28
4207 4208 13
4607 4608 29
4608 4609 17
4698 2126 29
2126 2125 16
2125 7506 4
2125 9916 12
4218 4217 30
4698 4699 30
6041 992 30
992 991 1
992 8623 6
8623 2031 24
2031 7313 5
2031 2030 15
2030 2029 12
2030 4626 17
4626 4625 2
2030 2182 17
4625 6528 18
2182 2181 20
2181 3899 23
2182 9056 23
9056 3633 15
3633 3634 1
3634 3635 7
3635 3636 7
3636 3637 3
3633 3632 16
3636 1562 25
1562 8674 10
1562 5063 11
5063 2700 2
2700 2699 2
1562 2829 12
2829 2830 1
2829 5703 3
2830 2831 12
1562 1563 23
1563 9408 5
1563 1564 8
9408 9409 8
1563 394 20
394 7702 3
7702 9181 7
9181 9180 22
1562 4587 25
2829 5015 25
5015 8055 17
8055 1315 24
1315 1316 8
1316 5445 13
5445 5444 1
5444 3012 15
3012 3011 12
1315 1153 22
1153 1152 14
5444 6295 22
1152 4202 24
4202 4201 23
4626 4627 25
7702 7701 25
9180 9179 25
2030 3638 26
2181 2698 26
2698 8395 12
8395 8394 15
2831 2832 26
3638 2043 26
2043 2042 10
2042 485 5
485 6862 3
2042 2619 14
2619 2618 8
6862 580 20
580 581 10
581 582 16
582 583 3
583 2881 16
485 484 23
5015 5014 26
5014 5013 1
9409 6772 26
6772 6773 19
6773 5959 21
5959 2811 16
2811 2812 25
2812 3005 17
3005 3004 15
394 395 27
395 396 7
2618 76 27
3637 4584 27
4584 4583 27
4625 4624 27
2618 2617 28
2617 2616 15
2616 5947 19
5947 8516 7
2616 6969 25
5947 7053 26
7053 2837 9
2837 2836 5
2837 2838 7
2836 2835 16
2835 2834 17
2837 4063 21
2617 7494 27
7494 7631 3
7631 7630 7
7494 7495 12
7630 7629 12
2836 5578 27
5578 5579 24
5579 212 7
212 643 24
643 5522 1
643 642 3
643 644 8
644 9521 2
5522 5521 27
9521 9520 27
9520 9519 25
9519 9518 4
9518 5972 22
5972 6311 23
2837 7166 28
7166 7165 11
7494 689 28
689 690 16
689 1518 19
690 4254 19
4254 5739 19
690 691 22
691 3467 11
3467 3468 5
3467 1917 21
1917 781 10
1917 2261 12
2261 6524 2
2261 2260 9
2260 7040 6
7040 7039 3
1917 1918 18
1918 4513 9
1918 8528 20
8528 8527 3
7039 7038 23
7040 7041 25
7041 2342 1
7041 6490 17
6490 6489 23
6524 9385 26
9385 9386 7
9386 9387 22
9385 9384 25
9384 9383 18
9383 8514 2
8514 4577 5
9384 4800 26
7629 7643 28
7643 7644 7
7644 7645 11
7645 7646 16
7643 1851 23
1851 1852 21
1852 798 6
1852 1853 16
798 7634 28
7634 4836 19
4836 4837 2
4836 5126 6
4837 4838 6
4837 6114 27
6114 6113 7
4838 313 28
313 2650 26
2650 1696 12
1696 1697 27
1697 1698 11
7634 7635 28
8528 3591 28
4201 1783 29
1783 2452 22
1783 1782 23
4584 1721 29
1721 1720 3
1721 1722 18
1721 3246 23
3246 8296 14
8296 8295 17
8295 8294 22
8294 233 20
233 2413 5
2413 2414 15
8296 8297 24
8297 8298 13
2413 5989 25
5989 5990 8
5989 5988 26
8298 3294 26
3294 3293 24
2414 2415 27
2415 2416 18
2415 1615 23
1615 9353 19
9353 9354 8
9353 9352 15
1615 2776 20
9354 8593 25
2416 9229 27
9229 9230 1
9229 9228 26
9228 8522 6
8522 3014 5
3014 3015 9
8522 8523 12
3014 197 25
197 6693 15
6693 2938 4
2938 2939 2
2939 5992 7
6693 6694 10
5992 5991 22
5991 6845 23
6845 6844 4
197 196 25
6845 6846 26
6846 6847 23
5992 5993 28
8295 6614 28
6614 4555 6
4555 4554 20
4554 7723 20
2939 2940 29
2940 1300 11
5521 8709 29
8709 2752 12
2752 6960 4
2752 2753 6
2752 8181 21
8181 4209 13
4209 1038 11
1038 2916 5
2916 2915 5
8181 8180 18
8180 8179 20
8180 2718 23
2718 2717 19
2717 4100 22
4100 1435 9
1435 1955 3
1435 1907 12
1435 1434 13
1434 1433 10
4100 4099 15
1955 1658 23
1658 1657 6
1657 1656 4
1656 9445 17
6960 6961 24
6961 4652 4
6961 6962 11
4652 4653 25
4653 4654 9
4654 5791 10
4654 4655 12
1433 1432 26
2717 9571 28
9571 3696 1
1434 5589 29
5991 3094 29
3094 3093 2
6772 5912 29
5912 5174 1
5174 8708 1
5174 5175 6
5174 2934 12
2934 2933 13
5174 9251 18
2933 2932 22
2933 7563 24
7563 8020 3
8020 8048 1
7563 1692 15
1692 1691 1
1692 5272 9
5272 4965 13
1691 1690 14
1691 7999 14
7999 8732 6
7999 1245 9
1692 199 14
1692 1693 17
1693 1115 3
4965 9814 17
9814 6673 1
6673 660 13
660 2104 17
8048 8047 17
8047 609 7
609 1593 17
1593 1592 10
1593 6553 15
1690 3631 18
7563 7562 18
7563 7564 18
660 661 19
1115 3737 23
3737 3738 19
3738 3320 8
3320 2867 8
3320 5274 23
5274 5275 9
2933 2007 24
1691 8718 25
7999 8000 25
8000 8001 18
9814 9806 25
9806 3911 8
3911 3912 15
1245 8104 26
9251 9250 26
2867 1145 27
1145 1251 9
1251 1252 11
1252 3083 9
1251 7432 27
7432 7431 19
7432 7433 19
7433 8076 16
7433 1237 17
8076 8077 25
8077 3304 10
5912 5911 27
5911 5910 6
8708 1669 27
1669 1670 27
1670 1671 23
1693 7051 28
5910 6683 28
6683 6682 28
2932 4238 29
4238 4239 8
2933 164 29
6773 601 29
601 602 10
601 600 15
600 7844 4
6862 5076 29
1562 1185 30
1185 4480 6
2415 9096 30
9096 9097 29
9097 2367 14
2837 3393 30
3393 3392 19
3392 1445 17
1445 1444 19
3393 3394 20
3394 687 7
687 1296 8
3394 3395 8
3395 4407 18
1296 1297 19
1296 2132 20
2132 1831 22
1831 1832 4
1831 8278 24
8278 8277 3
8277 8276 5
8276 8275 13
8277 7979 14
8278 1079 14
7979 3381 16
8277 2136 16
2136 5931 12
1079 1080 18
1080 1081 7
8275 8274 21
8274 8273 7
8273 8699 8
3394 7860 24
7860 1858 22
5931 5932 25
5932 6378 10
3393 228 27
7979 9287 28
9287 1121 4
3094 1768 30
1768 1769 12
5521 1280 30
1280 1281 21
1281 683 26
683 9249 13
9249 9248 2
683 682 15
9248 3061 24
3061 3062 18
3062 3063 28
3063 1058 16
683 9539 30
6202 6201 30
6201 528 8
6293 6294 30
6294 2746 24
2746 6306 24
7088 7089 30
7178 7179 30
7242 8657 30
8657 8656 28
7454 7455 30
7455 7456 25
7590 7591 30
7591 7592 22
7658 7659 30
7659 2050 5
2050 8943 15
7659 9021 15
8943 8944 18
8944 2096 1
2096 3279 10
3279 6265 7
8943 3723 18
3723 3722 2
3723 3724 16
2050 6934 23
2050 2049 27
2049 193 17
193 4928 16
2049 8110 24
2050 8968 27
8968 8969 16
2049 6754 29
6754 6753 28
7734 7733 30
7733 7732 7
7732 7731 14
7733 632 20
8444 5227 30
8788 2109 30
9383 9382 30
9382 9381 10
9381 5697 19
9386 468 30
468 467 24
467 466 3
466 465 21
465 1035 1
465 9766 2
465 4697 11
1035 6548 17
4697 7719 23
465 8146 25
8146 3993 19
6548 6549 26
6549 6550 7
6550 6551 11
9766 9765 26
8146 8147 28
8146 1612 30
9395 9396 30
9396 9397 14
9397 346 3
346 347 9
346 499 22
499 500 1
499 7536 10
7536 7813 4
7536 7537 20
7537 3152 12
7537 3579 22
500 8165 23
8165 8164 19
8164 4377 26
4377 3753 8
4377 4501 15
4501 242 1
4501 4500 2
4377 4376 25
4376 4668 18
4501 3713 25
4376 7325 27
4377 4378 29
9498 9499 30
9499 4345 9
9499 1703 28
1703 1702 6
9571 9570 30
65 64 31
64 2382 9
64 63 17
63 62 3
2382 2381 18
356 357 31
357 358 21
564 342 31
342 5214 5
5214 5213 5
5213 9851 21
9851 9850 3
9850 9849 3
9849 9848 21
600 599 31
599 3177 20
599 999 21
805 5873 31
892 891 31
891 3767 15
3767 8248 16
1577 1576 31
1581 1580 31
1593 1594 31
1594 6030 21
6030 6031 1
6031 6032 3
6032 720 6
6031 224 13
224 223 15
6032 6033 15
6031 8069 20
8069 10 5
10 11 20
10 9 25
223 37 25
1594 1595 25
1595 1596 9
1596 8405 8
8405 3988 1
8405 8406 7
8406 8185 11
11 12 26
12 7102 11
7102 7103 12
7102 7101 18
224 2714 29
6033 6034 30
6034 1739 8
6034 2566 16
2566 2417 14
2417 2418 21
2029 2028 31
2120 2234 31
2415 6437 31
6437 8238 1
3152 3153 31
3713 3714 31
3828 8448 31
8448 8449 14
4256 4478 31
4478 4477 17
4477 7669 26
7669 7670 17
4477 4476 30
4476 8175 1
4645 4646 31
4811 4810 31
4810 4809 29
4809 4808 23
4808 2575 2
4965 4966 31
4966 5505 15
5505 5506 25
5214 299 31
5527 1454 31
1454 1455 4
1455 6275 4
1455 3360 9
3360 3359 3
3360 8300 14
6275 6276 16
6276 7270 23
7270 7269 26
7270 7271 26
3359 6708 28
6708 6709 1
6709 5613 1
6709 6710 4
5613 4213 12
4213 4214 3
4214 4450 1
4214 4215 3
4214 533 9
4215 2117 11
2117 1147 4
2117 2116 6
2117 7340 15
4215 6312 16
4450 4451 17
4450 6987 21
4213 4212 23
4212 3506 12
4212 3704 20
3704 3113 18
3113 3114 9
3506 3507 25
3507 23 16
23 22 19
22 1509 27
7340 2536 27
2536 1611 26
1611 7068 8
2536 3781 29
3781 3780 3
3780 3779 7
3779 3000 12
3000 2388 15
3000 320 17
3780 2721 21
320 319 24
319 318 2
3781 7758 25
2721 2720 29
7271 5149 29
5149 8781 12
8781 4471 1
8781 8782 3
5149 5150 19
4471 4470 21
4470 9953 23
9953 2565 16
2565 2564 7
2564 1405 13
1405 3741 14
3741 2681 6
3741 3742 20
3742 1031 2
1031 578 17
1031 1579 19
578 579 22
5149 3090 23
1579 1578 24
1031 177 26
1031 1030 27
8781 6911 29
6911 1401 1
6911 4156 4
533 9221 30
2721 2722 30
4156 4155 30
4155 4154 25
4154 4153 17
4155 3831 29
3831 6587 25
6587 6588 25
23 3917 31
3917 3916 7
3916 9074 2
3917 4316 24
4316 8137 5
8137 8138 6
8138 8139 12
8139 5567 10
5567 1017 2
1017 1018 6
1018 3428 8
1017 1998 9
5567 5566 11
5566 2459 6
4316 4317 17
3428 8532 21
8532 5744 19
5566 5565 23
1018 9532 24
1998 3515 24
2459 2460 24
1998 3056 25
3056 3055 15
3055 3054 6
3054 3270 8
3270 3269 25
3269 3268 10
3270 9483 26
3917 3918 26
3917 2781 26
3270 4343 29
2536 2537 31
2537 9453 1
9453 9454 22
3918 3919 31
5555 5556 31
5613 8675 31
6113 6112 31
6112 765 22
765 9582 25
6601 3517 31
3517 8633 15
8633 8634 2
8634 8635 8
6753 5434 31
5434 5433 3
6772 6771 31
6771 2039 3
2039 2038 7
6771 2296 8
2038 1260 14
1260 7342 9
2296 2295 14
2039 1855 17
2039 948 17
6771 6770 18
2295 7706 21
2295 5007 21
5007 5006 17
948 998 29
998 8463 6
2038 2605 31
2605 2606 29
2606 2607 10
6922 6923 31
6923 5899 28
7181 7180 31
7182 7183 31
7585 7584 31
7584 7583 12
7583 5355 27
5355 9636 10
9636 4750 3
9636 9637 6
9637 4457 11
9636 751 19
751 750 6
751 6654 22
4457 4456 22
6654 6655 29
6655 4261 21
4261 4260 7
4260 4259 27
4259 4258 21
4258 6529 8
6529 6610 6
6610 6611 6
6611 5249 3
5249 1304 10
1304 1303 11
1303 4565 2
1303 1302 21
6611 6246 22
6246 2573 16
2573 7848 16
7848 7847 6
7847 1398 13
1398 1399 6
6246 4994 20
1399 9010 24
4258 4257 25
4257 7245 17
7245 8456 16
6611 6612 25
6612 2316 10
7245 7246 27
7848 7849 28
7849 5981 22
5981 5980 19
5980 5979 16
5981 8489 26
4457 717 31
717 6526 1
717 716 15
717 2123 24
2123 2124 4
2123 7077 13
7629 7628 31
7628 3198 20
7635 7636 31
7636 7637 23
7783 1729 31
1729 4805 4
4805 7123 17
4805 9789 17
9789 9788 13
9788 9787 3
9787 309 16
309 308 20
308 8266 16
9789 9790 22
308 1359 25
7123 7124 26
9788 304 28
304 303 13
304 55 28
55 2357 7
2357 5629 18
5629 5628 15
5628 6118 4
5628 3479 17
3479 3480 19
3480 3481 16
3481 8545 10
8545 2534 1
2534 3233 9
2534 4453 12
4453 4557 13
8545 3318 14
8545 7138 14
7138 7137 10
7137 9417 4
9417 4620 9
4620 4984 9
3318 3319 17
5629 7728 19
8545 8544 20
8544 8543 5
8545 8546 20
5629 9585 21
9585 9584 17
6118 6117 22
7728 7729 22
3233 3232 23
55 54 24
8545 2654 24
3479 1055 26
1055 1054 20
1054 1053 12
1053 964 16
1053 1052 23
6118 6119 28
6119 4599 18
4599 5534 20
8546 8547 28
9417 9418 28
9418 9164 5
2534 315 29
315 316 9
316 317 19
317 192 4
317 4494 5
4494 4495 19
316 8760 28
8760 8761 6
8761 8762 11
8761 3104 26
3104 715 4
8762 8763 29
8763 6775 13
6775 7032 5
6775 6764 12
6775 6774 14
8763 8764 14
8763 9796 14
9796 9795 16
8764 8765 21
8765 6523 18
4494 868 30
868 869 9
869 6 13
6 4578 22
4578 4579 14
4579 2792 8
2792 2791 12
4578 94 16
94 93 25
2792 7960 26
7960 9695 14
9695 4644 1
9695 2646 6
9695 9694 7
9695 9696 8
9696 6296 15
2646 1325 23
9696 7410 24
2646 5277 26
5277 3544 2
7410 7409 26
4579 9974 27
9974 9975 15
9975 4773 9
4773 4772 28
4772 692 23
692 693 16
693 694 29
2646 1966 29
1966 7770 4
7770 181 2
1966 9728 5
9728 9729 7
9729 9730 5
181 7718 13
1966 6104 21
693 1945 30
1945 1946 1
6523 6522 30
8543 8542 30
8544 8221 30
8221 8220 20
304 3437 31
1053 1062 31
1055 9083 31
1946 1947 31
1947 6926 5
6926 1057 5
6926 6927 6
6927 6900 6
6900 6871 17
2654 2653 31
2653 1374 21
1374 7339 7
6296 6297 31
7123 7122 31
7122 1334 15
1334 1333 1
1333 1332 14
1332 1331 23
1332 3119 28
7124 7125 31
8069 8068 31
8395 832 31
832 831 23
831 8344 31
8344 8345 13
8456 6457 31
6457 2897 2
6457 6456 4
6457 311 26
311 5488 22
5488 5489 19
5489 8591 23
8591 8592 13
8592 9502 18
8592 1247 27
8591 8590 29
8590 634 16
634 6195 25
6195 4951 21
4951 4952 11
4952 3067 12
4951 5828 15
4951 8052 20
8052 7888 17
7888 9759 3
7888 2692 14
9759 2993 14
2993 2994 12
2692 9339 15
7888 7889 17
4951 4950 21
4950 8536 19
8536 8535 2
9339 7973 26
7888 7887 27
7887 7886 7
7886 5308 26
5308 5307 27
5307 2286 26
2286 2285 5
2285 6016 13
6016 735 5
6016 5315 13
6016 7876 21
2286 4240 28
4952 4953 29
2993 5181 31
5181 9016 4
9016 9015 1
5181 4978 8
4978 4977 15
4977 2647 2
2647 2648 1
2648 2649 1
2648 7285 7
4977 4976 7
4976 8103 6
8103 652 2
7285 7284 8
4977 9823 18
9823 9824 4
9824 9825 10
9825 9826 9
7285 3842 18
9016 7710 20
7710 7442 7
7442 411 3
411 8004 2
652 5067 21
5067 5068 22
5068 3861 14
3861 6135 15
9015 9014 24
9824 2877 27
2877 2878 4
2877 4361 11
4361 4360 1
4360 4359 5
4359 4358 4
4361 5826 14
5826 5222 18
4361 1204 24
2877 1711 25
1711 1712 12
1711 9392 16
9392 2519 18
2519 2518 5
2518 3140 4
3140 3139 17
3140 3703 24
3703 3018 12
3703 3702 18
3703 4414 23
4414 4415 20
4415 3959 17
4415 8499 21
8499 8498 20
4414 4413 22
1712 952 26
2519 8970 27
8970 951 4
951 5258 9
8970 860 21
860 6781 11
6781 6782 22
6782 6783 19
6783 6784 6
6784 5168 18
5168 5134 17
5168 5169 20
860 861 27
861 8978 27
8978 3689 7
3703 9260 27
9260 5344 4
5344 1829 2
1829 5793 21
4358 4357 27
860 859 28
9014 446 28
446 447 1
447 6392 10
6392 6391 10
447 4740 18
4740 5809 5
5809 5810 4
4740 8311 15
4740 2774 18
2774 2775 11
6391 7417 19
8311 326 20
326 327 2
327 328 4
328 329 24
5809 7471 26
329 330 28
330 331 1
446 445 29
445 444 10
444 443 14
443 442 18
442 3809 11
445 4898 23
442 441 25
443 3789 26
4898 4897 26
4897 9338 17
4897 1734 17
1734 2539 5
1734 1733 6
1733 269 6
2539 2538 7
1734 6157 17
6157 6158 2
6158 6159 2
6159 3878 5
269 7437 23
7437 7438 14
4897 4896 24
4896 9190 8
9190 9191 4
9191 9192 13
9192 9193 18
269 6991 26
3789 74 28
74 9243 9
74 73 25
859 858 29
3689 3690 29
3789 3439 29
3140 8917 30
8917 8916 9
8916 8583 17
8917 8918 23
8918 8624 25
8624 8625 14
8624 6026 14
6026 6025 4
8583 3555 30
3555 4621 2
3555 3554 7
4621 5600 25
952 953 31
953 6310 17
6310 6309 22
2775 6706 31
5809 5327 31
9203 9202 31
9202 9119 14
9119 9118 16
9202 7528 17
7528 7529 22
7529 2767 31
2767 1014 16
1014 6109 8
9453 9452 31
9849 6180 31
6180 2883 26
76 9648 32
134 5919 32
273 9563 32
9563 9564 6
9564 8963 13
468 469 32
589 590 32
590 7639 2
590 591 7
7639 7638 8
7638 1803 25
691 1988 32
735 5343 32
5343 7204 22
7204 7205 2
7204 7203 6
832 833 32
833 5020 12
5020 1340 4
5020 5019 8
5020 5426 23
5426 5425 15
5426 5427 24
5427 2003 22
833 1622 29
1622 6815 14
1622 1623 20
1622 9847 26
1622 1621 29
1621 7150 3
7150 2739 30
5425 8962 31
887 7610 32
7610 7611 6
1131 3661 32
1204 1203 32
1581 9388 32
9388 9389 26
9389 7017 16
7017 7018 31
1584 2172 32
2172 2171 8
2171 5430 12
5430 5431 23
2171 957 31
1608 388 32
388 1317 16
1317 797 7
797 8557 6
8557 2885 3
797 7289 9
388 2341 20
2341 2716 25
797 1540 26
2885 2886 26
8557 8558 26
8558 9595 19
1317 1318 28
1540 6405 28
6405 5231 24
6405 6404 25
6404 6403 18
6403 6402 22
1739 1740 32
1805 9178 32
9178 9467 15
9467 8941 26
8941 8942 1
8941 8940 3
8941 9659 16
1955 7293 32
2052 9042 32
9042 9043 11
9042 6982 21
6982 594 26
594 593 3
594 595 8
595 596 8
593 592 19
9042 9041 26
2573 2361 32
2361 2360 24
2360 2359 15
2360 28 22
2361 2362 30
28 6929 31
6929 1061 4
1061 1060 17
1060 1000 10
1061 8267 22
8267 9899 20
1061 7173 32
7173 7172 22
7172 7765 6
7765 4023 25
2654 2655 32
2655 2430 6
2677 2678 32
2678 9491 28
9491 9490 6
9490 9489 23
9489 1560 1
1560 1561 9
1560 1659 24
3018 3019 32
3019 3020 21
3020 3021 7
3021 6187 25
6187 6186 5
6186 6185 16
6185 8453 11
8453 8454 16
6185 5627 30
3130 3129 32
3725 3726 32
3806 7314 32
7314 8565 5
8565 8564 13
8564 8563 6
8564 4197 15
4023 4024 32
4261 8368 32
8368 6660 23
8368 8922 31
8922 8921 13
4837 9945 32
9945 9946 24
5033 5032 32
5032 5031 2
5031 5030 10
5032 5907 10
5907 8647 12
5030 5029 20
5032 429 20
429 6905 7
6905 6355 4
6905 6906 20
6906 7599 14
6355 6356 24
6905 2303 25
2303 2304 12
2304 2221 9
2221 2222 6
2221 2586 9
2586 5423 7
2586 8650 8
2222 2223 13
2223 4188 5
4188 4187 2
4188 4692 11
4188 7498 12
2303 2302 13
2302 203 12
203 204 14
4188 4189 23
4189 4190 9
2586 1039 25
5029 5028 26
5265 5266 32
5388 4322 32
5470 5469 32
5506 5507 32
5904 2659 32
2659 2658 23
2658 2657 24
2657 4293 3
4293 7196 14
7196 7197 9
2659 2660 28
2659 6876 28
6876 3765 6
3765 3766 24
2660 2661 30
2661 2662 12
2661 3427 12
2662 2663 12
2662 1708 13
1708 8995 7
1708 7163 8
7163 7162 6
1708 5251 9
7162 6451 11
2661 5314 14
5314 5313 13
3427 3426 14
8995 2632 14
2632 2631 10
2663 493 18
3426 301 19
301 4173 3
4173 1074 7
301 300 14
300 1987 15
4173 4559 18
4559 4560 20
4560 5920 17
5920 7740 9
6451 6450 20
493 7957 21
7957 7963 3
7957 7785 6
2662 1295 21
1295 2546 14
7162 7161 21
4560 5055 22
2662 110 23
110 4445 16
110 9680 19
9680 9679 12
9679 9678 4
9678 9677 19
6450 6449 23
6449 6448 19
6448 6447 7
6449 3523 19
9678 8810 23
8810 8811 9
8811 8812 3
8812 462 18
2661 8735 24
7963 7962 24
8735 8736 24
110 389 25
389 390 14
390 7376 1
7376 7377 14
301 736 27
736 8878 21
8878 8877 16
8878 627 18
627 626 19
8878 8879 23
626 625 24
2661 8280 28
7161 7160 28
7163 7164 28
7376 7375 28
7957 7956 28
9678 5975 28
5975 5974 4
5974 5456 5
5975 5886 8
1295 1294 29
1294 1293 7
1293 4300 23
4300 8156 26
8156 7425 4
8156 8155 10
8155 8154 6
8154 8153 11
8153 7064 7
8155 9061 20
9061 9060 16
9060 2825 11
3426 3022 29
5055 5054 29
5054 2154 14
2154 6094 14
6876 6877 31
6877 9465 3
9465 9464 16
9464 9463 25
389 4746 32
4746 4745 23
2546 1944 32
6114 6115 32
6316 4384 32
4384 2630 23
6402 6401 32
6782 2595 32
2595 7907 1
7907 986 9
986 8279 5
2595 2505 18
2505 266 3
2505 2504 12
7907 3143 21
986 987 24
987 1845 5
987 6466 19
6466 6467 22
986 24 27
24 894 5
24 25 20
6926 6925 32
6925 6924 5
6924 3792 6
3792 3793 2
3792 3791 21
3791 7374 11
7374 6331 16
7374 4158 17
4158 3676 4
3676 2574 11
2574 3372 10
3372 3371 2
3372 3373 13
3373 4052 13
4052 4053 3
4052 4051 6
4051 4050 9
3373 1249 13
1249 6908 10
4051 5510 17
3793 8687 22
8687 997 21
3792 6014 23
6014 6013 6
5510 5509 23
2574 7496 26
7496 3618 1
997 6198 27
5509 5508 30
7047 8216 32
7166 4348 32
4348 3500 25
7710 7709 32
7709 8595 27
8595 5586 13
8595 5742 13
7709 7708 28
8406 2134 32
2134 7892 18
7892 7891 12
7892 4338 19
4338 4337 9
4338 6383 15
8523 9541 32
9541 5022 3
8882 8883 32
8883 933 31
933 6849 22
8978 8979 32
9010 9011 32
9011 9589 5
9589 9590 4
9589 6213 29
6213 6214 12
6214 2525 5
6214 6728 6
6728 6727 10
2525 2524 19
2524 2523 11
2525 2526 20
2526 7760 4
2526 4595 9
2526 5640 13
5640 7692 1
5640 5641 10
9669 9668 32
9668 8500 3
8500 8501 15
8501 8502 29
8502 8503 14
8502 8749 15
8749 8750 28
9668 9667 31
9667 9666 6
9666 9665 1
9667 7391 31
9690 8954 32
9694 4506 32
9765 6583 32
9975 9976 32
9976 9977 1
9976 3024 3
9977 973 5
9977 4848 16
3024 8334 19
3024 3023 22
4848 4849 32
25 3693 33
3693 3694 15
48 3991 33
3991 3990 27
3990 1516 5
1516 1515 6
1515 1514 2
1516 1517 8
1517 9238 16
3990 3989 20
3989 7827 5
7827 2356 1
7827 8445 10
8445 8446 11
8446 8973 6
7827 7826 18
7826 8375 4
8375 8374 1
8374 414 6
414 7324 16
7324 7323 15
7323 6917 10
8973 8972 20
8972 6335 8
8972 8971 10
8446 9285 24
9285 9286 22
9285 9284 26
6917 6916 28
8375 6886 28
8973 8974 28
8445 4315 29
4315 6123 9
4315 4314 11
6123 6124 11
4314 4313 26
4314 1942 29
1942 1943 5
6886 8541 30
1514 4287 31
4287 4288 10
4288 2227 19
1943 7489 31
7489 7490 16
4314 4133 31
4133 4132 16
4132 4131 15
67 2560 33
137 138 33
138 3797 12
270 6881 33
6881 6882 1
6882 6883 1
6881 6880 19
6881 7910 31
7910 7378 13
7378 8286 19
8286 8285 16
8285 8284 25
8284 8283 7
429 3424 33
3424 3423 24
3424 3425 28
3425 3600 26
3600 3601 14
3601 338 6
338 9598 5
3601 3602 8
462 167 33
167 7625 5
7625 7626 5
167 166 22
166 165 26
468 4889 33
4889 7714 13
7714 7713 1
4889 4225 32
528 527 33
570 4371 33
4371 4370 18
4370 4369 1
581 940 33
841 9206 33
9206 9205 16
9206 9377 20
9377 6943 24
6943 6944 15
6943 6977 26
6977 6978 20
9377 9378 32
973 974 33
1010 2152 33
1053 8301 33
1171 1172 33
1237 9146 33
1266 1265 33
1304 9273 33
1398 1397 33
1397 6183 2
1397 1396 3
6183 6184 14
6184 3065 18
3065 3064 3
1396 7248 22
7248 6755 12
6755 6756 11
1397 2958 26
2958 1183 9
2958 2957 15
2957 6635 8
1183 1182 22
1450 8195 33
8195 1437 3
1437 3197 12
8195 8196 26
1631 1632 33
1632 1861 9
1861 1860 3
2077 2078 33
2261 2262 33
2262 2164 26
2332 2333 33
2367 2366 33
2366 947 7
2459 2458 33
2648 6996 33
2745 2311 33
2311 2310 8
2310 2309 8
2310 7894 20
7894 7893 6
7894 1270 13
7894 3158 24
3158 3157 1
2309 2308 25
2309 7435 27
7435 1519 17
1519 1026 23
1270 1269 32
1269 6765 24
6765 6766 4
6766 2334 6
2334 2468 30
2468 2467 1
2468 4283 5
4283 4284 29
2994 7192 33
7192 7193 10
3515 3514 33
3535 3534 33
3534 3533 24
3779 333 33
333 225 12
333 332 16
332 438 11
438 439 4
225 551 27
551 552 30
552 6953 11
552 2469 15
2469 1936 16
1936 6945 9
2469 2470 18
2470 2471 18
2471 2472 15
2471 1045 15
1045 1046 9
1046 8574 6
1045 9064 10
1936 1935 22
1935 7030 26
2471 3418 32
438 9141 33
9141 810 17
810 811 9
811 2068 3
810 8925 10
810 809 16
809 4543 3
809 808 9
808 5983 14
2068 8690 17
809 8578 20
8578 7958 7
8690 1746 20
1746 8774 5
8774 8775 3
8774 1479 8
1746 1745 16
1746 2397 16
2397 2396 15
2397 2398 21
2398 8538 6
8538 8537 20
8537 6350 15
6350 6351 10
6350 6349 16
6349 6348 1
6350 7966 18
7966 1402 14
7966 4410 18
9141 9140 22
811 812 24
8578 8577 25
8577 8791 24
8791 8792 2
8791 8790 21
8790 5370 1
5370 1173 15
8775 3376 27
3376 963 2
963 486 6
808 9761 28
8790 7154 28
4410 4411 31
4411 4412 10
4411 1110 18
1110 1109 9
1109 8401 4
1109 3575 23
7958 7959 32
1402 9430 33
2469 9919 33
3418 3419 33
3419 9485 33
9485 1677 31
1677 4682 10
1677 1678 24
1678 848 8
848 8559 4
848 3258 11
3258 3259 29
8559 9242 29
9242 9241 25
9241 5864 20
3797 5038 33
3809 7217 33
3997 7237 33
7237 7238 19
7237 6940 32
4024 4199 33
4199 4200 9
4200 8135 6
8135 8134 15
4047 4046 33
4046 4045 4
4045 4044 32
4200 2579 33
2579 8900 12
2579 2578 18
2578 7717 12
7717 5218 3
7717 6776 16
8900 8899 24
2579 5747 31
5747 9914 16
9914 9913 14
9914 9915 26
4207 6504 33
4214 5517 33
5517 5518 29
5518 5519 23
4269 5072 33
5072 5071 15
5071 3264 4
5072 4881 20
3264 5347 27
4293 4294 33
4294 4295 13
4294 867 28
867 866 9
866 865 28
865 864 4
864 863 13
4560 4111 33
4111 4110 25
4607 6481 33
6481 6482 9
4944 4943 33
5006 7319 33
7319 3097 1
3097 3098 17
3098 3099 17
7319 7823 17
7319 7318 25
7318 1604 15
7318 7317 18
3097 631 27
3099 3100 29
3100 3101 12
3100 1004 13
1004 4307 9
1004 1003 26
1003 1395 10
3101 3102 26
1003 990 27
1395 9151 31
9151 9152 3
9151 8689 11
9151 9150 19
8689 9099 27
9099 9034 14
9099 3160 19
9099 9100 21
3160 2090 22
2090 1795 9
2090 931 14
2090 8316 20
8316 8315 16
8315 8314 12
8314 9142 21
2090 2089 22
2089 205 11
205 941 4
941 5385 18
5385 1219 5
1219 2070 17
2070 8666 2
2070 5270 14
5270 3940 14
3940 3939 9
3939 563 8
3939 3938 9
3940 3941 16
3941 112 7
8316 6022 23
6022 6021 21
112 113 24
113 2158 8
113 839 8
839 838 19
839 8747 21
8747 8746 20
6022 6023 25
2070 5830 28
5830 5829 4
1795 9434 29
9434 2404 4
2404 2405 8
2404 8063 24
8063 8064 4
8064 8065 24
8065 8066 2
8065 7605 4
9434 8208 27
2070 2071 29
2071 2072 3
2072 9116 7
9116 9115 5
3941 3942 30
839 1996 32
7823 8419 32
8419 901 2
901 902 24
902 3675 7
901 823 33
823 1556 31
1556 6979 4
6979 4140 8
6979 4821 17
4821 4820 21
2090 7069 33
7069 5371 29
5371 5372 16
5117 5116 33
5116 5115 21
5193 5194 33
5194 362 14
5231 6599 33
6599 6600 20
5425 2813 33
2813 1308 18
1308 1309 19
5517 5516 33
5516 2858 8
5991 344 33
6185 1971 33
1971 427 17
1971 1970 18
1971 2679 26
2679 699 21
427 5935 33
6291 6290 33
6290 6289 30
6289 1112 25
1112 1113 30
1113 1114 15
1114 7155 4
7155 5669 9
5669 7812 9
5669 914 21
5669 5670 25
5670 826 13
826 5845 22
5845 5846 2
5846 2208 15
5845 5844 17
826 825 33
825 1901 9
1901 7395 6
7395 6793 22
1901 9085 26
1113 7029 33
7029 7028 14
7028 8743 3
7028 7027 7
7028 6380 8
7028 3773 15
3773 3774 13
8743 8744 18
8744 1937 9
8743 9910 25
9910 6703 14
7027 768 27
6703 6704 28
6704 1049 2
1049 1050 8
7027 7108 31
6770 6769 33
6769 6768 15
6768 6767 10
6767 2293 5
6768 5479 12
6906 6907 33
6907 9253 8
9253 9254 7
9254 7548 5
7548 7547 15
7547 7546 12
7546 7545 3
9254 8413 28
7088 8361 33
8361 8360 8
8361 1493 16
1493 6898 15
6898 6899 19
6899 2121 6
6899 2403 6
6898 6897 20
6897 6896 1
6896 6895 9
2121 4592 21
6896 6359 22
6359 6360 11
2403 2402 23
2402 2401 17
4592 6607 24
6607 6606 7
6606 6605 4
6607 6608 21
8360 8359 26
8359 1063 20
1063 7132 4
7132 7133 26
7133 7134 15
7134 7135 13
7135 7136 5
8359 5105 32
7179 7272 33
7184 7185 33
7270 4569 33
7314 4395 33
7391 7390 33
7493 2804 33
2804 1427 7
1427 170 9
170 3324 2
3324 3325 5
3325 3326 1
170 171 6
170 5785 18
170 6988 21
2804 2822 22
3326 3327 24
6988 1310 30
1310 7268 9
7268 7752 5
7752 376 2
376 377 19
377 3354 5
377 378 27
378 379 12
379 7111 4
7111 2420 23
379 380 26
1310 3297 30
7268 6038 30
6038 9776 15
9776 9775 22
9775 1664 13
9776 2507 24
2507 2506 6
2506 8056 18
6038 6037 29
7752 2228 30
2228 2229 5
2229 5956 6
5956 5955 10
5955 5954 7
5954 3078 7
5954 5953 31
1310 1311 32
1311 1022 22
7536 7535 33
7610 1726 33
1726 1725 4
1725 1724 27
1724 5484 23
5484 4867 1
1724 1723 24
1726 3208 27
3208 3207 16
3208 813 16
813 7633 7
7633 6603 2
6603 638 8
813 516 29
516 7841 13
813 8889 33
8889 8890 26
8890 8891 28
7706 7707 33
8199 8198 33
8198 8197 1
8198 7964 17
7964 6803 2
8338 4365 33
8503 1524 33
1524 4551 26
4551 8948 22
8948 8949 16
8949 8950 10
8950 1490 1
8948 8947 24
8947 8946 2
8950 1136 24
1136 9032 11
9032 7662 2
7662 7663 1
9032 9031 5
1136 1065 13
1065 1066 14
1136 1135 16
1136 7304 18
7304 7303 15
7304 7305 15
7305 7306 13
7306 7307 8
7306 2911 8
1136 9301 19
9301 9302 15
9301 8305 17
8305 8861 6
8861 6609 6
8861 884 7
7306 5753 23
7307 7308 23
7662 7661 26
7308 7309 28
7661 7660 28
7660 8645 3
7660 3095 11
5753 2363 31
9031 2127 31
2127 7672 4
7672 7671 6
9032 7092 32
7305 1710 33
8557 119 33
119 118 27
119 1640 29
8900 7357 33
7357 7358 9
9579 9580 33
9592 9593 33
9595 9594 33
9725 9724 33
9765 9764 33
9764 9763 21
9763 153 2
153 152 12
9763 702 14
702 701 25
701 738 27
738 7805 14
738 737 27
737 1648 16
9886 6358 33
6358 7843 8
66 4043 34
4043 4042 23
170 7061 34
7061 7062 5
7062 3788 12
3788 3787 12
7061 7060 32
7060 3987 15
3987 3986 24
3986 8989 13
8989 8988 14
8988 8987 2
3986 3772 16
3986 774 16
774 773 23
773 772 11
772 771 27
771 296 14
296 9907 19
9907 9906 8
9906 2976 6
9906 5187 6
5187 5188 24
5187 3107 26
772 3756 27
3756 89 21
3756 3755 23
3755 3754 7
3754 6233 10
6233 6234 12
3754 397 13
397 2287 1
397 6229 1
6234 6235 18
6235 6236 12
397 5541 22
5541 5540 11
5540 3255 19
3255 4679 9
4679 746 1
746 745 12
2287 72 22
72 4530 18
72 71 21
71 2570 19
6236 1836 22
1836 5658 4
1836 1837 23
6229 7097 23
5658 5659 24
6236 6379 25
6379 5219 13
5219 4792 16
4792 4793 7
4793 3470 1
6234 1886 26
3107 3108 27
3108 3109 3
3255 3256 29
397 398 30
398 399 5
399 400 6
400 401 27
401 402 13
1886 1887 31
1887 2540 27
1887 827 29
827 2625 17
401 4088 33
4088 1167 14
4088 4087 21
4087 6679 11
6679 6678 23
827 3442 33
3442 3041 22
1886 636 33
636 635 23
5219 5220 33
6679 971 33
971 3284 5
971 970 9
971 2240 11
3284 3285 13
2240 2239 19
2240 2241 22
2241 2242 25
2242 8128 24
2241 211 26
211 210 13
3284 3283 28
3283 2715 7
3283 3282 14
3282 3281 19
2715 2948 30
2948 4195 7
2948 2947 21
4195 4196 30
2242 9423 31
9423 161 19
161 162 12
161 4775 25
3282 6731 31
6731 6732 8
6732 6733 20
2948 2656 32
210 209 33
209 208 18
208 207 11
207 206 19
206 754 18
754 755 16
755 8898 9
755 756 10
755 2870 11
301 686 34
326 5789 34
330 3658 34
3658 3657 23
3657 4990 19
342 5787 34
461 9900 34
634 633 34
633 5683 3
693 4039 34
4039 5995 16
5995 403 10
403 6563 8
6563 6562 7
6563 6564 12
6562 4090 13
6564 6565 15
6562 4399 26
4399 4400 18
4400 7202 12
7202 7201 2
7202 9703 12
9703 6598 2
6598 6143 4
9703 9702 14
4399 719 20
6143 4236 22
6143 5177 24
6564 5548 27
5548 5547 24
9702 9701 27
4039 1605 32
1605 1606 7
1605 2019 33
2019 2018 5
6598 6597 33
7201 3166 33
813 2622 34
2622 2623 12
2622 2621 14
2621 2620 6
2623 2624 14
2624 3574 9
2624 8470 15
2620 3450 28
3450 3451 23
3451 9793 15
9793 9792 19
9792 9791 8
9791 7790 5
7790 4244 12
7790 7789 22
2622 2780 29
4244 4245 29
2623 4398 31
2780 9624 31
9624 9623 8
7789 7788 31
9623 9622 32
9622 9621 32
9621 9620 9
957 956 34
1064 1896 34
1167 1166 34
1166 6622 1
6622 6621 3
6621 6620 16
6620 3893 24
3893 3894 4
3893 2344 21
2344 2343 20
2343 5879 15
5879 1101 1
1101 6445 15
6445 776 7
776 777 11
776 7906 16
7906 2638 18
2638 2639 28
2639 9609 16
2639 9829 20
2639 9723 22
5879 282 30
282 283 20
283 284 14
283 925 18
925 2395 26
925 926 29
926 4993 19
4993 8472 30
9723 9722 31
2395 7806 33
7806 7807 2
7807 1848 15
1848 1849 17
1848 4676 20
1250 7757 34
7757 4363 23
4363 4362 24
4363 7210 26
7757 7756 33
1519 2250 34
2250 7918 15
7918 7917 23
1563 7793 34
1570 3795 34
1594 9337 34
1613 7296 34
1632 7742 34
7742 7743 22
1632 9208 34
9208 9209 22
9209 7469 18
7469 7468 2
7468 7467 15
7469 7470 17
7470 7331 21
7467 2495 23
2495 1128 13
1128 1127 17
1127 1126 30
1126 1125 18
9209 3347 31
1901 1902 34
1902 4955 22
4955 8713 14
8713 5651 13
4955 4954 22
4954 3209 21
4954 1895 30
1895 1894 11
1894 1525 2
1894 2666 7
1525 1526 19
1526 5360 12
5360 5359 20
5359 5358 6
5651 5650 31
5650 5649 8
5649 1367 30
1367 20 17
1935 7300 34
2028 1749 34
2120 7031 34
2171 8258 34
2208 2207 34
2280 2281 34
2281 2282 9
2388 2389 34
2404 4885 34
2546 2545 34
2545 7036 22
2556 2555 34
2575 2576 34
2576 2577 10
2577 6488 24
6488 6487 8
6487 6486 20
6486 6485 22
6485 4884 5
4884 4883 14
4883 4882 8
4882 9969 12
6485 1416 28
4883 277 33
277 276 11
276 7509 29
7509 9924 4
9924 9923 6
9923 3521 1
3521 3520 2
3520 6221 1
6221 6220 13
6221 1498 13
1498 3027 5
6220 6219 17
7509 7510 23
9924 9925 25
9925 9711 21
3521 3522 27
1498 5130 34
5130 5129 29
5129 5128 27
2639 2640 34
2640 56 16
56 6518 4
6518 6517 1
6518 6147 10
6147 6146 1
56 5693 16
5693 5692 24
6146 727 28
727 5680 32
5680 5681 21
5680 8328 24
2714 7682 34
7682 1484 16
7682 3654 17
3654 3653 10
7682 4720 20
1484 1485 27
2745 8178 34
3214 3213 34
3304 5225 34
5225 5226 27
3476 3477 34
3477 9340 8
9340 9957 18
9957 9958 1
9957 2383 3
2383 6848 8
9958 9002 15
9002 2983 12
9340 6834 20
2383 5661 31
3638 3639 34
3639 1742 2
3639 3640 12
3878 9549 34
4299 2199 34
2199 9358 15
4343 7381 34
7381 7380 29
7380 520 2
520 521 16
7380 7379 19
7379 1169 7
1169 1168 15
521 1880 27
1880 9223 2
1880 1881 4
1881 6997 11
9223 9222 15
6997 6998 19
9223 2910 29
1881 1882 31
1882 1883 29
1883 1884 32
4377 2433 34
4456 9245 34
9245 9244 18
4719 172 34
172 3200 26
4772 3473 34
4775 4776 34
4776 4777 32
4777 6313 11
4825 7984 34
7984 7383 14
7383 7382 14
7383 5531 14
5531 1362 15
1362 1361 7
5531 5530 22
1361 8414 33
8414 8415 6
8414 8753 11
8415 6009 20
8414 1261 28
8415 8416 31
8416 8417 21
8417 3516 3
3516 1108 6
8417 4961 13
4961 437 19
437 436 4
437 255 23
255 254 14
1108 1856 32
1856 2065 14
5068 5069 34
5069 5941 10
5069 6717 24
6717 5465 7
5465 1959 21
1959 1960 15
5465 8045 21
8045 8046 13
5069 4405 29
4405 1809 14
1809 1808 3
1808 1807 4
1807 1207 5
1207 1208 7
1808 5137 7
1809 8688 9
8688 4734 1
5137 5136 11
5136 5135 4
1807 5752 16
4405 4404 16
4404 1962 3
4734 2741 16
4734 4733 20
1807 9614 23
9614 9615 5
9614 9613 8
9615 9616 8
9616 6193 8
1208 3807 27
4405 8665 29
8688 2441 32
2441 1122 8
1122 1246 21
3807 3808 33
3808 760 7
760 761 10
761 762 1
760 352 16
762 8396 33
5120 5119 34
5119 5118 25
5747 5746 34
5746 5745 5
5745 2214 8
2214 2215 10
2215 7935 5
7935 1661 12
5745 5304 13
5304 5305 13
5305 5176 10
2215 2764 14
5305 2203 19
7935 7936 20
5176 1546 26
1546 1547 22
2203 2202 28
2202 4017 22
4017 4016 14
7936 7937 28
7937 8766 16
7937 3488 16
2215 6671 30
6671 6670 1
5305 5306 32
4017 8785 33
8785 5399 1
8766 8767 33
2764 2763 34
5752 5751 34
5751 5750 5
6195 6194 34
6219 8379 34
8379 8378 24
8378 7479 16
8378 85 27
85 86 8
86 834 17
834 5754 12
834 2989 17
2989 2990 5
2989 2988 15
5754 5755 18
6246 6247 34
6247 6161 9
6161 6162 3
6467 6468 34
6528 6527 34
6679 6680 34
6706 6707 34
6707 2086 34
6771 6854 34
6854 9313 11
6854 6853 23
6853 1093 1
6853 6852 24
6784 6785 34
6785 6786 22
6786 1229 7
1229 1230 33
6844 6843 34
6882 2168 34
6896 1778 34
1778 1777 3
1778 2762 8
1778 3876 15
6911 6912 34
6940 6941 34
6941 2706 2
2706 2707 5
2707 6993 3
2706 4510 5
6993 6994 6
6994 6995 7
6993 5381 18
5381 3871 6
3871 857 2
3871 6271 5
6271 3414 6
3414 3413 5
3414 8755 10
8755 8754 14
8754 8613 10
5381 5382 22
5382 9289 2
6993 4753 26
857 5398 27
5398 3786 14
4753 4754 29
8613 8612 29
4753 4752 30
4752 4751 26
8613 2709 31
2709 8352 13
8352 4934 17
2709 2708 27
2708 2697 21
5381 5380 34
5380 5379 28
7150 7149 34
7271 3677 34
7272 3568 34
3568 3569 22
3568 8857 34
8857 1344 4
8857 8856 6
8856 8855 7
8855 674 33
7304 142 34
7733 3380 34
3380 6239 15
6239 6238 7
6238 6237 22
7865 7864 34
7864 9782 5
7891 7890 34
7964 9252 34
8004 571 34
571 3971 19
3971 3972 3
8192 8191 34
8191 8213 23
8227 8228 34
8238 8239 34
8470 8471 34
8489 8488 34
8656 8655 34
8655 9569 17
8655 4615 29
4615 4614 24
9569 8910 30
8910 8911 12
8911 8912 1
8912 8913 5
8910 5798 18
8912 2370 27
2370 2371 23
2371 2784 2
2371 2288 24
4614 1630 33
1630 1629 2
1630 5450 3
8655 2733 33
2733 163 15
163 7527 3
7527 7526 5
2733 2732 16
2732 2731 3
7526 1744 24
1744 1743 4
1743 4468 3
7526 7525 26
2733 4216 31
4468 4469 33
4469 9153 32
7525 7524 33
7524 7523 14
7523 7522 5
7522 651 10
8911 4691 33
8741 8465 34
8465 3358 8
8788 8787 34
8787 3731 14
9026 9027 34
9027 9028 23
9028 2358 1
9028 5057 2
5057 5058 28
5057 5056 33
5056 7676 10
7676 7675 4
7675 5368 20
7675 1088 26
1088 1087 6
1088 1089 22
1089 3698 17
3698 3697 8
1089 7462 26
7462 5183 16
7675 7674 31
7674 7673 8
7673 5637 28
9064 9063 34
9063 9062 23
9062 3752 30
3752 1351 11
1351 2965 26
9236 7951 34
7951 7952 6
7951 3526 17
3526 3527 6
7952 7953 27
9485 9486 34
9555 6148 34
6148 6149 23
9677 9676 34
9676 7990 2
9676 289 7
289 3446 1
289 290 6
7990 7989 10
7989 7988 8
9676 1736 15
1736 1737 20
1737 9403 18
9403 9404 3
9404 9405 9
9404 3382 11
3382 3383 1
9403 8894 14
8894 8895 6
7988 1653 20
1653 6341 11
9405 5486 22
5486 7262 24
7262 7263 20
7990 7991 31
7991 8670 3
8670 8671 1
8670 8669 17
8669 8668 9
8668 8152 2
8152 8518 13
8518 4109 1
8518 8519 10
7991 2486 22
8152 4344 23
4344 1410 18
2486 8605 26
8518 8517 30
8894 2437 33
3446 3445 34
9711 9712 34
9712 4573 30
144 143 35
162 4723 35
4723 5052 13
4723 2148 16
2148 2147 2
4723 4722 26
4722 934 30
4723 4724 30
4724 6686 3
2147 3440 33
3440 3441 13
3440 5923 22
5923 6558 31
2148 4068 34
165 6270 35
6270 2461 11
167 5724 35
5724 5725 19
170 169 35
169 8439 24
169 168 27
168 339 4
177 178 35
179 180 35
180 3240 7
3240 3239 7
3239 3238 18
3238 4705 1
4705 4704 2
3240 3241 32
3238 8845 34
282 8888 35
8888 8887 10
8887 1728 10
8887 5960 15
5960 5345 30
5345 6946 26
334 221 35
352 962 35
397 2925 35
2925 876 14
2925 2926 20
2926 5075 5
876 877 29
877 878 12
878 9428 8
9428 9429 25
427 428 35
520 2510 35
565 3889 35
694 695 35
695 8070 11
8070 8071 1
695 217 33
217 7335 9
7335 7334 22
7335 1863 23
1863 1862 21
1862 7418 23
7418 7419 6
778 4781 35
813 814 35
814 815 5
815 1872 15
838 4931 35
4931 4932 20
851 852 35
926 927 35
947 4145 35
4145 5870 14
4145 4144 17
956 5201 35
5201 9357 20
9357 7932 10
7932 7931 19
7931 7930 7
9357 1557 31
1147 9450 35
1467 6000 35
6000 2582 17
6000 5999 20
1479 5184 35
5184 5185 1
5185 4263 15
1519 1520 35
1520 922 23
922 9330 1
9330 9331 3
1561 5487 35
5487 5950 21
1863 9477 35
9477 8163 16
8163 8162 26
8162 8161 21
9477 504 34
504 503 16
503 734 8
503 502 18
502 1130 4
502 2857 14
504 8091 30
8091 5775 27
5775 5774 26
5775 5776 29
8091 8090 33
8090 8089 1
8089 8088 6
8088 8087 2
2234 2235 35
2250 3274 35
3274 3273 7
3274 3275 10
3275 9470 17
9470 9469 22
9469 9468 12
2410 1040 35
1040 7450 16
7450 6573 14
6573 2091 20
2091 2092 21
1040 1041 25
1041 3749 17
3749 3748 3
3748 3747 3
2092 2093 28
3749 3750 29
3750 3751 22
2433 8692 35
8692 8691 3
8692 1224 15
1224 4037 10
8691 45 17
45 7925 18
1224 1225 23
8692 8693 27
1224 6802 28
6802 6801 25
6801 4631 12
4631 3673 15
3673 3674 9
4631 4630 25
3674 2325 27
2325 2324 3
2324 676 15
2324 1688 15
8693 4815 28
2324 1835 33
8691 8728 33
8728 2676 13
8728 8729 15
2555 2557 35
2579 2580 35
2679 2680 35
2762 3775 35
3775 3776 19
3776 3777 2
3776 9277 5
3776 6831 14
3776 6375 15
9277 4995 29
6831 2102 32
2102 2101 11
2796 5642 35
2829 2610 35
2886 2887 35
3107 6639 35
6639 6638 3
3407 3408 35
3408 7641 1
7641 7642 6
7641 7640 15
7640 4743 1
4743 4742 21
4742 6070 21
6070 1910 13
3408 3409 30
4743 4744 33
3468 3469 35
3789 6330 35
6330 6209 1
6209 6210 1
6209 2544 10
2544 247 8
247 7787 14
2544 219 25
247 246 30
247 9288 32
6209 6208 32
6330 6329 32
3828 2118 35
2118 2119 18
3971 3970 35
4218 4219 35
4219 8182 7
4359 1085 35
1085 4169 16
1085 1086 24
4384 4383 35
4383 4382 13
4383 7078 16
7078 7079 10
4450 4449 35
4471 8496 35
8496 8495 8
4609 4610 35
4668 3998 35
3998 5858 20
5858 9466 10
5858 5857 34
5857 5856 29
4809 819 35
819 820 7
5372 5827 35
5382 6616 35
6616 4924 23
4924 4925 29
6616 6615 30
5382 4863 35
4863 3587 14
5878 5877 35
5877 5876 2
5876 5875 6
5875 5874 7
6037 6091 35
6095 9714 35
9714 9715 5
9714 9713 31
6221 6222 35
6222 6904 24
6222 9144 32
6318 6319 35
6341 6342 35
6342 6343 34
6466 6465 35
6465 6464 26
6464 6463 21
6463 6462 31
6462 6461 4
6573 6572 35
6603 455 35
455 454 4
454 8667 27
6670 6669 35
6669 6668 10
6806 3127 35
6843 6842 35
6842 6841 25
6841 2321 3
2321 4729 15
4729 4728 7
4729 7100 17
4728 4864 22
7100 7099 24
4864 478 32
478 479 5
7100 8958 33
4864 4865 34
2321 4094 35
4094 4095 26
4094 4093 27
4093 4092 9
4092 6122 15
6122 6121 14
6122 6060 17
4095 9504 31
4094 6283 35
6283 6284 5
6283 6282 13
6284 3623 24
6282 1468 26
6283 7250 28
7250 6910 29
1468 6278 32
6278 2011 13
2011 9321 1
6278 6277 22
6278 6279 26
6278 913 26
913 4945 11
4945 2005 13
2005 7774 24
7774 6083 17
913 912 27
6279 9797 29
9797 9798 22
912 3346 30
9321 3890 31
3890 3992 29
2011 2010 32
6060 2907 35
6883 6884 35
6884 6885 7
7071 3821 35
7166 8914 35
8914 8915 4
7177 7176 35
7523 9283 35
9283 4648 25
4648 4649 15
7550 7551 35
7848 4226 35
7866 307 35
7930 2426 35
2426 2427 1
2427 2428 13
2428 2429 1
2426 4519 19
2429 4139 20
4139 3692 2
4519 547 31
7966 2790 35
2790 2789 4
2789 6509 11
6509 6028 23
6028 2512 17
2512 2511 31
2511 6074 1
6074 7512 5
6074 752 14
752 753 17
753 1051 29
2511 4329 29
4329 4328 6
753 4694 31
4694 4693 26
4693 3727 5
4693 2960 17
2960 2959 4
2960 6711 29
2960 2961 33
2961 4868 27
4868 5255 15
5255 8805 14
8805 8806 8
2961 573 29
5255 5254 32
5254 4397 2
4328 4327 34
5254 4695 34
6074 4417 34
4417 4418 21
4418 4419 12
4419 8992 6
4417 4416 27
8035 1199 35
8087 8086 35
8208 8207 35
8207 1537 8
1537 1536 2
1536 1535 5
8207 8206 20
8206 8205 9
1535 6362 26
1537 1538 28
1538 2013 2
2013 2014 35
8368 8369 35
8537 8078 35
8718 8717 35
8717 8716 13
8716 8715 1
8715 8714 13
8761 3834 35
3834 6281 14
6281 6280 5
6280 5748 24
9171 9172 35
9181 6980 35
6980 6981 6
6980 2095 12
2095 2094 35
2094 218 33
218 7685 16
9331 9332 35
9332 9333 16
9333 9542 1
9333 9334 11
9333 6589 11
6589 9053 15
9053 2 18
9542 9543 20
9543 9544 14
9544 9545 7
9405 9406 35
9406 2691 21
9406 9407 28
9407 3374 3
3374 3801 4
2691 2690 32
2690 9020 20
9020 2053 25
2053 2054 13
2054 7875 5
2054 5819 11
2054 3366 29
9450 9451 35
9451 4379 30
9613 9612 35
153 154 36
228 229 36
229 3271 29
378 7152 36
7152 35 9
7152 3669 23
35 6243 24
7152 7151 25
35 36 28
36 2710 28
2710 1654 15
1654 802 18
802 801 13
801 9373 34
9373 489 27
489 7312 7
489 490 35
490 491 9
720 721 36
721 722 6
933 4091 36
974 975 36
975 976 9
976 6110 36
1043 764 36
1182 1352 36
1352 42 20
42 1951 20
1951 1350 7
1951 7080 17
1951 8407 23
1951 1952 29
7080 7081 32
1218 1217 36
1217 1216 19
1216 1958 19
1216 1215 25
1225 1226 36
1450 1451 36
1509 1508 36
1508 1741 27
1535 7520 36
1578 3272 36
1696 1695 36
1695 8512 12
1695 4515 36
4515 9844 7
9844 9843 13
4515 5216 15
1785 1784 36
1784 5807 25
5807 5806 7
5806 1791 26
1784 8323 29
1845 3072 36
1856 1857 36
1896 1235 36
1235 1236 2
1236 6631 14
1958 1957 36
2428 3851 36
2582 2581 36
2638 2637 36
2637 795 11
795 794 6
2637 6483 35
2653 2652 36
2652 4546 2
4546 4545 24
4546 4547 30
2680 9443 36
9443 9444 28
2706 726 36
726 725 24
725 4623 2
725 1449 31
2717 5460 36
2780 2779 36
2779 2778 7
2778 2777 2
2778 2337 12
2337 2338 8
2779 3581 15
2337 90 22
90 6725 3
90 91 4
90 5396 17
6725 2323 20
5396 5395 21
2338 2335 27
2335 2336 4
2336 3995 27
2336 7010 31
2335 1879 33
1879 1878 20
1878 1423 8
1423 1422 1
1423 1424 8
1423 8188 14
8188 1938 6
1879 5597 29
5597 5598 10
5598 8609 2
5598 1978 7
5598 5599 21
5599 1094 4
5599 3605 17
3605 3606 12
3606 5160 13
3605 3604 18
3604 3126 14
8609 7233 21
5160 5159 22
3606 6544 23
6544 6545 11
6545 1013 4
3606 6957 23
5160 5161 23
7233 7234 26
1978 1979 27
1979 1980 2
1979 1255 6
3604 3760 27
1094 4251 28
4251 4250 17
4251 1096 22
1255 1256 30
1256 8615 29
3606 3607 30
4250 4249 30
4249 9335 14
9335 5133 14
5133 5132 4
5133 1548 9
1548 1549 11
4249 5895 31
5895 2480 6
5895 5896 14
5896 5897 14
1878 1877 33
4251 4252 33
8188 8187 33
1423 9105 34
9105 9106 4
9106 9107 25
9105 9104 28
2323 5195 34
5195 5196 11
5196 2770 19
2770 7820 11
7820 7819 21
7819 7818 7
4250 9093 34
9093 9094 3
9093 9092 26
9093 5698 26
1980 1981 35
3581 1413 35
1413 1813 4
1413 1156 30
1980 7883 36
7883 7884 5
7883 9350 11
7883 7882 13
9350 3758 20
7883 749 22
749 4593 17
749 748 20
748 4105 24
4105 525 2
525 2702 22
2702 2703 33
2703 8957 2
748 7780 35
2847 5840 36
5840 5839 18
2885 97 36
97 96 14
96 95 9
95 1140 12
1140 784 34
784 785 3
785 2984 12
785 1042 15
3101 305 36
3143 3142 36
3206 3205 36
3205 1196 6
1196 1197 15
1196 508 15
508 509 13
3205 3204 21
3204 7065 1
3204 3203 11
3203 3202 13
3203 5242 13
3203 4462 16
7065 1929 17
1929 1928 2
1929 6427 4
6427 5356 2
5356 5357 5
6427 6426 5
5356 6226 16
6226 2453 8
2453 1788 3
6226 6227 10
1788 2079 13
5357 8505 17
2453 9940 20
5357 9860 20
6426 4106 23
4106 4107 9
8505 8504 27
1196 1195 29
2079 2080 29
8505 9877 29
9877 9876 10
1196 1139 33
1139 5942 3
2080 6092 34
3467 2675 36
3791 535 36
535 534 24
534 2297 15
534 8008 34
8008 9126 2
3828 3827 36
3842 3841 36
3841 3840 14
3842 3843 36
3843 6169 36
3971 4466 36
4466 83 4
83 1393 1
1393 1394 9
4017 4018 36
4018 4019 29
4019 4020 2
4020 5623 9
5623 5624 5
4019 1353 28
1353 1354 5
4020 7940 33
4202 2169 36
2169 2170 17
4249 4248 36
4248 6533 18
4248 4247 36
4247 4246 12
4246 9366 7
9366 9365 3
9365 9364 12
9364 9363 19
9366 9367 23
9367 474 13
474 473 20
473 472 9
9363 9362 30
474 6036 31
6036 1184 5
1184 3247 10
6036 6035 27
6035 7878 29
7878 7879 21
7879 7880 15
7880 3434 1
7880 916 3
3434 3433 14
7880 4957 25
4957 4956 5
4957 4958 15
4958 449 16
449 448 19
448 156 5
156 7259 2
448 8870 9
8870 8292 1
7259 4390 9
8292 8291 9
4958 4641 20
8291 8290 20
4957 3472 22
916 915 29
4390 9607 32
9607 7398 2
7398 7397 2
9607 9608 7
9607 9606 34
8870 1757 35
4471 4472 36
4495 4496 36
4500 3558 36
3558 6455 1
3558 3559 18
3559 2252 8
2252 2251 3
4515 4516 36
4516 4517 10
4517 434 12
434 435 34
4630 4629 36
4629 3017 21
4932 4933 36
4999 5000 36
5401 5402 36
5402 5403 17
5403 5404 14
5404 5405 36
5581 5582 36
5589 238 36
238 237 9
5661 9160 36
5828 741 36
741 5928 10
5928 1201 6
1201 1202 4
1201 3578 5
5928 9780 19
9780 9781 15
3578 3577 21
741 2424 25
2424 3463 35
3463 5243 12
3463 7255 15
7255 4919 1
4919 4918 16
4919 3226 17
4919 3683 20
3226 3225 23
3225 3224 5
3224 9754 9
3224 9073 10
3463 3464 23
3463 3462 25
3225 5290 26
5290 3784 7
3784 3785 13
5290 5291 33
5856 5855 36
6004 6005 36
6005 4352 27
6162 9673 36
9673 9674 17
9673 9672 19
9672 2200 9
2200 2201 30
6272 6273 36
6273 7171 16
7171 9475 17
6273 6274 31
6391 6390 36
6390 3712 33
3712 3711 34
6468 6469 36
6504 6503 36
6503 6502 29
6502 6501 1
6501 6500 24
6500 9968 22
9968 9967 14
6503 6868 34
6523 7211 36
7211 7212 26
6635 6634 36
6634 6633 32
6680 6681 36
6686 6687 36
6687 6688 1
6687 4481 13
6778 6779 36
6779 6780 18
6793 6792 36
6792 6791 28
6791 6790 9
6790 4660 13
6834 6833 36
6904 5001 36
5001 5002 6
5002 5003 12
5001 3298 25
3298 3299 17
3299 8795 6
8795 8796 18
7149 7148 36
7161 4828 36
4828 4827 3
7166 8203 36
8203 8202 10
7296 7297 36
7297 4311 11
7297 7298 20
7298 2387 22
2387 5552 13
5552 5551 7
2387 9033 26
9033 7725 21
2387 6336 26
6336 6337 21
7390 7389 36
7389 7388 32
7454 3530 36
7646 7647 36
7873 7872 36
7872 7871 9
7871 2056 12
2056 6903 7
7872 6204 36
6204 6205 24
6205 6206 2
6206 6950 20
6950 6156 5
6156 6155 3
6950 6949 21
6949 3717 6
6949 6948 10
6949 1575 31
1575 1574 25
7918 7919 36
8018 8017 36
8029 105 36
105 104 6
8344 8343 36
8343 2211 13
8360 9537 36
8411 8410 36
8465 8464 36
8496 8497 36
9249 2075 36
2075 2074 25
9321 9320 36
9327 9326 36
9326 9325 9
9325 9324 14
9324 9323 11
9475 9474 36
9474 9473 8
9473 2369 4
2369 3120 13
9473 7681 34
7681 7680 36
9582 9583 36
9583 3076 34
3076 3075 33
3075 3074 11
3074 4979 30
4979 2855 28
2855 2856 12
2855 2854 23
2854 1175 21
1175 1174 23
1174 8779 34
8779 8778 28
9594 5238 36
9713 3740 36
3740 2479 8
2479 2478 10
2479 7341 29
7341 4192 30
4192 4193 21
4192 4191 27
3740 3739 32
9886 2996 36
2996 4179 1
4179 2000 8
4179 4180 14
4180 4181 18
4179 4178 34
4178 4177 22
4177 4176 23
4177 230 32
230 2107 30
4177 5675 35
5675 5674 17
5674 8204 33
2107 2108 36
2108 6901 10
6901 198 32
67 2755 37
2755 2754 24
2754 8549 7
2755 157 24
166 8997 37
8997 8998 36
8998 7244 23
219 4135 37
397 3736 37
3736 8858 16
468 1105 37
1105 8838 4
8838 8837 6
8837 8836 15
8837 220 34
220 2705 10
2705 8706 12
2705 2487 26
2487 2488 3
2488 2489 31
2489 4421 30
2705 2704 32
2704 6661 25
6661 5647 4
6661 6662 24
6662 8230 29
8230 8229 22
5647 5646 36
5646 3458 1
3458 3459 11
5646 7399 26
7399 7084 1
7399 7400 34
693 6865 37
6865 5059 7
6865 4267 27
4267 9176 2
9176 9175 17
9175 1527 18
9175 9143 23
9143 4807 36
4807 4806 22
734 3630 37
752 8024 37
8024 8025 34
8025 8026 30
8025 5165 36
1140 1141 37
1141 5352 16
1204 2562 37
2562 2561 9
1270 3236 37
3236 3235 23
3235 1104 33
1270 9581 37
1290 6140 37
6140 6139 3
6139 6138 19
6138 6872 1
6872 5608 10
6138 6510 14
6140 6141 21
6510 5477 21
6138 6137 25
6137 6136 26
6137 4448 27
4448 1779 5
6872 6873 32
1293 2585 37
1435 1436 37
1436 262 4
262 263 28
263 1544 5
263 6328 7
1544 1545 22
1545 5968 17
1545 5595 23
5595 5594 13
5594 8720 9
8720 2931 10
8720 8721 18
8721 2768 1
1545 3860 26
262 415 28
415 4643 1
262 261 29
261 2737 8
2737 2738 24
2768 2769 34
2769 9894 10
1618 1617 37
1617 9865 13
9865 9864 2
9864 158 31
158 159 24
1632 1633 37
1729 1730 37
2003 6626 37
6626 6625 12
2007 2006 37
2075 19 37
2152 2151 37
2151 4767 3
2151 2828 17
2828 2827 4
2827 5152 16
5152 5153 4
2828 323 25
2828 5309 33
4767 7771 35
4767 3687 36
3687 3686 8
3686 3685 25
3685 2992 25
3685 3684 27
2992 6470 28
2811 5885 37
5885 5884 4
3041 3042 37
3083 3084 37
3084 1047 8
1047 1048 4
1047 8862 6
3279 3278 37
3278 1263 34
1263 1264 6
3297 3296 37
3296 9989 4
3324 3323 37
3323 3322 29
3405 3404 37
3512 4969 37
3530 3531 37
3555 3556 37
3661 6818 37
3755 2347 37
2347 2348 6
2348 8127 30
2348 648 36
648 647 1
648 9552 18
3855 3856 37
3886 3887 37
3887 7997 14
7997 7998 6
3959 3960 37
3960 8310 26
8310 4612 2
8310 8309 5
8309 879 13
4135 4134 37
4181 4591 37
4260 7971 37
7971 7972 30
4314 2048 37
2048 1024 4
4327 4326 37
4326 4325 6
4425 4424 37
4481 4581 37
4581 4582 28
4557 9965 37
9965 9966 11
4573 4574 37
4586 4585 37
4699 4700 37
5313 5312 37
5692 7653 37
5703 5702 37
5995 5994 37
5994 7280 33
7280 7281 6
7280 7279 31
7279 6855 25
6855 6856 9
6005 1683 37
1683 1682 3
1683 1684 8
1684 1685 3
1683 4975 18
4975 5766 10
1684 9990 28
9990 1428 25
9990 1888 25
6009 6008 37
6008 150 2
6008 4224 4
150 151 8
6008 6007 15
4224 1380 31
1380 616 12
616 615 15
6007 6006 31
6006 4166 30
4166 4165 17
615 614 32
614 613 13
4224 4223 35
4224 5590 37
6068 6069 37
6517 8985 37
8985 8986 7
6605 8333 37
8333 8332 1
6694 6695 37
6695 8141 10
6695 5533 21
7148 779 37
7248 6613 37
7357 7356 37
7356 6050 29
6050 3804 11
6050 6049 31
6049 5762 15
5762 2848 2
5762 5763 11
5763 2628 2
2628 2355 20
2355 306 11
7356 6964 37
7409 7408 37
7408 6231 5
7408 7407 13
7408 8042 30
7407 1609 32
1609 1610 20
1610 8436 16
8436 8437 27
8437 1969 31
8042 368 32
368 369 25
369 7448 16
368 4279 25
4279 4278 25
368 367 30
1969 5930 34
5930 5929 26
8437 1491 35
1491 1492 11
1491 1600 12
6231 6230 36
7452 7451 37
7864 4790 37
4790 4789 22
8208 8209 37
8209 8210 24
8210 4879 33
8230 8231 37
8231 7221 12
7221 1765 11
1765 1766 34
1766 1767 23
7221 2317 35
8290 8289 37
8314 3151 37
8575 8576 37
8718 497 37
8899 5965 37
8989 4233 37
9016 9017 37
9017 9018 1
9018 7241 35
9034 9035 37
9035 1287 4
9292 9984 37
9366 3436 37
9466 8240 37
9541 9540 37
9636 622 37
9691 9692 37
9692 9693 11
9966 4138 37
4138 6983 5
6983 6150 19
4138 2509 22
6983 6984 25
9974 2912 37
2912 9183 34
9183 9182 12
9182 1891 26
1891 1892 29
1892 2016 5
2016 2017 17
1892 4270 20
2017 910 29
910 4164 7
4164 4163 3
910 909 11
909 2597 33
2597 757 14
757 5099 14
5099 6520 6
2597 2596 18
6520 6521 21
5099 5098 29
5098 9633 24
9633 9632 27
56 57 38
120 121 38
339 340 38
340 341 10
497 496 38
496 6269 8
599 9114 38
9114 9113 19
9113 9112 17
9112 6647 18
6647 6646 8
9114 7850 23
7850 7851 28
7851 7852 4
7852 2022 6
2022 2021 9
2022 2023 24
7852 7024 33
7024 7023 4
7023 2936 11
2936 6585 24
6585 6584 28
638 639 38
639 7009 22
639 640 26
640 4080 33
640 8839 35
8839 8840 12
8840 9597 8
9597 9596 32
722 723 38
723 724 5
723 325 9
778 3570 38
3570 7816 2
7816 7817 10
7816 5701 13
5701 5722 10
5701 5700 16
5722 5723 30
957 3216 38
3216 3217 25
3217 3218 35
1030 9374 38
9374 9375 14
9375 9376 34
1596 1597 38
1609 4566 38
1690 1689 38
1689 5573 9
5573 5574 10
5574 8151 15
5573 5572 24
1902 1903 38
1947 8589 38
8589 1812 12
1812 1811 30
8589 9991 35
9991 9992 30
9992 9993 14
9993 9994 4
9994 873 5
873 874 14
874 875 2
9993 2245 36
1988 1989 38
1989 1990 4
2101 2100 38
2100 2099 2
2099 2098 35
2098 1284 17
1284 1285 10
2098 2097 37
2123 8587 38
8587 8586 9
2132 3564 38
3564 3565 2
3565 9744 1
3565 3566 11
3564 3563 26
9744 9745 34
9745 2004 18
2247 899 38
2248 8598 38
2323 4302 38
4302 4303 29
4303 2204 10
2204 2205 25
2205 2206 25
4303 194 34
194 195 12
2585 1644 38
1644 1643 30
1644 2012 36
2012 8337 35
8337 8336 12
8336 8335 3
8335 8233 27
8233 8234 7
8233 5709 24
5709 7200 22
2591 2590 38
2610 2462 38
2462 3456 3
2462 5182 34
2637 4076 38
4076 4077 26
4077 4355 1
4355 4354 4
4355 9817 17
2731 2730 38
2784 2783 38
2783 2782 28
2782 6913 15
6913 6914 23
2822 2821 38
2976 2977 38
3034 2651 38
2651 5263 17
5263 7194 16
7194 8825 3
8825 8824 4
7194 3035 6
8825 8826 26
8826 7299 27
7299 7809 4
7809 7808 6
7808 3822 4
7808 7365 13
7365 7364 5
3822 3823 18
7809 7810 27
7810 278 24
7808 3343 28
8826 8827 29
7365 7366 31
7366 9089 13
9089 4613 14
9089 2693 18
4613 4137 19
7366 7367 28
3130 9743 38
3214 2084 38
2084 2085 26
2085 6921 29
6921 4346 21
3238 3237 38
3237 4511 29
4511 4512 34
3476 3475 38
3638 8607 38
3865 9427 38
3899 4709 38
3902 3903 38
3903 1828 17
1828 1827 12
1827 5817 38
5817 5818 12
5817 5816 24
3967 6720 38
6720 6719 20
4141 4142 38
4142 4143 16
4143 5735 22
4142 2809 26
2809 7946 24
2809 2808 25
7946 7947 26
7947 7948 7
5735 9316 28
9316 9315 20
9315 9314 3
9314 5537 24
9316 9460 35
9460 9461 9
9460 9459 26
9459 9458 12
7946 7945 37
4233 4702 38
4702 4701 17
4407 4406 38
4406 5375 1
4421 3999 38
3999 9226 12
9226 9225 15
9225 9224 16
9226 9227 25
9227 9131 13
9131 9130 1
9131 9132 23
4506 4507 38
4569 4570 38
4570 4571 1
4571 4802 15
4802 4803 18
4803 4804 13
4802 2105 26
4802 5475 28
4571 4572 33
4572 7768 19
7768 7767 23
4802 4801 36
4801 7683 15
4801 5921 18
5921 5922 37
4595 4594 38
4720 4721 38
5216 5217 38
5217 2633 11
5217 324 19
324 5268 4
5312 5765 38
5343 5342 38
5582 9758 38
5711 5712 38
5712 5713 2
5713 5621 13
5621 5622 28
5622 8597 2
5622 6215 12
6215 8400 7
8400 8399 18
5621 7761 31
7761 7762 14
7762 7763 32
6215 6216 33
5711 8560 38
8560 8561 11
8560 9441 14
9441 9440 11
8561 1939 29
5765 1924 38
5858 5859 38
5859 5860 35
5860 856 1
5907 5906 38
5906 5905 38
5912 5913 38
6021 6020 38
6191 6192 38
6358 6357 38
6647 6648 38
6648 6649 19
6648 7755 34
7755 4061 24
4061 9979 4
4061 9422 7
9979 9980 9
9980 8481 1
8481 5048 1
5048 8353 3
5048 5049 12
9979 9978 12
4061 4060 14
5049 9217 16
9979 855 18
9980 9981 18
9981 9982 3
9980 7856 18
5048 5047 25
9217 5901 27
5901 5902 5
5902 5903 17
5901 1974 22
1974 9941 6
1974 4779 29
4779 4780 27
4060 8331 29
8331 8330 7
7755 7754 29
9982 9983 29
9980 2209 31
4061 4062 33
9941 9942 35
9942 9943 24
9943 7747 31
1974 5626 36
4779 4778 36
4778 5511 27
5511 3875 7
5511 5512 19
3875 3874 21
6659 6658 38
6658 6657 22
6946 6947 38
7335 7336 38
7336 7228 28
7228 7229 16
7537 7538 38
7713 7712 38
7714 7715 38
7715 7716 10
7728 9136 38
9136 9135 15
9135 3504 4
3504 3505 17
3504 3503 18
3503 3502 1
3503 1641 3
3503 2431 7
9135 9134 29
9134 9133 36
9133 1069 29
1069 1070 16
1070 1071 5
7813 9212 38
9212 1470 1
1470 4149 20
4149 4150 16
1470 1471 21
1471 1472 15
1472 1411 14
1472 1473 19
1472 8573 26
4149 4148 34
8063 8062 38
8090 960 38
960 961 11
960 5583 14
5583 5584 18
5584 5585 10
960 959 36
8453 8452 38
8452 8451 21
8472 8473 38
8473 8474 24
8528 5211 38
5211 5212 13
8589 8588 38
8667 5535 38
5535 9704 13
9704 1381 22
8669 7751 38
8704 4473 38
4473 7369 27
7369 7368 20
8787 8786 38
8921 8920 38
8920 8919 2
8919 4681 23
4681 4680 13
8919 4353 27
9157 6823 38
6823 6824 22
9238 4012 38
4012 4011 10
9554 3671 38
9605 9604 38
9604 9603 22
9603 9602 36
9602 9601 10
9602 9270 30
9270 9269 28
9269 7924 29
9743 2474 38
2474 7911 18
2474 2475 37
9814 1790 38
1790 4186 31
9899 9898 38
9898 9897 27
229 6144 39
365 366 39
377 763 39
763 5667 23
5667 5668 7
5668 1299 2
5667 3363 7
3363 3364 7
3364 3365 15
3365 883 5
5667 1148 29
414 413 39
413 412 37
443 6954 39
6954 6955 24
6955 6956 29
6956 8132 20
8132 8133 7
8132 505 34
505 506 16
506 4987 2
4987 4988 12
4987 4986 26
506 507 31
507 1335 16
505 8265 37
1335 1336 38
6955 1157 38
508 7404 39
7404 7403 27
7403 2642 17
2642 5111 10
5111 5110 2
7403 7402 20
7403 8640 26
2642 2643 28
5110 5087 31
5087 5088 30
5087 5086 38
5086 5085 30
5085 343 5
581 9029 39
9029 1706 3
9029 3040 18
1706 1705 23
625 624 39
624 5011 30
5011 5010 10
5011 5012 24
933 932 39
932 8926 3
1009 8907 39
8907 8906 12
8907 8908 23
8906 1821 34
1821 3006 17
3006 2069 14
1821 6434 27
1035 6116 39
6116 4552 35
1108 6538 39
6538 6539 30
6539 6540 28
6540 558 2
558 3925 15
558 559 17
559 4763 10
3925 3924 18
3924 5190 2
4763 4764 19
3925 3926 22
3925 9566 26
4763 4762 31
558 9393 33
9393 6088 10
6088 6087 11
6087 6086 3
6086 4108 7
6087 1176 26
1176 1177 11
6088 6089 28
9393 4029 28
4029 4030 17
4030 4031 25
4031 4032 12
1176 5958 30
6088 4935 31
4935 8193 18
8193 9082 12
4935 2727 23
8193 5335 27
5335 5336 24
4935 4936 33
4936 9685 24
9685 6685 9
5336 5337 33
6538 6537 34
2727 241 38
6086 854 38
1336 1337 39
1337 7372 3
7372 7371 2
7372 1465 32
1465 1466 30
1466 4420 4
1465 1464 34
1464 4770 10
4770 4771 2
4771 5656 1
5656 5657 13
4771 2611 17
5656 5655 19
4770 9802 24
1344 7291 39
7291 6874 35
6874 4373 9
1374 2725 39
2725 8928 4
8928 8927 6
2725 2724 14
2725 6630 16
8928 8929 26
8929 4937 18
4937 510 10
4937 4938 23
4938 4939 4
4939 6878 2
6878 5654 13
6630 6629 31
8928 2315 36
2315 2274 38
2274 2275 3
2275 6387 2
2275 2276 22
2276 5235 3
2276 2277 5
2277 2685 23
2277 7005 27
7005 6536 20
7005 7006 25
7006 7007 19
2277 4558 27
5235 5236 28
2277 1037 36
1037 5918 3
1037 1036 19
6536 6535 37
4938 1510 38
1510 7968 7
7968 7967 27
1557 1558 39
1560 2008 39
2008 2009 24
2009 4447 36
1618 8719 39
1671 1672 39
1672 1673 29
1672 1529 33
1721 984 39
984 983 1
984 985 13
983 431 22
431 1023 5
431 430 17
984 4009 33
1788 7881 39
1879 2425 39
1966 1965 39
1965 77 6
1965 2377 25
2377 9807 8
9807 9808 8
2116 8804 39
8804 8803 14
8803 7903 35
7903 7904 35
7904 4959 28
4959 4960 11
4960 1625 35
1625 1624 38
2127 3609 39
3609 3610 32
2209 2210 39
2210 7521 6
2210 994 34
994 3288 22
3288 3289 31
3289 4845 2
4845 6385 1
6385 6386 2
6386 775 1
4845 4844 10
775 292 12
292 293 4
292 9556 15
4845 4846 21
293 294 23
294 6935 18
293 8596 28
4844 4843 31
4843 4842 27
4846 4847 36
2281 9920 39
9920 9921 8
2388 130 39
130 9400 23
2545 2535 39
2535 160 14
2570 2569 39
2569 3332 13
3332 3331 5
2842 9084 39
2916 2917 39
2917 2533 12
2533 2532 1
2532 2531 17
2531 9562 19
2531 3764 31
3764 8223 8
8223 8224 14
8223 1663 16
8224 6055 21
6055 9841 8
6055 8759 22
8759 4034 24
4034 4033 23
4033 1983 21
8223 6967 26
3764 6836 27
6836 4066 16
4066 5513 14
5513 2999 19
4066 4065 21
4033 8871 28
8871 4749 7
9841 9842 29
8871 8872 30
6836 6837 31
6055 406 32
406 1442 24
1442 451 9
1442 1443 13
1442 8540 19
8540 8724 13
8540 8539 14
1442 1441 23
1441 1440 22
1440 4493 16
4493 4492 4
8540 9267 26
1440 7824 28
8724 9599 30
6837 6838 35
6838 6839 21
6839 6840 29
6967 6968 35
6968 3678 20
3678 3679 9
3679 769 5
3679 3680 8
769 770 32
1441 7174 36
4493 4927 36
4927 4926 30
6836 6835 36
406 405 37
406 407 37
407 4964 13
4964 9361 28
6836 8923 37
8923 8924 20
9267 9266 38
9266 1854 17
9599 7542 38
7542 7543 32
7542 7541 35
7541 1161 16
7543 7544 38
3011 3010 39
3010 3009 34
3102 3103 39
3256 3257 39
3294 3367 39
3301 979 39
3406 4228 39
4228 4227 4
4227 5677 6
5677 5678 7
4228 4229 8
4227 4041 11
4229 4230 19
5678 5679 22
4230 3277 28
4230 4231 34
5677 2528 37
2528 2529 10
2529 2530 20
2528 2527 28
2528 7343 28
7343 7344 13
7344 7345 21
7345 7346 32
7346 9449 1
7346 6298 27
6298 2226 25
2226 2225 8
9449 9448 27
9448 9447 10
6298 6299 33
4231 4232 38
7345 7833 38
7833 361 20
361 2818 20
361 360 37
360 5124 27
360 2496 35
2496 1802 3
1802 1801 11
1801 1590 31
1590 6302 26
1590 1591 36
1591 4194 5
4194 6492 9
3418 3417 39
3417 3416 6
3416 3415 3
3416 5280 23
5280 5279 12
5279 5278 4
3415 8752 25
8752 8751 1
8752 1668 18
1668 1667 22
1667 1666 16
3415 4484 33
5280 9256 34
9256 9255 18
8752 4375 36
5280 9700 37
3458 3457 39
3570 3571 39
3575 3576 39
3661 9492 39
3674 5455 39
3685 637 39
637 2603 13
2603 2604 11
2603 9442 25
9442 8799 16
8799 8800 33
3731 3730 39
3730 3729 15
3916 3915 39
3915 98 20
98 99 2
3924 3923 39
3923 3922 14
3922 9736 27
9736 9737 19
9736 9735 20
3923 6066 37
6066 1650 24
1650 1453 1
6066 6065 28
9735 9734 38
4196 7283 39
4219 4220 39
4267 4266 39
4266 3947 27
3947 6361 29
4574 4575 39
4575 3627 13
4679 4678 39
4678 4455 1
4455 2218 7
2218 2219 1
2219 9995 14
9995 9996 4
2219 2220 25
2220 7459 3
7459 6692 5
7459 7458 7
7458 9904 7
9904 3338 1
3338 3337 7
6692 190 37
4693 619 39
619 620 5
619 618 23
618 8254 1
618 2111 36
2111 2112 19
2111 2110 26
2110 7239 14
7239 7240 19
2110 3816 21
2110 2863 25
2863 2864 28
2864 2865 14
7239 3501 38
618 1719 39
1719 8696 29
8696 5652 16
5652 5653 2
5652 7619 33
7619 7618 25
7618 476 20
476 4665 1
4665 4664 1
476 9675 3
476 475 4
4664 4663 13
476 6084 17
6084 6085 30
4733 2350 39
4740 4741 39
4828 109 39
109 108 36
108 107 5
107 106 12
107 6758 30
6758 6757 25
108 2826 36
108 5018 39
4918 4917 39
4917 2971 8
2971 2970 19
4917 4916 27
4916 4915 30
4915 4914 17
5222 5221 39
5272 5271 39
5479 1268 39
1268 1267 21
5493 5492 39
5547 6422 39
6422 6423 16
6423 6424 22
6424 6425 3
6425 1462 27
5599 9088 39
5628 2062 39
2062 2061 10
5806 8172 39
8172 8171 31
5832 5186 39
5921 1789 39
1789 9935 2
1789 1920 18
1920 1919 4
1920 5761 8
1920 6676 18
1789 5570 38
5570 2176 6
2176 2177 22
2177 9398 33
5923 5924 39
5995 2066 39
2066 9866 26
9866 9867 10
9867 7985 16
7985 7986 24
6269 6268 39
6268 2522 1
2522 18 13
6312 7412 39
7412 7411 13
7411 981 9
981 980 16
7412 7413 25
7411 6568 35
6568 6567 30
7412 7978 35
7412 759 37
6401 6400 39
6400 6399 1
6399 257 12
257 258 2
257 256 25
6400 7571 28
7571 3651 12
7571 7572 13
7572 7573 13
7573 1868 17
7573 7574 23
7572 4222 24
4222 4602 12
1868 5178 26
4222 4221 27
4602 7091 29
7091 7090 25
4602 4601 30
4602 4603 32
7574 7575 38
6518 6519 39
6519 8783 26
6603 6604 39
6620 6619 39
6649 6650 39
6650 6651 25
6733 6734 39
6734 6735 26
6735 1488 39
6856 6857 39
6857 6858 32
6858 3016 13
3016 5719 7
5719 5720 26
5719 295 33
7060 5501 39
5501 5500 38
5500 5499 36
5499 7553 13
7553 7554 4
5499 5498 19
7554 3249 28
3249 1521 17
7553 7552 31
7552 3335 25
7138 7139 39
7139 7140 6
7139 9304 34
9304 9303 20
9303 7439 14
9303 1522 22
1522 2372 5
1522 9642 25
9642 9641 3
9642 1320 8
1320 1319 32
1319 9891 15
9642 6228 36
7250 7251 39
7279 7278 39
7278 7277 9
7300 1993 39
7458 7457 39
7535 7534 39
7618 7617 39
7617 890 22
890 7310 27
7310 7311 21
7310 8327 31
8327 8521 14
8521 8520 1
7634 882 39
7725 7724 39
7762 6869 39
6869 1292 20
6869 6870 22
7826 7825 39
7936 9756 39
9756 847 24
847 1530 2
1530 837 12
837 836 24
847 846 25
9756 9757 25
9757 2180 3
846 845 26
845 646 19
646 8480 25
8480 3976 2
3976 3977 27
3977 2263 23
2263 2264 15
2180 5889 28
2264 7594 28
7594 7595 28
1530 1531 29
646 645 31
9756 9755 38
7976 2736 39
2736 6435 7
8248 8249 39
8283 8568 39
8568 5025 24
5025 5026 20
8568 8567 31
8568 8569 32
8569 8570 35
8570 8571 2
8571 7987 35
5025 5024 37
5024 423 19
5024 3252 22
3252 3253 26
5025 4902 37
4902 7414 23
8568 3378 37
3378 3379 13
423 422 38
422 421 12
421 2923 21
421 420 26
2923 2922 29
3378 3377 39
8372 9559 39
8464 3849 39
3849 3850 22
8537 630 39
630 6832 8
8542 2644 39
2644 2645 18
2644 5835 27
5835 408 16
408 409 15
5835 8186 19
5835 5836 24
5836 5837 6
5837 5838 12
5835 5834 39
5834 6713 17
8573 8572 39
8607 8606 39
8709 8710 39
8811 659 39
659 658 37
8985 8984 39
9005 9004 39
9238 4531 39
9260 291 39
9333 1555 39
1555 1554 16
1554 6817 23
9389 9390 39
9390 9391 10
9393 1388 39
1388 7690 9
1388 1387 36
1387 5104 18
5104 4940 4
5104 1329 8
1329 1330 7
1330 3137 21
1387 1386 21
3137 3136 22
4940 949 24
9490 6266 39
9566 9565 39
9780 9779 39
9779 9778 25
9789 3930 39
3930 3931 9
121 4947 40
4947 8477 2
4947 4948 14
301 3720 40
616 617 40
617 5630 4
5630 5631 33
639 2920 40
2920 2919 6
2919 3050 2
2919 8376 9
2919 6750 13
6750 5749 23
6750 1840 30
1840 1839 35
804 803 40
1040 5203 40
5203 5204 24
5204 1242 20
5204 5205 38
1070 9080 40
9080 9081 4
9080 9079 6
1085 5369 40
1127 7167 40
7167 7168 4
7168 4794 11
7168 7169 38
1266 1747 40
1747 1748 20
1748 234 29
234 235 4
235 3147 11
3147 3146 6
235 236 30
236 5167 20
5167 5166 35
1467 9299 40
9299 9298 19
9298 9297 13
1473 1097 40
1536 7222 40
7222 3857 33
1596 1826 40
1826 1825 32
1666 1665 40
1851 8853 40
2028 3847 40
2072 7982 40
7982 7983 3
2120 8148 40
8148 5241 8
2121 9012 40
2154 2153 40
2153 7815 19
2177 215 40
215 3384 23
2263 7491 40
7491 40 38
40 39 10
2337 1818 40
1818 3141 1
1818 4871 27
2342 4274 40
4274 4273 24
4273 4272 5
4272 3290 4
3290 3291 35
3291 9070 8
3291 3292 16
3292 189 31
189 188 14
188 187 1
188 9617 25
9617 9618 27
9618 9619 32
9619 2191 5
2191 2192 16
2192 2193 16
9619 5301 27
5301 5300 30
5300 5299 15
5299 5298 13
5300 6064 24
189 3954 34
9070 688 36
688 2674 25
2674 5576 26
2193 2194 37
188 8960 38
8960 8959 13
8960 8961 28
2369 2368 40
2570 6411 40
2685 2684 40
2704 966 40
966 965 29
965 433 27
433 432 9
3017 8354 40
8354 8355 12
8355 8356 9
3083 3597 40
3104 3105 40
3237 4716 40
4716 4715 38
4715 4467 23
4715 3499 34
3297 9044 40
3360 3361 40
3361 3362 27
3362 2893 15
2893 2894 18
2894 2895 18
2895 2896 4
2896 8648 40
8648 8649 13
3404 3403 40
3459 4891 40
4891 9663 22
9663 9664 10
9663 9662 29
3464 3465 40
3465 9654 21
3587 3586 40
3714 7393 40
7393 6363 7
3816 3815 40
3871 3870 40
3930 3929 40
4046 1146 40
4048 9195 40
9195 9196 8
4239 3557 40
4462 4463 40
4463 4464 19
4464 4465 8
4464 2174 28
4520 4521 40
4521 9197 40
9197 9198 5
4599 6623 40
4680 3070 40
3070 3069 12
3069 7857 23
7857 7858 4
7858 7859 16
7859 6101 9
6101 3385 15
6101 6102 24
6102 6103 2
6103 1707 12
1707 9507 2
9507 9506 9
9507 9508 18
9508 7321 12
3070 587 26
3069 2884 28
3385 6446 30
1707 1400 37
4754 4755 40
4755 4756 28
4770 4769 40
5059 5060 40
5270 4241 40
4241 9484 21
5452 9567 40
5589 9497 40
9497 9496 21
5624 1262 40
5637 5636 40
5646 5645 40
5645 5644 13
5645 8757 22
5667 5666 40
5666 5665 3
5665 5966 25
5966 8828 11
5947 5946 40
5946 8432 30
8432 8433 3
8432 8431 18
6013 6012 40
6032 5690 40
5690 5689 6
6156 384 40
384 7996 36
6236 8616 40
6302 6301 40
6302 9516 40
6616 6617 40
6673 6672 40
6709 1909 40
1909 1908 4
1909 8630 33
8630 8629 34
8629 4872 19
6732 7073 40
7073 4161 32
4161 4162 27
4162 7766 9
7073 7074 34
7074 7075 1
7074 5173 34
5173 5172 12
5172 5171 12
6874 6875 40
6929 6930 40
6935 6105 40
7038 7037 40
7262 9587 40
9587 9588 18
7341 58 40
7389 231 40
231 232 6
231 5139 6
232 1568 8
5139 5140 11
5139 5138 28
5138 1800 4
1800 1799 14
5140 5141 28
1800 1539 30
1539 146 12
5140 3280 35
3280 1616 2
3280 3443 7
3443 3444 2
3443 6288 15
1568 1569 40
7454 4008 40
7475 7474 40
7603 7602 40
7602 7601 32
7617 7616 40
7824 8636 40
7903 8468 40
8468 8469 30
7911 7912 40
7912 7913 9
8109 8108 40
8108 8107 7
8108 880 7
8108 5618 13
8107 8106 36
8106 7792 3
8106 8105 40
8141 8142 40
8142 8143 27
8216 8215 40
8215 5777 12
8448 8447 40
8635 2238 40
8671 8672 40
8672 8673 28
8675 9771 40
9771 9770 22
9771 9220 34
8946 8945 40
9012 2188 40
2188 5888 11
5888 8212 3
2188 2187 16
2187 4341 4
2187 2186 24
5888 8428 24
2187 1155 29
4341 4342 39
9260 9261 40
9350 5392 40
5392 667 33
667 668 26
9613 4635 40
4635 4636 18
4636 7276 12
9637 9638 40
9730 3487 40
9877 3837 40
3837 3836 23
9900 9901 40
9980 8426 40
8426 8427 6
8426 8425 34
8425 7215 12
7215 7214 28
7214 7213 3
9984 9985 40
9985 5467 27
5467 5466 26
9985 9986 30
6 7 41
7 9216 18
7 3655 25
203 202 41
215 214 41
214 213 32
225 226 41
247 248 41
248 249 14
257 2757 41
2757 2756 16
2756 4904 11
4904 6825 8
4904 4905 25
6825 6826 28
6826 6827 15
274 6851 41
6851 6850 31
6851 1020 35
1020 1021 11
306 9240 41
313 314 41
600 410 41
618 8126 41
8126 8125 9
8125 2869 3
8126 8737 31
8737 8486 30
8486 8485 5
654 653 41
653 7517 38
7517 7516 39
7516 3169 4
3169 3170 5
3170 3551 16
3551 5684 6
3170 4072 23
3551 3550 30
3551 3552 35
3170 3171 38
671 672 41
695 6120 41
725 5691 41
5691 7159 34
7159 7158 8
7158 7157 28
944 5386 41
957 958 41
958 1273 29
1273 1272 7
1000 1001 41
1001 3344 5
1013 1012 41
1012 1011 35
1011 1587 3
1017 1016 41
1016 1015 30
1015 3082 6
3082 3081 30
3081 3080 23
3080 3079 13
3079 2954 37
1079 1078 41
1130 374 41
1139 1138 41
1138 8264 37
8264 8263 1
8263 8262 38
1157 1158 41
1158 1159 12
1455 1456 41
1488 1487 41
1487 1486 24
1486 4667 6
1486 5437 7
1486 5239 13
1501 1512 41
1535 7252 41
7252 3905 28
3905 3582 12
3905 3904 27
3904 7869 7
3582 3583 34
3583 543 6
543 5736 19
5736 4748 7
543 1313 25
5736 5737 33
3905 1118 39
1118 1119 23
1576 4673 41
4673 4674 27
4674 4675 37
1722 5882 41
5882 5883 31
5883 9600 18
1724 3316 41
3316 3315 26
3315 4160 8
3316 3317 37
1901 1900 41
1929 1930 41
1930 1931 10
1931 9052 11
1931 6738 13
6738 6739 11
6738 6737 15
6739 1338 17
1996 3907 41
2054 2055 41
2068 7316 41
2074 7600 41
2163 6702 41
6702 2559 19
6702 6701 20
2559 2558 30
2558 8044 25
2287 1194 41
2348 2349 41
2573 2572 41
2572 9640 12
9640 9639 22
2572 5560 28
2610 2609 41
2640 2641 41
2641 7275 9
7275 7274 17
2641 3691 22
7274 7273 22
2671 8476 41
8476 8475 4
2736 9575 41
9575 9574 37
2821 2820 41
2883 2882 41
2944 264 41
3123 3946 41
3200 3201 41
3377 7623 41
7623 7624 26
3382 3622 41
3622 8124 1
8124 8123 9
3622 712 26
712 1543 27
1543 1542 2
712 711 37
711 710 38
710 709 11
709 708 26
708 707 34
712 713 38
713 7720 20
7720 7721 28
3428 3429 41
3429 3430 17
3429 7993 20
7993 7992 12
7993 2464 31
2464 8222 16
2464 2463 31
4154 7854 41
4202 6971 41
6971 6970 14
6970 312 9
6971 6972 23
6972 78 16
78 4874 18
78 1349 31
1349 1348 2
1348 1347 18
6971 6787 34
4317 3300 41
4521 8731 41
8731 8730 1
4641 4640 41
4640 2839 36
4742 2451 41
4889 6985 41
4956 4817 41
5052 5051 41
5051 2040 11
5381 1343 41
1343 8237 23
8237 8236 21
8236 4549 2
5499 8608 41
8608 9087 10
9087 9086 18
5531 5532 41
5547 5546 41
5546 2339 19
5576 2001 41
2001 3945 17
2001 2002 32
2001 1866 38
5605 5606 41
6016 6015 41
6165 4123 41
4123 4122 10
4123 4124 28
4124 4125 38
4122 4121 40
4121 4120 24
6204 6203 41
6220 1899 41
1899 2166 41
2166 2165 3
6220 1819 41
1819 3117 1
1819 1820 19
6363 649 41
649 3644 38
6619 7020 41
7020 7019 1
7020 7021 2
6916 6915 41
6962 2664 41
2664 6160 9
7307 8201 41
7325 8727 41
7388 7387 41
7387 7386 32
7386 9687 11
9687 4001 17
4001 3191 17
4001 4000 20
4000 8951 24
8951 8952 3
8951 6800 8
6800 6799 19
9687 9709 26
4000 8660 31
8952 8953 32
3191 3192 33
3192 3193 38
7452 5197 41
5197 5198 20
7636 1912 41
1912 7970 3
1912 1913 8
1912 4454 31
4454 3914 18
3914 3913 13
7869 2301 41
7925 141 41
141 9494 10
9494 9495 29
7968 7969 41
7982 495 41
495 494 16
494 8409 25
8409 8408 27
8035 5089 41
8141 7905 41
7905 7001 33
7001 7002 16
7001 7000 27
7000 733 36
8146 8145 41
8145 5672 12
5672 2300 27
2300 2299 16
2299 2306 16
2306 1425 2
2300 4677 26
4677 7261 10
8145 8144 30
5672 2552 31
2552 2553 22
2299 2298 35
2553 267 36
5672 5673 36
7261 3199 37
3199 843 19
843 6569 24
267 8028 38
8028 729 31
729 728 9
728 6532 20
729 2549 25
2549 9832 10
9832 2841 17
2549 2550 29
2841 2840 36
5672 5671 38
5673 4524 38
4524 4525 32
2306 2307 39
2307 8937 40
4524 5446 40
5446 8383 12
5446 5447 20
8155 5741 41
8273 4356 41
8431 8430 41
8430 8429 12
8430 8830 15
8430 9739 36
9739 9738 13
8505 8506 41
8506 8507 28
8507 8111 2
8507 8508 10
8724 8725 41
8725 8726 6
8752 5730 41
5730 5729 25
5729 34 41
34 33 16
8824 8823 41
8823 8822 32
8822 8821 2
8822 5376 18
9097 1914 41
9217 1154 41
1154 5695 34
9248 9247 41
9247 714 14
9277 9276 41
9340 9341 41
9341 6073 16
9341 1759 23
9341 9342 25
9342 9343 2
9540 38 41
9549 9548 41
9548 4499 1
9548 9547 5
9654 9655 41
9655 3482 20
9655 9656 33
9656 9657 35
9795 1198 41
9891 9892 41
9892 9893 20
9925 8098 41
8098 8099 11
1 9572 42
132 131 42
179 967 42
967 9211 7
9211 392 19
214 2144 42
2144 2143 4
2143 2142 9
2143 8094 34
8094 8093 11
8094 8095 18
8094 3489 22
8093 8092 37
3489 4497 39
4497 4498 29
3489 3490 41
3490 3491 35
246 245 42
313 3757 42
520 519 42
520 8697 42
8697 9801 40
533 532 42
532 531 9
531 530 14
741 3648 42
746 747 42
890 1163 42
927 928 42
928 929 19
929 930 4
981 982 42
1110 7405 42
7405 7406 34
1177 1178 42
1178 1179 32
1179 7231 13
7231 7232 11
1315 1647 42
1647 9962 16
9962 1681 5
1647 1541 27
9962 9961 32
9961 9960 29
9960 9959 4
9959 5940 19
5940 5939 27
1370 511 42
1427 1426 42
1441 1364 42
1484 140 42
140 5524 21
1516 1151 42
1550 1551 42
1551 1552 23
1552 1553 13
1553 6479 24
6479 6478 32
1641 1642 42
1685 1686 42
1728 3116 42
3116 3115 29
1795 1794 42
1866 1867 42
1920 3735 42
1960 9767 42
9767 9768 10
2091 458 42
458 459 3
458 457 10
458 8308 23
2186 9336 42
2420 1190 42
2428 186 42
2474 2473 42
2512 1282 42
1282 7484 27
7484 2386 6
2386 6577 4
6577 426 2
7484 7483 25
7483 7482 18
7483 945 19
1282 1283 30
945 946 36
2534 9329 42
2685 3052 42
2744 5027 42
2839 3969 42
3969 7613 16
7613 7612 21
2870 2871 42
2912 9300 42
9300 1627 8
2944 2945 42
3005 1027 42
3027 8033 42
3050 3051 42
3191 3190 42
3190 3189 9
3288 3287 42
3287 3286 10
3286 1984 36
3315 3314 42
3314 3313 9
3313 3312 30
3312 3311 7
3331 6730 42
6730 1534 32
1534 1533 24
1533 1532 2
3413 1107 42
3414 4394 42
3451 3452 42
3452 3453 17
3465 3466 42
3477 3478 42
3557 4637 42
3671 3670 42
3704 3705 42
3739 818 42
818 4929 17
4214 8250 42
4287 4286 42
4286 4285 5
4311 1277 42
4379 2773 42
2773 2772 33
4394 3709 42
3709 3710 37
4411 354 42
4473 698 42
698 7427 30
7427 7428 28
7428 8739 35
4507 4508 42
4508 4509 39
4560 4561 42
4615 4616 42
4616 4617 32
4764 8174 42
8174 8173 3
4817 4818 42
4818 7885 12
4818 6079 14
6079 6080 3
4842 4841 42
5063 2197 42
2197 2196 1
2196 8896 26
8896 8897 8
8897 4866 11
8897 1870 23
1870 1869 18
1870 1871 18
1871 9446 31
9446 3435 30
5071 5070 42
5153 6808 42
5475 9852 42
9852 9853 7
9852 4409 14
9853 9854 14
5576 5575 42
5765 5764 42
5889 7829 42
7829 7828 10
7828 4622 11
6088 2683 42
2683 2682 35
2683 7131 35
7131 7130 6
7130 6397 33
6397 6398 25
6398 3817 17
3817 3818 6
6397 6396 26
6396 6044 20
6396 6395 41
6144 6145 42
6226 6225 42
6225 6224 13
6288 2412 42
6316 6491 42
6359 9888 42
9888 9889 4
9888 9887 28
9887 2669 6
2669 2670 29
2670 2266 9
2266 2265 40
6524 6525 42
6533 6534 42
6603 8534 42
8534 5686 2
8534 8533 19
5686 5687 32
5687 5688 30
5688 5550 4
5688 6256 28
6256 6255 30
6255 3965 25
3965 3964 24
3964 3963 14
3963 3962 28
3962 3961 7
3961 3619 30
3619 3620 11
3619 4275 35
4275 4276 26
4276 7264 5
7264 7265 2
4276 4277 12
6255 9471 37
9471 9472 38
9472 3179 19
3179 3180 30
3180 3181 38
3181 3182 34
3182 3183 1
3182 6077 16
6077 6078 23
6077 6076 32
6076 6075 35
6075 5563 9
5563 5562 5
6075 3303 23
3303 3885 17
5562 5561 32
5561 5756 5
5756 5757 17
5757 5758 15
5756 9214 18
3885 3884 34
5757 4210 34
6614 2771 42
6750 6751 42
6751 6752 2
6865 6866 42
6866 6867 16
6867 1752 11
1752 1751 34
6953 6952 42
6952 6951 28
7062 9742 42
9742 9741 39
9741 9740 19
7168 1503 42
1503 1504 36
7171 7170 42
7185 7186 42
7194 7195 42
7278 1385 42
7444 7443 42
7443 786 39
7710 7711 42
8019 6368 42
6368 6369 34
6369 5322 39
6368 2059 42
2059 7920 35
2059 2058 42
8066 8067 42
8203 553 42
8221 1781 42
1781 1780 3
1780 3790 6
1780 2330 8
3790 6830 22
6830 6829 33
6829 6828 38
8249 353 42
353 2442 35
2442 2443 5
2443 6722 21
8300 8493 42
8493 8492 26
8492 8491 27
8491 8490 26
8570 9078 42
9078 4639 41
4639 4638 25
8576 8003 42
8759 5596 42
8796 8797 42
8836 8835 42
8835 8834 1
8835 1833 15
1833 7735 41
8861 8860 42
8860 8554 24
8880 9487 42
9487 7142 5
8900 8901 42
8930 4605 42
8995 8996 42
9073 9072 42
9072 9071 25
9072 9037 40
9037 9036 6
9037 9038 13
9036 5850 38
5850 5849 13
5849 5848 37
9100 9101 42
9101 9102 14
9157 5339 42
5339 5338 3
9360 2953 42
2953 900 16
900 6861 1
900 3321 16
9657 9658 42
9740 4553 42
4553 3666 6
3666 1922 7
3666 3667 13
3667 3668 16
4553 2026 29
9832 9833 42
9833 9834 3
9962 9963 42
9963 9964 24
9964 8218 19
28 4504 43
4504 4505 27
135 5062 43
5062 5061 38
5061 1160 32
282 281 43
281 1603 25
1603 8243 25
8243 8242 22
1603 1602 35
346 345 43
363 9644 43
9644 9645 17
9644 9643 21
9643 5632 26
5632 7500 28
7500 7499 29
9645 9646 39
9646 9647 32
388 387 43
387 1565 10
1565 1566 39
390 391 43
391 8684 12
8684 8683 11
8684 4823 12
505 3968 43
509 3045 43
3045 3794 8
3045 3044 11
3044 3043 7
3045 3046 14
535 280 43
280 279 41
753 2966 43
2966 2967 20
878 4438 43
4438 4437 14
4437 4436 18
4436 4435 20
4435 821 3
821 822 1
4436 4458 28
909 908 43
908 907 28
907 1497 36
922 923 43
923 924 11
1021 1205 43
1131 8149 43
1242 3984 43
3984 3983 6
1255 8461 43
8461 8460 11
1270 4536 43
4536 4537 1
1440 1439 43
1577 6497 43
1584 2502 43
2502 2503 16
1709 7804 43
1788 1787 43
1787 8319 38
8319 8320 5
8319 8318 38
8318 8317 22
2010 5095 43
5095 5096 37
2142 2141 43
2288 2289 43
2289 1312 36
2660 1897 43
1897 1898 37
2704 2969 43
2969 2968 18
2776 5253 43
5253 5252 38
5252 1469 1
2842 2991 43
2991 7775 18
7775 7776 9
7775 9948 13
9948 5648 14
2922 4816 43
2923 4533 43
4533 4532 24
2940 2941 43
2941 2942 5
2994 386 43
386 3155 8
386 385 16
3034 4562 43
3125 2081 43
2081 3589 37
3589 3588 18
3589 3590 30
3403 3402 43
3402 310 6
3416 1762 43
1762 9066 22
9066 9065 30
3610 3611 43
3611 6512 30
3611 7282 39
3627 3628 43
3777 3778 43
3827 3826 43
3826 3825 31
3825 3824 21
3824 4126 41
4126 4127 17
4127 6789 21
4127 4128 28
3897 3898 43
4002 3540 43
4051 7691 43
4156 4157 43
4272 4271 43
4284 6071 43
6071 9090 1
6071 6072 34
9090 9091 39
4578 7741 43
4605 4604 43
4871 4870 43
4870 4869 24
4891 4890 43
4891 9187 43
9187 9188 17
9187 9186 24
9186 9185 4
9185 9281 8
9188 9189 24
9281 9282 24
9282 7511 4
7511 4079 16
4916 4992 43
5181 5180 43
5239 5240 43
5278 7247 43
5605 5604 43
5608 5609 43
5609 4878 2
4878 5610 3
4878 1006 41
1006 4540 32
1006 1005 39
1005 4619 11
4540 4539 39
4539 4538 7
4539 2438 13
2438 2439 35
1006 4761 40
4761 4760 18
4619 4618 40
4619 7750 40
4878 6891 42
6891 6892 35
5648 3474 43
3474 5156 18
5695 5694 43
5694 4103 28
4103 4104 35
6044 6043 43
6043 6042 4
6043 350 16
6042 9348 24
9348 9349 2
9348 9347 21
6092 6093 43
6272 9246 43
9246 4834 4
4834 4835 24
4834 4833 39
6279 8610 43
6783 7156 43
7156 2921 34
6846 629 43
6880 6879 43
6915 8255 43
7099 7098 43
7122 7121 43
7121 7120 1
7185 8271 43
8271 8272 18
7389 1607 43
7448 7449 43
7516 7515 43
7548 7549 43
7625 4714 43
4714 4713 1
4713 4712 25
7823 7822 43
7822 7821 7
7821 14 5
7833 7832 43
7940 7939 43
7939 7938 15
7938 8847 35
8847 8848 24
8848 8849 16
7976 9523 43
8052 8051 43
8067 4688 43
4688 4687 11
4687 1976 4
1976 1975 34
1975 1200 8
1975 9274 17
8158 8159 43
8159 2930 24
8159 8160 33
8160 149 29
149 5102 20
149 148 33
8301 8302 43
8597 7266 43
7266 7267 17
8684 8685 43
8847 5915 43
5915 5429 2
5429 5428 1
5915 5914 15
5914 2046 18
2046 2047 19
2046 2045 41
8988 6444 43
8995 8994 43
9031 9030 43
9035 7295 43
7295 7294 7
9209 9210 43
9367 9368 43
9410 9411 43
9770 9769 43
9824 4459 43
9848 4556 43
9904 9905 43
9905 9827 25
188 824 44
199 200 44
200 2319 37
2319 2320 13
2319 2318 14
2318 4175 4
4175 2237 5
4175 4174 25
2318 4564 29
2237 3336 31
2237 2236 43
335 336 44
336 5887 40
356 355 44
360 5248 44
5248 5247 16
5247 5246 4
457 456 44
456 6377 36
798 799 44
810 8112 44
8112 1639 19
1639 1638 20
847 5125 44
851 850 44
850 6743 10
6743 6742 19
6743 6744 21
6744 1694 12
6744 6745 38
1694 2033 42
2033 2032 28
873 872 44
872 871 38
871 870 39
870 3624 4
3624 7485 35
979 978 44
978 7632 27
1003 9001 44
9001 5871 40
5871 5872 28
1112 1111 44
1111 5257 18
1226 1227 44
1252 1253 44
1309 549 44
549 550 26
1439 1438 44
1678 1679 44
1679 1680 35
1680 4427 19
1680 1921 37
1702 7049 44
7049 7048 9
7049 7050 21
1777 2365 44
1888 9399 44
1959 7540 44
7540 7539 33
2033 2034 44
2034 2035 5
2034 5223 40
5223 5224 29
5224 4529 28
2221 9947 44
2293 2292 44
2292 2291 21
2291 3493 44
3493 3494 28
3494 3495 6
3495 3496 19
3496 7867 3
7867 7868 4
3493 1699 43
1699 1816 25
1816 1815 31
2327 2326 44
2433 2432 44
2432 739 2
739 8679 11
2585 2584 44
2619 4115 44
2784 2785 44
2832 2833 44
2833 6257 34
2854 2853 44
3050 3049 44
3067 8846 44
3247 3305 44
3305 3306 1
3638 2346 44
2346 2345 8
3705 3706 44
3706 3707 34
3707 789 38
789 4460 17
4460 758 10
789 790 22
790 791 23
4008 4738 44
4738 4737 8
4271 3895 44
3895 9837 21
9837 9838 22
4457 5588 44
4769 4768 44
4768 3613 13
3613 3612 23
3612 1674 32
4798 4797 44
4874 4873 44
5089 5090 44
5090 5091 5
5091 5092 2
5417 4832 44
5496 5497 44
5497 2224 18
2224 5340 38
5600 5865 44
5865 1864 4
5865 3339 11
1864 1865 23
1865 6197 13
6197 6196 22
3339 9319 26
9319 9318 22
5865 8663 38
8663 6493 24
8663 8662 39
5865 5866 41
5616 5615 44
5615 2185 4
5632 5633 44
5633 5634 13
5634 4071 29
5634 5635 33
5635 3974 25
3974 3973 18
5735 5734 44
5734 5733 16
5878 4567 44
4567 8023 1
5940 730 44
5972 1082 44
1082 1083 42
5981 5982 44
6165 6164 44
6164 4967 16
6206 6207 44
6255 6254 44
6254 6253 7
6253 6252 8
6328 6327 44
6558 6557 44
6717 6716 44
6716 1496 10
1496 4632 33
6733 4686 44
6757 8807 44
6934 6933 44
6941 6942 44
7336 7337 44
7337 7338 8
7462 7063 44
7690 2860 44
2860 6477 28
6477 6476 1
6476 6475 19
8051 5892 44
8149 8150 44
8280 8281 44
8281 8282 17
8281 4880 31
8343 8342 44
8342 9050 28
9050 9051 27
8353 3221 44
3221 3220 13
8464 6245 44
6245 6244 43
8499 7434 44
7434 7107 4
7107 7106 34
8860 8859 44
8978 8977 44
8977 1904 13
1904 1905 31
9066 9067 44
9067 9068 17
9067 6990 19
9068 9069 29
9069 9370 12
9067 3398 39
9370 9369 43
9144 9145 44
9145 7678 18
9145 5346 37
5346 2314 23
2314 3242 1
2314 2313 2
3242 3243 6
3243 3244 37
9167 9166 44
9166 2020 7
2020 2751 25
2751 2750 29
2750 2749 11
2749 2748 3
9166 684 37
684 9750 29
9750 9751 4
9166 9165 43
9185 9184 44
9256 9257 44
9257 9258 39
9284 6431 44
6431 6430 12
6431 6432 30
6432 663 2
6432 6433 25
663 662 29
6432 1095 44
1095 8904 16
8904 8905 27
9578 9577 44
9782 7257 44
7257 7258 22
9787 9786 44
9786 9785 20
9785 383 3
9785 9784 7
383 657 33
9876 4656 44
4656 4657 18
4656 5743 27
4657 4658 29
4658 7745 37
7745 3036 26
9953 9952 44
9995 5389 44
5389 3541 1
5389 898 3
898 897 3
5389 4113 29
5389 1968 43
1968 1967 39
1967 4475 37
4475 4474 17
109 1927 45
1927 5373 39
116 4333 45
223 227 45
227 5393 41
5393 5394 3
5393 5978 30
5978 5977 17
374 375 45
427 1461 45
759 4040 45
802 1499 45
851 2798 45
2798 3603 3
2798 2799 35
2798 4022 42
867 6039 45
1122 1123 45
1217 9999 45
9999 1925 28
1925 9839 34
9839 9840 4
9839 3068 29
9840 5805 43
1303 2687 45
2687 2688 13
1313 1314 45
1325 4010 45
1409 5397 45
5397 3953 42
1473 1474 45
1527 1528 45
1566 1567 45
1816 1817 45
2119 8734 45
8734 4442 8
4442 4443 6
4442 4 37
2141 183 45
183 184 6
184 5411 30
5411 5410 26
5410 9108 3
5410 5409 37
2174 2175 45
2439 2440 45
2522 2521 45
2521 2520 32
2609 2608 45
2663 3057 45
3057 3058 28
3058 3059 25
3059 3060 5
3057 43 29
2774 265 45
265 2601 44
2601 2602 14
2602 7746 19
2601 2600 31
2600 2599 38
2599 7726 4
7726 7464 8
7464 7465 6
7464 7463 40
2907 2906 45
2936 2937 45
3049 3048 45
3105 3106 45
3296 3295 45
3303 3302 45
3317 4840 45
4840 2230 9
4840 4839 24
2230 2231 35
4840 766 40
766 5008 35
5008 5009 2
3760 3759 45
3867 7773 45
7773 7772 7
7772 1646 4
1646 7352 34
7352 7351 17
7351 5822 30
5822 5823 20
3895 6040 45
3959 3958 45
4125 5804 45
4311 4312 45
4673 4672 45
4728 4727 45
4821 4822 45
4822 477 44
477 7487 10
7487 4725 20
4939 3545 45
3545 3546 16
3546 3547 37
5072 6718 45
5132 5131 45
5196 2082 45
5214 6061 45
6061 6062 30
6062 6063 41
5475 6640 45
6640 6641 14
6641 6642 27
5624 6958 45
5826 1798 45
5932 5933 45
5933 572 21
572 3154 29
572 5759 31
5959 9815 45
9815 452 20
6280 8525 45
6287 6286 45
6286 6285 26
6380 6381 45
6750 2859 45
2859 9951 38
9951 3798 17
9951 9950 42
6772 2391 45
2391 2390 20
2391 2392 32
2392 969 28
2392 2393 39
969 968 45
6895 6894 45
6894 6893 45
7000 6999 45
7240 8225 45
8225 8226 41
7364 7363 45
7395 7394 45
7394 3642 3
3642 3641 16
7456 4330 45
4330 4331 33
4331 4332 39
7479 7478 45
7756 5215 45
7917 2483 45
2483 2484 17
7917 103 45
7966 7965 45
7993 7994 45
7994 7995 45
8112 8113 45
8113 5081 3
8113 8114 28
8210 8211 45
8699 8698 45
8714 3888 45
8757 8756 45
8901 1911 45
8957 8956 45
8956 8955 8
9062 7923 45
7923 7922 39
7922 7921 20
9184 1415 45
1415 1414 41
9420 9421 45
9421 7838 4
9423 9424 45
9483 9482 45
9482 9481 25
9556 2290 45
2290 5543 36
5543 5544 10
5544 5545 4
5545 4887 10
5544 2766 41
2766 2765 1
2765 8780 13
9648 9649 45
9649 5209 3
5209 1091 6
1091 1092 17
1092 8818 6
1092 6822 22
9649 788 22
788 3543 24
6822 5502 33
9649 7570 34
5209 5208 35
5208 5207 8
5207 5206 1
5207 2734 19
2734 2735 24
9649 9650 40
9650 9651 36
9651 9652 2
8818 8817 45
8818 8819 45
8819 8820 25
8820 2067 3
9694 2740 45
9793 9794 45
9923 9922 45
9940 5868 45
5868 2477 15
2477 2476 29
54 1973 46
1973 6131 4
6131 6130 4
141 4908 46
4908 4907 4
4908 3156 21
3156 5351 41
5351 8893 3
5351 5350 33
203 3719 46
303 302 46
302 337 3
337 526 27
331 8366 46
458 3386 46
469 2374 46
2374 2375 6
587 586 46
586 585 42
585 584 25
609 610 46
610 611 9
669 6057 46
756 3276 46
812 7016 46
7016 7015 38
7015 7175 20
7015 2060 25
2060 5937 11
5937 5938 35
1042 540 46
540 539 1
1219 5784 46
5784 5571 30
1243 1244 46
1244 5772 20
1493 1494 46
1494 1495 22
1584 1583 46
1583 2044 35
1691 793 46
793 5285 17
1712 1713 46
1798 1797 46
2132 2133 46
2285 8599 46
2425 3744 46
3744 3745 34
2441 7677 46
2690 1588 46
1588 1589 39
2762 2761 46
3120 3121 46
3121 3122 29
3122 2434 40
3137 3138 46
3182 1906 46
3203 849 46
3425 8321 46
8321 8322 41
3517 3518 46
3518 3519 4
3642 3643 46
3773 59 46
59 60 26
3798 3799 46
3837 3838 46
3867 3868 46
3868 3869 3
3869 8661 41
3926 3927 46
3926 7109 46
7109 8039 31
8039 8040 42
4241 4242 46
4243 5964 46
4263 4262 46
4395 4396 46
4562 4563 46
4632 4633 46
4738 4739 46
4787 4788 46
4907 5461 46
4934 8603 46
8603 7055 9
7055 2946 24
2946 3812 4
3812 576 13
3812 3811 16
576 577 22
8603 8602 31
8603 8604 31
4950 4949 46
4949 8081 38
8081 8082 2
8082 8083 3
8083 8084 24
8081 8080 28
8082 9122 33
9122 9121 8
9122 9123 18
9123 9124 27
9124 9125 18
8084 8085 39
8085 6595 17
6595 6594 16
6594 7235 2
6594 6593 30
6593 6592 5
7235 7236 40
6592 6591 42
6591 6590 2
8080 8079 44
8079 5851 42
5851 5852 34
5852 5853 41
5853 5854 2
5853 2589 32
2589 2588 41
2588 8999 26
9121 9120 44
5227 5228 46
5228 5229 29
5229 5230 6
5343 17 46
5368 7094 46
7094 9262 18
7094 7095 28
7095 9533 45
9533 9512 42
9512 2759 11
2759 2758 6
2759 9956 31
9956 9955 30
2759 6058 44
5450 5451 46
5451 4661 46
5618 5619 46
5644 5643 46
5711 9412 46
5946 9681 46
9681 5384 1
5384 5383 19
9681 9682 36
9682 30 33
30 31 11
30 29 27
29 8873 26
6084 5945 46
6239 6240 46
6240 6241 44
6375 6376 46
6376 1098 12
1098 1099 8
1099 1100 30
6389 9109 46
6437 6436 46
6436 6989 42
6461 6460 46
6654 6653 46
6702 5005 46
5005 5004 25
5005 7598 38
7598 7597 15
6972 6973 46
7055 7054 46
7054 9822 14
9822 9821 1
7069 7070 46
7071 7072 46
7072 7836 39
7836 7837 4
7836 7835 41
7088 7087 46
7349 7350 46
7376 3028 46
3028 3029 39
3029 3030 23
3030 3031 24
3031 3032 7
3032 3033 7
7462 2956 46
7515 7514 46
7514 7513 29
7513 4056 42
7551 4550 46
7575 4114 46
7768 6163 46
7905 512 46
7956 7955 46
8209 1893 46
8242 6413 46
6413 6412 20
8405 4906 46
4906 61 1
8417 8418 46
8657 8658 46
8658 8659 1
8658 2501 16
2501 641 45
8792 9055 46
9055 8621 11
8621 8620 5
9055 9054 30
8621 6027 35
8954 1655 46
1655 8011 36
8011 8012 44
9206 9207 46
9323 3872 46
9687 9686 46
9782 2594 46
9953 9954 46
9984 2150 46
336 8007 47
499 4736 47
673 9859 47
682 681 47
681 9918 18
9918 9635 20
9635 9634 15
9918 3211 24
3211 3212 35
848 9514 47
9514 9513 21
970 4064 47
1123 1124 47
1132 1133 47
1133 3743 2
1326 5738 47
1374 114 47
114 145 5
145 1770 27
1770 1771 39
1771 1772 42
1581 1582 47
1688 1687 47
1816 7650 47
7650 7651 14
7651 7652 24
7650 7649 35
7649 1144 11
1144 1143 27
1871 5297 47
1965 1964 47
1964 2627 29
2627 2626 4
2627 9970 20
1973 6029 47
2123 2122 47
2277 2278 47
2443 2444 47
2444 5943 29
2546 2547 47
2547 2548 30
2750 3944 47
2818 2817 47
2817 2816 6
2816 2815 28
2853 2852 47
2912 2913 47
2913 2914 27
2930 2929 47
2929 2928 18
3203 9949 47
3268 3267 47
3267 3266 6
3358 3357 47
3357 3356 35
3356 3355 8
3514 3513 47
3513 8365 9
3527 3528 47
3528 3529 26
3586 988 47
3620 3621 47
3624 3625 47
3625 3626 41
3626 4696 37
3639 5788 47
4682 4683 47
4887 4886 47
4902 4901 47
4901 124 19
4901 4900 40
5411 5412 47
5412 5413 45
5413 5414 13
5626 5625 47
5918 5917 47
5994 2493 47
2493 2492 11
2492 9163 7
6145 3845 47
6170 5714 47
5714 5715 5
6327 6326 47
6326 3891 33
6727 6726 47
6895 4922 47
4922 4923 22
7215 7216 47
7217 3145 47
7723 7722 47
7776 7777 47
7856 7855 47
8215 8214 47
8352 8351 47
8351 8350 36
8350 8349 2
8349 8403 3
8349 8348 7
8348 6496 9
8629 8628 47
8717 5101 47
8732 5348 47
8803 8802 47
8996 9111 47
9102 9103 47
9146 9147 47
9147 9148 22
9148 9149 29
9294 9295 47
9422 1346 47
9461 2902 47
2902 9271 2
2902 2901 29
2901 2900 26
2900 2899 12
2899 2259 24
2259 2258 40
2899 2898 40
9496 7567 47
7567 7568 39
7567 7566 44
9624 9625 47
9634 84 47
9670 8548 47
9685 9684 47
9684 9683 21
51 5792 48
537 5483 48
5483 9911 16
5483 5482 42
5482 5481 6
608 4205 48
4205 4206 4
4205 4204 17
4204 4203 38
791 792 48
792 100 18
100 7327 8
7327 605 20
7327 7326 47
797 2106 48
820 3345 48
826 1403 48
1403 8641 9
973 972 48
1185 1186 48
1186 1187 9
1187 1188 47
1215 1214 48
1214 6261 45
6261 6260 42
6260 6259 29
1230 1231 48
1340 1341 48
1766 1977 48
1795 1796 48
1911 9500 48
2619 3215 48
2620 5704 48
2634 3178 48
2646 5408 48
2859 7347 48
3027 3026 48
3117 3118 48
3247 2385 48
2385 7129 36
7129 7128 28
7129 8307 33
8307 8306 47
3249 3250 48
3250 6484 47
3386 3387 48
3387 3388 40
3388 3389 9
3389 6367 22
6367 5591 7
5591 5592 39
5592 5593 5
5593 885 41
3865 3864 48
3868 5084 48
5084 2064 39
4298 4297 48
4363 4364 48
4874 4875 48
5072 5073 48
5537 5536 48
5804 5803 48
5803 1189 1
5826 9972 48
9972 9971 21
9972 9973 38
6058 6628 48
6628 6627 28
6295 6024 48
6436 8773 48
8773 4544 10
6565 6566 48
6707 4819 48
4819 471 2
6893 7518 48
6908 1120 48
7274 1134 48
7286 9799 48
7303 7302 48
7302 7301 9
7334 7333 48
7333 7332 26
7333 3982 29
3982 1716 7
7462 7461 48
7605 7606 48
7799 7800 48
7800 8866 41
7962 7961 48
7982 7981 48
7981 7980 24
7980 5303 21
8128 8129 48
8129 8130 32
8130 7230 15
8443 1889 48
1889 1890 8
1889 9057 47
9057 9058 17
9058 9059 39
8482 5325 48
5325 5324 47
8534 1412 48
8554 8553 48
8703 8702 48
8702 6513 21
8778 7322 48
8785 8784 48
8873 8874 48
8874 2351 48
2351 2352 10
2352 2353 8
2353 2354 39
2353 4321 44
4321 4320 27
8898 1753 48
1753 1754 43
9074 9075 48
9075 9076 20
9518 9517 48
9565 5996 48
5996 5997 22
9630 9631 48
9900 1700 48
9937 9938 48
126 2543 49
156 155 49
158 7504 49
7504 7505 1
186 185 49
358 359 49
392 393 49
397 7373 49
7373 2794 40
2794 2795 13
2794 2793 35
7373 8102 41
547 8022 49
611 612 49
836 835 49
953 954 49
954 5143 14
954 955 29
992 2694 49
2694 8529 34
1088 8639 49
1274 1275 49
1275 1276 7
1354 862 49
862 1298 33
1298 5316 8
5316 5317 4
1498 7288 49
1533 1102 49
1726 1727 49
1733 8259 49
8259 2515 2
8259 8260 33
8260 6332 16
8260 889 28
889 888 35
1998 1997 49
1997 2294 27
2294 5726 26
2026 2027 49
2166 2167 49
2404 9871 49
9871 9872 39
2694 2695 49
2976 2975 49
2981 2982 49
3069 1234 49
1234 2905 3
3259 9629 49
9629 9628 31
9628 9627 46
9627 9626 43
3327 1259 49
3797 3796 49
3847 3846 49
3886 7058 49
7058 7057 44
4087 4086 49
4086 4085 29
4085 4084 19
4311 4310 49
4320 548 49
4605 807 49
4674 9194 49
4680 7396 49
4721 6887 49
6887 6888 24
4737 2305 49
2305 1305 31
1305 1306 14
1306 1307 16
1305 1056 27
4764 4765 49
4891 4892 49
4892 4893 37
4912 4911 49
5018 5017 49
5017 5016 41
5016 2819 5
5063 5064 49
5064 5065 5
5065 5066 49
5198 5199 49
5246 5245 49
5245 5244 43
5437 5438 49
5438 5439 36
5439 5440 39
5522 5523 49
5555 5554 49
5770 5771 49
5868 5869 49
6210 6211 49
6211 7362 8
6211 6212 14
6473 6472 49
6472 6471 28
6553 6552 49
6578 6579 49
6579 6580 48
6971 3412 49
7058 7059 49
7291 7290 49
7290 8694 34
8694 8695 46
7509 7508 49
7508 6320 19
6320 6321 38
6321 6322 16
7529 7530 49
7530 8646 13
7663 7664 49
7664 2244 5
7664 7112 25
7112 7113 26
7113 7114 5
7114 2972 24
7114 4946 44
7114 7115 45
7115 7116 22
7115 8010 27
7677 9456 49
9456 9457 18
7708 1463 49
7930 7929 49
7929 1458 3
1458 1459 6
8003 8002 49
8012 8013 49
8013 8014 33
8123 8122 49
8216 8217 49
8396 5478 49
8405 8404 49
8409 6663 49
6663 2378 5
6663 6664 6
6664 6665 48
6665 6666 14
8436 8435 49
8435 8434 44
8468 8467 49
8467 8466 41
8466 2195 24
8628 8627 49
8799 8798 49
8883 8884 49
9214 9213 49
9889 7249 49
9945 9944 49
49 2500 50
2500 2499 39
117 9039 50
9039 9040 27
148 4185 50
4185 6570 30
241 240 50
324 3629 50
383 382 50
382 381 2
559 560 50
560 9009 46
667 666 50
666 5783 9
666 665 31
665 664 17
666 3769 34
3769 3770 31
3770 7191 30
7191 7190 16
7190 7189 19
5783 5782 40
3770 297 42
7189 1106 48
297 298 49
686 9846 50
9846 9845 36
741 740 50
792 7127 50
7127 9259 20
7127 7126 21
1085 1084 50
1166 1165 50
1210 938 50
1265 6232 50
1374 3091 50
1613 5374 50
1815 1814 50
2112 2184 50
2184 2183 42
2538 7507 50
2543 8831 50
8831 8832 13
3054 3053 50
3220 3219 50
3288 1103 50
3590 8157 50
3694 3695 50
3695 5520 9
3919 3920 50
3920 8016 36
3925 8654 50
3972 3548 50
4072 3645 50
3645 3369 2
3369 3370 23
3645 6571 45
3645 3646 49
3646 3647 20
4160 4159 50
4279 4280 50
4280 4281 36
4285 8381 50
8381 8382 24
8381 9902 26
8381 8380 33
4501 4502 50
4525 4526 50
4526 4527 43
4527 4528 7
4793 3716 50
3716 3715 5
5126 2436 50
2436 1773 32
1773 1774 48
5182 8455 50
5249 5925 50
5925 5926 4
5926 6394 3
5926 5927 15
6394 6393 34
5926 1213 46
1213 1212 22
5346 9998 50
5355 5354 50
5530 4991 50
4991 4523 40
4523 4522 24
4522 9875 5
9875 9874 29
5621 5620 50
5761 5815 50
5815 4429 27
4429 4428 6
4429 7561 33
7561 7560 16
7560 7559 3
7559 7558 38
5815 5814 44
5823 5824 50
5824 5825 13
5824 2408 46
2408 2407 48
2407 4401 12
2407 2103 23
4401 4402 43
2103 3185 49
5935 5934 50
6055 6054 50
6054 6053 45
6177 111 50
111 8325 21
8325 8326 32
6222 6223 50
6421 8966 50
8966 8967 39
6567 8933 50
6722 6721 50
6721 5614 22
6779 7577 50
7577 7578 9
7578 7579 19
7577 5113 44
5113 5114 4
5113 5112 21
7043 7042 50
7065 7066 50
7066 3652 43
7097 7096 50
8162 5267 50
8188 8189 50
8189 8886 4
8886 8550 15
8348 8347 50
8650 8651 50
8651 8652 31
8652 8653 29
8708 1954 50
1954 1953 23
8774 9351 50
8901 8902 50
8902 8903 35
8966 8965 50
9150 6452 50
6452 6715 1
6715 6714 5
6452 6453 19
9233 9232 50
9456 9455 50
9479 9478 50
9786 7915 50
6 5 51
172 173 51
289 288 51
288 287 33
287 286 19
286 285 5
290 2673 51
324 1339 51
1339 4430 12
4430 4431 35
4431 4432 50
4432 7621 25
7621 7620 6
7621 7622 41
426 425 51
451 450 51
688 4347 51
4347 470 21
707 706 51
706 705 24
705 704 31
704 4732 1
704 1418 5
858 5436 51
5436 7914 19
936 935 51
935 2862 31
959 8643 51
8643 8642 21
1165 1164 51
1210 7831 51
1304 1072 51
1072 1073 37
1465 3829 51
1469 1823 51
1823 3330 2
3330 9773 23
9773 9772 10
3330 3329 41
3329 3328 12
3329 6507 22
9772 8513 45
1534 175 51
175 176 2
175 9988 16
9988 9987 34
1765 1764 51
1764 1763 4
1763 3733 32
1763 3175 33
3175 3176 13
3175 3174 14
3733 3734 39
1763 7902 49
1840 1841 51
1841 1842 23
1842 1843 41
1843 1844 12
2093 8441 51
8441 8440 47
2526 7370 51
2822 2823 51
2823 3763 45
3763 3762 41
3762 3761 48
2869 2868 51
2905 2904 51
2904 2903 49
2981 3073 51
3422 6761 51
6761 5948 9
6761 6762 32
6761 6760 41
3523 517 51
517 518 16
3552 3553 51
3566 3567 51
3958 3957 51
3957 9048 19
9048 9049 14
9048 9047 15
4394 4393 51
4393 8681 10
4451 4452 51
4612 6795 51
6795 6796 6
4691 4690 51
4911 4910 51
4943 4942 51
4942 9344 36
9344 9345 3
4942 4941 42
9345 1483 49
5001 9525 51
5188 5189 51
5189 9436 45
9436 9435 27
5350 5349 51
5376 5377 51
5377 5378 47
5460 5459 51
5459 5458 20
5968 5967 51
5967 1206 20
6109 6108 51
6241 6242 51
6242 8329 10
8329 9697 8
9697 9698 2
6275 1430 51
1430 3933 4
1430 1431 16
6392 5568 51
6437 6438 51
6438 6439 27
6597 6596 51
6680 2613 51
2613 2612 21
6750 6749 51
6749 523 28
523 522 11
6749 6748 45
6748 6747 4
6747 6746 10
6747 6508 29
6796 6797 51
6797 6798 43
6917 6918 51
7158 7753 51
7196 2213 51
2213 2212 30
2212 7941 41
7941 7942 50
7942 7943 29
7461 7460 51
7616 7615 51
7615 7614 42
7614 9813 51
9813 9812 21
7844 7845 51
7925 7926 51
8028 8027 51
8037 244 51
244 243 28
8056 8057 51
8514 8515 51
8698 1824 51
8759 8758 51
9119 8738 51
9168 9169 51
9169 3901 36
9378 9379 51
9463 9462 51
9547 9546 51
9604 1614 51
1614 5044 18
5044 5043 35
5043 5042 25
9832 9831 51
9831 9830 28
9830 8638 4
8638 8637 36
9831 87 49
87 88 1
88 2449 34
2449 2448 24
2448 2447 31
9928 9927 51
20 21 52
91 9716 52
9716 9717 37
486 4857 52
4857 4858 23
4858 4859 37
916 917 52
917 4684 35
934 13 52
1141 1142 52
1580 7703 52
7703 7704 9
7704 7705 47
7705 4381 44
4381 4380 26
1845 1846 52
1914 1915 52
1915 1916 24
1915 5970 27
5970 5971 13
5970 5969 36
1927 1926 52
2000 6347 52
6347 2567 41
2102 5861 52
2125 6480 52
2313 2312 52
2312 5476 43
2330 2329 52
2339 2340 52
2340 574 18
574 575 41
2588 2587 52
2587 5123 16
5123 5122 33
2851 4025 52
2925 2924 52
2961 2962 52
2962 2963 38
2963 2964 15
3093 3092 52
3193 6045 52
6045 6046 17
3331 8748 52
3597 3598 52
3598 3599 19
4161 6384 52
4765 9783 52
4843 5951 52
5951 5952 14
4898 4899 52
4969 4970 52
5046 5045 52
5149 5148 52
5201 5202 52
5510 9896 52
5709 5710 52
6051 6052 52
6279 3832 52
6332 6333 52
6493 6494 52
6494 6495 24
6865 6864 52
6864 6863 20
6927 6928 52
6977 8247 52
8247 8246 17
7066 7067 52
7120 7119 52
7119 7118 23
7118 7117 12
7185 1756 52
1756 1755 1
7566 7565 52
7566 6098 52
7579 7580 52
7735 7736 52
7736 7737 17
7847 9200 52
8051 1286 52
8117 1322 52
8354 2974 52
8629 939 52
8847 7008 52
8979 8980 52
8980 8981 52
9179 7738 52
7738 7739 39
9799 9800 52
9859 2686 52
9879 8219 52
25 26 53
26 27 1
62 2491 53
171 5778 53
5778 5779 10
5779 5780 31
5780 5781 39
278 830 53
830 829 22
829 828 48
396 1008 53
608 607 53
622 621 53
647 2516 53
651 650 53
733 732 53
997 2689 53
2689 9708 2
1320 1321 53
1517 544 53
544 545 34
1595 3877 53
1774 1775 53
1823 1822 53
1886 1885 53
1960 4183 53
4183 2270 12
2012 1077 53
1077 6338 3
2103 1376 53
1376 1377 32
1377 1378 34
1378 4482 8
4482 4483 36
1376 1375 41
1377 3 52
2197 2198 53
2844 201 53
2972 2973 53
3012 3013 53
3013 6334 43
3018 7034 53
7034 7035 11
7034 7033 52
3090 3089 53
3090 8397 53
8397 8398 4
3191 3172 53
3482 3483 53
3483 3484 47
3484 767 52
3545 3943 53
3594 3595 53
3595 3596 46
3849 3848 53
3848 3539 44
4003 4004 53
4153 9534 53
9534 9535 38
9535 9536 41
4168 4167 53
4369 4368 53
4684 4685 53
4769 8934 53
8934 5039 37
8934 8935 39
8935 8936 12
4911 696 53
696 697 6
696 4102 11
697 5331 44
5331 5330 46
5330 5329 3
5329 5328 33
4102 4101 48
4961 4962 53
4962 4963 36
5096 5097 53
5169 5170 53
5258 5259 53
5268 5269 53
5269 6819 3
6819 6820 42
6820 6821 18
5322 5323 53
5344 3333 53
5440 4611 53
5897 5898 53
6150 6151 53
6151 6152 51
6152 6153 17
6153 6154 27
6265 6010 53
6010 6011 33
6011 7862 17
7862 7861 17
6408 6409 53
6409 6410 20
6430 6429 53
6429 6428 34
6633 3455 53
3455 3454 53
7129 1500 53
7437 7436 53
7583 7582 53
7582 7581 24
7818 5154 53
5154 5155 39
7980 5699 53
8480 8479 53
8479 8478 35
8550 8551 53
8551 8552 44
8690 5685 53
8866 8867 53
9025 9024 53
9427 9426 53
9426 9425 35
9478 5957 53
71 70 54
70 69 48
69 3649 1
69 68 12
3649 3650 22
68 7697 34
7697 7696 9
7696 7695 14
7697 7698 53
7698 7699 42
7699 5660 7
5660 3892 14
128 7877 54
259 4070 54
547 546 54
546 4860 45
4860 4861 16
4860 5663 25
5663 5664 21
4861 4862 53
873 6811 54
6811 6810 11
6810 6809 10
1224 1223 54
1246 529 54
1247 1248 54
1326 8032 54
1381 1382 54
1382 1383 37
1382 3820 43
1383 2139 44
2139 2140 39
3820 3819 47
1498 1507 54
1507 1506 34
1835 1834 54
1834 9280 25
9280 9279 14
9279 9278 7
2228 8270 54
2398 2399 54
2399 2400 8
2507 2508 54
2558 5515 54
5515 5514 11
5514 1372 23
1372 1373 17
1372 1371 52
2910 2909 54
2909 2908 24
3086 3085 54
3085 3421 45
3421 3420 17
3420 9810 48
9810 9809 26
3120 817 54
817 816 20
3233 3234 54
3264 3265 54
3265 780 38
3556 5831 54
3767 3768 54
3938 3937 54
3937 3936 48
3976 3975 54
4006 4005 54
4443 4444 54
4748 4747 54
4815 4814 54
4814 6890 30
4828 4829 54
4829 4830 50
4893 4894 54
4894 4895 50
4940 677 54
5238 5237 54
5257 5256 54
5481 5480 54
5645 7593 54
5798 7666 54
7666 7665 31
6180 6179 54
6252 6251 54
6460 3617 54
6504 6505 54
6505 6506 13
6967 6966 54
7427 7426 54
7626 7627 54
7951 7950 54
7953 7954 54
8141 8140 54
8802 8801 54
9012 9013 54
9017 3718 54
3718 1150 37
1150 9003 13
9153 6667 54
9183 4049 54
4049 6690 40
6690 6691 7
4049 7145 41
7145 7146 42
7146 7147 27
7146 8288 27
9434 9433 54
9433 9432 2
9432 9431 32
9747 9748 54
9748 9749 45
9981 628 54
799 800 55
800 6698 18
6698 6699 2
6699 6700 8
6698 5577 48
882 881 55
881 260 46
992 993 55
1066 9156 55
9156 9155 18
9155 9154 28
1509 5525 55
5525 5526 39
1685 6372 55
6372 7110 1
1811 1810 55
1871 3509 55
3509 3508 6
3509 7254 22
2142 8611 55
2206 6056 55
2229 1482 55
1482 1481 48
1481 1480 6
2352 3853 55
3853 3852 37
2540 2541 55
2593 3835 55
2724 2723 55
2865 2866 55
2884 5796 55
5796 5795 30
5795 5794 37
2967 5732 55
3106 3560 55
3158 3159 55
3571 3572 55
3572 4589 21
4589 4590 49
4589 4588 50
4173 4172 55
4172 4171 45
4171 4170 18
4179 8384 55
8384 8385 40
8385 8386 4
8386 8387 38
4760 4759 55
4759 4758 49
5075 5074 55
5076 5077 55
5155 6575 55
6575 6574 16
6575 6576 19
5272 5273 55
5297 5296 55
5420 3340 55
3340 3341 8
5505 5504 55
5550 5549 55
5787 5786 55
5786 9804 27
5830 6724 55
6724 6723 47
6529 6684 55
6540 6541 55
6541 6542 29
6542 6543 20
6764 6763 55
6989 700 55
7254 7253 55
7253 9720 42
9720 9721 10
9720 9719 12
9719 9718 31
7287 7786 55
7396 2216 55
2216 2217 24
7570 7569 55
8537 3728 55
8669 3110 55
8884 8885 55
8913 9561 55
9052 3184 55
9071 6963 55
9516 9515 55
9525 9526 55
9526 9527 31
9527 9528 50
9670 1985 55
9817 9816 55
5 6705 56
69 3883 56
90 7486 56
140 139 56
190 191 56
676 675 56
675 6173 4
952 3342 56
3342 4129 40
4129 4130 24
1244 5050 56
1379 9661 56
9661 9660 34
1951 9861 56
9861 9862 13
9862 9863 39
2377 2130 56
2130 2129 46
2129 2128 30
3116 4985 56
3243 895 56
3255 3254 56
3613 3614 56
3770 3771 56
3771 5107 13
5107 5106 24
3957 3956 56
4020 3368 56
4077 4078 56
4337 2788 56
2788 2986 11
4789 3955 56
5054 5053 56
5486 5485 56
5485 2435 53
5770 5769 56
5769 5768 21
5879 5880 56
5880 5881 8
5910 5909 56
5909 5908 33
5915 5916 56
6110 6111 56
6111 8096 23
6381 6382 56
6533 3308 56
3308 3309 26
3309 3310 19
6558 6559 56
6580 6581 56
6581 6582 33
6739 6740 56
6740 5463 5
5463 5464 9
5463 5462 17
6740 6741 33
6741 1875 20
1875 1874 50
6802 4548 56
7678 7679 56
7679 483 30
7740 2135 56
7838 7839 56
7839 7840 53
8240 8241 56
8366 8367 56
8460 8459 56
8459 8458 30
8667 9296 56
8792 8793 56
8817 8816 56
8816 463 11
463 464 54
464 1933 53
1933 1934 51
8938 8939 56
9024 3549 56
9097 9098 56
9329 6106 56
6106 6107 53
9337 6697 56
6697 6696 40
6696 1429 24
9428 1075 56
1075 1076 33
463 2384 57
674 5365 57
728 182 57
182 5321 33
5321 5320 28
5320 5319 30
833 3659 57
843 844 57
941 942 57
942 943 8
1519 6303 57
6303 6304 36
1627 1626 57
1733 1732 57
1739 1738 57
1738 4576 6
2146 7944 57
2506 3844 57
2617 8808 57
8808 8809 30
2785 3994 57
3005 3656 57
3113 8526 57
3235 2376 57
3484 3485 57
3485 3486 25
3509 7199 57
7199 7198 49
3535 3536 57
3824 2015 57
3901 3900 57
3978 2800 57
2800 2801 27
2801 2802 7
4048 6440 57
4060 4059 57
4059 4058 29
4058 4057 21
4150 4151 57
4151 8421 39
8421 8422 43
8422 8423 9
4151 4152 57
4252 4253 57
4310 4309 57
4309 4308 41
4646 4647 57
4647 2457 12
4765 4766 57
5161 5162 57
5260 5261 57
5332 5767 57
5791 5790 57
6638 6637 57
6637 6636 13
6676 6675 57
7026 8865 57
7051 7052 57
7052 3803 22
7716 3188 57
3188 3187 11
7747 7748 57
7748 7749 10
7979 7477 57
7477 7476 1
8193 8194 57
8565 8566 57
8753 921 57
9006 9007 57
9787 5179 57
9872 9873 57
9873 4503 36
9925 9926 57
31 32 58
93 92 58
146 147 58
147 7330 23
7330 7329 46
7329 7328 38
365 5293 58
5293 5294 4
1578 3880 58
1759 1760 58
1760 1761 34
1794 1793 58
1793 1792 43
2447 2446 58
2446 2445 9
2446 4075 27
4075 4074 47
4074 4073 15
2489 2490 58
2567 3813 58
3813 3814 17
2897 3077 58
3026 3025 58
3185 3186 58
3244 3245 58
3340 5638 58
3376 3375 58
3375 1384 32
1384 3538 43
3538 3537 11
3508 5900 58
3509 3510 58
3510 3511 3
3615 3616 58
3731 3732 58
3732 5147 28
3762 8991 58
8991 8990 52
3872 3873 58
4006 4007 58
4056 4055 58
4055 5435 11
4055 4054 19
4639 3350 58
3350 3349 33
4688 4689 58
4924 3260 58
3260 3261 43
3261 8058 23
3261 3262 38
3262 3263 7
5120 5121 58
5231 5232 58
5232 5233 13
5233 5234 2
5541 5542 58
6673 6674 58
7058 5998 58
7261 7260 58
7487 7488 58
7666 7667 58
7667 6938 9
7667 7668 14
6938 6937 58
6937 6936 17
7971 6258 58
8033 8034 58
8178 4514 58
8267 8268 58
8341 5146 58
8439 8438 58
8647 6346 58
9126 9127 58
9192 9045 58
9045 9046 47
9492 9493 58
9837 9836 58
9882 5442 58
5442 5441 38
9896 9895 58
14 15 59
15 16 3
350 349 59
349 348 22
348 685 41
349 4659 50
354 8705 59
370 8562 59
499 498 59
912 911 59
911 2036 7
971 6547 59
6547 2514 12
6547 6546 18
2514 2513 21
1083 4296 59
1144 6931 59
1270 1271 59
1730 1731 59
1775 1776 59
1874 8511 59
1985 3928 59
2042 2041 59
2054 6736 59
2146 6305 59
2177 2178 59
2178 2179 44
2582 2583 59
2644 3144 59
2723 2728 59
3072 3071 59
3110 5302 59
3350 3351 59
3409 3410 59
3410 3411 37
4012 5366 59
4066 4067 59
4352 4351 59
4358 7105 59
7105 7104 49
4480 4479 59
4479 9869 50
4652 4651 59
4651 4650 59
4771 251 59
251 250 2
4830 4831 59
5077 5078 59
5078 5079 22
5102 5103 59
5124 6415 59
6415 6416 31
6416 6417 46
6417 6418 17
6418 6419 45
5247 9929 59
9929 9930 21
9930 9931 32
9931 9932 17
5389 5390 59
5892 5891 59
5891 5890 49
6049 6048 59
6060 6059 59
6169 6168 59
6266 6267 59
6324 6323 59
6562 6561 59
6561 6560 38
6964 4433 59
7362 7361 59
7361 7360 33
7360 7359 10
7690 7689 59
7758 7759 59
7880 6974 59
8048 8049 59
8049 8050 28
8223 9909 59
8270 8269 59
8269 2568 2
8304 8303 59
8330 1477 59
1477 1476 53
1476 1475 30
8451 8450 59
8639 2322 59
8679 8680 59
8910 8909 59
9130 9129 59
9129 9128 37
9136 9137 59
9236 9237 59
9304 9305 59
9305 9306 28
9306 9307 31
9307 9308 2
9308 9309 27
9535 2719 59
9594 7012 59
7012 7011 16
7012 7013 26
7013 7014 30
9761 9762 59
9804 9803 59
137 136 60
151 8097 60
371 372 60
372 373 58
397 9177 60
493 492 60
570 8531 60
1064 3672 60
1219 9868 60
1220 1221 60
1410 4422 60
4422 4423 58
1451 1452 60
1911 6354 60
6354 6353 53
1924 1923 60
1981 1982 60
2108 9908 60
2664 7908 60
2689 9530 60
9530 9529 26
2823 2824 60
2956 2955 60
3102 3352 60
3352 3353 18
3353 2629 10
3410 8875 60
8875 8876 40
3446 3447 60
3447 3448 15
3448 3449 50
3947 3948 60
3948 3949 32
3949 977 32
4016 4015 60
4015 4014 20
4195 8252 60
8252 8251 35
4236 4237 60
4237 174 17
4302 4301 60
4301 995 38
995 996 20
4781 4488 60
5073 8584 60
8584 8585 26
5392 8631 60
8631 8632 28
5878 4146 60
6455 6454 60
6587 6586 60
6655 6656 60
6753 481 60
481 482 14
7026 7025 60
7428 7429 60
7429 7430 17
7430 6939 28
7667 7927 60
7927 7928 42
8368 2935 60
8419 8420 60
8505 8184 60
8184 8183 57
8602 8601 60
8601 7416 28
7416 7415 3
8601 8600 60
9269 8863 60
8863 8864 40
9381 9380 60
9502 9501 60
100 101 61
101 102 29
233 8842 61
8842 8843 7
8843 8844 59
919 920 61
1069 1068 61
1133 5443 61
1629 1628 61
1661 3066 61
1700 1701 61
1955 1956 61
1973 1972 61
2075 5080 61
2086 2087 61
2087 2088 46
2088 4708 14
4708 4707 16
4707 4706 56
2543 2542 61
2871 7974 61
3154 8293 61
3392 4403 61
3911 3910 61
3910 3909 41
3909 3908 9
3908 8402 54
4003 603 61
603 604 57
4011 8772 61
8772 8771 2
4183 4184 61
4184 2943 31
4409 4600 61
4442 4441 61
4720 9522 61
4970 3663 61
3663 3662 21
3663 3664 21
3664 3665 37
5022 5023 61
5803 5802 61
5802 5801 21
6091 6090 61
6309 6308 61
6308 6307 30
6307 6442 59
6442 6441 14
6338 6339 61
6517 6516 61
6516 6515 32
6515 6514 43
6901 2927 61
7609 7608 61
7608 7607 7
7765 7764 61
7768 7769 61
8246 8245 61
8245 8244 2
8288 8287 61
8306 6047 61
8376 8377 61
8741 8742 61
9203 9204 61
9262 9263 61
9263 9264 32
9264 3132 5
9264 9265 54
3132 3133 55
9516 2985 61
9812 9811 61
9811 2149 24
124 123 62
452 453 62
486 6794 62
530 2423 62
678 679 62
679 680 55
927 5432 62
1346 1345 62
1461 1460 62
1643 1634 62
1925 6458 62
1964 1963 62
2282 2283 62
2283 2284 34
2700 5449 62
4093 5334 62
4160 8116 62
8116 8115 37
4406 3001 62
4784 4783 62
4783 4782 17
4967 4968 62
5146 5145 62
5181 8964 62
5388 5387 62
5717 5716 62
5739 5740 62
5943 5944 62
6353 6352 62
6352 2995 3
6477 7727 62
6499 6498 62
6983 1637 62
7020 5318 62
7023 7022 62
7255 7256 62
7500 7501 62
7501 7502 13
7502 5286 46
5286 5287 62
5287 5288 46
5288 8644 31
5288 5289 36
7691 2807 62
2807 2806 20
2806 2805 28
7710 515 62
8996 7693 62
7693 7694 23
9001 9000 62
9440 9439 62
9439 9438 52
9438 9437 29
9854 9855 62
9855 9856 11
9918 9917 62
9917 9586 37
491 1859 63
657 656 63
1066 1067 63
1403 1404 63
2074 2073 63
2077 4662 63
2564 2563 63
2616 2615 63
2865 8676 63
3228 3229 63
3260 6812 63
6812 6813 53
3801 3800 63
3933 3932 63
4445 4446 63
4902 4903 63
4903 4324 21
4324 1033 58
4903 2364 58
4922 4921 63
4921 4920 53
5729 5728 63
5728 5727 10
5811 5812 63
5812 5813 33
5813 6986 52
6015 9218 63
9218 9219 4
9219 1034 40
6020 5406 63
5406 5407 19
6361 2421 63
2421 2422 55
6421 6420 63
6663 7587 63
7587 7586 2
7587 7588 16
6888 8169 63
8169 8168 58
8168 8167 53
8167 8166 52
7087 7086 63
7086 7085 60
7112 7830 63
7447 7446 63
7498 7497 63
7802 7803 63
8349 7153 63
8647 3163 63
3163 3162 9
3163 3164 11
3162 3161 16
3164 3165 41
8974 8975 63
8975 8976 49
9046 2892 63
76 75 64
558 7392 64
1058 1059 64
1240 1239 64
1239 1238 56
1705 1704 64
1719 1718 64
1718 1717 43
1740 9699 64
3673 3934 64
3747 3746 64
4100 4391 64
4391 4392 12
4540 4541 64
4541 4542 21
5042 5041 64
5145 5144 64
5988 5987 64
6625 6624 64
6915 6345 64
6345 6344 2
7189 7188 64
7188 7187 17
7187 3608 19
7215 1233 64
1233 1232 27
7653 7654 64
7812 7811 64
8016 8015 64
8525 8524 64
9116 9117 64
9289 5820 64
5820 5821 44
9327 501 64
9913 9912 64
717 718 65
781 782 65
1477 1478 65
2043 2494 65
2449 2450 65
2499 2498 65
2498 8678 26
2498 2497 46
3439 3438 65
4320 4319 65
4319 4318 16
4333 4334 65
4334 4335 19
4695 4731 65
4866 7648 65
5041 5040 65
5116 4876 65
5156 5157 65
5157 5158 58
5568 5569 65
5613 5612 65
5612 5611 47
5895 5894 65
6190 6189 65
6189 6188 34
6188 1940 39
1940 1714 30
1714 1715 26
6375 6374 65
6374 6373 4
6462 2849 65
2849 2850 40
7145 7144 65
7685 1366 65
8040 8041 65
8357 8358 65
8476 8768 65
8771 8770 65
8770 8769 32
9021 9022 65
9022 9023 4
9391 9162 65
9162 9161 12
9502 9503 65
405 404 66
415 7909 66
7909 7401 46
733 2138 66
2075 2076 66
2367 1193 66
2746 2747 66
2811 2485 66
2485 8324 21
3009 3008 66
3008 3007 19
3499 3498 66
3498 3497 42
3526 3431 66
3431 3432 20
3527 9239 66
3527 5976 66
3581 3580 66
3857 3858 66
3868 8707 66
4012 4013 66
4368 4367 66
4367 4366 31
5251 5250 66
5683 5682 66
5772 1675 66
6243 8021 66
6761 3542 66
6790 2394 66
2394 1090 5
6803 6804 66
6804 6805 55
6993 6992 66
7844 6729 66
7847 7846 66
7854 7853 66
7948 7949 66
8169 8170 66
8511 8510 66
8510 8509 66
8534 4856 66
4856 4855 31
4855 4854 10
8554 8555 66
8555 8556 25
9200 9201 66
9552 9551 66
9551 9550 54
1277 1278 67
1767 1850 67
2329 2328 67
4460 4461 67
4775 8851 67
8851 8850 23
8851 8852 59
4970 4971 67
5616 5617 67
7057 7056 67
7092 7093 67
7140 7141 67
8258 8257 67
8257 9653 4
8257 8256 16
8425 8424 67
9018 9019 67
9072 3921 67
9106 1002 67
9311 9310 67
9357 9356 67
9475 9476 67
9759 9760 67
9760 9731 66
2026 2025 68
2359 9531 68
2815 2814 68
2881 2880 68
3322 6370 68
6370 6371 10
3459 3460 68
3460 3461 56
4535 4534 68
4988 4989 68
5162 5163 68
5163 5164 61
5293 5292 68
5294 5295 68
5419 7576 68
5677 5676 68
5801 5800 68
5800 5799 42
6339 6340 68
6460 6459 68
7050 2114 68
2114 2113 13
2114 2115 38
2113 9870 54
7077 7076 68
7140 8686 68
7471 7472 68
7472 7473 46
7902 7901 68
7901 7900 25
7900 8677 17
8008 8009 68
8137 8136 68
8551 2037 68
8640 4211 68
8744 8745 68
8903 8101 68
8101 8100 9
9017 5696 68
9230 9231 68
9397 7225 68
7225 7226 58
7226 7227 20
9447 8059 68
9594 2131 68
680 4339 69
4339 4340 39
854 853 69
853 5473 8
5473 5474 38
931 1986 69
1986 2614 24
1322 1323 69
1741 1489 69
1993 1994 69
1994 1995 28
2785 2786 69
2786 2787 34
2980 2979 69
2979 2978 25
3259 3223 69
3223 3222 25
4373 4374 69
4878 4877 69
4995 4996 69
5128 5127 69
5866 5867 69
6016 6017 69
6017 8829 15
6890 6889 69
7467 7466 69
7530 7531 69
8087 1636 69
1636 1635 8
8443 8442 69
8621 8622 69
9321 9322 69
9853 7481 69
7481 7480 26
123 122 70
138 3979 70
3979 3980 14
3980 3981 7
3980 1028 45
1028 1029 21
296 6643 70
6643 6644 65
6644 6645 16
622 623 70
907 906 70
2570 2571 70
4135 4136 70
4385 4386 70
4386 4387 63
4409 4408 70
4773 4774 70
4774 4434 2
4774 905 70
4833 9138 70
9138 9139 28
5469 5468 70
6083 6082 70
6710 4083 70
4083 41 18
4083 4082 20
4082 4081 32
7005 7004 70
7004 7003 24
7272 8993 70
8193 5986 70
9506 9505 70
9711 9710 70
9753 9752 70
897 896 71
1161 1162 71
1531 9746 71
2575 3002 71
3002 3003 50
3784 3783 71
3783 3782 24
3936 3935 71
4484 4485 71
4912 4913 71
5449 5448 71
6198 6199 71
6199 6200 58
6337 5457 71
6651 6652 71
6717 8312 71
8312 8313 23
6787 6788 71
6817 6816 71
6910 6909 71
6931 6932 71
7357 1391 71
1391 1392 26
1391 1390 56
7425 7424 71
7424 7423 51
8375 5093 71
5093 5094 21
8381 3830 71
8702 8701 71
9104 4710 71
4710 4711 40
9690 9689 71
9689 9688 46
540 541 72
2418 2419 72
2764 8700 72
2917 2918 72
2979 8711 72
3402 3401 72
3401 3400 10
3400 3399 14
4034 4035 72
4035 4036 58
4307 4306 72
4485 4486 72
4486 4487 43
4772 9355 72
4887 4888 72
5201 5200 72
5354 5353 72
5392 5391 72
5774 5773 72
6442 6443 72
7142 7143 72
8583 8582 72
8582 8581 53
8581 8580 3
8663 8664 72
8870 8869 72
8869 5490 48
9001 538 72
9269 9268 72
9829 9828 72
213 2159 73
1364 1257 73
1257 1258 13
1422 1421 73
1421 1420 36
1600 1599 73
1599 1598 21
2031 2701 73
2136 2137 73
3097 3096 73
3720 3721 73
6177 6176 73
7207 7206 73
8178 8177 73
8177 8176 48
8580 8579 73
9158 9159 73
9373 9372 73
9817 9818 73
9818 9819 47
9819 9820 57
525 524 74
1118 1117 74
1418 1417 74
3229 3230 74
3410 8982 74
4183 4182 74
4371 4372 74
5556 5557 74
5557 5558 59
5558 5559 17
5761 5760 74
6301 6300 74
6619 6618 74
7518 7519 74
8651 9317 74
8775 8776 74
8776 8777 54
9009 9008 74
9612 9611 74
9611 9610 36
42 3573 75
3573 5553 20
543 542 75
1223 1222 75
1646 1645 75
1822 2243 75
3211 3210 75
3210 9488 30
3687 3688 75
4025 4026 75
4029 4028 75
4028 4027 44
4148 4147 75
4263 4264 75
4956 2455 75
2455 2456 12
2455 2454 19
4996 4997 75
5366 5367 75
5730 5731 75
6413 6414 75
6813 6814 75
7084 7083 75
7352 7353 75
7353 7354 57
7442 7441 75
7871 7870 75
8042 8043 75
8260 8261 75
691 1457 76
1973 8031 76
6713 6712 76
8226 8073 76
8073 8072 55
8734 8733 76
8840 8841 76
9324 9346 76
9508 1991 76
1991 1992 12
1017 1676 77
1390 1389 77
2056 2057 77
3086 3087 77
3087 3088 71
3493 3492 77
4111 4112 77
5753 7596 77
5935 5936 77
6080 6081 77
6312 3348 77
7439 7440 77
7504 7503 77
7701 7700 77
8456 8457 77
1685 8006 78
8006 8005 51
1848 1847 78
2419 2729 78
2901 731 78
2988 2987 78
3398 3397 78
3397 3396 48
3832 3833 78
4197 4198 78
4488 4489 78
4489 4490 7
4910 4909 78
5211 5210 78
6835 6632 78
7419 7420 78
7420 7421 59
7421 7422 12
7864 7863 78
8231 8232 78
8390 8389 78
8389 8388 64
8461 8462 78
9778 9777 78
2082 2083 79
2761 2760 79
5002 9401 79
9401 9402 50
8059 8060 79
8060 8061 9
8486 8487 79
1225 216 80
3392 3391 80
3391 3390 53
3709 3708 80
3838 3839 80
4088 4089 80
4213 3307 80
4289 4290 80
4290 4291 3
4322 4323 80
4734 4735 80
5455 5454 80
8984 8983 80
9567 9568 80
9575 9576 80
9597 6920 80
6920 6919 48
558 557 81
1366 1365 81
1420 1419 81
1933 5718 81
2401 1279 81
5421 5422 81
5892 5893 81
6901 6902 81
7743 7744 81
9559 9558 81
9558 9557 47
1212 1211 82
1341 1342 82
3274 8494 82
4480 8815 82
8815 8814 7
8814 8813 72
4519 4518 82
5261 5262 82
6180 6181 82
6181 6182 63
6960 6959 82
8291 7730 82
8931 8932 82
9076 9077 82
9200 9199 82
1659 1019 83
4790 4791 83
5141 5142 83
5340 5341 83
8869 8868 83
9094 9095 83
9612 5109 83
1751 1750 84
1933 1932 84
2064 2063 84
3809 3810 84
4291 4292 84
4627 4628 84
5325 5326 84
5563 5564 84
5640 5639 84
6758 6759 84
8361 8362 84
8362 8363 16
8363 8364 78
8625 8626 84
9775 9774 84
1548 1301 85
2023 2024 85
2174 2173 85
2173 2998 61
2258 2257 85
3250 3251 85
8593 8594 85
9561 9560 85
9856 9857 85
9857 9858 65
303 9835 86
481 480 86
1325 1324 86
2721 6125 86
6125 6126 64
6126 6127 21
3249 3248 86
5661 5662 86
6676 6677 86
6868 4069 86
8321 5310 86
8793 8794 86
423 424 87
557 556 87
602 1651 87
1651 1652 40
3113 3112 87
3112 3111 22
3147 3148 87
4492 4491 87
8130 8131 87
9932 9933 87
9933 9934 35
1650 1649 88
1940 1941 88
6173 6174 88
6174 6175 72
2270 2271 89
2271 2272 42
4266 4265 89
4725 4726 89
4726 239 69
7319 7320 89
8031 8030 89
8252 8253 89
9372 9371 89
3586 3585 90
3585 3584 33
5606 5607 90
7220 7219 90
9938 9939 90
1512 1511 91
2998 2997 91
4758 4757 91
5423 5424 91
6553 6554 91
6554 6555 70
6555 6556 45
7792 7791 91
7791 9524 33
8721 8722 91
8722 8723 48
2467 2466 92
2466 2465 70
3880 3879 92
5986 5985 92
5985 5984 12
1006 1007 93
2597 2598 93
3174 3173 93
6488 3532 93
6510 6511 93
605 606 94
2880 2879 94
7291 7292 94
7 8 95
5109 5108 97
1829 1830 99
7083 7082 99
Total MST weight: 279085
Execution time: 8023.45 ms
