Algorithm: Bellman-Ford
Source: 0
Vertex Distance
0 0
1 -2
2 1
3 2
4 5
5 2
6 0
7 3
8 4
9 7
10 4
11 2
12 5
13 6
14 9
15 6
16 4
17 7
18 8
19 11
20 8
21 6
22 9
23 10
24 13
25 10
26 8
27 11
28 12
29 15
30 12
31 10
32 13
33 14
34 17
35 14
36 12
37 15
38 16
39 19
40 16
41 14
42 17
43 18
44 21
45 18
46 16
47 19
48 20
49 23
50 20
51 18
52 21
53 22
54 25
55 22
56 20
57 23
58 24
59 27
60 24
61 22
62 25
63 26
64 29
65 26
66 24
67 27
68 28
69 31
70 28
71 26
72 29
73 30
74 33
75 30
76 28
77 31
78 32
79 35
80 32
81 30
82 33
83 34
84 37
85 34
86 32
87 35
88 36
89 39
90 36
91 34
92 37
93 38
94 41
95 38
96 36
97 39
98 40
99 43
100 40
101 38
102 41
103 42
104 45
105 42
106 40
107 43
108 44
109 47
110 44
111 42
112 45
113 46
114 49
115 46
116 44
117 47
118 48
119 51
120 48
121 46
122 49
123 50
124 53
125 50
126 48
127 51
128 52
129 55
130 52
131 50
132 53
133 54
134 57
135 54
136 52
137 55
138 56
139 59
140 56
141 54
142 57
143 58
144 61
145 58
146 56
147 59
148 60
149 63
150 60
151 58
152 61
153 62
154 65
155 62
156 60
157 63
158 64
159 67
160 64
161 62
162 65
163 66
164 69
165 66
166 64
167 67
168 68
169 71
170 68
171 66
172 69
173 70
174 73
175 70
176 68
177 71
178 72
179 75
180 72
181 70
182 73
183 74
184 77
185 74
186 72
187 75
188 76
189 79
190 76
191 74
192 77
193 78
194 81
195 78
196 76
197 79
198 80
199 83
200 80
201 78
202 81
203 82
204 85
205 82
206 80
207 83
208 84
209 87
210 84
211 82
212 85
213 86
214 89
215 86
216 84
217 87
218 88
219 91
220 88
221 86
222 89
223 90
224 93
225 90
226 88
227 91
228 92
229 95
230 92
231 90
232 93
233 94
234 97
235 94
236 92
237 95
238 96
239 99
240 96
241 94
242 97
243 98
244 101
245 98
246 96
247 99
248 100
249 103
250 100
251 98
252 101
253 102
254 105
255 102
256 100
257 103
258 104
259 107
260 104
261 102
262 105
263 106
264 109
265 106
266 104
267 107
268 108
269 111
270 108
271 106
272 109
273 110
274 113
275 110
276 108
277 111
278 112
279 115
280 112
281 110
282 113
283 114
284 117
285 114
286 112
287 115
288 116
289 119
290 116
291 114
292 117
293 118
294 121
295 118
296 116
297 119
298 120
299 123
300 120
301 118
302 121
303 122
304 125
305 122
306 120
307 123
308 124
309 127
310 124
311 122
312 125
313 126
314 129
315 126
316 124
317 127
318 128
319 131
320 128
321 126
322 129
323 130
324 133
325 130
326 128
327 131
328 132
329 135
330 132
331 130
332 133
333 134
334 137
335 134
336 132
337 135
338 136
339 139
340 136
341 134
342 137
343 138
344 141
345 138
346 136
347 139
348 140
349 143
350 140
351 138
352 141
353 142
354 145
355 142
356 140
357 143
358 144
359 147
360 144
361 142
362 145
363 146
364 149
365 146
366 144
367 147
368 148
369 151
370 148
371 146
372 149
373 150
374 153
375 150
376 148
377 151
378 152
379 155
380 152
381 150
382 153
383 154
384 157
385 154
386 152
387 155
388 156
389 159
390 156
391 154
392 157
393 158
394 161
395 158
396 156
397 159
398 160
399 163
400 160
401 158
402 161
403 162
404 165
405 162
406 160
407 163
408 164
409 167
410 164
411 162
412 165
413 166
414 169
415 166
416 164
417 167
418 168
419 171
420 168
421 166
422 169
423 170
424 173
425 170
426 168
427 171
428 172
429 175
430 172
431 170
432 173
433 174
434 177
435 174
436 172
437 175
438 176
439 179
440 176
441 174
442 177
443 178
444 181
445 178
446 176
447 179
448 180
449 183
450 180
451 178
452 181
453 182
454 185
455 182
456 180
457 183
458 184
459 187
460 184
461 182
462 185
463 186
464 189
465 186
466 184
467 187
468 188
469 191
470 188
471 186
472 189
473 190
474 193
475 190
476 188
477 191
478 192
479 195
480 192
481 190
482 193
483 194
484 197
485 194
486 192
487 195
488 196
489 199
490 196
491 194
492 197
493 198
494 201
495 198
496 196
497 199
498 200
499 203
500 200
501 198
502 201
503 202
504 205
505 202
506 200
507 203
508 204
509 207
510 204
511 202
512 205
513 206
514 209
515 206
516 204
517 207
518 208
519 211
520 208
521 206
522 209
523 210
524 213
525 210
526 208
527 211
528 212
529 215
530 212
531 210
532 213
533 214
534 217
535 214
536 212
537 215
538 216
539 219
540 216
541 214
542 217
543 218
544 221
545 218
546 216
547 219
548 220
549 223
550 220
551 218
552 221
553 222
554 225
555 222
556 220
557 223
558 224
559 227
560 224
561 222
562 225
563 226
564 229
565 226
566 224
567 227
568 228
569 231
570 228
571 226
572 229
573 230
574 233
575 230
576 228
577 231
578 232
579 235
580 232
581 230
582 233
583 234
584 237
585 234
586 232
587 235
588 236
589 239
590 236
591 234
592 237
593 238
594 241
595 238
596 236
597 239
598 240
599 243
600 240
601 238
602 241
603 242
604 245
605 242
606 240
607 243
608 244
609 247
610 244
611 242
612 245
613 246
614 249
615 246
616 244
617 247
618 248
619 251
620 248
621 246
622 249
623 250
624 253
625 250
626 248
627 251
628 252
629 255
630 252
631 250
632 253
633 254
634 257
635 254
636 252
637 255
638 256
639 259
640 256
641 254
642 257
643 258
644 261
645 258
646 256
647 259
648 260
649 263
650 260
651 258
652 261
653 262
654 265
655 262
656 260
657 263
658 264
659 267
660 264
661 262
662 265
663 266
664 269
665 266
666 264
667 267
668 268
669 271
670 268
671 266
672 269
673 270
674 273
675 270
676 268
677 271
678 272
679 275
680 272
681 270
682 273
683 274
684 277
685 274
686 272
687 275
688 276
689 279
690 276
691 274
692 277
693 278
694 281
695 278
696 276
697 279
698 280
699 283
700 280
701 278
702 281
703 282
704 285
705 282
706 280
707 283
708 284
709 287
710 284
711 282
712 285
713 286
714 289
715 286
716 284
717 287
718 288
719 291
720 288
721 286
722 289
723 290
724 293
725 290
726 288
727 291
728 292
729 295
730 292
731 290
732 293
733 294
734 297
735 294
736 292
737 295
738 296
739 299
740 296
741 294
742 297
743 298
744 301
745 298
746 296
747 299
748 300
749 303
750 300
751 298
752 301
753 302
754 305
755 302
756 300
757 303
758 304
759 307
760 304
761 302
762 305
763 306
764 309
765 306
766 304
767 307
768 308
769 311
770 308
771 306
772 309
773 310
774 313
775 310
776 308
777 311
778 312
779 315
780 312
781 310
782 313
783 314
784 317
785 314
786 312
787 315
788 316
789 319
790 316
791 314
792 317
793 318
794 321
795 318
796 316
797 319
798 320
799 323
800 320
801 318
802 321
803 322
804 325
805 322
806 320
807 323
808 324
809 327
810 324
811 322
812 325
813 326
814 329
815 326
816 324
817 327
818 328
819 331
820 328
821 326
822 329
823 330
824 333
825 330
826 328
827 331
828 332
829 335
830 332
831 330
832 333
833 334
834 337
835 334
836 332
837 335
838 336
839 339
840 336
841 334
842 337
843 338
844 341
845 338
846 336
847 339
848 340
849 343
850 340
851 338
852 341
853 342
854 345
855 342
856 340
857 343
858 344
859 347
860 344
861 342
862 345
863 346
864 349
865 346
866 344
867 347
868 348
869 351
870 348
871 346
872 349
873 350
874 353
875 350
876 348
877 351
878 352
879 355
880 352
881 350
882 353
883 354
884 357
885 354
886 352
887 355
888 356
889 359
890 356
891 354
892 357
893 358
894 361
895 358
896 356
897 359
898 360
899 363
900 360
901 358
902 361
903 362
904 365
905 362
906 360
907 363
908 364
909 367
910 364
911 362
912 365
913 366
914 369
915 366
916 364
917 367
918 368
919 371
920 368
921 366
922 369
923 370
924 373
925 370
926 368
927 371
928 372
929 375
930 372
931 370
932 373
933 374
934 377
935 374
936 372
937 375
938 376
939 379
940 376
941 374
942 377
943 378
944 381
945 378
946 376
947 379
948 380
949 383
950 380
951 378
952 381
953 382
954 385
955 382
956 380
957 383
958 384
959 387
960 384
961 382
962 385
963 386
964 389
965 386
966 384
967 387
968 388
969 391
970 388
971 386
972 389
973 390
974 393
975 390
976 388
977 391
978 392
979 395
980 392
981 390
982 393
983 394
984 397
985 394
986 392
987 395
988 396
989 399
990 396
991 394
992 397
993 398
994 401
995 398
996 396
997 399
998 400
999 403
1000 400
1001 398
1002 401
1003 402
1004 405
1005 402
1006 400
1007 403
1008 404
1009 407
1010 404
1011 402
1012 405
1013 406
1014 409
1015 406
1016 404
1017 407
1018 408
1019 411
1020 408
1021 406
1022 409
1023 410
1024 413
1025 410
1026 408
1027 411
1028 412
1029 415
1030 412
1031 410
1032 413
1033 414
1034 417
1035 414
1036 412
1037 415
1038 416
1039 419
1040 416
1041 414
1042 417
1043 418
1044 421
1045 418
1046 416
1047 419
1048 420
1049 423
1050 420
1051 418
1052 421
1053 422
1054 425
1055 422
1056 420
1057 423
1058 424
1059 427
1060 424
1061 422
1062 425
1063 426
1064 429
1065 426
1066 424
1067 427
1068 428
1069 431
1070 428
1071 426
1072 429
1073 430
1074 433
1075 430
1076 428
1077 431
1078 432
1079 435
1080 432
1081 430
1082 433
1083 434
1084 437
1085 434
1086 432
1087 435
1088 436
1089 439
1090 436
1091 434
1092 437
1093 438
1094 441
1095 438
1096 436
1097 439
1098 440
1099 443
1100 440
1101 438
1102 441
1103 442
1104 445
1105 442
1106 440
1107 443
1108 444
1109 447
1110 444
1111 442
1112 445
1113 446
1114 449
1115 446
1116 444
1117 447
1118 448
1119 451
1120 448
1121 446
1122 449
1123 450
1124 453
1125 450
1126 448
1127 451
1128 452
1129 455
1130 452
1131 450
1132 453
1133 454
1134 457
1135 454
1136 452
1137 455
1138 456
1139 459
1140 456
1141 454
1142 457
1143 458
1144 461
1145 458
1146 456
1147 459
1148 460
1149 463
1150 460
1151 458
1152 461
1153 462
1154 465
1155 462
1156 460
1157 463
1158 464
1159 467
1160 464
1161 462
1162 465
1163 466
1164 469
1165 466
1166 464
1167 467
1168 468
1169 471
1170 468
1171 466
1172 469
1173 470
1174 473
1175 470
1176 468
1177 471
1178 472
1179 475
1180 472
1181 470
1182 473
1183 474
1184 477
1185 474
1186 472
1187 475
1188 476
1189 479
1190 476
1191 474
1192 477
1193 478
1194 481
1195 478
1196 476
1197 479
1198 480
1199 483
1200 480
1201 478
1202 481
1203 482
1204 485
1205 482
1206 480
1207 483
1208 484
1209 487
1210 484
1211 482
1212 485
1213 486
1214 489
1215 486
1216 484
1217 487
1218 488
1219 491
1220 488
1221 486
1222 489
1223 490
1224 493
1225 490
1226 488
1227 491
1228 492
1229 495
1230 492
1231 490
1232 493
1233 494
1234 497
1235 494
1236 492
1237 495
1238 496
1239 499
1240 496
1241 494
1242 497
1243 498
1244 501
1245 498
1246 496
1247 499
1248 500
1249 503
1250 500
1251 498
1252 501
1253 502
1254 505
1255 502
1256 500
1257 503
1258 504
1259 507
1260 504
1261 502
1262 505
1263 506
1264 509
1265 506
1266 504
1267 507
1268 508
1269 511
1270 508
1271 506
1272 509
1273 510
1274 513
1275 510
1276 508
1277 511
1278 512
1279 515
1280 512
1281 510
1282 513
1283 514
1284 517
1285 514
1286 512
1287 515
1288 516
1289 519
1290 516
1291 514
1292 517
1293 518
1294 521
1295 518
1296 516
1297 519
1298 520
1299 523
1300 520
1301 518
1302 521
1303 522
1304 525
1305 522
1306 520
1307 523
1308 524
1309 527
1310 524
1311 522
1312 525
1313 526
1314 529
1315 526
1316 524
1317 527
1318 528
1319 531
1320 528
1321 526
1322 529
1323 530
1324 533
1325 530
1326 528
1327 531
1328 532
1329 535
1330 532
1331 530
1332 533
1333 534
1334 537
1335 534
1336 532
1337 535
1338 536
1339 539
1340 536
1341 534
1342 537
1343 538
1344 541
1345 538
1346 536
1347 539
1348 540
1349 543
1350 540
1351 538
1352 541
1353 542
1354 545
1355 542
1356 540
1357 543
1358 544
1359 547
1360 544
1361 542
1362 545
1363 546
1364 549
1365 546
1366 544
1367 547
1368 548
1369 551
1370 548
1371 546
1372 549
1373 550
1374 553
1375 550
1376 548
1377 551
1378 552
1379 555
1380 552
1381 550
1382 553
1383 554
1384 557
1385 554
1386 552
1387 555
1388 556
1389 559
1390 556
1391 554
1392 557
1393 558
1394 561
1395 558
1396 556
1397 559
1398 560
1399 563
1400 560
1401 558
1402 561
1403 562
1404 565
1405 562
1406 560
1407 563
1408 564
1409 567
1410 564
1411 562
1412 565
1413 566
1414 569
1415 566
1416 564
1417 567
1418 568
1419 571
1420 568
1421 566
1422 569
1423 570
1424 573
1425 570
1426 568
1427 571
1428 572
1429 575
1430 572
1431 570
1432 573
1433 574
1434 577
1435 574
1436 572
1437 575
1438 576
1439 579
1440 576
1441 574
1442 577
1443 578
1444 581
1445 578
1446 576
1447 579
1448 580
1449 583
1450 580
1451 578
1452 581
1453 582
1454 585
1455 582
1456 580
1457 583
1458 584
1459 587
1460 584
1461 582
1462 585
1463 586
1464 589
1465 586
1466 584
1467 587
1468 588
1469 591
1470 588
1471 586
1472 589
1473 590
1474 593
1475 590
1476 588
1477 591
1478 592
1479 595
1480 592
1481 590
1482 593
1483 594
1484 597
1485 594
1486 592
1487 595
1488 596
1489 599
1490 596
1491 594
1492 597
1493 598
1494 601
1495 598
1496 596
1497 599
1498 600
1499 603
1500 600
1501 598
1502 601
1503 602
1504 605
1505 602
1506 600
1507 603
1508 604
1509 607
1510 604
1511 602
1512 605
1513 606
1514 609
1515 606
1516 604
1517 607
1518 608
1519 611
1520 608
1521 606
1522 609
1523 610
1524 613
1525 610
1526 608
1527 611
1528 612
1529 615
1530 612
1531 610
1532 613
1533 614
1534 617
1535 614
1536 612
1537 615
1538 616
1539 619
1540 616
1541 614
1542 617
1543 618
1544 621
1545 618
1546 616
1547 619
1548 620
1549 623
1550 620
1551 618
1552 621
1553 622
1554 625
1555 622
1556 620
1557 623
1558 624
1559 627
1560 624
1561 622
1562 625
1563 626
1564 629
1565 626
1566 624
1567 627
1568 628
1569 631
1570 628
1571 626
1572 629
1573 630
1574 633
1575 630
1576 628
1577 631
1578 632
1579 635
1580 632
1581 630
1582 633
1583 634
1584 637
1585 634
1586 632
1587 635
1588 636
1589 639
1590 636
1591 634
1592 637
1593 638
1594 641
1595 638
1596 636
1597 639
1598 640
1599 643
1600 640
1601 638
1602 641
1603 642
1604 645
1605 642
1606 640
1607 643
1608 644
1609 647
1610 644
1611 642
1612 645
1613 646
1614 649
1615 646
1616 644
1617 647
1618 648
1619 651
1620 648
1621 646
1622 649
1623 650
1624 653
1625 650
1626 648
1627 651
1628 652
1629 655
1630 652
1631 650
1632 653
1633 654
1634 657
1635 654
1636 652
1637 655
1638 656
1639 659
1640 656
1641 654
1642 657
1643 658
1644 661
1645 658
1646 656
1647 659
1648 660
1649 663
1650 660
1651 658
1652 661
1653 662
1654 665
1655 662
1656 660
1657 663
1658 664
1659 667
1660 664
1661 662
1662 665
1663 666
1664 669
1665 666
1666 664
1667 667
1668 668
1669 671
1670 668
1671 666
1672 669
1673 670
1674 673
1675 670
1676 668
1677 671
1678 672
1679 675
1680 672
1681 670
1682 673
1683 674
1684 677
1685 674
1686 672
1687 675
1688 676
1689 679
1690 676
1691 674
1692 677
1693 678
1694 681
1695 678
1696 676
1697 679
1698 680
1699 683
1700 680
1701 678
1702 681
1703 682
1704 685
1705 682
1706 680
1707 683
1708 684
1709 687
1710 684
1711 682
1712 685
1713 686
1714 689
1715 686
1716 684
1717 687
1718 688
1719 691
1720 688
1721 686
1722 689
1723 690
1724 693
1725 690
1726 688
1727 691
1728 692
1729 695
1730 692
1731 690
1732 693
1733 694
1734 697
1735 694
1736 692
1737 695
1738 696
1739 699
1740 696
1741 694
1742 697
1743 698
1744 701
1745 698
1746 696
1747 699
1748 700
1749 703
1750 700
1751 698
1752 701
1753 702
1754 705
1755 702
1756 700
1757 703
1758 704
1759 707
1760 704
1761 702
1762 705
1763 706
1764 709
1765 706
1766 704
1767 707
1768 708
1769 711
1770 708
1771 706
1772 709
1773 710
1774 713
1775 710
1776 708
1777 711
1778 712
1779 715
1780 712
1781 710
1782 713
1783 714
1784 717
1785 714
1786 712
1787 715
1788 716
1789 719
1790 716
1791 714
1792 717
1793 718
1794 721
1795 718
1796 716
1797 719
1798 720
1799 723
1800 720
1801 718
1802 721
1803 722
1804 725
1805 722
1806 720
1807 723
1808 724
1809 727
1810 724
1811 722
1812 725
1813 726
1814 729
1815 726
1816 724
1817 727
1818 728
1819 731
1820 728
1821 726
1822 729
1823 730
1824 733
1825 730
1826 728
1827 731
1828 732
1829 735
1830 732
1831 730
1832 733
1833 734
1834 737
1835 734
1836 732
1837 735
1838 736
1839 739
1840 736
1841 734
1842 737
1843 738
1844 741
1845 738
1846 736
1847 739
1848 740
1849 743
1850 740
1851 738
1852 741
1853 742
1854 745
1855 742
1856 740
1857 743
1858 744
1859 747
1860 744
1861 742
1862 745
1863 746
1864 749
1865 746
1866 744
1867 747
1868 748
1869 751
1870 748
1871 746
1872 749
1873 750
1874 753
1875 750
1876 748
1877 751
1878 752
1879 755
1880 752
1881 750
1882 753
1883 754
1884 757
1885 754
1886 752
1887 755
1888 756
1889 759
1890 756
1891 754
1892 757
1893 758
1894 761
1895 758
1896 756
1897 759
1898 760
1899 763
1900 760
1901 758
1902 761
1903 762
1904 765
1905 762
1906 760
1907 763
1908 764
1909 767
1910 764
1911 762
1912 765
1913 766
1914 769
1915 766
1916 764
1917 767
1918 768
1919 771
1920 768
1921 766
1922 769
1923 770
1924 773
1925 770
1926 768
1927 771
1928 772
1929 775
1930 772
1931 770
1932 773
1933 774
1934 777
1935 774
1936 772
1937 775
1938 776
1939 779
1940 776
1941 774
1942 777
1943 778
1944 781
1945 778
1946 776
1947 779
1948 780
1949 783
1950 780
1951 778
1952 781
1953 782
1954 785
1955 782
1956 780
1957 783
1958 784
1959 787
1960 784
1961 782
1962 785
1963 786
1964 789
1965 786
1966 784
1967 787
1968 788
1969 791
1970 788
1971 786
1972 789
1973 790
1974 793
1975 790
1976 788
1977 791
1978 792
1979 795
1980 792
1981 790
1982 793
1983 794
1984 797
1985 794
1986 792
1987 795
1988 796
1989 799
1990 796
1991 794
1992 797
1993 798
1994 801
1995 798
1996 796
1997 799
1998 800
1999 803
2000 800
2001 798
2002 801
2003 802
2004 805
2005 802
2006 800
2007 803
2008 804
2009 807
2010 804
2011 802
2012 805
2013 806
2014 809
2015 806
2016 804
2017 807
2018 808
2019 811
2020 808
2021 806
2022 809
2023 810
2024 813
2025 810
2026 808
2027 811
2028 812
2029 815
2030 812
2031 810
2032 813
2033 814
2034 817
2035 814
2036 812
2037 815
2038 816
2039 819
2040 816
2041 814
2042 817
2043 818
2044 821
2045 818
2046 816
2047 819
2048 820
2049 823
2050 820
2051 818
2052 821
2053 822
2054 825
2055 822
2056 820
2057 823
2058 824
2059 827
2060 824
2061 822
2062 825
2063 826
2064 829
2065 826
2066 824
2067 827
2068 828
2069 831
2070 828
2071 826
2072 829
2073 830
2074 833
2075 830
2076 828
2077 831
2078 832
2079 835
2080 832
2081 830
2082 833
2083 834
2084 837
2085 834
2086 832
2087 835
2088 836
2089 839
2090 836
2091 834
2092 837
2093 838
2094 841
2095 838
2096 836
2097 839
2098 840
2099 843
2100 840
2101 838
2102 841
2103 842
2104 845
2105 842
2106 840
2107 843
2108 844
2109 847
2110 844
2111 842
2112 845
2113 846
2114 849
2115 846
2116 844
2117 847
2118 848
2119 851
2120 848
2121 846
2122 849
2123 850
2124 853
2125 850
2126 848
2127 851
2128 852
2129 855
2130 852
2131 850
2132 853
2133 854
2134 857
2135 854
2136 852
2137 855
2138 856
2139 859
2140 856
2141 854
2142 857
2143 858
2144 861
2145 858
2146 856
2147 859
2148 860
2149 863
2150 860
2151 858
2152 861
2153 862
2154 865
2155 862
2156 860
2157 863
2158 864
2159 867
2160 864
2161 862
2162 865
2163 866
2164 869
2165 866
2166 864
2167 867
2168 868
2169 871
2170 868
2171 866
2172 869
2173 870
2174 873
2175 870
2176 868
2177 871
2178 872
2179 875
2180 872
2181 870
2182 873
2183 874
2184 877
2185 874
2186 872
2187 875
2188 876
2189 879
2190 876
2191 874
2192 877
2193 878
2194 881
2195 878
2196 876
2197 879
2198 880
2199 883
2200 880
2201 878
2202 881
2203 882
2204 885
2205 882
2206 880
2207 883
2208 884
2209 887
2210 884
2211 882
2212 885
2213 886
2214 889
2215 886
2216 884
2217 887
2218 888
2219 891
2220 888
2221 886
2222 889
2223 890
2224 893
2225 890
2226 888
2227 891
2228 892
2229 895
2230 892
2231 890
2232 893
2233 894
2234 897
2235 894
2236 892
2237 895
2238 896
2239 899
2240 896
2241 894
2242 897
2243 898
2244 901
2245 898
2246 896
2247 899
2248 900
2249 903
2250 900
2251 898
2252 901
2253 902
2254 905
2255 902
2256 900
2257 903
2258 904
2259 907
2260 904
2261 902
2262 905
2263 906
2264 909
2265 906
2266 904
2267 907
2268 908
2269 911
2270 908
2271 906
2272 909
2273 910
2274 913
2275 910
2276 908
2277 911
2278 912
2279 915
2280 912
2281 910
2282 913
2283 914
2284 917
2285 914
2286 912
2287 915
2288 916
2289 919
2290 916
2291 914
2292 917
2293 918
2294 921
2295 918
2296 916
2297 919
2298 920
2299 923
2300 920
2301 918
2302 921
2303 922
2304 925
2305 922
2306 920
2307 923
2308 924
2309 927
2310 924
2311 922
2312 925
2313 926
2314 929
2315 926
2316 924
2317 927
2318 928
2319 931
2320 928
2321 926
2322 929
2323 930
2324 933
2325 930
2326 928
2327 931
2328 932
2329 935
2330 932
2331 930
2332 933
2333 934
2334 937
2335 934
2336 932
2337 935
2338 936
2339 939
2340 936
2341 934
2342 937
2343 938
2344 941
2345 938
2346 936
2347 939
2348 940
2349 943
2350 940
2351 938
2352 941
2353 942
2354 945
2355 942
2356 940
2357 943
2358 944
2359 947
2360 944
2361 942
2362 945
2363 946
2364 949
2365 946
2366 944
2367 947
2368 948
2369 951
2370 948
2371 946
2372 949
2373 950
2374 953
2375 950
2376 948
2377 951
2378 952
2379 955
2380 952
2381 950
2382 953
2383 954
2384 957
2385 954
2386 952
2387 955
2388 956
2389 959
2390 956
2391 954
2392 957
2393 958
2394 961
2395 958
2396 956
2397 959
2398 960
2399 963
2400 960
2401 958
2402 961
2403 962
2404 965
2405 962
2406 960
2407 963
2408 964
2409 967
2410 964
2411 962
2412 965
2413 966
2414 969
2415 966
2416 964
2417 967
2418 968
2419 971
2420 968
2421 966
2422 969
2423 970
2424 973
2425 970
2426 968
2427 971
2428 972
2429 975
2430 972
2431 970
2432 973
2433 974
2434 977
2435 974
2436 972
2437 975
2438 976
2439 979
2440 976
2441 974
2442 977
2443 978
2444 981
2445 978
2446 976
2447 979
2448 980
2449 983
2450 980
2451 978
2452 981
2453 982
2454 985
2455 982
2456 980
2457 983
2458 984
2459 987
2460 984
2461 982
2462 985
2463 986
2464 989
2465 986
2466 984
2467 987
2468 988
2469 991
2470 988
2471 986
2472 989
2473 990
2474 993
2475 990
2476 988
2477 991
2478 992
2479 995
2480 992
2481 990
2482 993
2483 994
2484 997
2485 994
2486 992
2487 995
2488 996
2489 999
2490 996
2491 994
2492 997
2493 998
2494 1001
2495 998
2496 996
2497 999
2498 1000
2499 1003
2500 1000
2501 998
2502 1001
2503 1002
2504 1005
2505 1002
2506 1000
2507 1003
2508 1004
2509 1007
2510 1004
2511 1002
2512 1005
2513 1006
2514 1009
2515 1006
2516 1004
2517 1007
2518 1008
2519 1011
2520 1008
2521 1006
2522 1009
2523 1010
2524 1013
2525 1010
2526 1008
2527 1011
2528 1012
2529 1015
2530 1012
2531 1010
2532 1013
2533 1014
2534 1017
2535 1014
2536 1012
2537 1015
2538 1016
2539 1019
2540 1016
2541 1014
2542 1017
2543 1018
2544 1021
2545 1018
2546 1016
2547 1019
2548 1020
2549 1023
2550 1020
2551 1018
2552 1021
2553 1022
2554 1025
2555 1022
2556 1020
2557 1023
2558 1024
2559 1027
2560 1024
2561 1022
2562 1025
2563 1026
2564 1029
2565 1026
2566 1024
2567 1027
2568 1028
2569 1031
2570 1028
2571 1026
2572 1029
2573 1030
2574 1033
2575 1030
2576 1028
2577 1031
2578 1032
2579 1035
2580 1032
2581 1030
2582 1033
2583 1034
2584 1037
2585 1034
2586 1032
2587 1035
2588 1036
2589 1039
2590 1036
2591 1034
2592 1037
2593 1038
2594 1041
2595 1038
2596 1036
2597 1039
2598 1040
2599 1043
2600 1040
2601 1038
2602 1041
2603 1042
2604 1045
2605 1042
2606 1040
2607 1043
2608 1044
2609 1047
2610 1044
2611 1042
2612 1045
2613 1046
2614 1049
2615 1046
2616 1044
2617 1047
2618 1048
2619 1051
2620 1048
2621 1046
2622 1049
2623 1050
2624 1053
2625 1050
2626 1048
2627 1051
2628 1052
2629 1055
2630 1052
2631 1050
2632 1053
2633 1054
2634 1057
2635 1054
2636 1052
2637 1055
2638 1056
2639 1059
2640 1056
2641 1054
2642 1057
2643 1058
2644 1061
2645 1058
2646 1056
2647 1059
2648 1060
2649 1063
2650 1060
2651 1058
2652 1061
2653 1062
2654 1065
2655 1062
2656 1060
2657 1063
2658 1064
2659 1067
2660 1064
2661 1062
2662 1065
2663 1066
2664 1069
2665 1066
2666 1064
2667 1067
2668 1068
2669 1071
2670 1068
2671 1066
2672 1069
2673 1070
2674 1073
2675 1070
2676 1068
2677 1071
2678 1072
2679 1075
2680 1072
2681 1070
2682 1073
2683 1074
2684 1077
2685 1074
2686 1072
2687 1075
2688 1076
2689 1079
2690 1076
2691 1074
2692 1077
2693 1078
2694 1081
2695 1078
2696 1076
2697 1079
2698 1080
2699 1083
2700 1080
2701 1078
2702 1081
2703 1082
2704 1085
2705 1082
2706 1080
2707 1083
2708 1084
2709 1087
2710 1084
2711 1082
2712 1085
2713 1086
2714 1089
2715 1086
2716 1084
2717 1087
2718 1088
2719 1091
2720 1088
2721 1086
2722 1089
2723 1090
2724 1093
2725 1090
2726 1088
2727 1091
2728 1092
2729 1095
2730 1092
2731 1090
2732 1093
2733 1094
2734 1097
2735 1094
2736 1092
2737 1095
2738 1096
2739 1099
2740 1096
2741 1094
2742 1097
2743 1098
2744 1101
2745 1098
2746 1096
2747 1099
2748 1100
2749 1103
2750 1100
2751 1098
2752 1101
2753 1102
2754 1105
2755 1102
2756 1100
2757 1103
2758 1104
2759 1107
2760 1104
2761 1102
2762 1105
2763 1106
2764 1109
2765 1106
2766 1104
2767 1107
2768 1108
2769 1111
2770 1108
2771 1106
2772 1109
2773 1110
2774 1113
2775 1110
2776 1108
2777 1111
2778 1112
2779 1115
2780 1112
2781 1110
2782 1113
2783 1114
2784 1117
2785 1114
2786 1112
2787 1115
2788 1116
2789 1119
2790 1116
2791 1114
2792 1117
2793 1118
2794 1121
2795 1118
2796 1116
2797 1119
2798 1120
2799 1123
2800 1120
2801 1118
2802 1121
2803 1122
2804 1125
2805 1122
2806 1120
2807 1123
2808 1124
2809 1127
2810 1124
2811 1122
2812 1125
2813 1126
2814 1129
2815 1126
2816 1124
2817 1127
2818 1128
2819 1131
2820 1128
2821 1126
2822 1129
2823 1130
2824 1133
2825 1130
2826 1128
2827 1131
2828 1132
2829 1135
2830 1132
2831 1130
2832 1133
2833 1134
2834 1137
2835 1134
2836 1132
2837 1135
2838 1136
2839 1139
2840 1136
2841 1134
2842 1137
2843 1138
2844 1141
2845 1138
2846 1136
2847 1139
2848 1140
2849 1143
2850 1140
2851 1138
2852 1141
2853 1142
2854 1145
2855 1142
2856 1140
2857 1143
2858 1144
2859 1147
2860 1144
2861 1142
2862 1145
2863 1146
2864 1149
2865 1146
2866 1144
2867 1147
2868 1148
2869 1151
2870 1148
2871 1146
2872 1149
2873 1150
2874 1153
2875 1150
2876 1148
2877 1151
2878 1152
2879 1155
2880 1152
2881 1150
2882 1153
2883 1154
2884 1157
2885 1154
2886 1152
2887 1155
2888 1156
2889 1159
2890 1156
2891 1154
2892 1157
2893 1158
2894 1161
2895 1158
2896 1156
2897 1159
2898 1160
2899 1163
2900 1160
2901 1158
2902 1161
2903 1162
2904 1165
2905 1162
2906 1160
2907 1163
2908 1164
2909 1167
2910 1164
2911 1162
2912 1165
2913 1166
2914 1169
2915 1166
2916 1164
2917 1167
2918 1168
2919 1171
2920 1168
2921 1166
2922 1169
2923 1170
2924 1173
2925 1170
2926 1168
2927 1171
2928 1172
2929 1175
2930 1172
2931 1170
2932 1173
2933 1174
2934 1177
2935 1174
2936 1172
2937 1175
2938 1176
2939 1179
2940 1176
2941 1174
2942 1177
2943 1178
2944 1181
2945 1178
2946 1176
2947 1179
2948 1180
2949 1183
2950 1180
2951 1178
2952 1181
2953 1182
2954 1185
2955 1182
2956 1180
2957 1183
2958 1184
2959 1187
2960 1184
2961 1182
2962 1185
2963 1186
2964 1189
2965 1186
2966 1184
2967 1187
2968 1188
2969 1191
2970 1188
2971 1186
2972 1189
2973 1190
2974 1193
2975 1190
2976 1188
2977 1191
2978 1192
2979 1195
2980 1192
2981 1190
2982 1193
2983 1194
2984 1197
2985 1194
2986 1192
2987 1195
2988 1196
2989 1199
2990 1196
2991 1194
2992 1197
2993 1198
2994 1201
2995 1198
2996 1196
2997 1199
2998 1200
2999 1203
3000 1200
3001 1198
3002 1201
3003 1202
3004 1205
3005 1202
3006 1200
3007 1203
3008 1204
3009 1207
3010 1204
3011 1202
3012 1205
3013 1206
3014 1209
3015 1206
3016 1204
3017 1207
3018 1208
3019 1211
3020 1208
3021 1206
3022 1209
3023 1210
3024 1213
3025 1210
3026 1208
3027 1211
3028 1212
3029 1215
3030 1212
3031 1210
3032 1213
3033 1214
3034 1217
3035 1214
3036 1212
3037 1215
3038 1216
3039 1219
3040 1216
3041 1214
3042 1217
3043 1218
3044 1221
3045 1218
3046 1216
3047 1219
3048 1220
3049 1223
3050 1220
3051 1218
3052 1221
3053 1222
3054 1225
3055 1222
3056 1220
3057 1223
3058 1224
3059 1227
3060 1224
3061 1222
3062 1225
3063 1226
3064 1229
3065 1226
3066 1224
3067 1227
3068 1228
3069 1231
3070 1228
3071 1226
3072 1229
3073 1230
3074 1233
3075 1230
3076 1228
3077 1231
3078 1232
3079 1235
3080 1232
3081 1230
3082 1233
3083 1234
3084 1237
3085 1234
3086 1232
3087 1235
3088 1236
3089 1239
3090 1236
3091 1234
3092 1237
3093 1238
3094 1241
3095 1238
3096 1236
3097 1239
3098 1240
3099 1243
3100 1240
3101 1238
3102 1241
3103 1242
3104 1245
3105 1242
3106 1240
3107 1243
3108 1244
3109 1247
3110 1244
3111 1242
3112 1245
3113 1246
3114 1249
3115 1246
3116 1244
3117 1247
3118 1248
3119 1251
3120 1248
3121 1246
3122 1249
3123 1250
3124 1253
3125 1250
3126 1248
3127 1251
3128 1252
3129 1255
3130 1252
3131 1250
3132 1253
3133 1254
3134 1257
3135 1254
3136 1252
3137 1255
3138 1256
3139 1259
3140 1256
3141 1254
3142 1257
3143 1258
3144 1261
3145 1258
3146 1256
3147 1259
3148 1260
3149 1263
3150 1260
3151 1258
3152 1261
3153 1262
3154 1265
3155 1262
3156 1260
3157 1263
3158 1264
3159 1267
3160 1264
3161 1262
3162 1265
3163 1266
3164 1269
3165 1266
3166 1264
3167 1267
3168 1268
3169 1271
3170 1268
3171 1266
3172 1269
3173 1270
3174 1273
3175 1270
3176 1268
3177 1271
3178 1272
3179 1275
3180 1272
3181 1270
3182 1273
3183 1274
3184 1277
3185 1274
3186 1272
3187 1275
3188 1276
3189 1279
3190 1276
3191 1274
3192 1277
3193 1278
3194 1281
3195 1278
3196 1276
3197 1279
3198 1280
3199 1283
3200 1280
3201 1278
3202 1281
3203 1282
3204 1285
3205 1282
3206 1280
3207 1283
3208 1284
3209 1287
3210 1284
3211 1282
3212 1285
3213 1286
3214 1289
3215 1286
3216 1284
3217 1287
3218 1288
3219 1291
3220 1288
3221 1286
3222 1289
3223 1290
3224 1293
3225 1290
3226 1288
3227 1291
3228 1292
3229 1295
3230 1292
3231 1290
3232 1293
3233 1294
3234 1297
3235 1294
3236 1292
3237 1295
3238 1296
3239 1299
3240 1296
3241 1294
3242 1297
3243 1298
3244 1301
3245 1298
3246 1296
3247 1299
3248 1300
3249 1303
3250 1300
3251 1298
3252 1301
3253 1302
3254 1305
3255 1302
3256 1300
3257 1303
3258 1304
3259 1307
3260 1304
3261 1302
3262 1305
3263 1306
3264 1309
3265 1306
3266 1304
3267 1307
3268 1308
3269 1311
3270 1308
3271 1306
3272 1309
3273 1310
3274 1313
3275 1310
3276 1308
3277 1311
3278 1312
3279 1315
3280 1312
3281 1310
3282 1313
3283 1314
3284 1317
3285 1314
3286 1312
3287 1315
3288 1316
3289 1319
3290 1316
3291 1314
3292 1317
3293 1318
3294 1321
3295 1318
3296 1316
3297 1319
3298 1320
3299 1323
3300 1320
3301 1318
3302 1321
3303 1322
3304 1325
3305 1322
3306 1320
3307 1323
3308 1324
3309 1327
3310 1324
3311 1322
3312 1325
3313 1326
3314 1329
3315 1326
3316 1324
3317 1327
3318 1328
3319 1331
3320 1328
3321 1326
3322 1329
3323 1330
3324 1333
3325 1330
3326 1328
3327 1331
3328 1332
3329 1335
3330 1332
3331 1330
3332 1333
3333 1334
3334 1337
3335 1334
3336 1332
3337 1335
3338 1336
3339 1339
3340 1336
3341 1334
3342 1337
3343 1338
3344 1341
3345 1338
3346 1336
3347 1339
3348 1340
3349 1343
3350 1340
3351 1338
3352 1341
3353 1342
3354 1345
3355 1342
3356 1340
3357 1343
3358 1344
3359 1347
3360 1344
3361 1342
3362 1345
3363 1346
3364 1349
3365 1346
3366 1344
3367 1347
3368 1348
3369 1351
3370 1348
3371 1346
3372 1349
3373 1350
3374 1353
3375 1350
3376 1348
3377 1351
3378 1352
3379 1355
3380 1352
3381 1350
3382 1353
3383 1354
3384 1357
3385 1354
3386 1352
3387 1355
3388 1356
3389 1359
3390 1356
3391 1354
3392 1357
3393 1358
3394 1361
3395 1358
3396 1356
3397 1359
3398 1360
3399 1363
3400 1360
3401 1358
3402 1361
3403 1362
3404 1365
3405 1362
3406 1360
3407 1363
3408 1364
3409 1367
3410 1364
3411 1362
3412 1365
3413 1366
3414 1369
3415 1366
3416 1364
3417 1367
3418 1368
3419 1371
3420 1368
3421 1366
3422 1369
3423 1370
3424 1373
3425 1370
3426 1368
3427 1371
3428 1372
3429 1375
3430 1372
3431 1370
3432 1373
3433 1374
3434 1377
3435 1374
3436 1372
3437 1375
3438 1376
3439 1379
3440 1376
3441 1374
3442 1377
3443 1378
3444 1381
3445 1378
3446 1376
3447 1379
3448 1380
3449 1383
3450 1380
3451 1378
3452 1381
3453 1382
3454 1385
3455 1382
3456 1380
3457 1383
3458 1384
3459 1387
3460 1384
3461 1382
3462 1385
3463 1386
3464 1389
3465 1386
3466 1384
3467 1387
3468 1388
3469 1391
3470 1388
3471 1386
3472 1389
3473 1390
3474 1393
3475 1390
3476 1388
3477 1391
3478 1392
3479 1395
3480 1392
3481 1390
3482 1393
3483 1394
3484 1397
3485 1394
3486 1392
3487 1395
3488 1396
3489 1399
3490 1396
3491 1394
3492 1397
3493 1398
3494 1401
3495 1398
3496 1396
3497 1399
3498 1400
3499 1403
3500 1400
3501 1398
3502 1401
3503 1402
3504 1405
3505 1402
3506 1400
3507 1403
3508 1404
3509 1407
3510 1404
3511 1402
3512 1405
3513 1406
3514 1409
3515 1406
3516 1404
3517 1407
3518 1408
3519 1411
3520 1408
3521 1406
3522 1409
3523 1410
3524 1413
3525 1410
3526 1408
3527 1411
3528 1412
3529 1415
3530 1412
3531 1410
3532 1413
3533 1414
3534 1417
3535 1414
3536 1412
3537 1415
3538 1416
3539 1419
3540 1416
3541 1414
3542 1417
3543 1418
3544 1421
3545 1418
3546 1416
3547 1419
3548 1420
3549 1423
3550 1420
3551 1418
3552 1421
3553 1422
3554 1425
3555 1422
3556 1420
3557 1423
3558 1424
3559 1427
3560 1424
3561 1422
3562 1425
3563 1426
3564 1429
3565 1426
3566 1424
3567 1427
3568 1428
3569 1431
3570 1428
3571 1426
3572 1429
3573 1430
3574 1433
3575 1430
3576 1428
3577 1431
3578 1432
3579 1435
3580 1432
3581 1430
3582 1433
3583 1434
3584 1437
3585 1434
3586 1432
3587 1435
3588 1436
3589 1439
3590 1436
3591 1434
3592 1437
3593 1438
3594 1441
3595 1438
3596 1436
3597 1439
3598 1440
3599 1443
3600 1440
3601 1438
3602 1441
3603 1442
3604 1445
3605 1442
3606 1440
3607 1443
3608 1444
3609 1447
3610 1444
3611 1442
3612 1445
3613 1446
3614 1449
3615 1446
3616 1444
3617 1447
3618 1448
3619 1451
3620 1448
3621 1446
3622 1449
3623 1450
3624 1453
3625 1450
3626 1448
3627 1451
3628 1452
3629 1455
3630 1452
3631 1450
3632 1453
3633 1454
3634 1457
3635 1454
3636 1452
3637 1455
3638 1456
3639 1459
3640 1456
3641 1454
3642 1457
3643 1458
3644 1461
3645 1458
3646 1456
3647 1459
3648 1460
3649 1463
3650 1460
3651 1458
3652 1461
3653 1462
3654 1465
3655 1462
3656 1460
3657 1463
3658 1464
3659 1467
3660 1464
3661 1462
3662 1465
3663 1466
3664 1469
3665 1466
3666 1464
3667 1467
3668 1468
3669 1471
3670 1468
3671 1466
3672 1469
3673 1470
3674 1473
3675 1470
3676 1468
3677 1471
3678 1472
3679 1475
3680 1472
3681 1470
3682 1473
3683 1474
3684 1477
3685 1474
3686 1472
3687 1475
3688 1476
3689 1479
3690 1476
3691 1474
3692 1477
3693 1478
3694 1481
3695 1478
3696 1476
3697 1479
3698 1480
3699 1483
3700 1480
3701 1478
3702 1481
3703 1482
3704 1485
3705 1482
3706 1480
3707 1483
3708 1484
3709 1487
3710 1484
3711 1482
3712 1485
3713 1486
3714 1489
3715 1486
3716 1484
3717 1487
3718 1488
3719 1491
3720 1488
3721 1486
3722 1489
3723 1490
3724 1493
3725 1490
3726 1488
3727 1491
3728 1492
3729 1495
3730 1492
3731 1490
3732 1493
3733 1494
3734 1497
3735 1494
3736 1492
3737 1495
3738 1496
3739 1499
3740 1496
3741 1494
3742 1497
3743 1498
3744 1501
3745 1498
3746 1496
3747 1499
3748 1500
3749 1503
3750 1500
3751 1498
3752 1501
3753 1502
3754 1505
3755 1502
3756 1500
3757 1503
3758 1504
3759 1507
3760 1504
3761 1502
3762 1505
3763 1506
3764 1509
3765 1506
3766 1504
3767 1507
3768 1508
3769 1511
3770 1508
3771 1506
3772 1509
3773 1510
3774 1513
3775 1510
3776 1508
3777 1511
3778 1512
3779 1515
3780 1512
3781 1510
3782 1513
3783 1514
3784 1517
3785 1514
3786 1512
3787 1515
3788 1516
3789 1519
3790 1516
3791 1514
3792 1517
3793 1518
3794 1521
3795 1518
3796 1516
3797 1519
3798 1520
3799 1523
3800 1520
3801 1518
3802 1521
3803 1522
3804 1525
3805 1522
3806 1520
3807 1523
3808 1524
3809 1527
3810 1524
3811 1522
3812 1525
3813 1526
3814 1529
3815 1526
3816 1524
3817 1527
3818 1528
3819 1531
3820 1528
3821 1526
3822 1529
3823 1530
3824 1533
3825 1530
3826 1528
3827 1531
3828 1532
3829 1535
3830 1532
3831 1530
3832 1533
3833 1534
3834 1537
3835 1534
3836 1532
3837 1535
3838 1536
3839 1539
3840 1536
3841 1534
3842 1537
3843 1538
3844 1541
3845 1538
3846 1536
3847 1539
3848 1540
3849 1543
3850 1540
3851 1538
3852 1541
3853 1542
3854 1545
3855 1542
3856 1540
3857 1543
3858 1544
3859 1547
3860 1544
3861 1542
3862 1545
3863 1546
3864 1549
3865 1546
3866 1544
3867 1547
3868 1548
3869 1551
3870 1548
3871 1546
3872 1549
3873 1550
3874 1553
3875 1550
3876 1548
3877 1551
3878 1552
3879 1555
3880 1552
3881 1550
3882 1553
3883 1554
3884 1557
3885 1554
3886 1552
3887 1555
3888 1556
3889 1559
3890 1556
3891 1554
3892 1557
3893 1558
3894 1561
3895 1558
3896 1556
3897 1559
3898 1560
3899 1563
3900 1560
3901 1558
3902 1561
3903 1562
3904 1565
3905 1562
3906 1560
3907 1563
3908 1564
3909 1567
3910 1564
3911 1562
3912 1565
3913 1566
3914 1569
3915 1566
3916 1564
3917 1567
3918 1568
3919 1571
3920 1568
3921 1566
3922 1569
3923 1570
3924 1573
3925 1570
3926 1568
3927 1571
3928 1572
3929 1575
3930 1572
3931 1570
3932 1573
3933 1574
3934 1577
3935 1574
3936 1572
3937 1575
3938 1576
3939 1579
3940 1576
3941 1574
3942 1577
3943 1578
3944 1581
3945 1578
3946 1576
3947 1579
3948 1580
3949 1583
3950 1580
3951 1578
3952 1581
3953 1582
3954 1585
3955 1582
3956 1580
3957 1583
3958 1584
3959 1587
3960 1584
3961 1582
3962 1585
3963 1586
3964 1589
3965 1586
3966 1584
3967 1587
3968 1588
3969 1591
3970 1588
3971 1586
3972 1589
3973 1590
3974 1593
3975 1590
3976 1588
3977 1591
3978 1592
3979 1595
3980 1592
3981 1590
3982 1593
3983 1594
3984 1597
3985 1594
3986 1592
3987 1595
3988 1596
3989 1599
3990 1596
3991 1594
3992 1597
3993 1598
3994 1601
3995 1598
3996 1596
3997 1599
3998 1600
3999 1603
4000 1600
4001 1598
4002 1601
4003 1602
4004 1605
4005 1602
4006 1600
4007 1603
4008 1604
4009 1607
4010 1604
4011 1602
4012 1605
4013 1606
4014 1609
4015 1606
4016 1604
4017 1607
4018 1608
4019 1611
4020 1608
4021 1606
4022 1609
4023 1610
4024 1613
4025 1610
4026 1608
4027 1611
4028 1612
4029 1615
4030 1612
4031 1610
4032 1613
4033 1614
4034 1617
4035 1614
4036 1612
4037 1615
4038 1616
4039 1619
4040 1616
4041 1614
4042 1617
4043 1618
4044 1621
4045 1618
4046 1616
4047 1619
4048 1620
4049 1623
4050 1620
4051 1618
4052 1621
4053 1622
4054 1625
4055 1622
4056 1620
4057 1623
4058 1624
4059 1627
4060 1624
4061 1622
4062 1625
4063 1626
4064 1629
4065 1626
4066 1624
4067 1627
4068 1628
4069 1631
4070 1628
4071 1626
4072 1629
4073 1630
4074 1633
4075 1630
4076 1628
4077 1631
4078 1632
4079 1635
4080 1632
4081 1630
4082 1633
4083 1634
4084 1637
4085 1634
4086 1632
4087 1635
4088 1636
4089 1639
4090 1636
4091 1634
4092 1637
4093 1638
4094 1641
4095 1638
4096 1636
4097 1639
4098 1640
4099 1643
4100 1640
4101 1638
4102 1641
4103 1642
4104 1645
4105 1642
4106 1640
4107 1643
4108 1644
4109 1647
4110 1644
4111 1642
4112 1645
4113 1646
4114 1649
4115 1646
4116 1644
4117 1647
4118 1648
4119 1651
4120 1648
4121 1646
4122 1649
4123 1650
4124 1653
4125 1650
4126 1648
4127 1651
4128 1652
4129 1655
4130 1652
4131 1650
4132 1653
4133 1654
4134 1657
4135 1654
4136 1652
4137 1655
4138 1656
4139 1659
4140 1656
4141 1654
4142 1657
4143 1658
4144 1661
4145 1658
4146 1656
4147 1659
4148 1660
4149 1663
4150 1660
4151 1658
4152 1661
4153 1662
4154 1665
4155 1662
4156 1660
4157 1663
4158 1664
4159 1667
4160 1664
4161 1662
4162 1665
4163 1666
4164 1669
4165 1666
4166 1664
4167 1667
4168 1668
4169 1671
4170 1668
4171 1666
4172 1669
4173 1670
4174 1673
4175 1670
4176 1668
4177 1671
4178 1672
4179 1675
4180 1672
4181 1670
4182 1673
4183 1674
4184 1677
4185 1674
4186 1672
4187 1675
4188 1676
4189 1679
4190 1676
4191 1674
4192 1677
4193 1678
4194 1681
4195 1678
4196 1676
4197 1679
4198 1680
4199 1683
4200 1680
4201 1678
4202 1681
4203 1682
4204 1685
4205 1682
4206 1680
4207 1683
4208 1684
4209 1687
4210 1684
4211 1682
4212 1685
4213 1686
4214 1689
4215 1686
4216 1684
4217 1687
4218 1688
4219 1691
4220 1688
4221 1686
4222 1689
4223 1690
4224 1693
4225 1690
4226 1688
4227 1691
4228 1692
4229 1695
4230 1692
4231 1690
4232 1693
4233 1694
4234 1697
4235 1694
4236 1692
4237 1695
4238 1696
4239 1699
4240 1696
4241 1694
4242 1697
4243 1698
4244 1701
4245 1698
4246 1696
4247 1699
4248 1700
4249 1703
4250 1700
4251 1698
4252 1701
4253 1702
4254 1705
4255 1702
4256 1700
4257 1703
4258 1704
4259 1707
4260 1704
4261 1702
4262 1705
4263 1706
4264 1709
4265 1706
4266 1704
4267 1707
4268 1708
4269 1711
4270 1708
4271 1706
4272 1709
4273 1710
4274 1713
4275 1710
4276 1708
4277 1711
4278 1712
4279 1715
4280 1712
4281 1710
4282 1713
4283 1714
4284 1717
4285 1714
4286 1712
4287 1715
4288 1716
4289 1719
4290 1716
4291 1714
4292 1717
4293 1718
4294 1721
4295 1718
4296 1716
4297 1719
4298 1720
4299 1723
4300 1720
4301 1718
4302 1721
4303 1722
4304 1725
4305 1722
4306 1720
4307 1723
4308 1724
4309 1727
4310 1724
4311 1722
4312 1725
4313 1726
4314 1729
4315 1726
4316 1724
4317 1727
4318 1728
4319 1731
4320 1728
4321 1726
4322 1729
4323 1730
4324 1733
4325 1730
4326 1728
4327 1731
4328 1732
4329 1735
4330 1732
4331 1730
4332 1733
4333 1734
4334 1737
4335 1734
4336 1732
4337 1735
4338 1736
4339 1739
4340 1736
4341 1734
4342 1737
4343 1738
4344 1741
4345 1738
4346 1736
4347 1739
4348 1740
4349 1743
4350 1740
4351 1738
4352 1741
4353 1742
4354 1745
4355 1742
4356 1740
4357 1743
4358 1744
4359 1747
4360 1744
4361 1742
4362 1745
4363 1746
4364 1749
4365 1746
4366 1744
4367 1747
4368 1748
4369 1751
4370 1748
4371 1746
4372 1749
4373 1750
4374 1753
4375 1750
4376 1748
4377 1751
4378 1752
4379 1755
4380 1752
4381 1750
4382 1753
4383 1754
4384 1757
4385 1754
4386 1752
4387 1755
4388 1756
4389 1759
4390 1756
4391 1754
4392 1757
4393 1758
4394 1761
4395 1758
4396 1756
4397 1759
4398 1760
4399 1763
4400 1760
4401 1758
4402 1761
4403 1762
4404 1765
4405 1762
4406 1760
4407 1763
4408 1764
4409 1767
4410 1764
4411 1762
4412 1765
4413 1766
4414 1769
4415 1766
4416 1764
4417 1767
4418 1768
4419 1771
4420 1768
4421 1766
4422 1769
4423 1770
4424 1773
4425 1770
4426 1768
4427 1771
4428 1772
4429 1775
4430 1772
4431 1770
4432 1773
4433 1774
4434 1777
4435 1774
4436 1772
4437 1775
4438 1776
4439 1779
4440 1776
4441 1774
4442 1777
4443 1778
4444 1781
4445 1778
4446 1776
4447 1779
4448 1780
4449 1783
4450 1780
4451 1778
4452 1781
4453 1782
4454 1785
4455 1782
4456 1780
4457 1783
4458 1784
4459 1787
4460 1784
4461 1782
4462 1785
4463 1786
4464 1789
4465 1786
4466 1784
4467 1787
4468 1788
4469 1791
4470 1788
4471 1786
4472 1789
4473 1790
4474 1793
4475 1790
4476 1788
4477 1791
4478 1792
4479 1795
4480 1792
4481 1790
4482 1793
4483 1794
4484 1797
4485 1794
4486 1792
4487 1795
4488 1796
4489 1799
4490 1796
4491 1794
4492 1797
4493 1798
4494 1801
4495 1798
4496 1796
4497 1799
4498 1800
4499 1803
4500 1800
4501 1798
4502 1801
4503 1802
4504 1805
4505 1802
4506 1800
4507 1803
4508 1804
4509 1807
4510 1804
4511 1802
4512 1805
4513 1806
4514 1809
4515 1806
4516 1804
4517 1807
4518 1808
4519 1811
4520 1808
4521 1806
4522 1809
4523 1810
4524 1813
4525 1810
4526 1808
4527 1811
4528 1812
4529 1815
4530 1812
4531 1810
4532 1813
4533 1814
4534 1817
4535 1814
4536 1812
4537 1815
4538 1816
4539 1819
4540 1816
4541 1814
4542 1817
4543 1818
4544 1821
4545 1818
4546 1816
4547 1819
4548 1820
4549 1823
4550 1820
4551 1818
4552 1821
4553 1822
4554 1825
4555 1822
4556 1820
4557 1823
4558 1824
4559 1827
4560 1824
4561 1822
4562 1825
4563 1826
4564 1829
4565 1826
4566 1824
4567 1827
4568 1828
4569 1831
4570 1828
4571 1826
4572 1829
4573 1830
4574 1833
4575 1830
4576 1828
4577 1831
4578 1832
4579 1835
4580 1832
4581 1830
4582 1833
4583 1834
4584 1837
4585 1834
4586 1832
4587 1835
4588 1836
4589 1839
4590 1836
4591 1834
4592 1837
4593 1838
4594 1841
4595 1838
4596 1836
4597 1839
4598 1840
4599 1843
4600 1840
4601 1838
4602 1841
4603 1842
4604 1845
4605 1842
4606 1840
4607 1843
4608 1844
4609 1847
4610 1844
4611 1842
4612 1845
4613 1846
4614 1849
4615 1846
4616 1844
4617 1847
4618 1848
4619 1851
4620 1848
4621 1846
4622 1849
4623 1850
4624 1853
4625 1850
4626 1848
4627 1851
4628 1852
4629 1855
4630 1852
4631 1850
4632 1853
4633 1854
4634 1857
4635 1854
4636 1852
4637 1855
4638 1856
4639 1859
4640 1856
4641 1854
4642 1857
4643 1858
4644 1861
4645 1858
4646 1856
4647 1859
4648 1860
4649 1863
4650 1860
4651 1858
4652 1861
4653 1862
4654 1865
4655 1862
4656 1860
4657 1863
4658 1864
4659 1867
4660 1864
4661 1862
4662 1865
4663 1866
4664 1869
4665 1866
4666 1864
4667 1867
4668 1868
4669 1871
4670 1868
4671 1866
4672 1869
4673 1870
4674 1873
4675 1870
4676 1868
4677 1871
4678 1872
4679 1875
4680 1872
4681 1870
4682 1873
4683 1874
4684 1877
4685 1874
4686 1872
4687 1875
4688 1876
4689 1879
4690 1876
4691 1874
4692 1877
4693 1878
4694 1881
4695 1878
4696 1876
4697 1879
4698 1880
4699 1883
4700 1880
4701 1878
4702 1881
4703 1882
4704 1885
4705 1882
4706 1880
4707 1883
4708 1884
4709 1887
4710 1884
4711 1882
4712 1885
4713 1886
4714 1889
4715 1886
4716 1884
4717 1887
4718 1888
4719 1891
4720 1888
4721 1886
4722 1889
4723 1890
4724 1893
4725 1890
4726 1888
4727 1891
4728 1892
4729 1895
4730 1892
4731 1890
4732 1893
4733 1894
4734 1897
4735 1894
4736 1892
4737 1895
4738 1896
4739 1899
4740 1896
4741 1894
4742 1897
4743 1898
4744 1901
4745 1898
4746 1896
4747 1899
4748 1900
4749 1903
4750 1900
4751 1898
4752 1901
4753 1902
4754 1905
4755 1902
4756 1900
4757 1903
4758 1904
4759 1907
4760 1904
4761 1902
4762 1905
4763 1906
4764 1909
4765 1906
4766 1904
4767 1907
4768 1908
4769 1911
4770 1908
4771 1906
4772 1909
4773 1910
4774 1913
4775 1910
4776 1908
4777 1911
4778 1912
4779 1915
4780 1912
4781 1910
4782 1913
4783 1914
4784 1917
4785 1914
4786 1912
4787 1915
4788 1916
4789 1919
4790 1916
4791 1914
4792 1917
4793 1918
4794 1921
4795 1918
4796 1916
4797 1919
4798 1920
4799 1923
4800 1920
4801 1918
4802 1921
4803 1922
4804 1925
4805 1922
4806 1920
4807 1923
4808 1924
4809 1927
4810 1924
4811 1922
4812 1925
4813 1926
4814 1929
4815 1926
4816 1924
4817 1927
4818 1928
4819 1931
4820 1928
4821 1926
4822 1929
4823 1930
4824 1933
4825 1930
4826 1928
4827 1931
4828 1932
4829 1935
4830 1932
4831 1930
4832 1933
4833 1934
4834 1937
4835 1934
4836 1932
4837 1935
4838 1936
4839 1939
4840 1936
4841 1934
4842 1937
4843 1938
4844 1941
4845 1938
4846 1936
4847 1939
4848 1940
4849 1943
4850 1940
4851 1938
4852 1941
4853 1942
4854 1945
4855 1942
4856 1940
4857 1943
4858 1944
4859 1947
4860 1944
4861 1942
4862 1945
4863 1946
4864 1949
4865 1946
4866 1944
4867 1947
4868 1948
4869 1951
4870 1948
4871 1946
4872 1949
4873 1950
4874 1953
4875 1950
4876 1948
4877 1951
4878 1952
4879 1955
4880 1952
4881 1950
4882 1953
4883 1954
4884 1957
4885 1954
4886 1952
4887 1955
4888 1956
4889 1959
4890 1956
4891 1954
4892 1957
4893 1958
4894 1961
4895 1958
4896 1956
4897 1959
4898 1960
4899 1963
4900 1960
4901 1958
4902 1961
4903 1962
4904 1965
4905 1962
4906 1960
4907 1963
4908 1964
4909 1967
4910 1964
4911 1962
4912 1965
4913 1966
4914 1969
4915 1966
4916 1964
4917 1967
4918 1968
4919 1971
4920 1968
4921 1966
4922 1969
4923 1970
4924 1973
4925 1970
4926 1968
4927 1971
4928 1972
4929 1975
4930 1972
4931 1970
4932 1973
4933 1974
4934 1977
4935 1974
4936 1972
4937 1975
4938 1976
4939 1979
4940 1976
4941 1974
4942 1977
4943 1978
4944 1981
4945 1978
4946 1976
4947 1979
4948 1980
4949 1983
4950 1980
4951 1978
4952 1981
4953 1982
4954 1985
4955 1982
4956 1980
4957 1983
4958 1984
4959 1987
4960 1984
4961 1982
4962 1985
4963 1986
4964 1989
4965 1986
4966 1984
4967 1987
4968 1988
4969 1991
4970 1988
4971 1986
4972 1989
4973 1990
4974 1993
4975 1990
4976 1988
4977 1991
4978 1992
4979 1995
4980 1992
4981 1990
4982 1993
4983 1994
4984 1997
4985 1994
4986 1992
4987 1995
4988 1996
4989 1999
4990 1996
4991 1994
4992 1997
4993 1998
4994 2001
4995 1998
4996 1996
4997 1999
4998 2000
4999 2003
5000 2000
5001 1998
5002 2001
5003 2002
5004 2005
5005 2002
5006 2000
5007 2003
5008 2004
5009 2007
5010 2004
5011 2002
5012 2005
5013 2006
5014 2009
5015 2006
5016 2004
5017 2007
5018 2008
5019 2011
5020 2008
5021 2006
5022 2009
5023 2010
5024 2013
5025 2010
5026 2008
5027 2011
5028 2012
5029 2015
5030 2012
5031 2010
5032 2013
5033 2014
5034 2017
5035 2014
5036 2012
5037 2015
5038 2016
5039 2019
5040 2016
5041 2014
5042 2017
5043 2018
5044 2021
5045 2018
5046 2016
5047 2019
5048 2020
5049 2023
5050 2020
5051 2018
5052 2021
5053 2022
5054 2025
5055 2022
5056 2020
5057 2023
5058 2024
5059 2027
5060 2024
5061 2022
5062 2025
5063 2026
5064 2029
5065 2026
5066 2024
5067 2027
5068 2028
5069 2031
5070 2028
5071 2026
5072 2029
5073 2030
5074 2033
5075 2030
5076 2028
5077 2031
5078 2032
5079 2035
5080 2032
5081 2030
5082 2033
5083 2034
5084 2037
5085 2034
5086 2032
5087 2035
5088 2036
5089 2039
5090 2036
5091 2034
5092 2037
5093 2038
5094 2041
5095 2038
5096 2036
5097 2039
5098 2040
5099 2043
5100 2040
5101 2038
5102 2041
5103 2042
5104 2045
5105 2042
5106 2040
5107 2043
5108 2044
5109 2047
5110 2044
5111 2042
5112 2045
5113 2046
5114 2049
5115 2046
5116 2044
5117 2047
5118 2048
5119 2051
5120 2048
5121 2046
5122 2049
5123 2050
5124 2053
5125 2050
5126 2048
5127 2051
5128 2052
5129 2055
5130 2052
5131 2050
5132 2053
5133 2054
5134 2057
5135 2054
5136 2052
5137 2055
5138 2056
5139 2059
5140 2056
5141 2054
5142 2057
5143 2058
5144 2061
5145 2058
5146 2056
5147 2059
5148 2060
5149 2063
5150 2060
5151 2058
5152 2061
5153 2062
5154 2065
5155 2062
5156 2060
5157 2063
5158 2064
5159 2067
5160 2064
5161 2062
5162 2065
5163 2066
5164 2069
5165 2066
5166 2064
5167 2067
5168 2068
5169 2071
5170 2068
5171 2066
5172 2069
5173 2070
5174 2073
5175 2070
5176 2068
5177 2071
5178 2072
5179 2075
5180 2072
5181 2070
5182 2073
5183 2074
5184 2077
5185 2074
5186 2072
5187 2075
5188 2076
5189 2079
5190 2076
5191 2074
5192 2077
5193 2078
5194 2081
5195 2078
5196 2076
5197 2079
5198 2080
5199 2083
5200 2080
5201 2078
5202 2081
5203 2082
5204 2085
5205 2082
5206 2080
5207 2083
5208 2084
5209 2087
5210 2084
5211 2082
5212 2085
5213 2086
5214 2089
5215 2086
5216 2084
5217 2087
5218 2088
5219 2091
5220 2088
5221 2086
5222 2089
5223 2090
5224 2093
5225 2090
5226 2088
5227 2091
5228 2092
5229 2095
5230 2092
5231 2090
5232 2093
5233 2094
5234 2097
5235 2094
5236 2092
5237 2095
5238 2096
5239 2099
5240 2096
5241 2094
5242 2097
5243 2098
5244 2101
5245 2098
5246 2096
5247 2099
5248 2100
5249 2103
5250 2100
5251 2098
5252 2101
5253 2102
5254 2105
5255 2102
5256 2100
5257 2103
5258 2104
5259 2107
5260 2104
5261 2102
5262 2105
5263 2106
5264 2109
5265 2106
5266 2104
5267 2107
5268 2108
5269 2111
5270 2108
5271 2106
5272 2109
5273 2110
5274 2113
5275 2110
5276 2108
5277 2111
5278 2112
5279 2115
5280 2112
5281 2110
5282 2113
5283 2114
5284 2117
5285 2114
5286 2112
5287 2115
5288 2116
5289 2119
5290 2116
5291 2114
5292 2117
5293 2118
5294 2121
5295 2118
5296 2116
5297 2119
5298 2120
5299 2123
5300 2120
5301 2118
5302 2121
5303 2122
5304 2125
5305 2122
5306 2120
5307 2123
5308 2124
5309 2127
5310 2124
5311 2122
5312 2125
5313 2126
5314 2129
5315 2126
5316 2124
5317 2127
5318 2128
5319 2131
5320 2128
5321 2126
5322 2129
5323 2130
5324 2133
5325 2130
5326 2128
5327 2131
5328 2132
5329 2135
5330 2132
5331 2130
5332 2133
5333 2134
5334 2137
5335 2134
5336 2132
5337 2135
5338 2136
5339 2139
5340 2136
5341 2134
5342 2137
5343 2138
5344 2141
5345 2138
5346 2136
5347 2139
5348 2140
5349 2143
5350 2140
5351 2138
5352 2141
5353 2142
5354 2145
5355 2142
5356 2140
5357 2143
5358 2144
5359 2147
5360 2144
5361 2142
5362 2145
5363 2146
5364 2149
5365 2146
5366 2144
5367 2147
5368 2148
5369 2151
5370 2148
5371 2146
5372 2149
5373 2150
5374 2153
5375 2150
5376 2148
5377 2151
5378 2152
5379 2155
5380 2152
5381 2150
5382 2153
5383 2154
5384 2157
5385 2154
5386 2152
5387 2155
5388 2156
5389 2159
5390 2156
5391 2154
5392 2157
5393 2158
5394 2161
5395 2158
5396 2156
5397 2159
5398 2160
5399 2163
5400 2160
5401 2158
5402 2161
5403 2162
5404 2165
5405 2162
5406 2160
5407 2163
5408 2164
5409 2167
5410 2164
5411 2162
5412 2165
5413 2166
5414 2169
5415 2166
5416 2164
5417 2167
5418 2168
5419 2171
5420 2168
5421 2166
5422 2169
5423 2170
5424 2173
5425 2170
5426 2168
5427 2171
5428 2172
5429 2175
5430 2172
5431 2170
5432 2173
5433 2174
5434 2177
5435 2174
5436 2172
5437 2175
5438 2176
5439 2179
5440 2176
5441 2174
5442 2177
5443 2178
5444 2181
5445 2178
5446 2176
5447 2179
5448 2180
5449 2183
5450 2180
5451 2178
5452 2181
5453 2182
5454 2185
5455 2182
5456 2180
5457 2183
5458 2184
5459 2187
5460 2184
5461 2182
5462 2185
5463 2186
5464 2189
5465 2186
5466 2184
5467 2187
5468 2188
5469 2191
5470 2188
5471 2186
5472 2189
5473 2190
5474 2193
5475 2190
5476 2188
5477 2191
5478 2192
5479 2195
5480 2192
5481 2190
5482 2193
5483 2194
5484 2197
5485 2194
5486 2192
5487 2195
5488 2196
5489 2199
5490 2196
5491 2194
5492 2197
5493 2198
5494 2201
5495 2198
5496 2196
5497 2199
5498 2200
5499 2203
5500 2200
5501 2198
5502 2201
5503 2202
5504 2205
5505 2202
5506 2200
5507 2203
5508 2204
5509 2207
5510 2204
5511 2202
5512 2205
5513 2206
5514 2209
5515 2206
5516 2204
5517 2207
5518 2208
5519 2211
5520 2208
5521 2206
5522 2209
5523 2210
5524 2213
5525 2210
5526 2208
5527 2211
5528 2212
5529 2215
5530 2212
5531 2210
5532 2213
5533 2214
5534 2217
5535 2214
5536 2212
5537 2215
5538 2216
5539 2219
5540 2216
5541 2214
5542 2217
5543 2218
5544 2221
5545 2218
5546 2216
5547 2219
5548 2220
5549 2223
5550 2220
5551 2218
5552 2221
5553 2222
5554 2225
5555 2222
5556 2220
5557 2223
5558 2224
5559 2227
5560 2224
5561 2222
5562 2225
5563 2226
5564 2229
5565 2226
5566 2224
5567 2227
5568 2228
5569 2231
5570 2228
5571 2226
5572 2229
5573 2230
5574 2233
5575 2230
5576 2228
5577 2231
5578 2232
5579 2235
5580 2232
5581 2230
5582 2233
5583 2234
5584 2237
5585 2234
5586 2232
5587 2235
5588 2236
5589 2239
5590 2236
5591 2234
5592 2237
5593 2238
5594 2241
5595 2238
5596 2236
5597 2239
5598 2240
5599 2243
5600 2240
5601 2238
5602 2241
5603 2242
5604 2245
5605 2242
5606 2240
5607 2243
5608 2244
5609 2247
5610 2244
5611 2242
5612 2245
5613 2246
5614 2249
5615 2246
5616 2244
5617 2247
5618 2248
5619 2251
5620 2248
5621 2246
5622 2249
5623 2250
5624 2253
5625 2250
5626 2248
5627 2251
5628 2252
5629 2255
5630 2252
5631 2250
5632 2253
5633 2254
5634 2257
5635 2254
5636 2252
5637 2255
5638 2256
5639 2259
5640 2256
5641 2254
5642 2257
5643 2258
5644 2261
5645 2258
5646 2256
5647 2259
5648 2260
5649 2263
5650 2260
5651 2258
5652 2261
5653 2262
5654 2265
5655 2262
5656 2260
5657 2263
5658 2264
5659 2267
5660 2264
5661 2262
5662 2265
5663 2266
5664 2269
5665 2266
5666 2264
5667 2267
5668 2268
5669 2271
5670 2268
5671 2266
5672 2269
5673 2270
5674 2273
5675 2270
5676 2268
5677 2271
5678 2272
5679 2275
5680 2272
5681 2270
5682 2273
5683 2274
5684 2277
5685 2274
5686 2272
5687 2275
5688 2276
5689 2279
5690 2276
5691 2274
5692 2277
5693 2278
5694 2281
5695 2278
5696 2276
5697 2279
5698 2280
5699 2283
5700 2280
5701 2278
5702 2281
5703 2282
5704 2285
5705 2282
5706 2280
5707 2283
5708 2284
5709 2287
5710 2284
5711 2282
5712 2285
5713 2286
5714 2289
5715 2286
5716 2284
5717 2287
5718 2288
5719 2291
5720 2288
5721 2286
5722 2289
5723 2290
5724 2293
5725 2290
5726 2288
5727 2291
5728 2292
5729 2295
5730 2292
5731 2290
5732 2293
5733 2294
5734 2297
5735 2294
5736 2292
5737 2295
5738 2296
5739 2299
5740 2296
5741 2294
5742 2297
5743 2298
5744 2301
5745 2298
5746 2296
5747 2299
5748 2300
5749 2303
5750 2300
5751 2298
5752 2301
5753 2302
5754 2305
5755 2302
5756 2300
5757 2303
5758 2304
5759 2307
5760 2304
5761 2302
5762 2305
5763 2306
5764 2309
5765 2306
5766 2304
5767 2307
5768 2308
5769 2311
5770 2308
5771 2306
5772 2309
5773 2310
5774 2313
5775 2310
5776 2308
5777 2311
5778 2312
5779 2315
5780 2312
5781 2310
5782 2313
5783 2314
5784 2317
5785 2314
5786 2312
5787 2315
5788 2316
5789 2319
5790 2316
5791 2314
5792 2317
5793 2318
5794 2321
5795 2318
5796 2316
5797 2319
5798 2320
5799 2323
5800 2320
5801 2318
5802 2321
5803 2322
5804 2325
5805 2322
5806 2320
5807 2323
5808 2324
5809 2327
5810 2324
5811 2322
5812 2325
5813 2326
5814 2329
5815 2326
5816 2324
5817 2327
5818 2328
5819 2331
5820 2328
5821 2326
5822 2329
5823 2330
5824 2333
5825 2330
5826 2328
5827 2331
5828 2332
5829 2335
5830 2332
5831 2330
5832 2333
5833 2334
5834 2337
5835 2334
5836 2332
5837 2335
5838 2336
5839 2339
5840 2336
5841 2334
5842 2337
5843 2338
5844 2341
5845 2338
5846 2336
5847 2339
5848 2340
5849 2343
5850 2340
5851 2338
5852 2341
5853 2342
5854 2345
5855 2342
5856 2340
5857 2343
5858 2344
5859 2347
5860 2344
5861 2342
5862 2345
5863 2346
5864 2349
5865 2346
5866 2344
5867 2347
5868 2348
5869 2351
5870 2348
5871 2346
5872 2349
5873 2350
5874 2353
5875 2350
5876 2348
5877 2351
5878 2352
5879 2355
5880 2352
5881 2350
5882 2353
5883 2354
5884 2357
5885 2354
5886 2352
5887 2355
5888 2356
5889 2359
5890 2356
5891 2354
5892 2357
5893 2358
5894 2361
5895 2358
5896 2356
5897 2359
5898 2360
5899 2363
5900 2360
5901 2358
5902 2361
5903 2362
5904 2365
5905 2362
5906 2360
5907 2363
5908 2364
5909 2367
5910 2364
5911 2362
5912 2365
5913 2366
5914 2369
5915 2366
5916 2364
5917 2367
5918 2368
5919 2371
5920 2368
5921 2366
5922 2369
5923 2370
5924 2373
5925 2370
5926 2368
5927 2371
5928 2372
5929 2375
5930 2372
5931 2370
5932 2373
5933 2374
5934 2377
5935 2374
5936 2372
5937 2375
5938 2376
5939 2379
5940 2376
5941 2374
5942 2377
5943 2378
5944 2381
5945 2378
5946 2376
5947 2379
5948 2380
5949 2383
5950 2380
5951 2378
5952 2381
5953 2382
5954 2385
5955 2382
5956 2380
5957 2383
5958 2384
5959 2387
5960 2384
5961 2382
5962 2385
5963 2386
5964 2389
5965 2386
5966 2384
5967 2387
5968 2388
5969 2391
5970 2388
5971 2386
5972 2389
5973 2390
5974 2393
5975 2390
5976 2388
5977 2391
5978 2392
5979 2395
5980 2392
5981 2390
5982 2393
5983 2394
5984 2397
5985 2394
5986 2392
5987 2395
5988 2396
5989 2399
5990 2396
5991 2394
5992 2397
5993 2398
5994 2401
5995 2398
5996 2396
5997 2399
5998 2400
5999 2403
6000 2400
6001 2398
6002 2401
6003 2402
6004 2405
6005 2402
6006 2400
6007 2403
6008 2404
6009 2407
6010 2404
6011 2402
6012 2405
6013 2406
6014 2409
6015 2406
6016 2404
6017 2407
6018 2408
6019 2411
6020 2408
6021 2406
6022 2409
6023 2410
6024 2413
6025 2410
6026 2408
6027 2411
6028 2412
6029 2415
6030 2412
6031 2410
6032 2413
6033 2414
6034 2417
6035 2414
6036 2412
6037 2415
6038 2416
6039 2419
6040 2416
6041 2414
6042 2417
6043 2418
6044 2421
6045 2418
6046 2416
6047 2419
6048 2420
6049 2423
6050 2420
6051 2418
6052 2421
6053 2422
6054 2425
6055 2422
6056 2420
6057 2423
6058 2424
6059 2427
6060 2424
6061 2422
6062 2425
6063 2426
6064 2429
6065 2426
6066 2424
6067 2427
6068 2428
6069 2431
6070 2428
6071 2426
6072 2429
6073 2430
6074 2433
6075 2430
6076 2428
6077 2431
6078 2432
6079 2435
6080 2432
6081 2430
6082 2433
6083 2434
6084 2437
6085 2434
6086 2432
6087 2435
6088 2436
6089 2439
6090 2436
6091 2434
6092 2437
6093 2438
6094 2441
6095 2438
6096 2436
6097 2439
6098 2440
6099 2443
6100 2440
6101 2438
6102 2441
6103 2442
6104 2445
6105 2442
6106 2440
6107 2443
6108 2444
6109 2447
6110 2444
6111 2442
6112 2445
6113 2446
6114 2449
6115 2446
6116 2444
6117 2447
6118 2448
6119 2451
6120 2448
6121 2446
6122 2449
6123 2450
6124 2453
6125 2450
6126 2448
6127 2451
6128 2452
6129 2455
6130 2452
6131 2450
6132 2453
6133 2454
6134 2457
6135 2454
6136 2452
6137 2455
6138 2456
6139 2459
6140 2456
6141 2454
6142 2457
6143 2458
6144 2461
6145 2458
6146 2456
6147 2459
6148 2460
6149 2463
6150 2460
6151 2458
6152 2461
6153 2462
6154 2465
6155 2462
6156 2460
6157 2463
6158 2464
6159 2467
6160 2464
6161 2462
6162 2465
6163 2466
6164 2469
6165 2466
6166 2464
6167 2467
6168 2468
6169 2471
6170 2468
6171 2466
6172 2469
6173 2470
6174 2473
6175 2470
6176 2468
6177 2471
6178 2472
6179 2475
6180 2472
6181 2470
6182 2473
6183 2474
6184 2477
6185 2474
6186 2472
6187 2475
6188 2476
6189 2479
6190 2476
6191 2474
6192 2477
6193 2478
6194 2481
6195 2478
6196 2476
6197 2479
6198 2480
6199 2483
6200 2480
6201 2478
6202 2481
6203 2482
6204 2485
6205 2482
6206 2480
6207 2483
6208 2484
6209 2487
6210 2484
6211 2482
6212 2485
6213 2486
6214 2489
6215 2486
6216 2484
6217 2487
6218 2488
6219 2491
6220 2488
6221 2486
6222 2489
6223 2490
6224 2493
6225 2490
6226 2488
6227 2491
6228 2492
6229 2495
6230 2492
6231 2490
6232 2493
6233 2494
6234 2497
6235 2494
6236 2492
6237 2495
6238 2496
6239 2499
6240 2496
6241 2494
6242 2497
6243 2498
6244 2501
6245 2498
6246 2496
6247 2499
6248 2500
6249 2503
6250 2500
6251 2498
6252 2501
6253 2502
6254 2505
6255 2502
6256 2500
6257 2503
6258 2504
6259 2507
6260 2504
6261 2502
6262 2505
6263 2506
6264 2509
6265 2506
6266 2504
6267 2507
6268 2508
6269 2511
6270 2508
6271 2506
6272 2509
6273 2510
6274 2513
6275 2510
6276 2508
6277 2511
6278 2512
6279 2515
6280 2512
6281 2510
6282 2513
6283 2514
6284 2517
6285 2514
6286 2512
6287 2515
6288 2516
6289 2519
6290 2516
6291 2514
6292 2517
6293 2518
6294 2521
6295 2518
6296 2516
6297 2519
6298 2520
6299 2523
6300 2520
6301 2518
6302 2521
6303 2522
6304 2525
6305 2522
6306 2520
6307 2523
6308 2524
6309 2527
6310 2524
6311 2522
6312 2525
6313 2526
6314 2529
6315 2526
6316 2524
6317 2527
6318 2528
6319 2531
6320 2528
6321 2526
6322 2529
6323 2530
6324 2533
6325 2530
6326 2528
6327 2531
6328 2532
6329 2535
6330 2532
6331 2530
6332 2533
6333 2534
6334 2537
6335 2534
6336 2532
6337 2535
6338 2536
6339 2539
6340 2536
6341 2534
6342 2537
6343 2538
6344 2541
6345 2538
6346 2536
6347 2539
6348 2540
6349 2543
6350 2540
6351 2538
6352 2541
6353 2542
6354 2545
6355 2542
6356 2540
6357 2543
6358 2544
6359 2547
6360 2544
6361 2542
6362 2545
6363 2546
6364 2549
6365 2546
6366 2544
6367 2547
6368 2548
6369 2551
6370 2548
6371 2546
6372 2549
6373 2550
6374 2553
6375 2550
6376 2548
6377 2551
6378 2552
6379 2555
6380 2552
6381 2550
6382 2553
6383 2554
6384 2557
6385 2554
6386 2552
6387 2555
6388 2556
6389 2559
6390 2556
6391 2554
6392 2557
6393 2558
6394 2561
6395 2558
6396 2556
6397 2559
6398 2560
6399 2563
6400 2560
6401 2558
6402 2561
6403 2562
6404 2565
6405 2562
6406 2560
6407 2563
6408 2564
6409 2567
6410 2564
6411 2562
6412 2565
6413 2566
6414 2569
6415 2566
6416 2564
6417 2567
6418 2568
6419 2571
6420 2568
6421 2566
6422 2569
6423 2570
6424 2573
6425 2570
6426 2568
6427 2571
6428 2572
6429 2575
6430 2572
6431 2570
6432 2573
6433 2574
6434 2577
6435 2574
6436 2572
6437 2575
6438 2576
6439 2579
6440 2576
6441 2574
6442 2577
6443 2578
6444 2581
6445 2578
6446 2576
6447 2579
6448 2580
6449 2583
6450 2580
6451 2578
6452 2581
6453 2582
6454 2585
6455 2582
6456 2580
6457 2583
6458 2584
6459 2587
6460 2584
6461 2582
6462 2585
6463 2586
6464 2589
6465 2586
6466 2584
6467 2587
6468 2588
6469 2591
6470 2588
6471 2586
6472 2589
6473 2590
6474 2593
6475 2590
6476 2588
6477 2591
6478 2592
6479 2595
6480 2592
6481 2590
6482 2593
6483 2594
6484 2597
6485 2594
6486 2592
6487 2595
6488 2596
6489 2599
6490 2596
6491 2594
6492 2597
6493 2598
6494 2601
6495 2598
6496 2596
6497 2599
6498 2600
6499 2603
6500 2600
6501 2598
6502 2601
6503 2602
6504 2605
6505 2602
6506 2600
6507 2603
6508 2604
6509 2607
6510 2604
6511 2602
6512 2605
6513 2606
6514 2609
6515 2606
6516 2604
6517 2607
6518 2608
6519 2611
6520 2608
6521 2606
6522 2609
6523 2610
6524 2613
6525 2610
6526 2608
6527 2611
6528 2612
6529 2615
6530 2612
6531 2610
6532 2613
6533 2614
6534 2617
6535 2614
6536 2612
6537 2615
6538 2616
6539 2619
6540 2616
6541 2614
6542 2617
6543 2618
6544 2621
6545 2618
6546 2616
6547 2619
6548 2620
6549 2623
6550 2620
6551 2618
6552 2621
6553 2622
6554 2625
6555 2622
6556 2620
6557 2623
6558 2624
6559 2627
6560 2624
6561 2622
6562 2625
6563 2626
6564 2629
6565 2626
6566 2624
6567 2627
6568 2628
6569 2631
6570 2628
6571 2626
6572 2629
6573 2630
6574 2633
6575 2630
6576 2628
6577 2631
6578 2632
6579 2635
6580 2632
6581 2630
6582 2633
6583 2634
6584 2637
6585 2634
6586 2632
6587 2635
6588 2636
6589 2639
6590 2636
6591 2634
6592 2637
6593 2638
6594 2641
6595 2638
6596 2636
6597 2639
6598 2640
6599 2643
6600 2640
6601 2638
6602 2641
6603 2642
6604 2645
6605 2642
6606 2640
6607 2643
6608 2644
6609 2647
6610 2644
6611 2642
6612 2645
6613 2646
6614 2649
6615 2646
6616 2644
6617 2647
6618 2648
6619 2651
6620 2648
6621 2646
6622 2649
6623 2650
6624 2653
6625 2650
6626 2648
6627 2651
6628 2652
6629 2655
6630 2652
6631 2650
6632 2653
6633 2654
6634 2657
6635 2654
6636 2652
6637 2655
6638 2656
6639 2659
6640 2656
6641 2654
6642 2657
6643 2658
6644 2661
6645 2658
6646 2656
6647 2659
6648 2660
6649 2663
6650 2660
6651 2658
6652 2661
6653 2662
6654 2665
6655 2662
6656 2660
6657 2663
6658 2664
6659 2667
6660 2664
6661 2662
6662 2665
6663 2666
6664 2669
6665 2666
6666 2664
6667 2667
6668 2668
6669 2671
6670 2668
6671 2666
6672 2669
6673 2670
6674 2673
6675 2670
6676 2668
6677 2671
6678 2672
6679 2675
6680 2672
6681 2670
6682 2673
6683 2674
6684 2677
6685 2674
6686 2672
6687 2675
6688 2676
6689 2679
6690 2676
6691 2674
6692 2677
6693 2678
6694 2681
6695 2678
6696 2676
6697 2679
6698 2680
6699 2683
6700 2680
6701 2678
6702 2681
6703 2682
6704 2685
6705 2682
6706 2680
6707 2683
6708 2684
6709 2687
6710 2684
6711 2682
6712 2685
6713 2686
6714 2689
6715 2686
6716 2684
6717 2687
6718 2688
6719 2691
6720 2688
6721 2686
6722 2689
6723 2690
6724 2693
6725 2690
6726 2688
6727 2691
6728 2692
6729 2695
6730 2692
6731 2690
6732 2693
6733 2694
6734 2697
6735 2694
6736 2692
6737 2695
6738 2696
6739 2699
6740 2696
6741 2694
6742 2697
6743 2698
6744 2701
6745 2698
6746 2696
6747 2699
6748 2700
6749 2703
6750 2700
6751 2698
6752 2701
6753 2702
6754 2705
6755 2702
6756 2700
6757 2703
6758 2704
6759 2707
6760 2704
6761 2702
6762 2705
6763 2706
6764 2709
6765 2706
6766 2704
6767 2707
6768 2708
6769 2711
6770 2708
6771 2706
6772 2709
6773 2710
6774 2713
6775 2710
6776 2708
6777 2711
6778 2712
6779 2715
6780 2712
6781 2710
6782 2713
6783 2714
6784 2717
6785 2714
6786 2712
6787 2715
6788 2716
6789 2719
6790 2716
6791 2714
6792 2717
6793 2718
6794 2721
6795 2718
6796 2716
6797 2719
6798 2720
6799 2723
6800 2720
6801 2718
6802 2721
6803 2722
6804 2725
6805 2722
6806 2720
6807 2723
6808 2724
6809 2727
6810 2724
6811 2722
6812 2725
6813 2726
6814 2729
6815 2726
6816 2724
6817 2727
6818 2728
6819 2731
6820 2728
6821 2726
6822 2729
6823 2730
6824 2733
6825 2730
6826 2728
6827 2731
6828 2732
6829 2735
6830 2732
6831 2730
6832 2733
6833 2734
6834 2737
6835 2734
6836 2732
6837 2735
6838 2736
6839 2739
6840 2736
6841 2734
6842 2737
6843 2738
6844 2741
6845 2738
6846 2736
6847 2739
6848 2740
6849 2743
6850 2740
6851 2738
6852 2741
6853 2742
6854 2745
6855 2742
6856 2740
6857 2743
6858 2744
6859 2747
6860 2744
6861 2742
6862 2745
6863 2746
6864 2749
6865 2746
6866 2744
6867 2747
6868 2748
6869 2751
6870 2748
6871 2746
6872 2749
6873 2750
6874 2753
6875 2750
6876 2748
6877 2751
6878 2752
6879 2755
6880 2752
6881 2750
6882 2753
6883 2754
6884 2757
6885 2754
6886 2752
6887 2755
6888 2756
6889 2759
6890 2756
6891 2754
6892 2757
6893 2758
6894 2761
6895 2758
6896 2756
6897 2759
6898 2760
6899 2763
6900 2760
6901 2758
6902 2761
6903 2762
6904 2765
6905 2762
6906 2760
6907 2763
6908 2764
6909 2767
6910 2764
6911 2762
6912 2765
6913 2766
6914 2769
6915 2766
6916 2764
6917 2767
6918 2768
6919 2771
6920 2768
6921 2766
6922 2769
6923 2770
6924 2773
6925 2770
6926 2768
6927 2771
6928 2772
6929 2775
6930 2772
6931 2770
6932 2773
6933 2774
6934 2777
6935 2774
6936 2772
6937 2775
6938 2776
6939 2779
6940 2776
6941 2774
6942 2777
6943 2778
6944 2781
6945 2778
6946 2776
6947 2779
6948 2780
6949 2783
6950 2780
6951 2778
6952 2781
6953 2782
6954 2785
6955 2782
6956 2780
6957 2783
6958 2784
6959 2787
6960 2784
6961 2782
6962 2785
6963 2786
6964 2789
6965 2786
6966 2784
6967 2787
6968 2788
6969 2791
6970 2788
6971 2786
6972 2789
6973 2790
6974 2793
6975 2790
6976 2788
6977 2791
6978 2792
6979 2795
6980 2792
6981 2790
6982 2793
6983 2794
6984 2797
6985 2794
6986 2792
6987 2795
6988 2796
6989 2799
6990 2796
6991 2794
6992 2797
6993 2798
6994 2801
6995 2798
6996 2796
6997 2799
6998 2800
6999 2803
7000 2800
7001 2798
7002 2801
7003 2802
7004 2805
7005 2802
7006 2800
7007 2803
7008 2804
7009 2807
7010 2804
7011 2802
7012 2805
7013 2806
7014 2809
7015 2806
7016 2804
7017 2807
7018 2808
7019 2811
7020 2808
7021 2806
7022 2809
7023 2810
7024 2813
7025 2810
7026 2808
7027 2811
7028 2812
7029 2815
7030 2812
7031 2810
7032 2813
7033 2814
7034 2817
7035 2814
7036 2812
7037 2815
7038 2816
7039 2819
7040 2816
7041 2814
7042 2817
7043 2818
7044 2821
7045 2818
7046 2816
7047 2819
7048 2820
7049 2823
7050 2820
7051 2818
7052 2821
7053 2822
7054 2825
7055 2822
7056 2820
7057 2823
7058 2824
7059 2827
7060 2824
7061 2822
7062 2825
7063 2826
7064 2829
7065 2826
7066 2824
7067 2827
7068 2828
7069 2831
7070 2828
7071 2826
7072 2829
7073 2830
7074 2833
7075 2830
7076 2828
7077 2831
7078 2832
7079 2835
7080 2832
7081 2830
7082 2833
7083 2834
7084 2837
7085 2834
7086 2832
7087 2835
7088 2836
7089 2839
7090 2836
7091 2834
7092 2837
7093 2838
7094 2841
7095 2838
7096 2836
7097 2839
7098 2840
7099 2843
7100 2840
7101 2838
7102 2841
7103 2842
7104 2845
7105 2842
7106 2840
7107 2843
7108 2844
7109 2847
7110 2844
7111 2842
7112 2845
7113 2846
7114 2849
7115 2846
7116 2844
7117 2847
7118 2848
7119 2851
7120 2848
7121 2846
7122 2849
7123 2850
7124 2853
7125 2850
7126 2848
7127 2851
7128 2852
7129 2855
7130 2852
7131 2850
7132 2853
7133 2854
7134 2857
7135 2854
7136 2852
7137 2855
7138 2856
7139 2859
7140 2856
7141 2854
7142 2857
7143 2858
7144 2861
7145 2858
7146 2856
7147 2859
7148 2860
7149 2863
7150 2860
7151 2858
7152 2861
7153 2862
7154 2865
7155 2862
7156 2860
7157 2863
7158 2864
7159 2867
7160 2864
7161 2862
7162 2865
7163 2866
7164 2869
7165 2866
7166 2864
7167 2867
7168 2868
7169 2871
7170 2868
7171 2866
7172 2869
7173 2870
7174 2873
7175 2870
7176 2868
7177 2871
7178 2872
7179 2875
7180 2872
7181 2870
7182 2873
7183 2874
7184 2877
7185 2874
7186 2872
7187 2875
7188 2876
7189 2879
7190 2876
7191 2874
7192 2877
7193 2878
7194 2881
7195 2878
7196 2876
7197 2879
7198 2880
7199 2883
7200 2880
7201 2878
7202 2881
7203 2882
7204 2885
7205 2882
7206 2880
7207 2883
7208 2884
7209 2887
7210 2884
7211 2882
7212 2885
7213 2886
7214 2889
7215 2886
7216 2884
7217 2887
7218 2888
7219 2891
7220 2888
7221 2886
7222 2889
7223 2890
7224 2893
7225 2890
7226 2888
7227 2891
7228 2892
7229 2895
7230 2892
7231 2890
7232 2893
7233 2894
7234 2897
7235 2894
7236 2892
7237 2895
7238 2896
7239 2899
7240 2896
7241 2894
7242 2897
7243 2898
7244 2901
7245 2898
7246 2896
7247 2899
7248 2900
7249 2903
7250 2900
7251 2898
7252 2901
7253 2902
7254 2905
7255 2902
7256 2900
7257 2903
7258 2904
7259 2907
7260 2904
7261 2902
7262 2905
7263 2906
7264 2909
7265 2906
7266 2904
7267 2907
7268 2908
7269 2911
7270 2908
7271 2906
7272 2909
7273 2910
7274 2913
7275 2910
7276 2908
7277 2911
7278 2912
7279 2915
7280 2912
7281 2910
7282 2913
7283 2914
7284 2917
7285 2914
7286 2912
7287 2915
7288 2916
7289 2919
7290 2916
7291 2914
7292 2917
7293 2918
7294 2921
7295 2918
7296 2916
7297 2919
7298 2920
7299 2923
7300 2920
7301 2918
7302 2921
7303 2922
7304 2925
7305 2922
7306 2920
7307 2923
7308 2924
7309 2927
7310 2924
7311 2922
7312 2925
7313 2926
7314 2929
7315 2926
7316 2924
7317 2927
7318 2928
7319 2931
7320 2928
7321 2926
7322 2929
7323 2930
7324 2933
7325 2930
7326 2928
7327 2931
7328 2932
7329 2935
7330 2932
7331 2930
7332 2933
7333 2934
7334 2937
7335 2934
7336 2932
7337 2935
7338 2936
7339 2939
7340 2936
7341 2934
7342 2937
7343 2938
7344 2941
7345 2938
7346 2936
7347 2939
7348 2940
7349 2943
7350 2940
7351 2938
7352 2941
7353 2942
7354 2945
7355 2942
7356 2940
7357 2943
7358 2944
7359 2947
7360 2944
7361 2942
7362 2945
7363 2946
7364 2949
7365 2946
7366 2944
7367 2947
7368 2948
7369 2951
7370 2948
7371 2946
7372 2949
7373 2950
7374 2953
7375 2950
7376 2948
7377 2951
7378 2952
7379 2955
7380 2952
7381 2950
7382 2953
7383 2954
7384 2957
7385 2954
7386 2952
7387 2955
7388 2956
7389 2959
7390 2956
7391 2954
7392 2957
7393 2958
7394 2961
7395 2958
7396 2956
7397 2959
7398 2960
7399 2963
7400 2960
7401 2958
7402 2961
7403 2962
7404 2965
7405 2962
7406 2960
7407 2963
7408 2964
7409 2967
7410 2964
7411 2962
7412 2965
7413 2966
7414 2969
7415 2966
7416 2964
7417 2967
7418 2968
7419 2971
7420 2968
7421 2966
7422 2969
7423 2970
7424 2973
7425 2970
7426 2968
7427 2971
7428 2972
7429 2975
7430 2972
7431 2970
7432 2973
7433 2974
7434 2977
7435 2974
7436 2972
7437 2975
7438 2976
7439 2979
7440 2976
7441 2974
7442 2977
7443 2978
7444 2981
7445 2978
7446 2976
7447 2979
7448 2980
7449 2983
7450 2980
7451 2978
7452 2981
7453 2982
7454 2985
7455 2982
7456 2980
7457 2983
7458 2984
7459 2987
7460 2984
7461 2982
7462 2985
7463 2986
7464 2989
7465 2986
7466 2984
7467 2987
7468 2988
7469 2991
7470 2988
7471 2986
7472 2989
7473 2990
7474 2993
7475 2990
7476 2988
7477 2991
7478 2992
7479 2995
7480 2992
7481 2990
7482 2993
7483 2994
7484 2997
7485 2994
7486 2992
7487 2995
7488 2996
7489 2999
7490 2996
7491 2994
7492 2997
7493 2998
7494 3001
7495 2998
7496 2996
7497 2999
7498 3000
7499 3003
7500 3000
7501 2998
7502 3001
7503 3002
7504 3005
7505 3002
7506 3000
7507 3003
7508 3004
7509 3007
7510 3004
7511 3002
7512 3005
7513 3006
7514 3009
7515 3006
7516 3004
7517 3007
7518 3008
7519 3011
7520 3008
7521 3006
7522 3009
7523 3010
7524 3013
7525 3010
7526 3008
7527 3011
7528 3012
7529 3015
7530 3012
7531 3010
7532 3013
7533 3014
7534 3017
7535 3014
7536 3012
7537 3015
7538 3016
7539 3019
7540 3016
7541 3014
7542 3017
7543 3018
7544 3021
7545 3018
7546 3016
7547 3019
7548 3020
7549 3023
7550 3020
7551 3018
7552 3021
7553 3022
7554 3025
7555 3022
7556 3020
7557 3023
7558 3024
7559 3027
7560 3024
7561 3022
7562 3025
7563 3026
7564 3029
7565 3026
7566 3024
7567 3027
7568 3028
7569 3031
7570 3028
7571 3026
7572 3029
7573 3030
7574 3033
7575 3030
7576 3028
7577 3031
7578 3032
7579 3035
7580 3032
7581 3030
7582 3033
7583 3034
7584 3037
7585 3034
7586 3032
7587 3035
7588 3036
7589 3039
7590 3036
7591 3034
7592 3037
7593 3038
7594 3041
7595 3038
7596 3036
7597 3039
7598 3040
7599 3043
7600 3040
7601 3038
7602 3041
7603 3042
7604 3045
7605 3042
7606 3040
7607 3043
7608 3044
7609 3047
7610 3044
7611 3042
7612 3045
7613 3046
7614 3049
7615 3046
7616 3044
7617 3047
7618 3048
7619 3051
7620 3048
7621 3046
7622 3049
7623 3050
7624 3053
7625 3050
7626 3048
7627 3051
7628 3052
7629 3055
7630 3052
7631 3050
7632 3053
7633 3054
7634 3057
7635 3054
7636 3052
7637 3055
7638 3056
7639 3059
7640 3056
7641 3054
7642 3057
7643 3058
7644 3061
7645 3058
7646 3056
7647 3059
7648 3060
7649 3063
7650 3060
7651 3058
7652 3061
7653 3062
7654 3065
7655 3062
7656 3060
7657 3063
7658 3064
7659 3067
7660 3064
7661 3062
7662 3065
7663 3066
7664 3069
7665 3066
7666 3064
7667 3067
7668 3068
7669 3071
7670 3068
7671 3066
7672 3069
7673 3070
7674 3073
7675 3070
7676 3068
7677 3071
7678 3072
7679 3075
7680 3072
7681 3070
7682 3073
7683 3074
7684 3077
7685 3074
7686 3072
7687 3075
7688 3076
7689 3079
7690 3076
7691 3074
7692 3077
7693 3078
7694 3081
7695 3078
7696 3076
7697 3079
7698 3080
7699 3083
7700 3080
7701 3078
7702 3081
7703 3082
7704 3085
7705 3082
7706 3080
7707 3083
7708 3084
7709 3087
7710 3084
7711 3082
7712 3085
7713 3086
7714 3089
7715 3086
7716 3084
7717 3087
7718 3088
7719 3091
7720 3088
7721 3086
7722 3089
7723 3090
7724 3093
7725 3090
7726 3088
7727 3091
7728 3092
7729 3095
7730 3092
7731 3090
7732 3093
7733 3094
7734 3097
7735 3094
7736 3092
7737 3095
7738 3096
7739 3099
7740 3096
7741 3094
7742 3097
7743 3098
7744 3101
7745 3098
7746 3096
7747 3099
7748 3100
7749 3103
7750 3100
7751 3098
7752 3101
7753 3102
7754 3105
7755 3102
7756 3100
7757 3103
7758 3104
7759 3107
7760 3104
7761 3102
7762 3105
7763 3106
7764 3109
7765 3106
7766 3104
7767 3107
7768 3108
7769 3111
7770 3108
7771 3106
7772 3109
7773 3110
7774 3113
7775 3110
7776 3108
7777 3111
7778 3112
7779 3115
7780 3112
7781 3110
7782 3113
7783 3114
7784 3117
7785 3114
7786 3112
7787 3115
7788 3116
7789 3119
7790 3116
7791 3114
7792 3117
7793 3118
7794 3121
7795 3118
7796 3116
7797 3119
7798 3120
7799 3123
7800 3120
7801 3118
7802 3121
7803 3122
7804 3125
7805 3122
7806 3120
7807 3123
7808 3124
7809 3127
7810 3124
7811 3122
7812 3125
7813 3126
7814 3129
7815 3126
7816 3124
7817 3127
7818 3128
7819 3131
7820 3128
7821 3126
7822 3129
7823 3130
7824 3133
7825 3130
7826 3128
7827 3131
7828 3132
7829 3135
7830 3132
7831 3130
7832 3133
7833 3134
7834 3137
7835 3134
7836 3132
7837 3135
7838 3136
7839 3139
7840 3136
7841 3134
7842 3137
7843 3138
7844 3141
7845 3138
7846 3136
7847 3139
7848 3140
7849 3143
7850 3140
7851 3138
7852 3141
7853 3142
7854 3145
7855 3142
7856 3140
7857 3143
7858 3144
7859 3147
7860 3144
7861 3142
7862 3145
7863 3146
7864 3149
7865 3146
7866 3144
7867 3147
7868 3148
7869 3151
7870 3148
7871 3146
7872 3149
7873 3150
7874 3153
7875 3150
7876 3148
7877 3151
7878 3152
7879 3155
7880 3152
7881 3150
7882 3153
7883 3154
7884 3157
7885 3154
7886 3152
7887 3155
7888 3156
7889 3159
7890 3156
7891 3154
7892 3157
7893 3158
7894 3161
7895 3158
7896 3156
7897 3159
7898 3160
7899 3163
7900 3160
7901 3158
7902 3161
7903 3162
7904 3165
7905 3162
7906 3160
7907 3163
7908 3164
7909 3167
7910 3164
7911 3162
7912 3165
7913 3166
7914 3169
7915 3166
7916 3164
7917 3167
7918 3168
7919 3171
7920 3168
7921 3166
7922 3169
7923 3170
7924 3173
7925 3170
7926 3168
7927 3171
7928 3172
7929 3175
7930 3172
7931 3170
7932 3173
7933 3174
7934 3177
7935 3174
7936 3172
7937 3175
7938 3176
7939 3179
7940 3176
7941 3174
7942 3177
7943 3178
7944 3181
7945 3178
7946 3176
7947 3179
7948 3180
7949 3183
7950 3180
7951 3178
7952 3181
7953 3182
7954 3185
7955 3182
7956 3180
7957 3183
7958 3184
7959 3187
7960 3184
7961 3182
7962 3185
7963 3186
7964 3189
7965 3186
7966 3184
7967 3187
7968 3188
7969 3191
7970 3188
7971 3186
7972 3189
7973 3190
7974 3193
7975 3190
7976 3188
7977 3191
7978 3192
7979 3195
7980 3192
7981 3190
7982 3193
7983 3194
7984 3197
7985 3194
7986 3192
7987 3195
7988 3196
7989 3199
7990 3196
7991 3194
7992 3197
7993 3198
7994 3201
7995 3198
7996 3196
7997 3199
7998 3200
7999 3203
8000 3200
8001 3198
8002 3201
8003 3202
8004 3205
8005 3202
8006 3200
8007 3203
8008 3204
8009 3207
8010 3204
8011 3202
8012 3205
8013 3206
8014 3209
8015 3206
8016 3204
8017 3207
8018 3208
8019 3211
8020 3208
8021 3206
8022 3209
8023 3210
8024 3213
8025 3210
8026 3208
8027 3211
8028 3212
8029 3215
8030 3212
8031 3210
8032 3213
8033 3214
8034 3217
8035 3214
8036 3212
8037 3215
8038 3216
8039 3219
8040 3216
8041 3214
8042 3217
8043 3218
8044 3221
8045 3218
8046 3216
8047 3219
8048 3220
8049 3223
8050 3220
8051 3218
8052 3221
8053 3222
8054 3225
8055 3222
8056 3220
8057 3223
8058 3224
8059 3227
8060 3224
8061 3222
8062 3225
8063 3226
8064 3229
8065 3226
8066 3224
8067 3227
8068 3228
8069 3231
8070 3228
8071 3226
8072 3229
8073 3230
8074 3233
8075 3230
8076 3228
8077 3231
8078 3232
8079 3235
8080 3232
8081 3230
8082 3233
8083 3234
8084 3237
8085 3234
8086 3232
8087 3235
8088 3236
8089 3239
8090 3236
8091 3234
8092 3237
8093 3238
8094 3241
8095 3238
8096 3236
8097 3239
8098 3240
8099 3243
8100 3240
8101 3238
8102 3241
8103 3242
8104 3245
8105 3242
8106 3240
8107 3243
8108 3244
8109 3247
8110 3244
8111 3242
8112 3245
8113 3246
8114 3249
8115 3246
8116 3244
8117 3247
8118 3248
8119 3251
8120 3248
8121 3246
8122 3249
8123 3250
8124 3253
8125 3250
8126 3248
8127 3251
8128 3252
8129 3255
8130 3252
8131 3250
8132 3253
8133 3254
8134 3257
8135 3254
8136 3252
8137 3255
8138 3256
8139 3259
8140 3256
8141 3254
8142 3257
8143 3258
8144 3261
8145 3258
8146 3256
8147 3259
8148 3260
8149 3263
8150 3260
8151 3258
8152 3261
8153 3262
8154 3265
8155 3262
8156 3260
8157 3263
8158 3264
8159 3267
8160 3264
8161 3262
8162 3265
8163 3266
8164 3269
8165 3266
8166 3264
8167 3267
8168 3268
8169 3271
8170 3268
8171 3266
8172 3269
8173 3270
8174 3273
8175 3270
8176 3268
8177 3271
8178 3272
8179 3275
8180 3272
8181 3270
8182 3273
8183 3274
8184 3277
8185 3274
8186 3272
8187 3275
8188 3276
8189 3279
8190 3276
8191 3274
8192 3277
8193 3278
8194 3281
8195 3278
8196 3276
8197 3279
8198 3280
8199 3283
8200 3280
8201 3278
8202 3281
8203 3282
8204 3285
8205 3282
8206 3280
8207 3283
8208 3284
8209 3287
8210 3284
8211 3282
8212 3285
8213 3286
8214 3289
8215 3286
8216 3284
8217 3287
8218 3288
8219 3291
8220 3288
8221 3286
8222 3289
8223 3290
8224 3293
8225 3290
8226 3288
8227 3291
8228 3292
8229 3295
8230 3292
8231 3290
8232 3293
8233 3294
8234 3297
8235 3294
8236 3292
8237 3295
8238 3296
8239 3299
8240 3296
8241 3294
8242 3297
8243 3298
8244 3301
8245 3298
8246 3296
8247 3299
8248 3300
8249 3303
8250 3300
8251 3298
8252 3301
8253 3302
8254 3305
8255 3302
8256 3300
8257 3303
8258 3304
8259 3307
8260 3304
8261 3302
8262 3305
8263 3306
8264 3309
8265 3306
8266 3304
8267 3307
8268 3308
8269 3311
8270 3308
8271 3306
8272 3309
8273 3310
8274 3313
8275 3310
8276 3308
8277 3311
8278 3312
8279 3315
8280 3312
8281 3310
8282 3313
8283 3314
8284 3317
8285 3314
8286 3312
8287 3315
8288 3316
8289 3319
8290 3316
8291 3314
8292 3317
8293 3318
8294 3321
8295 3318
8296 3316
8297 3319
8298 3320
8299 3323
8300 3320
8301 3318
8302 3321
8303 3322
8304 3325
8305 3322
8306 3320
8307 3323
8308 3324
8309 3327
8310 3324
8311 3322
8312 3325
8313 3326
8314 3329
8315 3326
8316 3324
8317 3327
8318 3328
8319 3331
8320 3328
8321 3326
8322 3329
8323 3330
8324 3333
8325 3330
8326 3328
8327 3331
8328 3332
8329 3335
8330 3332
8331 3330
8332 3333
8333 3334
8334 3337
8335 3334
8336 3332
8337 3335
8338 3336
8339 3339
8340 3336
8341 3334
8342 3337
8343 3338
8344 3341
8345 3338
8346 3336
8347 3339
8348 3340
8349 3343
8350 3340
8351 3338
8352 3341
8353 3342
8354 3345
8355 3342
8356 3340
8357 3343
8358 3344
8359 3347
8360 3344
8361 3342
8362 3345
8363 3346
8364 3349
8365 3346
8366 3344
8367 3347
8368 3348
8369 3351
8370 3348
8371 3346
8372 3349
8373 3350
8374 3353
8375 3350
8376 3348
8377 3351
8378 3352
8379 3355
8380 3352
8381 3350
8382 3353
8383 3354
8384 3357
8385 3354
8386 3352
8387 3355
8388 3356
8389 3359
8390 3356
8391 3354
8392 3357
8393 3358
8394 3361
8395 3358
8396 3356
8397 3359
8398 3360
8399 3363
8400 3360
8401 3358
8402 3361
8403 3362
8404 3365
8405 3362
8406 3360
8407 3363
8408 3364
8409 3367
8410 3364
8411 3362
8412 3365
8413 3366
8414 3369
8415 3366
8416 3364
8417 3367
8418 3368
8419 3371
8420 3368
8421 3366
8422 3369
8423 3370
8424 3373
8425 3370
8426 3368
8427 3371
8428 3372
8429 3375
8430 3372
8431 3370
8432 3373
8433 3374
8434 3377
8435 3374
8436 3372
8437 3375
8438 3376
8439 3379
8440 3376
8441 3374
8442 3377
8443 3378
8444 3381
8445 3378
8446 3376
8447 3379
8448 3380
8449 3383
8450 3380
8451 3378
8452 3381
8453 3382
8454 3385
8455 3382
8456 3380
8457 3383
8458 3384
8459 3387
8460 3384
8461 3382
8462 3385
8463 3386
8464 3389
8465 3386
8466 3384
8467 3387
8468 3388
8469 3391
8470 3388
8471 3386
8472 3389
8473 3390
8474 3393
8475 3390
8476 3388
8477 3391
8478 3392
8479 3395
8480 3392
8481 3390
8482 3393
8483 3394
8484 3397
8485 3394
8486 3392
8487 3395
8488 3396
8489 3399
8490 3396
8491 3394
8492 3397
8493 3398
8494 3401
8495 3398
8496 3396
8497 3399
8498 3400
8499 3403
8500 3400
8501 3398
8502 3401
8503 3402
8504 3405
8505 3402
8506 3400
8507 3403
8508 3404
8509 3407
8510 3404
8511 3402
8512 3405
8513 3406
8514 3409
8515 3406
8516 3404
8517 3407
8518 3408
8519 3411
8520 3408
8521 3406
8522 3409
8523 3410
8524 3413
8525 3410
8526 3408
8527 3411
8528 3412
8529 3415
8530 3412
8531 3410
8532 3413
8533 3414
8534 3417
8535 3414
8536 3412
8537 3415
8538 3416
8539 3419
8540 3416
8541 3414
8542 3417
8543 3418
8544 3421
8545 3418
8546 3416
8547 3419
8548 3420
8549 3423
8550 3420
8551 3418
8552 3421
8553 3422
8554 3425
8555 3422
8556 3420
8557 3423
8558 3424
8559 3427
8560 3424
8561 3422
8562 3425
8563 3426
8564 3429
8565 3426
8566 3424
8567 3427
8568 3428
8569 3431
8570 3428
8571 3426
8572 3429
8573 3430
8574 3433
8575 3430
8576 3428
8577 3431
8578 3432
8579 3435
8580 3432
8581 3430
8582 3433
8583 3434
8584 3437
8585 3434
8586 3432
8587 3435
8588 3436
8589 3439
8590 3436
8591 3434
8592 3437
8593 3438
8594 3441
8595 3438
8596 3436
8597 3439
8598 3440
8599 3443
8600 3440
8601 3438
8602 3441
8603 3442
8604 3445
8605 3442
8606 3440
8607 3443
8608 3444
8609 3447
8610 3444
8611 3442
8612 3445
8613 3446
8614 3449
8615 3446
8616 3444
8617 3447
8618 3448
8619 3451
8620 3448
8621 3446
8622 3449
8623 3450
8624 3453
8625 3450
8626 3448
8627 3451
8628 3452
8629 3455
8630 3452
8631 3450
8632 3453
8633 3454
8634 3457
8635 3454
8636 3452
8637 3455
8638 3456
8639 3459
8640 3456
8641 3454
8642 3457
8643 3458
8644 3461
8645 3458
8646 3456
8647 3459
8648 3460
8649 3463
8650 3460
8651 3458
8652 3461
8653 3462
8654 3465
8655 3462
8656 3460
8657 3463
8658 3464
8659 3467
8660 3464
8661 3462
8662 3465
8663 3466
8664 3469
8665 3466
8666 3464
8667 3467
8668 3468
8669 3471
8670 3468
8671 3466
8672 3469
8673 3470
8674 3473
8675 3470
8676 3468
8677 3471
8678 3472
8679 3475
8680 3472
8681 3470
8682 3473
8683 3474
8684 3477
8685 3474
8686 3472
8687 3475
8688 3476
8689 3479
8690 3476
8691 3474
8692 3477
8693 3478
8694 3481
8695 3478
8696 3476
8697 3479
8698 3480
8699 3483
8700 3480
8701 3478
8702 3481
8703 3482
8704 3485
8705 3482
8706 3480
8707 3483
8708 3484
8709 3487
8710 3484
8711 3482
8712 3485
8713 3486
8714 3489
8715 3486
8716 3484
8717 3487
8718 3488
8719 3491
8720 3488
8721 3486
8722 3489
8723 3490
8724 3493
8725 3490
8726 3488
8727 3491
8728 3492
8729 3495
8730 3492
8731 3490
8732 3493
8733 3494
8734 3497
8735 3494
8736 3492
8737 3495
8738 3496
8739 3499
8740 3496
8741 3494
8742 3497
8743 3498
8744 3501
8745 3498
8746 3496
8747 3499
8748 3500
8749 3503
8750 3500
8751 3498
8752 3501
8753 3502
8754 3505
8755 3502
8756 3500
8757 3503
8758 3504
8759 3507
8760 3504
8761 3502
8762 3505
8763 3506
8764 3509
8765 3506
8766 3504
8767 3507
8768 3508
8769 3511
8770 3508
8771 3506
8772 3509
8773 3510
8774 3513
8775 3510
8776 3508
8777 3511
8778 3512
8779 3515
8780 3512
8781 3510
8782 3513
8783 3514
8784 3517
8785 3514
8786 3512
8787 3515
8788 3516
8789 3519
8790 3516
8791 3514
8792 3517
8793 3518
8794 3521
8795 3518
8796 3516
8797 3519
8798 3520
8799 3523
8800 3520
8801 3518
8802 3521
8803 3522
8804 3525
8805 3522
8806 3520
8807 3523
8808 3524
8809 3527
8810 3524
8811 3522
8812 3525
8813 3526
8814 3529
8815 3526
8816 3524
8817 3527
8818 3528
8819 3531
8820 3528
8821 3526
8822 3529
8823 3530
8824 3533
8825 3530
8826 3528
8827 3531
8828 3532
8829 3535
8830 3532
8831 3530
8832 3533
8833 3534
8834 3537
8835 3534
8836 3532
8837 3535
8838 3536
8839 3539
8840 3536
8841 3534
8842 3537
8843 3538
8844 3541
8845 3538
8846 3536
8847 3539
8848 3540
8849 3543
8850 3540
8851 3538
8852 3541
8853 3542
8854 3545
8855 3542
8856 3540
8857 3543
8858 3544
8859 3547
8860 3544
8861 3542
8862 3545
8863 3546
8864 3549
8865 3546
8866 3544
8867 3547
8868 3548
8869 3551
8870 3548
8871 3546
8872 3549
8873 3550
8874 3553
8875 3550
8876 3548
8877 3551
8878 3552
8879 3555
8880 3552
8881 3550
8882 3553
8883 3554
8884 3557
8885 3554
8886 3552
8887 3555
8888 3556
8889 3559
8890 3556
8891 3554
8892 3557
8893 3558
8894 3561
8895 3558
8896 3556
8897 3559
8898 3560
8899 3563
8900 3560
8901 3558
8902 3561
8903 3562
8904 3565
8905 3562
8906 3560
8907 3563
8908 3564
8909 3567
8910 3564
8911 3562
8912 3565
8913 3566
8914 3569
8915 3566
8916 3564
8917 3567
8918 3568
8919 3571
8920 3568
8921 3566
8922 3569
8923 3570
8924 3573
8925 3570
8926 3568
8927 3571
8928 3572
8929 3575
8930 3572
8931 3570
8932 3573
8933 3574
8934 3577
8935 3574
8936 3572
8937 3575
8938 3576
8939 3579
8940 3576
8941 3574
8942 3577
8943 3578
8944 3581
8945 3578
8946 3576
8947 3579
8948 3580
8949 3583
8950 3580
8951 3578
8952 3581
8953 3582
8954 3585
8955 3582
8956 3580
8957 3583
8958 3584
8959 3587
8960 3584
8961 3582
8962 3585
8963 3586
8964 3589
8965 3586
8966 3584
8967 3587
8968 3588
8969 3591
8970 3588
8971 3586
8972 3589
8973 3590
8974 3593
8975 3590
8976 3588
8977 3591
8978 3592
8979 3595
8980 3592
8981 3590
8982 3593
8983 3594
8984 3597
8985 3594
8986 3592
8987 3595
8988 3596
8989 3599
8990 3596
8991 3594
8992 3597
8993 3598
8994 3601
8995 3598
8996 3596
8997 3599
8998 3600
8999 3603
9000 3600
9001 3598
9002 3601
9003 3602
9004 3605
9005 3602
9006 3600
9007 3603
9008 3604
9009 3607
9010 3604
9011 3602
9012 3605
9013 3606
9014 3609
9015 3606
9016 3604
9017 3607
9018 3608
9019 3611
9020 3608
9021 3606
9022 3609
9023 3610
9024 3613
9025 3610
9026 3608
9027 3611
9028 3612
9029 3615
9030 3612
9031 3610
9032 3613
9033 3614
9034 3617
9035 3614
9036 3612
9037 3615
9038 3616
9039 3619
9040 3616
9041 3614
9042 3617
9043 3618
9044 3621
9045 3618
9046 3616
9047 3619
9048 3620
9049 3623
9050 3620
9051 3618
9052 3621
9053 3622
9054 3625
9055 3622
9056 3620
9057 3623
9058 3624
9059 3627
9060 3624
9061 3622
9062 3625
9063 3626
9064 3629
9065 3626
9066 3624
9067 3627
9068 3628
9069 3631
9070 3628
9071 3626
9072 3629
9073 3630
9074 3633
9075 3630
9076 3628
9077 3631
9078 3632
9079 3635
9080 3632
9081 3630
9082 3633
9083 3634
9084 3637
9085 3634
9086 3632
9087 3635
9088 3636
9089 3639
9090 3636
9091 3634
9092 3637
9093 3638
9094 3641
9095 3638
9096 3636
9097 3639
9098 3640
9099 3643
9100 3640
9101 3638
9102 3641
9103 3642
9104 3645
9105 3642
9106 3640
9107 3643
9108 3644
9109 3647
9110 3644
9111 3642
9112 3645
9113 3646
9114 3649
9115 3646
9116 3644
9117 3647
9118 3648
9119 3651
9120 3648
9121 3646
9122 3649
9123 3650
9124 3653
9125 3650
9126 3648
9127 3651
9128 3652
9129 3655
9130 3652
9131 3650
9132 3653
9133 3654
9134 3657
9135 3654
9136 3652
9137 3655
9138 3656
9139 3659
9140 3656
9141 3654
9142 3657
9143 3658
9144 3661
9145 3658
9146 3656
9147 3659
9148 3660
9149 3663
9150 3660
9151 3658
9152 3661
9153 3662
9154 3665
9155 3662
9156 3660
9157 3663
9158 3664
9159 3667
9160 3664
9161 3662
9162 3665
9163 3666
9164 3669
9165 3666
9166 3664
9167 3667
9168 3668
9169 3671
9170 3668
9171 3666
9172 3669
9173 3670
9174 3673
9175 3670
9176 3668
9177 3671
9178 3672
9179 3675
9180 3672
9181 3670
9182 3673
9183 3674
9184 3677
9185 3674
9186 3672
9187 3675
9188 3676
9189 3679
9190 3676
9191 3674
9192 3677
9193 3678
9194 3681
9195 3678
9196 3676
9197 3679
9198 3680
9199 3683
9200 3680
9201 3678
9202 3681
9203 3682
9204 3685
9205 3682
9206 3680
9207 3683
9208 3684
9209 3687
9210 3684
9211 3682
9212 3685
9213 3686
9214 3689
9215 3686
9216 3684
9217 3687
9218 3688
9219 3691
9220 3688
9221 3686
9222 3689
9223 3690
9224 3693
9225 3690
9226 3688
9227 3691
9228 3692
9229 3695
9230 3692
9231 3690
9232 3693
9233 3694
9234 3697
9235 3694
9236 3692
9237 3695
9238 3696
9239 3699
9240 3696
9241 3694
9242 3697
9243 3698
9244 3701
9245 3698
9246 3696
9247 3699
9248 3700
9249 3703
9250 3700
9251 3698
9252 3701
9253 3702
9254 3705
9255 3702
9256 3700
9257 3703
9258 3704
9259 3707
9260 3704
9261 3702
9262 3705
9263 3706
9264 3709
9265 3706
9266 3704
9267 3707
9268 3708
9269 3711
9270 3708
9271 3706
9272 3709
9273 3710
9274 3713
9275 3710
9276 3708
9277 3711
9278 3712
9279 3715
9280 3712
9281 3710
9282 3713
9283 3714
9284 3717
9285 3714
9286 3712
9287 3715
9288 3716
9289 3719
9290 3716
9291 3714
9292 3717
9293 3718
9294 3721
9295 3718
9296 3716
9297 3719
9298 3720
9299 3723
9300 3720
9301 3718
9302 3721
9303 3722
9304 3725
9305 3722
9306 3720
9307 3723
9308 3724
9309 3727
9310 3724
9311 3722
9312 3725
9313 3726
9314 3729
9315 3726
9316 3724
9317 3727
9318 3728
9319 3731
9320 3728
9321 3726
9322 3729
9323 3730
9324 3733
9325 3730
9326 3728
9327 3731
9328 3732
9329 3735
9330 3732
9331 3730
9332 3733
9333 3734
9334 3737
9335 3734
9336 3732
9337 3735
9338 3736
9339 3739
9340 3736
9341 3734
9342 3737
9343 3738
9344 3741
9345 3738
9346 3736
9347 3739
9348 3740
9349 3743
9350 3740
9351 3738
9352 3741
9353 3742
9354 3745
9355 3742
9356 3740
9357 3743
9358 3744
9359 3747
9360 3744
9361 3742
9362 3745
9363 3746
9364 3749
9365 3746
9366 3744
9367 3747
9368 3748
9369 3751
9370 3748
9371 3746
9372 3749
9373 3750
9374 3753
9375 3750
9376 3748
9377 3751
9378 3752
9379 3755
9380 3752
9381 3750
9382 3753
9383 3754
9384 3757
9385 3754
9386 3752
9387 3755
9388 3756
9389 3759
9390 3756
9391 3754
9392 3757
9393 3758
9394 3761
9395 3758
9396 3756
9397 3759
9398 3760
9399 3763
9400 3760
9401 3758
9402 3761
9403 3762
9404 3765
9405 3762
9406 3760
9407 3763
9408 3764
9409 3767
9410 3764
9411 3762
9412 3765
9413 3766
9414 3769
9415 3766
9416 3764
9417 3767
9418 3768
9419 3771
9420 3768
9421 3766
9422 3769
9423 3770
9424 3773
9425 3770
9426 3768
9427 3771
9428 3772
9429 3775
9430 3772
9431 3770
9432 3773
9433 3774
9434 3777
9435 3774
9436 3772
9437 3775
9438 3776
9439 3779
9440 3776
9441 3774
9442 3777
9443 3778
9444 3781
9445 3778
9446 3776
9447 3779
9448 3780
9449 3783
9450 3780
9451 3778
9452 3781
9453 3782
9454 3785
9455 3782
9456 3780
9457 3783
9458 3784
9459 3787
9460 3784
9461 3782
9462 3785
9463 3786
9464 3789
9465 3786
9466 3784
9467 3787
9468 3788
9469 3791
9470 3788
9471 3786
9472 3789
9473 3790
9474 3793
9475 3790
9476 3788
9477 3791
9478 3792
9479 3795
9480 3792
9481 3790
9482 3793
9483 3794
9484 3797
9485 3794
9486 3792
9487 3795
9488 3796
9489 3799
9490 3796
9491 3794
9492 3797
9493 3798
9494 3801
9495 3798
9496 3796
9497 3799
9498 3800
9499 3803
9500 3800
9501 3798
9502 3801
9503 3802
9504 3805
9505 3802
9506 3800
9507 3803
9508 3804
9509 3807
9510 3804
9511 3802
9512 3805
9513 3806
9514 3809
9515 3806
9516 3804
9517 3807
9518 3808
9519 3811
9520 3808
9521 3806
9522 3809
9523 3810
9524 3813
9525 3810
9526 3808
9527 3811
9528 3812
9529 3815
9530 3812
9531 3810
9532 3813
9533 3814
9534 3817
9535 3814
9536 3812
9537 3815
9538 3816
9539 3819
9540 3816
9541 3814
9542 3817
9543 3818
9544 3821
9545 3818
9546 3816
9547 3819
9548 3820
9549 3823
9550 3820
9551 3818
9552 3821
9553 3822
9554 3825
9555 3822
9556 3820
9557 3823
9558 3824
9559 3827
9560 3824
9561 3822
9562 3825
9563 3826
9564 3829
9565 3826
9566 3824
9567 3827
9568 3828
9569 3831
9570 3828
9571 3826
9572 3829
9573 3830
9574 3833
9575 3830
9576 3828
9577 3831
9578 3832
9579 3835
9580 3832
9581 3830
9582 3833
9583 3834
9584 3837
9585 3834
9586 3832
9587 3835
9588 3836
9589 3839
9590 3836
9591 3834
9592 3837
9593 3838
9594 3841
9595 3838
9596 3836
9597 3839
9598 3840
9599 3843
9600 3840
9601 3838
9602 3841
9603 3842
9604 3845
9605 3842
9606 3840
9607 3843
9608 3844
9609 3847
9610 3844
9611 3842
9612 3845
9613 3846
9614 3849
9615 3846
9616 3844
9617 3847
9618 3848
9619 3851
9620 3848
9621 3846
9622 3849
9623 3850
9624 3853
9625 3850
9626 3848
9627 3851
9628 3852
9629 3855
9630 3852
9631 3850
9632 3853
9633 3854
9634 3857
9635 3854
9636 3852
9637 3855
9638 3856
9639 3859
9640 3856
9641 3854
9642 3857
9643 3858
9644 3861
9645 3858
9646 3856
9647 3859
9648 3860
9649 3863
9650 3860
9651 3858
9652 3861
9653 3862
9654 3865
9655 3862
9656 3860
9657 3863
9658 3864
9659 3867
9660 3864
9661 3862
9662 3865
9663 3866
9664 3869
9665 3866
9666 3864
9667 3867
9668 3868
9669 3871
9670 3868
9671 3866
9672 3869
9673 3870
9674 3873
9675 3870
9676 3868
9677 3871
9678 3872
9679 3875
9680 3872
9681 3870
9682 3873
9683 3874
9684 3877
9685 3874
9686 3872
9687 3875
9688 3876
9689 3879
9690 3876
9691 3874
9692 3877
9693 3878
9694 3881
9695 3878
9696 3876
9697 3879
9698 3880
9699 3883
9700 3880
9701 3878
9702 3881
9703 3882
9704 3885
9705 3882
9706 3880
9707 3883
9708 3884
9709 3887
9710 3884
9711 3882
9712 3885
9713 3886
9714 3889
9715 3886
9716 3884
9717 3887
9718 3888
9719 3891
9720 3888
9721 3886
9722 3889
9723 3890
9724 3893
9725 3890
9726 3888
9727 3891
9728 3892
9729 3895
9730 3892
9731 3890
9732 3893
9733 3894
9734 3897
9735 3894
9736 3892
9737 3895
9738 3896
9739 3899
9740 3896
9741 3894
9742 3897
9743 3898
9744 3901
9745 3898
9746 3896
9747 3899
9748 3900
9749 3903
9750 3900
9751 3898
9752 3901
9753 3902
9754 3905
9755 3902
9756 3900
9757 3903
9758 3904
9759 3907
9760 3904
9761 3902
9762 3905
9763 3906
9764 3909
9765 3906
9766 3904
9767 3907
9768 3908
9769 3911
9770 3908
9771 3906
9772 3909
9773 3910
9774 3913
9775 3910
9776 3908
9777 3911
9778 3912
9779 3915
9780 3912
9781 3910
9782 3913
9783 3914
9784 3917
9785 3914
9786 3912
9787 3915
9788 3916
9789 3919
9790 3916
9791 3914
9792 3917
9793 3918
9794 3921
9795 3918
9796 3916
9797 3919
9798 3920
9799 3923
9800 3920
9801 3918
9802 3921
9803 3922
9804 3925
9805 3922
9806 3920
9807 3923
9808 3924
9809 3927
9810 3924
9811 3922
9812 3925
9813 3926
9814 3929
9815 3926
9816 3924
9817 3927
9818 3928
9819 3931
9820 3928
9821 3926
9822 3929
9823 3930
9824 3933
9825 3930
9826 3928
9827 3931
9828 3932
9829 3935
9830 3932
9831 3930
9832 3933
9833 3934
9834 3937
9835 3934
9836 3932
9837 3935
9838 3936
9839 3939
9840 3936
9841 3934
9842 3937
9843 3938
9844 3941
9845 3938
9846 3936
9847 3939
9848 3940
9849 3943
9850 3940
9851 3938
9852 3941
9853 3942
9854 3945
9855 3942
9856 3940
9857 3943
9858 3944
9859 3947
9860 3944
9861 3942
9862 3945
9863 3946
9864 3949
9865 3946
9866 3944
9867 3947
9868 3948
9869 3951
9870 3948
9871 3946
9872 3949
9873 3950
9874 3953
9875 3950
9876 3948
9877 3951
9878 3952
9879 3955
9880 3952
9881 3950
9882 3953
9883 3954
9884 3957
9885 3954
9886 3952
9887 3955
9888 3956
9889 3959
9890 3956
9891 3954
9892 3957
9893 3958
9894 3961
9895 3958
9896 3956
9897 3959
9898 3960
9899 3963
9900 3960
9901 3958
9902 3961
9903 3962
9904 3965
9905 3962
9906 3960
9907 3963
9908 3964
9909 3967
9910 3964
9911 3962
9912 3965
9913 3966
9914 3969
9915 3966
9916 3964
9917 3967
9918 3968
9919 3971
9920 3968
9921 3966
9922 3969
9923 3970
9924 3973
9925 3970
9926 3968
9927 3971
9928 3972
9929 3975
9930 3972
9931 3970
9932 3973
9933 3974
9934 3977
9935 3974
9936 3972
9937 3975
9938 3976
9939 3979
9940 3976
9941 3974
9942 3977
9943 3978
9944 3981
9945 3978
9946 3976
9947 3979
9948 3980
9949 3983
9950 3980
9951 3978
9952 3981
9953 3982
9954 3985
9955 3982
9956 3980
9957 3983
9958 3984
9959 3987
9960 3984
9961 3982
9962 3985
9963 3986
9964 3989
9965 3986
9966 3984
9967 3987
9968 3988
9969 3991
9970 3988
9971 3986
9972 3989
9973 3990
9974 3993
9975 3990
9976 3988
9977 3991
9978 3992
9979 3995
9980 3992
9981 3990
9982 3993
9983 3994
9984 3997
9985 3994
9986 3992
9987 3995
9988 3996
9989 3999
9990 3996
9991 3994
9992 3997
9993 3998
9994 4001
9995 3998
9996 3996
9997 3999
9998 4000
9999 4003
10000 4000
10001 3998
10002 4001
10003 4002
10004 4005
10005 4002
10006 4000
10007 4003
10008 4004
10009 4007
10010 4004
10011 4002
10012 4005
10013 4006
10014 4009
10015 4006
10016 4004
10017 4007
10018 4008
10019 4011
10020 4008
10021 4006
10022 4009
10023 4010
10024 4013
10025 4010
10026 4008
10027 4011
10028 4012
10029 4015
10030 4012
10031 4010
10032 4013
10033 4014
10034 4017
10035 4014
10036 4012
10037 4015
10038 4016
10039 4019
10040 4016
10041 4014
10042 4017
10043 4018
10044 4021
10045 4018
10046 4016
10047 4019
10048 4020
10049 4023
10050 4020
10051 4018
10052 4021
10053 4022
10054 4025
10055 4022
10056 4020
10057 4023
10058 4024
10059 4027
10060 4024
10061 4022
10062 4025
10063 4026
10064 4029
10065 4026
10066 4024
10067 4027
10068 4028
10069 4031
10070 4028
10071 4026
10072 4029
10073 4030
10074 4033
10075 4030
10076 4028
10077 4031
10078 4032
10079 4035
10080 4032
10081 4030
10082 4033
10083 4034
10084 4037
10085 4034
10086 4032
10087 4035
10088 4036
10089 4039
10090 4036
10091 4034
10092 4037
10093 4038
10094 4041
10095 4038
10096 4036
10097 4039
10098 4040
10099 4043
10100 4040
10101 4038
10102 4041
10103 4042
10104 4045
10105 4042
10106 4040
10107 4043
10108 4044
10109 4047
10110 4044
10111 4042
10112 4045
10113 4046
10114 4049
10115 4046
10116 4044
10117 4047
10118 4048
10119 4051
10120 4048
10121 4046
10122 4049
10123 4050
10124 4053
10125 4050
10126 4048
10127 4051
10128 4052
10129 4055
10130 4052
10131 4050
10132 4053
10133 4054
10134 4057
10135 4054
10136 4052
10137 4055
10138 4056
10139 4059
10140 4056
10141 4054
10142 4057
10143 4058
10144 4061
10145 4058
10146 4056
10147 4059
10148 4060
10149 4063
10150 4060
10151 4058
10152 4061
10153 4062
10154 4065
10155 4062
10156 4060
10157 4063
10158 4064
10159 4067
10160 4064
10161 4062
10162 4065
10163 4066
10164 4069
10165 4066
10166 4064
10167 4067
10168 4068
10169 4071
10170 4068
10171 4066
10172 4069
10173 4070
10174 4073
10175 4070
10176 4068
10177 4071
10178 4072
10179 4075
10180 4072
10181 4070
10182 4073
10183 4074
10184 4077
10185 4074
10186 4072
10187 4075
10188 4076
10189 4079
10190 4076
10191 4074
10192 4077
10193 4078
10194 4081
10195 4078
10196 4076
10197 4079
10198 4080
10199 4083
10200 4080
10201 4078
10202 4081
10203 4082
10204 4085
10205 4082
10206 4080
10207 4083
10208 4084
10209 4087
10210 4084
10211 4082
10212 4085
10213 4086
10214 4089
10215 4086
10216 4084
10217 4087
10218 4088
10219 4091
10220 4088
10221 4086
10222 4089
10223 4090
10224 4093
10225 4090
10226 4088
10227 4091
10228 4092
10229 4095
10230 4092
10231 4090
10232 4093
10233 4094
10234 4097
10235 4094
10236 4092
10237 4095
10238 4096
10239 4099
10240 4096
10241 4094
10242 4097
10243 4098
10244 4101
10245 4098
10246 4096
10247 4099
10248 4100
10249 4103
10250 4100
10251 4098
10252 4101
10253 4102
10254 4105
10255 4102
10256 4100
10257 4103
10258 4104
10259 4107
10260 4104
10261 4102
10262 4105
10263 4106
10264 4109
10265 4106
10266 4104
10267 4107
10268 4108
10269 4111
10270 4108
10271 4106
10272 4109
10273 4110
10274 4113
10275 4110
10276 4108
10277 4111
10278 4112
10279 4115
10280 4112
10281 4110
10282 4113
10283 4114
10284 4117
10285 4114
10286 4112
10287 4115
10288 4116
10289 4119
10290 4116
10291 4114
10292 4117
10293 4118
10294 4121
10295 4118
10296 4116
10297 4119
10298 4120
10299 4123
10300 4120
10301 4118
10302 4121
10303 4122
10304 4125
10305 4122
10306 4120
10307 4123
10308 4124
10309 4127
10310 4124
10311 4122
10312 4125
10313 4126
10314 4129
10315 4126
10316 4124
10317 4127
10318 4128
10319 4131
10320 4128
10321 4126
10322 4129
10323 4130
10324 4133
10325 4130
10326 4128
10327 4131
10328 4132
10329 4135
10330 4132
10331 4130
10332 4133
10333 4134
10334 4137
10335 4134
10336 4132
10337 4135
10338 4136
10339 4139
10340 4136
10341 4134
10342 4137
10343 4138
10344 4141
10345 4138
10346 4136
10347 4139
10348 4140
10349 4143
10350 4140
10351 4138
10352 4141
10353 4142
10354 4145
10355 4142
10356 4140
10357 4143
10358 4144
10359 4147
10360 4144
10361 4142
10362 4145
10363 4146
10364 4149
10365 4146
10366 4144
10367 4147
10368 4148
10369 4151
10370 4148
10371 4146
10372 4149
10373 4150
10374 4153
10375 4150
10376 4148
10377 4151
10378 4152
10379 4155
10380 4152
10381 4150
10382 4153
10383 4154
10384 4157
10385 4154
10386 4152
10387 4155
10388 4156
10389 4159
10390 4156
10391 4154
10392 4157
10393 4158
10394 4161
10395 4158
10396 4156
10397 4159
10398 4160
10399 4163
10400 4160
10401 4158
10402 4161
10403 4162
10404 4165
10405 4162
10406 4160
10407 4163
10408 4164
10409 4167
10410 4164
10411 4162
10412 4165
10413 4166
10414 4169
10415 4166
10416 4164
10417 4167
10418 4168
10419 4171
10420 4168
10421 4166
10422 4169
10423 4170
10424 4173
10425 4170
10426 4168
10427 4171
10428 4172
10429 4175
10430 4172
10431 4170
10432 4173
10433 4174
10434 4177
10435 4174
10436 4172
10437 4175
10438 4176
10439 4179
10440 4176
10441 4174
10442 4177
10443 4178
10444 4181
10445 4178
10446 4176
10447 4179
10448 4180
10449 4183
10450 4180
10451 4178
10452 4181
10453 4182
10454 4185
10455 4182
10456 4180
10457 4183
10458 4184
10459 4187
10460 4184
10461 4182
10462 4185
10463 4186
10464 4189
10465 4186
10466 4184
10467 4187
10468 4188
10469 4191
10470 4188
10471 4186
10472 4189
10473 4190
10474 4193
10475 4190
10476 4188
10477 4191
10478 4192
10479 4195
10480 4192
10481 4190
10482 4193
10483 4194
10484 4197
10485 4194
10486 4192
10487 4195
10488 4196
10489 4199
10490 4196
10491 4194
10492 4197
10493 4198
10494 4201
10495 4198
10496 4196
10497 4199
10498 4200
10499 4203
10500 4200
10501 4198
10502 4201
10503 4202
10504 4205
10505 4202
10506 4200
10507 4203
10508 4204
10509 4207
10510 4204
10511 4202
10512 4205
10513 4206
10514 4209
10515 4206
10516 4204
10517 4207
10518 4208
10519 4211
10520 4208
10521 4206
10522 4209
10523 4210
10524 4213
10525 4210
10526 4208
10527 4211
10528 4212
10529 4215
10530 4212
10531 4210
10532 4213
10533 4214
10534 4217
10535 4214
10536 4212
10537 4215
10538 4216
10539 4219
10540 4216
10541 4214
10542 4217
10543 4218
10544 4221
10545 4218
10546 4216
10547 4219
10548 4220
10549 4223
10550 4220
10551 4218
10552 4221
10553 4222
10554 4225
10555 4222
10556 4220
10557 4223
10558 4224
10559 4227
10560 4224
10561 4222
10562 4225
10563 4226
10564 4229
10565 4226
10566 4224
10567 4227
10568 4228
10569 4231
10570 4228
10571 4226
10572 4229
10573 4230
10574 4233
10575 4230
10576 4228
10577 4231
10578 4232
10579 4235
10580 4232
10581 4230
10582 4233
10583 4234
10584 4237
10585 4234
10586 4232
10587 4235
10588 4236
10589 4239
10590 4236
10591 4234
10592 4237
10593 4238
10594 4241
10595 4238
10596 4236
10597 4239
10598 4240
10599 4243
10600 4240
10601 4238
10602 4241
10603 4242
10604 4245
10605 4242
10606 4240
10607 4243
10608 4244
10609 4247
10610 4244
10611 4242
10612 4245
10613 4246
10614 4249
10615 4246
10616 4244
10617 4247
10618 4248
10619 4251
10620 4248
10621 4246
10622 4249
10623 4250
10624 4253
10625 4250
10626 4248
10627 4251
10628 4252
10629 4255
10630 4252
10631 4250
10632 4253
10633 4254
10634 4257
10635 4254
10636 4252
10637 4255
10638 4256
10639 4259
10640 4256
10641 4254
10642 4257
10643 4258
10644 4261
10645 4258
10646 4256
10647 4259
10648 4260
10649 4263
10650 4260
10651 4258
10652 4261
10653 4262
10654 4265
10655 4262
10656 4260
10657 4263
10658 4264
10659 4267
10660 4264
10661 4262
10662 4265
10663 4266
10664 4269
10665 4266
10666 4264
10667 4267
10668 4268
10669 4271
10670 4268
10671 4266
10672 4269
10673 4270
10674 4273
10675 4270
10676 4268
10677 4271
10678 4272
10679 4275
10680 4272
10681 4270
10682 4273
10683 4274
10684 4277
10685 4274
10686 4272
10687 4275
10688 4276
10689 4279
10690 4276
10691 4274
10692 4277
10693 4278
10694 4281
10695 4278
10696 4276
10697 4279
10698 4280
10699 4283
10700 4280
10701 4278
10702 4281
10703 4282
10704 4285
10705 4282
10706 4280
10707 4283
10708 4284
10709 4287
10710 4284
10711 4282
10712 4285
10713 4286
10714 4289
10715 4286
10716 4284
10717 4287
10718 4288
10719 4291
10720 4288
10721 4286
10722 4289
10723 4290
10724 4293
10725 4290
10726 4288
10727 4291
10728 4292
10729 4295
10730 4292
10731 4290
10732 4293
10733 4294
10734 4297
10735 4294
10736 4292
10737 4295
10738 4296
10739 4299
10740 4296
10741 4294
10742 4297
10743 4298
10744 4301
10745 4298
10746 4296
10747 4299
10748 4300
10749 4303
10750 4300
10751 4298
10752 4301
10753 4302
10754 4305
10755 4302
10756 4300
10757 4303
10758 4304
10759 4307
10760 4304
10761 4302
10762 4305
10763 4306
10764 4309
10765 4306
10766 4304
10767 4307
10768 4308
10769 4311
10770 4308
10771 4306
10772 4309
10773 4310
10774 4313
10775 4310
10776 4308
10777 4311
10778 4312
10779 4315
10780 4312
10781 4310
10782 4313
10783 4314
10784 4317
10785 4314
10786 4312
10787 4315
10788 4316
10789 4319
10790 4316
10791 4314
10792 4317
10793 4318
10794 4321
10795 4318
10796 4316
10797 4319
10798 4320
10799 4323
10800 4320
10801 4318
10802 4321
10803 4322
10804 4325
10805 4322
10806 4320
10807 4323
10808 4324
10809 4327
10810 4324
10811 4322
10812 4325
10813 4326
10814 4329
10815 4326
10816 4324
10817 4327
10818 4328
10819 4331
10820 4328
10821 4326
10822 4329
10823 4330
10824 4333
10825 4330
10826 4328
10827 4331
10828 4332
10829 4335
10830 4332
10831 4330
10832 4333
10833 4334
10834 4337
10835 4334
10836 4332
10837 4335
10838 4336
10839 4339
10840 4336
10841 4334
10842 4337
10843 4338
10844 4341
10845 4338
10846 4336
10847 4339
10848 4340
10849 4343
10850 4340
10851 4338
10852 4341
10853 4342
10854 4345
10855 4342
10856 4340
10857 4343
10858 4344
10859 4347
10860 4344
10861 4342
10862 4345
10863 4346
10864 4349
10865 4346
10866 4344
10867 4347
10868 4348
10869 4351
10870 4348
10871 4346
10872 4349
10873 4350
10874 4353
10875 4350
10876 4348
10877 4351
10878 4352
10879 4355
10880 4352
10881 4350
10882 4353
10883 4354
10884 4357
10885 4354
10886 4352
10887 4355
10888 4356
10889 4359
10890 4356
10891 4354
10892 4357
10893 4358
10894 4361
10895 4358
10896 4356
10897 4359
10898 4360
10899 4363
10900 4360
10901 4358
10902 4361
10903 4362
10904 4365
10905 4362
10906 4360
10907 4363
10908 4364
10909 4367
10910 4364
10911 4362
10912 4365
10913 4366
10914 4369
10915 4366
10916 4364
10917 4367
10918 4368
10919 4371
10920 4368
10921 4366
10922 4369
10923 4370
10924 4373
10925 4370
10926 4368
10927 4371
10928 4372
10929 4375
10930 4372
10931 4370
10932 4373
10933 4374
10934 4377
10935 4374
10936 4372
10937 4375
10938 4376
10939 4379
10940 4376
10941 4374
10942 4377
10943 4378
10944 4381
10945 4378
10946 4376
10947 4379
10948 4380
10949 4383
10950 4380
10951 4378
10952 4381
10953 4382
10954 4385
10955 4382
10956 4380
10957 4383
10958 4384
10959 4387
10960 4384
10961 4382
10962 4385
10963 4386
10964 4389
10965 4386
10966 4384
10967 4387
10968 4388
10969 4391
10970 4388
10971 4386
10972 4389
10973 4390
10974 4393
10975 4390
10976 4388
10977 4391
10978 4392
10979 4395
10980 4392
10981 4390
10982 4393
10983 4394
10984 4397
10985 4394
10986 4392
10987 4395
10988 4396
10989 4399
10990 4396
10991 4394
10992 4397
10993 4398
10994 4401
10995 4398
10996 4396
10997 4399
10998 4400
10999 4403
11000 4400
11001 4398
11002 4401
11003 4402
11004 4405
11005 4402
11006 4400
11007 4403
11008 4404
11009 4407
11010 4404
11011 4402
11012 4405
11013 4406
11014 4409
11015 4406
11016 4404
11017 4407
11018 4408
11019 4411
11020 4408
11021 4406
11022 4409
11023 4410
11024 4413
11025 4410
11026 4408
11027 4411
11028 4412
11029 4415
11030 4412
11031 4410
11032 4413
11033 4414
11034 4417
11035 4414
11036 4412
11037 4415
11038 4416
11039 4419
11040 4416
11041 4414
11042 4417
11043 4418
11044 4421
11045 4418
11046 4416
11047 4419
11048 4420
11049 4423
11050 4420
11051 4418
11052 4421
11053 4422
11054 4425
11055 4422
11056 4420
11057 4423
11058 4424
11059 4427
11060 4424
11061 4422
11062 4425
11063 4426
11064 4429
11065 4426
11066 4424
11067 4427
11068 4428
11069 4431
11070 4428
11071 4426
11072 4429
11073 4430
11074 4433
11075 4430
11076 4428
11077 4431
11078 4432
11079 4435
11080 4432
11081 4430
11082 4433
11083 4434
11084 4437
11085 4434
11086 4432
11087 4435
11088 4436
11089 4439
11090 4436
11091 4434
11092 4437
11093 4438
11094 4441
11095 4438
11096 4436
11097 4439
11098 4440
11099 4443
11100 4440
11101 4438
11102 4441
11103 4442
11104 4445
11105 4442
11106 4440
11107 4443
11108 4444
11109 4447
11110 4444
11111 4442
11112 4445
11113 4446
11114 4449
11115 4446
11116 4444
11117 4447
11118 4448
11119 4451
11120 4448
11121 4446
11122 4449
11123 4450
11124 4453
11125 4450
11126 4448
11127 4451
11128 4452
11129 4455
11130 4452
11131 4450
11132 4453
11133 4454
11134 4457
11135 4454
11136 4452
11137 4455
11138 4456
11139 4459
11140 4456
11141 4454
11142 4457
11143 4458
11144 4461
11145 4458
11146 4456
11147 4459
11148 4460
11149 4463
11150 4460
11151 4458
11152 4461
11153 4462
11154 4465
11155 4462
11156 4460
11157 4463
11158 4464
11159 4467
11160 4464
11161 4462
11162 4465
11163 4466
11164 4469
11165 4466
11166 4464
11167 4467
11168 4468
11169 4471
11170 4468
11171 4466
11172 4469
11173 4470
11174 4473
11175 4470
11176 4468
11177 4471
11178 4472
11179 4475
11180 4472
11181 4470
11182 4473
11183 4474
11184 4477
11185 4474
11186 4472
11187 4475
11188 4476
11189 4479
11190 4476
11191 4474
11192 4477
11193 4478
11194 4481
11195 4478
11196 4476
11197 4479
11198 4480
11199 4483
11200 4480
11201 4478
11202 4481
11203 4482
11204 4485
11205 4482
11206 4480
11207 4483
11208 4484
11209 4487
11210 4484
11211 4482
11212 4485
11213 4486
11214 4489
11215 4486
11216 4484
11217 4487
11218 4488
11219 4491
11220 4488
11221 4486
11222 4489
11223 4490
11224 4493
11225 4490
11226 4488
11227 4491
11228 4492
11229 4495
11230 4492
11231 4490
11232 4493
11233 4494
11234 4497
11235 4494
11236 4492
11237 4495
11238 4496
11239 4499
11240 4496
11241 4494
11242 4497
11243 4498
11244 4501
11245 4498
11246 4496
11247 4499
11248 4500
11249 4503
11250 4500
11251 4498
11252 4501
11253 4502
11254 4505
11255 4502
11256 4500
11257 4503
11258 4504
11259 4507
11260 4504
11261 4502
11262 4505
11263 4506
11264 4509
11265 4506
11266 4504
11267 4507
11268 4508
11269 4511
11270 4508
11271 4506
11272 4509
11273 4510
11274 4513
11275 4510
11276 4508
11277 4511
11278 4512
11279 4515
11280 4512
11281 4510
11282 4513
11283 4514
11284 4517
11285 4514
11286 4512
11287 4515
11288 4516
11289 4519
11290 4516
11291 4514
11292 4517
11293 4518
11294 4521
11295 4518
11296 4516
11297 4519
11298 4520
11299 4523
11300 4520
11301 4518
11302 4521
11303 4522
11304 4525
11305 4522
11306 4520
11307 4523
11308 4524
11309 4527
11310 4524
11311 4522
11312 4525
11313 4526
11314 4529
11315 4526
11316 4524
11317 4527
11318 4528
11319 4531
11320 4528
11321 4526
11322 4529
11323 4530
11324 4533
11325 4530
11326 4528
11327 4531
11328 4532
11329 4535
11330 4532
11331 4530
11332 4533
11333 4534
11334 4537
11335 4534
11336 4532
11337 4535
11338 4536
11339 4539
11340 4536
11341 4534
11342 4537
11343 4538
11344 4541
11345 4538
11346 4536
11347 4539
11348 4540
11349 4543
11350 4540
11351 4538
11352 4541
11353 4542
11354 4545
11355 4542
11356 4540
11357 4543
11358 4544
11359 4547
11360 4544
11361 4542
11362 4545
11363 4546
11364 4549
11365 4546
11366 4544
11367 4547
11368 4548
11369 4551
11370 4548
11371 4546
11372 4549
11373 4550
11374 4553
11375 4550
11376 4548
11377 4551
11378 4552
11379 4555
11380 4552
11381 4550
11382 4553
11383 4554
11384 4557
11385 4554
11386 4552
11387 4555
11388 4556
11389 4559
11390 4556
11391 4554
11392 4557
11393 4558
11394 4561
11395 4558
11396 4556
11397 4559
11398 4560
11399 4563
11400 4560
11401 4558
11402 4561
11403 4562
11404 4565
11405 4562
11406 4560
11407 4563
11408 4564
11409 4567
11410 4564
11411 4562
11412 4565
11413 4566
11414 4569
11415 4566
11416 4564
11417 4567
11418 4568
11419 4571
11420 4568
11421 4566
11422 4569
11423 4570
11424 4573
11425 4570
11426 4568
11427 4571
11428 4572
11429 4575
11430 4572
11431 4570
11432 4573
11433 4574
11434 4577
11435 4574
11436 4572
11437 4575
11438 4576
11439 4579
11440 4576
11441 4574
11442 4577
11443 4578
11444 4581
11445 4578
11446 4576
11447 4579
11448 4580
11449 4583
11450 4580
11451 4578
11452 4581
11453 4582
11454 4585
11455 4582
11456 4580
11457 4583
11458 4584
11459 4587
11460 4584
11461 4582
11462 4585
11463 4586
11464 4589
11465 4586
11466 4584
11467 4587
11468 4588
11469 4591
11470 4588
11471 4586
11472 4589
11473 4590
11474 4593
11475 4590
11476 4588
11477 4591
11478 4592
11479 4595
11480 4592
11481 4590
11482 4593
11483 4594
11484 4597
11485 4594
11486 4592
11487 4595
11488 4596
11489 4599
11490 4596
11491 4594
11492 4597
11493 4598
11494 4601
11495 4598
11496 4596
11497 4599
11498 4600
11499 4603
11500 4600
11501 4598
11502 4601
11503 4602
11504 4605
11505 4602
11506 4600
11507 4603
11508 4604
11509 4607
11510 4604
11511 4602
11512 4605
11513 4606
11514 4609
11515 4606
11516 4604
11517 4607
11518 4608
11519 4611
11520 4608
11521 4606
11522 4609
11523 4610
11524 4613
11525 4610
11526 4608
11527 4611
11528 4612
11529 4615
11530 4612
11531 4610
11532 4613
11533 4614
11534 4617
11535 4614
11536 4612
11537 4615
11538 4616
11539 4619
11540 4616
11541 4614
11542 4617
11543 4618
11544 4621
11545 4618
11546 4616
11547 4619
11548 4620
11549 4623
11550 4620
11551 4618
11552 4621
11553 4622
11554 4625
11555 4622
11556 4620
11557 4623
11558 4624
11559 4627
11560 4624
11561 4622
11562 4625
11563 4626
11564 4629
11565 4626
11566 4624
11567 4627
11568 4628
11569 4631
11570 4628
11571 4626
11572 4629
11573 4630
11574 4633
11575 4630
11576 4628
11577 4631
11578 4632
11579 4635
11580 4632
11581 4630
11582 4633
11583 4634
11584 4637
11585 4634
11586 4632
11587 4635
11588 4636
11589 4639
11590 4636
11591 4634
11592 4637
11593 4638
11594 4641
11595 4638
11596 4636
11597 4639
11598 4640
11599 4643
11600 4640
11601 4638
11602 4641
11603 4642
11604 4645
11605 4642
11606 4640
11607 4643
11608 4644
11609 4647
11610 4644
11611 4642
11612 4645
11613 4646
11614 4649
11615 4646
11616 4644
11617 4647
11618 4648
11619 4651
11620 4648
11621 4646
11622 4649
11623 4650
11624 4653
11625 4650
11626 4648
11627 4651
11628 4652
11629 4655
11630 4652
11631 4650
11632 4653
11633 4654
11634 4657
11635 4654
11636 4652
11637 4655
11638 4656
11639 4659
11640 4656
11641 4654
11642 4657
11643 4658
11644 4661
11645 4658
11646 4656
11647 4659
11648 4660
11649 4663
11650 4660
11651 4658
11652 4661
11653 4662
11654 4665
11655 4662
11656 4660
11657 4663
11658 4664
11659 4667
11660 4664
11661 4662
11662 4665
11663 4666
11664 4669
11665 4666
11666 4664
11667 4667
11668 4668
11669 4671
11670 4668
11671 4666
11672 4669
11673 4670
11674 4673
11675 4670
11676 4668
11677 4671
11678 4672
11679 4675
11680 4672
11681 4670
11682 4673
11683 4674
11684 4677
11685 4674
11686 4672
11687 4675
11688 4676
11689 4679
11690 4676
11691 4674
11692 4677
11693 4678
11694 4681
11695 4678
11696 4676
11697 4679
11698 4680
11699 4683
11700 4680
11701 4678
11702 4681
11703 4682
11704 4685
11705 4682
11706 4680
11707 4683
11708 4684
11709 4687
11710 4684
11711 4682
11712 4685
11713 4686
11714 4689
11715 4686
11716 4684
11717 4687
11718 4688
11719 4691
11720 4688
11721 4686
11722 4689
11723 4690
11724 4693
11725 4690
11726 4688
11727 4691
11728 4692
11729 4695
11730 4692
11731 4690
11732 4693
11733 4694
11734 4697
11735 4694
11736 4692
11737 4695
11738 4696
11739 4699
11740 4696
11741 4694
11742 4697
11743 4698
11744 4701
11745 4698
11746 4696
11747 4699
11748 4700
11749 4703
11750 4700
11751 4698
11752 4701
11753 4702
11754 4705
11755 4702
11756 4700
11757 4703
11758 4704
11759 4707
11760 4704
11761 4702
11762 4705
11763 4706
11764 4709
11765 4706
11766 4704
11767 4707
11768 4708
11769 4711
11770 4708
11771 4706
11772 4709
11773 4710
11774 4713
11775 4710
11776 4708
11777 4711
11778 4712
11779 4715
11780 4712
11781 4710
11782 4713
11783 4714
11784 4717
11785 4714
11786 4712
11787 4715
11788 4716
11789 4719
11790 4716
11791 4714
11792 4717
11793 4718
11794 4721
11795 4718
11796 4716
11797 4719
11798 4720
11799 4723
11800 4720
11801 4718
11802 4721
11803 4722
11804 4725
11805 4722
11806 4720
11807 4723
11808 4724
11809 4727
11810 4724
11811 4722
11812 4725
11813 4726
11814 4729
11815 4726
11816 4724
11817 4727
11818 4728
11819 4731
11820 4728
11821 4726
11822 4729
11823 4730
11824 4733
11825 4730
11826 4728
11827 4731
11828 4732
11829 4735
11830 4732
11831 4730
11832 4733
11833 4734
11834 4737
11835 4734
11836 4732
11837 4735
11838 4736
11839 4739
11840 4736
11841 4734
11842 4737
11843 4738
11844 4741
11845 4738
11846 4736
11847 4739
11848 4740
11849 4743
11850 4740
11851 4738
11852 4741
11853 4742
11854 4745
11855 4742
11856 4740
11857 4743
11858 4744
11859 4747
11860 4744
11861 4742
11862 4745
11863 4746
11864 4749
11865 4746
11866 4744
11867 4747
11868 4748
11869 4751
11870 4748
11871 4746
11872 4749
11873 4750
11874 4753
11875 4750
11876 4748
11877 4751
11878 4752
11879 4755
11880 4752
11881 4750
11882 4753
11883 4754
11884 4757
11885 4754
11886 4752
11887 4755
11888 4756
11889 4759
11890 4756
11891 4754
11892 4757
11893 4758
11894 4761
11895 4758
11896 4756
11897 4759
11898 4760
11899 4763
11900 4760
11901 4758
11902 4761
11903 4762
11904 4765
11905 4762
11906 4760
11907 4763
11908 4764
11909 4767
11910 4764
11911 4762
11912 4765
11913 4766
11914 4769
11915 4766
11916 4764
11917 4767
11918 4768
11919 4771
11920 4768
11921 4766
11922 4769
11923 4770
11924 4773
11925 4770
11926 4768
11927 4771
11928 4772
11929 4775
11930 4772
11931 4770
11932 4773
11933 4774
11934 4777
11935 4774
11936 4772
11937 4775
11938 4776
11939 4779
11940 4776
11941 4774
11942 4777
11943 4778
11944 4781
11945 4778
11946 4776
11947 4779
11948 4780
11949 4783
11950 4780
11951 4778
11952 4781
11953 4782
11954 4785
11955 4782
11956 4780
11957 4783
11958 4784
11959 4787
11960 4784
11961 4782
11962 4785
11963 4786
11964 4789
11965 4786
11966 4784
11967 4787
11968 4788
11969 4791
11970 4788
11971 4786
11972 4789
11973 4790
11974 4793
11975 4790
11976 4788
11977 4791
11978 4792
11979 4795
11980 4792
11981 4790
11982 4793
11983 4794
11984 4797
11985 4794
11986 4792
11987 4795
11988 4796
11989 4799
11990 4796
11991 4794
11992 4797
11993 4798
11994 4801
11995 4798
11996 4796
11997 4799
11998 4800
11999 4803
12000 4800
12001 4798
12002 4801
12003 4802
12004 4805
12005 4802
12006 4800
12007 4803
12008 4804
12009 4807
12010 4804
12011 4802
12012 4805
12013 4806
12014 4809
12015 4806
12016 4804
12017 4807
12018 4808
12019 4811
12020 4808
12021 4806
12022 4809
12023 4810
12024 4813
12025 4810
12026 4808
12027 4811
12028 4812
12029 4815
12030 4812
12031 4810
12032 4813
12033 4814
12034 4817
12035 4814
12036 4812
12037 4815
12038 4816
12039 4819
12040 4816
12041 4814
12042 4817
12043 4818
12044 4821
12045 4818
12046 4816
12047 4819
12048 4820
12049 4823
12050 4820
12051 4818
12052 4821
12053 4822
12054 4825
12055 4822
12056 4820
12057 4823
12058 4824
12059 4827
12060 4824
12061 4822
12062 4825
12063 4826
12064 4829
12065 4826
12066 4824
12067 4827
12068 4828
12069 4831
12070 4828
12071 4826
12072 4829
12073 4830
12074 4833
12075 4830
12076 4828
12077 4831
12078 4832
12079 4835
12080 4832
12081 4830
12082 4833
12083 4834
12084 4837
12085 4834
12086 4832
12087 4835
12088 4836
12089 4839
12090 4836
12091 4834
12092 4837
12093 4838
12094 4841
12095 4838
12096 4836
12097 4839
12098 4840
12099 4843
12100 4840
12101 4838
12102 4841
12103 4842
12104 4845
12105 4842
12106 4840
12107 4843
12108 4844
12109 4847
12110 4844
12111 4842
12112 4845
12113 4846
12114 4849
12115 4846
12116 4844
12117 4847
12118 4848
12119 4851
12120 4848
12121 4846
12122 4849
12123 4850
12124 4853
12125 4850
12126 4848
12127 4851
12128 4852
12129 4855
12130 4852
12131 4850
12132 4853
12133 4854
12134 4857
12135 4854
12136 4852
12137 4855
12138 4856
12139 4859
12140 4856
12141 4854
12142 4857
12143 4858
12144 4861
12145 4858
12146 4856
12147 4859
12148 4860
12149 4863
12150 4860
12151 4858
12152 4861
12153 4862
12154 4865
12155 4862
12156 4860
12157 4863
12158 4864
12159 4867
12160 4864
12161 4862
12162 4865
12163 4866
12164 4869
12165 4866
12166 4864
12167 4867
12168 4868
12169 4871
12170 4868
12171 4866
12172 4869
12173 4870
12174 4873
12175 4870
12176 4868
12177 4871
12178 4872
12179 4875
12180 4872
12181 4870
12182 4873
12183 4874
12184 4877
12185 4874
12186 4872
12187 4875
12188 4876
12189 4879
12190 4876
12191 4874
12192 4877
12193 4878
12194 4881
12195 4878
12196 4876
12197 4879
12198 4880
12199 4883
12200 4880
12201 4878
12202 4881
12203 4882
12204 4885
12205 4882
12206 4880
12207 4883
12208 4884
12209 4887
12210 4884
12211 4882
12212 4885
12213 4886
12214 4889
12215 4886
12216 4884
12217 4887
12218 4888
12219 4891
12220 4888
12221 4886
12222 4889
12223 4890
12224 4893
12225 4890
12226 4888
12227 4891
12228 4892
12229 4895
12230 4892
12231 4890
12232 4893
12233 4894
12234 4897
12235 4894
12236 4892
12237 4895
12238 4896
12239 4899
12240 4896
12241 4894
12242 4897
12243 4898
12244 4901
12245 4898
12246 4896
12247 4899
12248 4900
12249 4903
12250 4900
12251 4898
12252 4901
12253 4902
12254 4905
12255 4902
12256 4900
12257 4903
12258 4904
12259 4907
12260 4904
12261 4902
12262 4905
12263 4906
12264 4909
12265 4906
12266 4904
12267 4907
12268 4908
12269 4911
12270 4908
12271 4906
12272 4909
12273 4910
12274 4913
12275 4910
12276 4908
12277 4911
12278 4912
12279 4915
12280 4912
12281 4910
12282 4913
12283 4914
12284 4917
12285 4914
12286 4912
12287 4915
12288 4916
12289 4919
12290 4916
12291 4914
12292 4917
12293 4918
12294 4921
12295 4918
12296 4916
12297 4919
12298 4920
12299 4923
12300 4920
12301 4918
12302 4921
12303 4922
12304 4925
12305 4922
12306 4920
12307 4923
12308 4924
12309 4927
12310 4924
12311 4922
12312 4925
12313 4926
12314 4929
12315 4926
12316 4924
12317 4927
12318 4928
12319 4931
12320 4928
12321 4926
12322 4929
12323 4930
12324 4933
12325 4930
12326 4928
12327 4931
12328 4932
12329 4935
12330 4932
12331 4930
12332 4933
12333 4934
12334 4937
12335 4934
12336 4932
12337 4935
12338 4936
12339 4939
12340 4936
12341 4934
12342 4937
12343 4938
12344 4941
12345 4938
12346 4936
12347 4939
12348 4940
12349 4943
12350 4940
12351 4938
12352 4941
12353 4942
12354 4945
12355 4942
12356 4940
12357 4943
12358 4944
12359 4947
12360 4944
12361 4942
12362 4945
12363 4946
12364 4949
12365 4946
12366 4944
12367 4947
12368 4948
12369 4951
12370 4948
12371 4946
12372 4949
12373 4950
12374 4953
12375 4950
12376 4948
12377 4951
12378 4952
12379 4955
12380 4952
12381 4950
12382 4953
12383 4954
12384 4957
12385 4954
12386 4952
12387 4955
12388 4956
12389 4959
12390 4956
12391 4954
12392 4957
12393 4958
12394 4961
12395 4958
12396 4956
12397 4959
12398 4960
12399 4963
12400 4960
12401 4958
12402 4961
12403 4962
12404 4965
12405 4962
12406 4960
12407 4963
12408 4964
12409 4967
12410 4964
12411 4962
12412 4965
12413 4966
12414 4969
12415 4966
12416 4964
12417 4967
12418 4968
12419 4971
12420 4968
12421 4966
12422 4969
12423 4970
12424 4973
12425 4970
12426 4968
12427 4971
12428 4972
12429 4975
12430 4972
12431 4970
12432 4973
12433 4974
12434 4977
12435 4974
12436 4972
12437 4975
12438 4976
12439 4979
12440 4976
12441 4974
12442 4977
12443 4978
12444 4981
12445 4978
12446 4976
12447 4979
12448 4980
12449 4983
12450 4980
12451 4978
12452 4981
12453 4982
12454 4985
12455 4982
12456 4980
12457 4983
12458 4984
12459 4987
12460 4984
12461 4982
12462 4985
12463 4986
12464 4989
12465 4986
12466 4984
12467 4987
12468 4988
12469 4991
12470 4988
12471 4986
12472 4989
12473 4990
12474 4993
12475 4990
12476 4988
12477 4991
12478 4992
12479 4995
12480 4992
12481 4990
12482 4993
12483 4994
12484 4997
12485 4994
12486 4992
12487 4995
12488 4996
12489 4999
12490 4996
12491 4994
12492 4997
12493 4998
12494 5001
12495 4998
12496 4996
12497 4999
12498 5000
12499 5003
12500 5000
12501 4998
12502 5001
12503 5002
12504 5005
12505 5002
12506 5000
12507 5003
12508 5004
12509 5007
12510 5004
12511 5002
12512 5005
12513 5006
12514 5009
12515 5006
12516 5004
12517 5007
12518 5008
12519 5011
12520 5008
12521 5006
12522 5009
12523 5010
12524 5013
12525 5010
12526 5008
12527 5011
12528 5012
12529 5015
12530 5012
12531 5010
12532 5013
12533 5014
12534 5017
12535 5014
12536 5012
12537 5015
12538 5016
12539 5019
12540 5016
12541 5014
12542 5017
12543 5018
12544 5021
12545 5018
12546 5016
12547 5019
12548 5020
12549 5023
12550 5020
12551 5018
12552 5021
12553 5022
12554 5025
12555 5022
12556 5020
12557 5023
12558 5024
12559 5027
12560 5024
12561 5022
12562 5025
12563 5026
12564 5029
12565 5026
12566 5024
12567 5027
12568 5028
12569 5031
12570 5028
12571 5026
12572 5029
12573 5030
12574 5033
12575 5030
12576 5028
12577 5031
12578 5032
12579 5035
12580 5032
12581 5030
12582 5033
12583 5034
12584 5037
12585 5034
12586 5032
12587 5035
12588 5036
12589 5039
12590 5036
12591 5034
12592 5037
12593 5038
12594 5041
12595 5038
12596 5036
12597 5039
12598 5040
12599 5043
12600 5040
12601 5038
12602 5041
12603 5042
12604 5045
12605 5042
12606 5040
12607 5043
12608 5044
12609 5047
12610 5044
12611 5042
12612 5045
12613 5046
12614 5049
12615 5046
12616 5044
12617 5047
12618 5048
12619 5051
12620 5048
12621 5046
12622 5049
12623 5050
12624 5053
12625 5050
12626 5048
12627 5051
12628 5052
12629 5055
12630 5052
12631 5050
12632 5053
12633 5054
12634 5057
12635 5054
12636 5052
12637 5055
12638 5056
12639 5059
12640 5056
12641 5054
12642 5057
12643 5058
12644 5061
12645 5058
12646 5056
12647 5059
12648 5060
12649 5063
12650 5060
12651 5058
12652 5061
12653 5062
12654 5065
12655 5062
12656 5060
12657 5063
12658 5064
12659 5067
12660 5064
12661 5062
12662 5065
12663 5066
12664 5069
12665 5066
12666 5064
12667 5067
12668 5068
12669 5071
12670 5068
12671 5066
12672 5069
12673 5070
12674 5073
12675 5070
12676 5068
12677 5071
12678 5072
12679 5075
12680 5072
12681 5070
12682 5073
12683 5074
12684 5077
12685 5074
12686 5072
12687 5075
12688 5076
12689 5079
12690 5076
12691 5074
12692 5077
12693 5078
12694 5081
12695 5078
12696 5076
12697 5079
12698 5080
12699 5083
12700 5080
12701 5078
12702 5081
12703 5082
12704 5085
12705 5082
12706 5080
12707 5083
12708 5084
12709 5087
12710 5084
12711 5082
12712 5085
12713 5086
12714 5089
12715 5086
12716 5084
12717 5087
12718 5088
12719 5091
12720 5088
12721 5086
12722 5089
12723 5090
12724 5093
12725 5090
12726 5088
12727 5091
12728 5092
12729 5095
12730 5092
12731 5090
12732 5093
12733 5094
12734 5097
12735 5094
12736 5092
12737 5095
12738 5096
12739 5099
12740 5096
12741 5094
12742 5097
12743 5098
12744 5101
12745 5098
12746 5096
12747 5099
12748 5100
12749 5103
12750 5100
12751 5098
12752 5101
12753 5102
12754 5105
12755 5102
12756 5100
12757 5103
12758 5104
12759 5107
12760 5104
12761 5102
12762 5105
12763 5106
12764 5109
12765 5106
12766 5104
12767 5107
12768 5108
12769 5111
12770 5108
12771 5106
12772 5109
12773 5110
12774 5113
12775 5110
12776 5108
12777 5111
12778 5112
12779 5115
12780 5112
12781 5110
12782 5113
12783 5114
12784 5117
12785 5114
12786 5112
12787 5115
12788 5116
12789 5119
12790 5116
12791 5114
12792 5117
12793 5118
12794 5121
12795 5118
12796 5116
12797 5119
12798 5120
12799 5123
12800 5120
12801 5118
12802 5121
12803 5122
12804 5125
12805 5122
12806 5120
12807 5123
12808 5124
12809 5127
12810 5124
12811 5122
12812 5125
12813 5126
12814 5129
12815 5126
12816 5124
12817 5127
12818 5128
12819 5131
12820 5128
12821 5126
12822 5129
12823 5130
12824 5133
12825 5130
12826 5128
12827 5131
12828 5132
12829 5135
12830 5132
12831 5130
12832 5133
12833 5134
12834 5137
12835 5134
12836 5132
12837 5135
12838 5136
12839 5139
12840 5136
12841 5134
12842 5137
12843 5138
12844 5141
12845 5138
12846 5136
12847 5139
12848 5140
12849 5143
12850 5140
12851 5138
12852 5141
12853 5142
12854 5145
12855 5142
12856 5140
12857 5143
12858 5144
12859 5147
12860 5144
12861 5142
12862 5145
12863 5146
12864 5149
12865 5146
12866 5144
12867 5147
12868 5148
12869 5151
12870 5148
12871 5146
12872 5149
12873 5150
12874 5153
12875 5150
12876 5148
12877 5151
12878 5152
12879 5155
12880 5152
12881 5150
12882 5153
12883 5154
12884 5157
12885 5154
12886 5152
12887 5155
12888 5156
12889 5159
12890 5156
12891 5154
12892 5157
12893 5158
12894 5161
12895 5158
12896 5156
12897 5159
12898 5160
12899 5163
12900 5160
12901 5158
12902 5161
12903 5162
12904 5165
12905 5162
12906 5160
12907 5163
12908 5164
12909 5167
12910 5164
12911 5162
12912 5165
12913 5166
12914 5169
12915 5166
12916 5164
12917 5167
12918 5168
12919 5171
12920 5168
12921 5166
12922 5169
12923 5170
12924 5173
12925 5170
12926 5168
12927 5171
12928 5172
12929 5175
12930 5172
12931 5170
12932 5173
12933 5174
12934 5177
12935 5174
12936 5172
12937 5175
12938 5176
12939 5179
12940 5176
12941 5174
12942 5177
12943 5178
12944 5181
12945 5178
12946 5176
12947 5179
12948 5180
12949 5183
12950 5180
12951 5178
12952 5181
12953 5182
12954 5185
12955 5182
12956 5180
12957 5183
12958 5184
12959 5187
12960 5184
12961 5182
12962 5185
12963 5186
12964 5189
12965 5186
12966 5184
12967 5187
12968 5188
12969 5191
12970 5188
12971 5186
12972 5189
12973 5190
12974 5193
12975 5190
12976 5188
12977 5191
12978 5192
12979 5195
12980 5192
12981 5190
12982 5193
12983 5194
12984 5197
12985 5194
12986 5192
12987 5195
12988 5196
12989 5199
12990 5196
12991 5194
12992 5197
12993 5198
12994 5201
12995 5198
12996 5196
12997 5199
12998 5200
12999 5203
13000 5200
13001 5198
13002 5201
13003 5202
13004 5205
13005 5202
13006 5200
13007 5203
13008 5204
13009 5207
13010 5204
13011 5202
13012 5205
13013 5206
13014 5209
13015 5206
13016 5204
13017 5207
13018 5208
13019 5211
13020 5208
13021 5206
13022 5209
13023 5210
13024 5213
13025 5210
13026 5208
13027 5211
13028 5212
13029 5215
13030 5212
13031 5210
13032 5213
13033 5214
13034 5217
13035 5214
13036 5212
13037 5215
13038 5216
13039 5219
13040 5216
13041 5214
13042 5217
13043 5218
13044 5221
13045 5218
13046 5216
13047 5219
13048 5220
13049 5223
13050 5220
13051 5218
13052 5221
13053 5222
13054 5225
13055 5222
13056 5220
13057 5223
13058 5224
13059 5227
13060 5224
13061 5222
13062 5225
13063 5226
13064 5229
13065 5226
13066 5224
13067 5227
13068 5228
13069 5231
13070 5228
13071 5226
13072 5229
13073 5230
13074 5233
13075 5230
13076 5228
13077 5231
13078 5232
13079 5235
13080 5232
13081 5230
13082 5233
13083 5234
13084 5237
13085 5234
13086 5232
13087 5235
13088 5236
13089 5239
13090 5236
13091 5234
13092 5237
13093 5238
13094 5241
13095 5238
13096 5236
13097 5239
13098 5240
13099 5243
13100 5240
13101 5238
13102 5241
13103 5242
13104 5245
13105 5242
13106 5240
13107 5243
13108 5244
13109 5247
13110 5244
13111 5242
13112 5245
13113 5246
13114 5249
13115 5246
13116 5244
13117 5247
13118 5248
13119 5251
13120 5248
13121 5246
13122 5249
13123 5250
13124 5253
13125 5250
13126 5248
13127 5251
13128 5252
13129 5255
13130 5252
13131 5250
13132 5253
13133 5254
13134 5257
13135 5254
13136 5252
13137 5255
13138 5256
13139 5259
13140 5256
13141 5254
13142 5257
13143 5258
13144 5261
13145 5258
13146 5256
13147 5259
13148 5260
13149 5263
13150 5260
13151 5258
13152 5261
13153 5262
13154 5265
13155 5262
13156 5260
13157 5263
13158 5264
13159 5267
13160 5264
13161 5262
13162 5265
13163 5266
13164 5269
13165 5266
13166 5264
13167 5267
13168 5268
13169 5271
13170 5268
13171 5266
13172 5269
13173 5270
13174 5273
13175 5270
13176 5268
13177 5271
13178 5272
13179 5275
13180 5272
13181 5270
13182 5273
13183 5274
13184 5277
13185 5274
13186 5272
13187 5275
13188 5276
13189 5279
13190 5276
13191 5274
13192 5277
13193 5278
13194 5281
13195 5278
13196 5276
13197 5279
13198 5280
13199 5283
13200 5280
13201 5278
13202 5281
13203 5282
13204 5285
13205 5282
13206 5280
13207 5283
13208 5284
13209 5287
13210 5284
13211 5282
13212 5285
13213 5286
13214 5289
13215 5286
13216 5284
13217 5287
13218 5288
13219 5291
13220 5288
13221 5286
13222 5289
13223 5290
13224 5293
13225 5290
13226 5288
13227 5291
13228 5292
13229 5295
13230 5292
13231 5290
13232 5293
13233 5294
13234 5297
13235 5294
13236 5292
13237 5295
13238 5296
13239 5299
13240 5296
13241 5294
13242 5297
13243 5298
13244 5301
13245 5298
13246 5296
13247 5299
13248 5300
13249 5303
13250 5300
13251 5298
13252 5301
13253 5302
13254 5305
13255 5302
13256 5300
13257 5303
13258 5304
13259 5307
13260 5304
13261 5302
13262 5305
13263 5306
13264 5309
13265 5306
13266 5304
13267 5307
13268 5308
13269 5311
13270 5308
13271 5306
13272 5309
13273 5310
13274 5313
13275 5310
13276 5308
13277 5311
13278 5312
13279 5315
13280 5312
13281 5310
13282 5313
13283 5314
13284 5317
13285 5314
13286 5312
13287 5315
13288 5316
13289 5319
13290 5316
13291 5314
13292 5317
13293 5318
13294 5321
13295 5318
13296 5316
13297 5319
13298 5320
13299 5323
13300 5320
13301 5318
13302 5321
13303 5322
13304 5325
13305 5322
13306 5320
13307 5323
13308 5324
13309 5327
13310 5324
13311 5322
13312 5325
13313 5326
13314 5329
13315 5326
13316 5324
13317 5327
13318 5328
13319 5331
13320 5328
13321 5326
13322 5329
13323 5330
13324 5333
13325 5330
13326 5328
13327 5331
13328 5332
13329 5335
13330 5332
13331 5330
13332 5333
13333 5334
13334 5337
13335 5334
13336 5332
13337 5335
13338 5336
13339 5339
13340 5336
13341 5334
13342 5337
13343 5338
13344 5341
13345 5338
13346 5336
13347 5339
13348 5340
13349 5343
13350 5340
13351 5338
13352 5341
13353 5342
13354 5345
13355 5342
13356 5340
13357 5343
13358 5344
13359 5347
13360 5344
13361 5342
13362 5345
13363 5346
13364 5349
13365 5346
13366 5344
13367 5347
13368 5348
13369 5351
13370 5348
13371 5346
13372 5349
13373 5350
13374 5353
13375 5350
13376 5348
13377 5351
13378 5352
13379 5355
13380 5352
13381 5350
13382 5353
13383 5354
13384 5357
13385 5354
13386 5352
13387 5355
13388 5356
13389 5359
13390 5356
13391 5354
13392 5357
13393 5358
13394 5361
13395 5358
13396 5356
13397 5359
13398 5360
13399 5363
13400 5360
13401 5358
13402 5361
13403 5362
13404 5365
13405 5362
13406 5360
13407 5363
13408 5364
13409 5367
13410 5364
13411 5362
13412 5365
13413 5366
13414 5369
13415 5366
13416 5364
13417 5367
13418 5368
13419 5371
13420 5368
13421 5366
13422 5369
13423 5370
13424 5373
13425 5370
13426 5368
13427 5371
13428 5372
13429 5375
13430 5372
13431 5370
13432 5373
13433 5374
13434 5377
13435 5374
13436 5372
13437 5375
13438 5376
13439 5379
13440 5376
13441 5374
13442 5377
13443 5378
13444 5381
13445 5378
13446 5376
13447 5379
13448 5380
13449 5383
13450 5380
13451 5378
13452 5381
13453 5382
13454 5385
13455 5382
13456 5380
13457 5383
13458 5384
13459 5387
13460 5384
13461 5382
13462 5385
13463 5386
13464 5389
13465 5386
13466 5384
13467 5387
13468 5388
13469 5391
13470 5388
13471 5386
13472 5389
13473 5390
13474 5393
13475 5390
13476 5388
13477 5391
13478 5392
13479 5395
13480 5392
13481 5390
13482 5393
13483 5394
13484 5397
13485 5394
13486 5392
13487 5395
13488 5396
13489 5399
13490 5396
13491 5394
13492 5397
13493 5398
13494 5401
13495 5398
13496 5396
13497 5399
13498 5400
13499 5403
13500 5400
13501 5398
13502 5401
13503 5402
13504 5405
13505 5402
13506 5400
13507 5403
13508 5404
13509 5407
13510 5404
13511 5402
13512 5405
13513 5406
13514 5409
13515 5406
13516 5404
13517 5407
13518 5408
13519 5411
13520 5408
13521 5406
13522 5409
13523 5410
13524 5413
13525 5410
13526 5408
13527 5411
13528 5412
13529 5415
13530 5412
13531 5410
13532 5413
13533 5414
13534 5417
13535 5414
13536 5412
13537 5415
13538 5416
13539 5419
13540 5416
13541 5414
13542 5417
13543 5418
13544 5421
13545 5418
13546 5416
13547 5419
13548 5420
13549 5423
13550 5420
13551 5418
13552 5421
13553 5422
13554 5425
13555 5422
13556 5420
13557 5423
13558 5424
13559 5427
13560 5424
13561 5422
13562 5425
13563 5426
13564 5429
13565 5426
13566 5424
13567 5427
13568 5428
13569 5431
13570 5428
13571 5426
13572 5429
13573 5430
13574 5433
13575 5430
13576 5428
13577 5431
13578 5432
13579 5435
13580 5432
13581 5430
13582 5433
13583 5434
13584 5437
13585 5434
13586 5432
13587 5435
13588 5436
13589 5439
13590 5436
13591 5434
13592 5437
13593 5438
13594 5441
13595 5438
13596 5436
13597 5439
13598 5440
13599 5443
13600 5440
13601 5438
13602 5441
13603 5442
13604 5445
13605 5442
13606 5440
13607 5443
13608 5444
13609 5447
13610 5444
13611 5442
13612 5445
13613 5446
13614 5449
13615 5446
13616 5444
13617 5447
13618 5448
13619 5451
13620 5448
13621 5446
13622 5449
13623 5450
13624 5453
13625 5450
13626 5448
13627 5451
13628 5452
13629 5455
13630 5452
13631 5450
13632 5453
13633 5454
13634 5457
13635 5454
13636 5452
13637 5455
13638 5456
13639 5459
13640 5456
13641 5454
13642 5457
13643 5458
13644 5461
13645 5458
13646 5456
13647 5459
13648 5460
13649 5463
13650 5460
13651 5458
13652 5461
13653 5462
13654 5465
13655 5462
13656 5460
13657 5463
13658 5464
13659 5467
13660 5464
13661 5462
13662 5465
13663 5466
13664 5469
13665 5466
13666 5464
13667 5467
13668 5468
13669 5471
13670 5468
13671 5466
13672 5469
13673 5470
13674 5473
13675 5470
13676 5468
13677 5471
13678 5472
13679 5475
13680 5472
13681 5470
13682 5473
13683 5474
13684 5477
13685 5474
13686 5472
13687 5475
13688 5476
13689 5479
13690 5476
13691 5474
13692 5477
13693 5478
13694 5481
13695 5478
13696 5476
13697 5479
13698 5480
13699 5483
13700 5480
13701 5478
13702 5481
13703 5482
13704 5485
13705 5482
13706 5480
13707 5483
13708 5484
13709 5487
13710 5484
13711 5482
13712 5485
13713 5486
13714 5489
13715 5486
13716 5484
13717 5487
13718 5488
13719 5491
13720 5488
13721 5486
13722 5489
13723 5490
13724 5493
13725 5490
13726 5488
13727 5491
13728 5492
13729 5495
13730 5492
13731 5490
13732 5493
13733 5494
13734 5497
13735 5494
13736 5492
13737 5495
13738 5496
13739 5499
13740 5496
13741 5494
13742 5497
13743 5498
13744 5501
13745 5498
13746 5496
13747 5499
13748 5500
13749 5503
13750 5500
13751 5498
13752 5501
13753 5502
13754 5505
13755 5502
13756 5500
13757 5503
13758 5504
13759 5507
13760 5504
13761 5502
13762 5505
13763 5506
13764 5509
13765 5506
13766 5504
13767 5507
13768 5508
13769 5511
13770 5508
13771 5506
13772 5509
13773 5510
13774 5513
13775 5510
13776 5508
13777 5511
13778 5512
13779 5515
13780 5512
13781 5510
13782 5513
13783 5514
13784 5517
13785 5514
13786 5512
13787 5515
13788 5516
13789 5519
13790 5516
13791 5514
13792 5517
13793 5518
13794 5521
13795 5518
13796 5516
13797 5519
13798 5520
13799 5523
13800 5520
13801 5518
13802 5521
13803 5522
13804 5525
13805 5522
13806 5520
13807 5523
13808 5524
13809 5527
13810 5524
13811 5522
13812 5525
13813 5526
13814 5529
13815 5526
13816 5524
13817 5527
13818 5528
13819 5531
13820 5528
13821 5526
13822 5529
13823 5530
13824 5533
13825 5530
13826 5528
13827 5531
13828 5532
13829 5535
13830 5532
13831 5530
13832 5533
13833 5534
13834 5537
13835 5534
13836 5532
13837 5535
13838 5536
13839 5539
13840 5536
13841 5534
13842 5537
13843 5538
13844 5541
13845 5538
13846 5536
13847 5539
13848 5540
13849 5543
13850 5540
13851 5538
13852 5541
13853 5542
13854 5545
13855 5542
13856 5540
13857 5543
13858 5544
13859 5547
13860 5544
13861 5542
13862 5545
13863 5546
13864 5549
13865 5546
13866 5544
13867 5547
13868 5548
13869 5551
13870 5548
13871 5546
13872 5549
13873 5550
13874 5553
13875 5550
13876 5548
13877 5551
13878 5552
13879 5555
13880 5552
13881 5550
13882 5553
13883 5554
13884 5557
13885 5554
13886 5552
13887 5555
13888 5556
13889 5559
13890 5556
13891 5554
13892 5557
13893 5558
13894 5561
13895 5558
13896 5556
13897 5559
13898 5560
13899 5563
13900 5560
13901 5558
13902 5561
13903 5562
13904 5565
13905 5562
13906 5560
13907 5563
13908 5564
13909 5567
13910 5564
13911 5562
13912 5565
13913 5566
13914 5569
13915 5566
13916 5564
13917 5567
13918 5568
13919 5571
13920 5568
13921 5566
13922 5569
13923 5570
13924 5573
13925 5570
13926 5568
13927 5571
13928 5572
13929 5575
13930 5572
13931 5570
13932 5573
13933 5574
13934 5577
13935 5574
13936 5572
13937 5575
13938 5576
13939 5579
13940 5576
13941 5574
13942 5577
13943 5578
13944 5581
13945 5578
13946 5576
13947 5579
13948 5580
13949 5583
13950 5580
13951 5578
13952 5581
13953 5582
13954 5585
13955 5582
13956 5580
13957 5583
13958 5584
13959 5587
13960 5584
13961 5582
13962 5585
13963 5586
13964 5589
13965 5586
13966 5584
13967 5587
13968 5588
13969 5591
13970 5588
13971 5586
13972 5589
13973 5590
13974 5593
13975 5590
13976 5588
13977 5591
13978 5592
13979 5595
13980 5592
13981 5590
13982 5593
13983 5594
13984 5597
13985 5594
13986 5592
13987 5595
13988 5596
13989 5599
13990 5596
13991 5594
13992 5597
13993 5598
13994 5601
13995 5598
13996 5596
13997 5599
13998 5600
13999 5603
14000 5600
14001 5598
14002 5601
14003 5602
14004 5605
14005 5602
14006 5600
14007 5603
14008 5604
14009 5607
14010 5604
14011 5602
14012 5605
14013 5606
14014 5609
14015 5606
14016 5604
14017 5607
14018 5608
14019 5611
14020 5608
14021 5606
14022 5609
14023 5610
14024 5613
14025 5610
14026 5608
14027 5611
14028 5612
14029 5615
14030 5612
14031 5610
14032 5613
14033 5614
14034 5617
14035 5614
14036 5612
14037 5615
14038 5616
14039 5619
14040 5616
14041 5614
14042 5617
14043 5618
14044 5621
14045 5618
14046 5616
14047 5619
14048 5620
14049 5623
14050 5620
14051 5618
14052 5621
14053 5622
14054 5625
14055 5622
14056 5620
14057 5623
14058 5624
14059 5627
14060 5624
14061 5622
14062 5625
14063 5626
14064 5629
14065 5626
14066 5624
14067 5627
14068 5628
14069 5631
14070 5628
14071 5626
14072 5629
14073 5630
14074 5633
14075 5630
14076 5628
14077 5631
14078 5632
14079 5635
14080 5632
14081 5630
14082 5633
14083 5634
14084 5637
14085 5634
14086 5632
14087 5635
14088 5636
14089 5639
14090 5636
14091 5634
14092 5637
14093 5638
14094 5641
14095 5638
14096 5636
14097 5639
14098 5640
14099 5643
14100 5640
14101 5638
14102 5641
14103 5642
14104 5645
14105 5642
14106 5640
14107 5643
14108 5644
14109 5647
14110 5644
14111 5642
14112 5645
14113 5646
14114 5649
14115 5646
14116 5644
14117 5647
14118 5648
14119 5651
14120 5648
14121 5646
14122 5649
14123 5650
14124 5653
14125 5650
14126 5648
14127 5651
14128 5652
14129 5655
14130 5652
14131 5650
14132 5653
14133 5654
14134 5657
14135 5654
14136 5652
14137 5655
14138 5656
14139 5659
14140 5656
14141 5654
14142 5657
14143 5658
14144 5661
14145 5658
14146 5656
14147 5659
14148 5660
14149 5663
14150 5660
14151 5658
14152 5661
14153 5662
14154 5665
14155 5662
14156 5660
14157 5663
14158 5664
14159 5667
14160 5664
14161 5662
14162 5665
14163 5666
14164 5669
14165 5666
14166 5664
14167 5667
14168 5668
14169 5671
14170 5668
14171 5666
14172 5669
14173 5670
14174 5673
14175 5670
14176 5668
14177 5671
14178 5672
14179 5675
14180 5672
14181 5670
14182 5673
14183 5674
14184 5677
14185 5674
14186 5672
14187 5675
14188 5676
14189 5679
14190 5676
14191 5674
14192 5677
14193 5678
14194 5681
14195 5678
14196 5676
14197 5679
14198 5680
14199 5683
14200 5680
14201 5678
14202 5681
14203 5682
14204 5685
14205 5682
14206 5680
14207 5683
14208 5684
14209 5687
14210 5684
14211 5682
14212 5685
14213 5686
14214 5689
14215 5686
14216 5684
14217 5687
14218 5688
14219 5691
14220 5688
14221 5686
14222 5689
14223 5690
14224 5693
14225 5690
14226 5688
14227 5691
14228 5692
14229 5695
14230 5692
14231 5690
14232 5693
14233 5694
14234 5697
14235 5694
14236 5692
14237 5695
14238 5696
14239 5699
14240 5696
14241 5694
14242 5697
14243 5698
14244 5701
14245 5698
14246 5696
14247 5699
14248 5700
14249 5703
14250 5700
14251 5698
14252 5701
14253 5702
14254 5705
14255 5702
14256 5700
14257 5703
14258 5704
14259 5707
14260 5704
14261 5702
14262 5705
14263 5706
14264 5709
14265 5706
14266 5704
14267 5707
14268 5708
14269 5711
14270 5708
14271 5706
14272 5709
14273 5710
14274 5713
14275 5710
14276 5708
14277 5711
14278 5712
14279 5715
14280 5712
14281 5710
14282 5713
14283 5714
14284 5717
14285 5714
14286 5712
14287 5715
14288 5716
14289 5719
14290 5716
14291 5714
14292 5717
14293 5718
14294 5721
14295 5718
14296 5716
14297 5719
14298 5720
14299 5723
14300 5720
14301 5718
14302 5721
14303 5722
14304 5725
14305 5722
14306 5720
14307 5723
14308 5724
14309 5727
14310 5724
14311 5722
14312 5725
14313 5726
14314 5729
14315 5726
14316 5724
14317 5727
14318 5728
14319 5731
14320 5728
14321 5726
14322 5729
14323 5730
14324 5733
14325 5730
14326 5728
14327 5731
14328 5732
14329 5735
14330 5732
14331 5730
14332 5733
14333 5734
14334 5737
14335 5734
14336 5732
14337 5735
14338 5736
14339 5739
14340 5736
14341 5734
14342 5737
14343 5738
14344 5741
14345 5738
14346 5736
14347 5739
14348 5740
14349 5743
14350 5740
14351 5738
14352 5741
14353 5742
14354 5745
14355 5742
14356 5740
14357 5743
14358 5744
14359 5747
14360 5744
14361 5742
14362 5745
14363 5746
14364 5749
14365 5746
14366 5744
14367 5747
14368 5748
14369 5751
14370 5748
14371 5746
14372 5749
14373 5750
14374 5753
14375 5750
14376 5748
14377 5751
14378 5752
14379 5755
14380 5752
14381 5750
14382 5753
14383 5754
14384 5757
14385 5754
14386 5752
14387 5755
14388 5756
14389 5759
14390 5756
14391 5754
14392 5757
14393 5758
14394 5761
14395 5758
14396 5756
14397 5759
14398 5760
14399 5763
14400 5760
14401 5758
14402 5761
14403 5762
14404 5765
14405 5762
14406 5760
14407 5763
14408 5764
14409 5767
14410 5764
14411 5762
14412 5765
14413 5766
14414 5769
14415 5766
14416 5764
14417 5767
14418 5768
14419 5771
14420 5768
14421 5766
14422 5769
14423 5770
14424 5773
14425 5770
14426 5768
14427 5771
14428 5772
14429 5775
14430 5772
14431 5770
14432 5773
14433 5774
14434 5777
14435 5774
14436 5772
14437 5775
14438 5776
14439 5779
14440 5776
14441 5774
14442 5777
14443 5778
14444 5781
14445 5778
14446 5776
14447 5779
14448 5780
14449 5783
14450 5780
14451 5778
14452 5781
14453 5782
14454 5785
14455 5782
14456 5780
14457 5783
14458 5784
14459 5787
14460 5784
14461 5782
14462 5785
14463 5786
14464 5789
14465 5786
14466 5784
14467 5787
14468 5788
14469 5791
14470 5788
14471 5786
14472 5789
14473 5790
14474 5793
14475 5790
14476 5788
14477 5791
14478 5792
14479 5795
14480 5792
14481 5790
14482 5793
14483 5794
14484 5797
14485 5794
14486 5792
14487 5795
14488 5796
14489 5799
14490 5796
14491 5794
14492 5797
14493 5798
14494 5801
14495 5798
14496 5796
14497 5799
14498 5800
14499 5803
14500 5800
14501 5798
14502 5801
14503 5802
14504 5805
14505 5802
14506 5800
14507 5803
14508 5804
14509 5807
14510 5804
14511 5802
14512 5805
14513 5806
14514 5809
14515 5806
14516 5804
14517 5807
14518 5808
14519 5811
14520 5808
14521 5806
14522 5809
14523 5810
14524 5813
14525 5810
14526 5808
14527 5811
14528 5812
14529 5815
14530 5812
14531 5810
14532 5813
14533 5814
14534 5817
14535 5814
14536 5812
14537 5815
14538 5816
14539 5819
14540 5816
14541 5814
14542 5817
14543 5818
14544 5821
14545 5818
14546 5816
14547 5819
14548 5820
14549 5823
14550 5820
14551 5818
14552 5821
14553 5822
14554 5825
14555 5822
14556 5820
14557 5823
14558 5824
14559 5827
14560 5824
14561 5822
14562 5825
14563 5826
14564 5829
14565 5826
14566 5824
14567 5827
14568 5828
14569 5831
14570 5828
14571 5826
14572 5829
14573 5830
14574 5833
14575 5830
14576 5828
14577 5831
14578 5832
14579 5835
14580 5832
14581 5830
14582 5833
14583 5834
14584 5837
14585 5834
14586 5832
14587 5835
14588 5836
14589 5839
14590 5836
14591 5834
14592 5837
14593 5838
14594 5841
14595 5838
14596 5836
14597 5839
14598 5840
14599 5843
14600 5840
14601 5838
14602 5841
14603 5842
14604 5845
14605 5842
14606 5840
14607 5843
14608 5844
14609 5847
14610 5844
14611 5842
14612 5845
14613 5846
14614 5849
14615 5846
14616 5844
14617 5847
14618 5848
14619 5851
14620 5848
14621 5846
14622 5849
14623 5850
14624 5853
14625 5850
14626 5848
14627 5851
14628 5852
14629 5855
14630 5852
14631 5850
14632 5853
14633 5854
14634 5857
14635 5854
14636 5852
14637 5855
14638 5856
14639 5859
14640 5856
14641 5854
14642 5857
14643 5858
14644 5861
14645 5858
14646 5856
14647 5859
14648 5860
14649 5863
14650 5860
14651 5858
14652 5861
14653 5862
14654 5865
14655 5862
14656 5860
14657 5863
14658 5864
14659 5867
14660 5864
14661 5862
14662 5865
14663 5866
14664 5869
14665 5866
14666 5864
14667 5867
14668 5868
14669 5871
14670 5868
14671 5866
14672 5869
14673 5870
14674 5873
14675 5870
14676 5868
14677 5871
14678 5872
14679 5875
14680 5872
14681 5870
14682 5873
14683 5874
14684 5877
14685 5874
14686 5872
14687 5875
14688 5876
14689 5879
14690 5876
14691 5874
14692 5877
14693 5878
14694 5881
14695 5878
14696 5876
14697 5879
14698 5880
14699 5883
14700 5880
14701 5878
14702 5881
14703 5882
14704 5885
14705 5882
14706 5880
14707 5883
14708 5884
14709 5887
14710 5884
14711 5882
14712 5885
14713 5886
14714 5889
14715 5886
14716 5884
14717 5887
14718 5888
14719 5891
14720 5888
14721 5886
14722 5889
14723 5890
14724 5893
14725 5890
14726 5888
14727 5891
14728 5892
14729 5895
14730 5892
14731 5890
14732 5893
14733 5894
14734 5897
14735 5894
14736 5892
14737 5895
14738 5896
14739 5899
14740 5896
14741 5894
14742 5897
14743 5898
14744 5901
14745 5898
14746 5896
14747 5899
14748 5900
14749 5903
14750 5900
14751 5898
14752 5901
14753 5902
14754 5905
14755 5902
14756 5900
14757 5903
14758 5904
14759 5907
14760 5904
14761 5902
14762 5905
14763 5906
14764 5909
14765 5906
14766 5904
14767 5907
14768 5908
14769 5911
14770 5908
14771 5906
14772 5909
14773 5910
14774 5913
14775 5910
14776 5908
14777 5911
14778 5912
14779 5915
14780 5912
14781 5910
14782 5913
14783 5914
14784 5917
14785 5914
14786 5912
14787 5915
14788 5916
14789 5919
14790 5916
14791 5914
14792 5917
14793 5918
14794 5921
14795 5918
14796 5916
14797 5919
14798 5920
14799 5923
14800 5920
14801 5918
14802 5921
14803 5922
14804 5925
14805 5922
14806 5920
14807 5923
14808 5924
14809 5927
14810 5924
14811 5922
14812 5925
14813 5926
14814 5929
14815 5926
14816 5924
14817 5927
14818 5928
14819 5931
14820 5928
14821 5926
14822 5929
14823 5930
14824 5933
14825 5930
14826 5928
14827 5931
14828 5932
14829 5935
14830 5932
14831 5930
14832 5933
14833 5934
14834 5937
14835 5934
14836 5932
14837 5935
14838 5936
14839 5939
14840 5936
14841 5934
14842 5937
14843 5938
14844 5941
14845 5938
14846 5936
14847 5939
14848 5940
14849 5943
14850 5940
14851 5938
14852 5941
14853 5942
14854 5945
14855 5942
14856 5940
14857 5943
14858 5944
14859 5947
14860 5944
14861 5942
14862 5945
14863 5946
14864 5949
14865 5946
14866 5944
14867 5947
14868 5948
14869 5951
14870 5948
14871 5946
14872 5949
14873 5950
14874 5953
14875 5950
14876 5948
14877 5951
14878 5952
14879 5955
14880 5952
14881 5950
14882 5953
14883 5954
14884 5957
14885 5954
14886 5952
14887 5955
14888 5956
14889 5959
14890 5956
14891 5954
14892 5957
14893 5958
14894 5961
14895 5958
14896 5956
14897 5959
14898 5960
14899 5963
14900 5960
14901 5958
14902 5961
14903 5962
14904 5965
14905 5962
14906 5960
14907 5963
14908 5964
14909 5967
14910 5964
14911 5962
14912 5965
14913 5966
14914 5969
14915 5966
14916 5964
14917 5967
14918 5968
14919 5971
14920 5968
14921 5966
14922 5969
14923 5970
14924 5973
14925 5970
14926 5968
14927 5971
14928 5972
14929 5975
14930 5972
14931 5970
14932 5973
14933 5974
14934 5977
14935 5974
14936 5972
14937 5975
14938 5976
14939 5979
14940 5976
14941 5974
14942 5977
14943 5978
14944 5981
14945 5978
14946 5976
14947 5979
14948 5980
14949 5983
14950 5980
14951 5978
14952 5981
14953 5982
14954 5985
14955 5982
14956 5980
14957 5983
14958 5984
14959 5987
14960 5984
14961 5982
14962 5985
14963 5986
14964 5989
14965 5986
14966 5984
14967 5987
14968 5988
14969 5991
14970 5988
14971 5986
14972 5989
14973 5990
14974 5993
14975 5990
14976 5988
14977 5991
14978 5992
14979 5995
14980 5992
14981 5990
14982 5993
14983 5994
14984 5997
14985 5994
14986 5992
14987 5995
14988 5996
14989 5999
14990 5996
14991 5994
14992 5997
14993 5998
14994 6001
14995 5998
14996 5996
14997 5999
14998 6000
14999 6003
15000 6000
15001 5998
15002 6001
15003 6002
15004 6005
15005 6002
15006 6000
15007 6003
15008 6004
15009 6007
15010 6004
15011 6002
15012 6005
15013 6006
15014 6009
15015 6006
15016 6004
15017 6007
15018 6008
15019 6011
15020 6008
15021 6006
15022 6009
15023 6010
15024 6013
15025 6010
15026 6008
15027 6011
15028 6012
15029 6015
15030 6012
15031 6010
15032 6013
15033 6014
15034 6017
15035 6014
15036 6012
15037 6015
15038 6016
15039 6019
15040 6016
15041 6014
15042 6017
15043 6018
15044 6021
15045 6018
15046 6016
15047 6019
15048 6020
15049 6023
15050 6020
15051 6018
15052 6021
15053 6022
15054 6025
15055 6022
15056 6020
15057 6023
15058 6024
15059 6027
15060 6024
15061 6022
15062 6025
15063 6026
15064 6029
15065 6026
15066 6024
15067 6027
15068 6028
15069 6031
15070 6028
15071 6026
15072 6029
15073 6030
15074 6033
15075 6030
15076 6028
15077 6031
15078 6032
15079 6035
15080 6032
15081 6030
15082 6033
15083 6034
15084 6037
15085 6034
15086 6032
15087 6035
15088 6036
15089 6039
15090 6036
15091 6034
15092 6037
15093 6038
15094 6041
15095 6038
15096 6036
15097 6039
15098 6040
15099 6043
15100 6040
15101 6038
15102 6041
15103 6042
15104 6045
15105 6042
15106 6040
15107 6043
15108 6044
15109 6047
15110 6044
15111 6042
15112 6045
15113 6046
15114 6049
15115 6046
15116 6044
15117 6047
15118 6048
15119 6051
15120 6048
15121 6046
15122 6049
15123 6050
15124 6053
15125 6050
15126 6048
15127 6051
15128 6052
15129 6055
15130 6052
15131 6050
15132 6053
15133 6054
15134 6057
15135 6054
15136 6052
15137 6055
15138 6056
15139 6059
15140 6056
15141 6054
15142 6057
15143 6058
15144 6061
15145 6058
15146 6056
15147 6059
15148 6060
15149 6063
15150 6060
15151 6058
15152 6061
15153 6062
15154 6065
15155 6062
15156 6060
15157 6063
15158 6064
15159 6067
15160 6064
15161 6062
15162 6065
15163 6066
15164 6069
15165 6066
15166 6064
15167 6067
15168 6068
15169 6071
15170 6068
15171 6066
15172 6069
15173 6070
15174 6073
15175 6070
15176 6068
15177 6071
15178 6072
15179 6075
15180 6072
15181 6070
15182 6073
15183 6074
15184 6077
15185 6074
15186 6072
15187 6075
15188 6076
15189 6079
15190 6076
15191 6074
15192 6077
15193 6078
15194 6081
15195 6078
15196 6076
15197 6079
15198 6080
15199 6083
15200 6080
15201 6078
15202 6081
15203 6082
15204 6085
15205 6082
15206 6080
15207 6083
15208 6084
15209 6087
15210 6084
15211 6082
15212 6085
15213 6086
15214 6089
15215 6086
15216 6084
15217 6087
15218 6088
15219 6091
15220 6088
15221 6086
15222 6089
15223 6090
15224 6093
15225 6090
15226 6088
15227 6091
15228 6092
15229 6095
15230 6092
15231 6090
15232 6093
15233 6094
15234 6097
15235 6094
15236 6092
15237 6095
15238 6096
15239 6099
15240 6096
15241 6094
15242 6097
15243 6098
15244 6101
15245 6098
15246 6096
15247 6099
15248 6100
15249 6103
15250 6100
15251 6098
15252 6101
15253 6102
15254 6105
15255 6102
15256 6100
15257 6103
15258 6104
15259 6107
15260 6104
15261 6102
15262 6105
15263 6106
15264 6109
15265 6106
15266 6104
15267 6107
15268 6108
15269 6111
15270 6108
15271 6106
15272 6109
15273 6110
15274 6113
15275 6110
15276 6108
15277 6111
15278 6112
15279 6115
15280 6112
15281 6110
15282 6113
15283 6114
15284 6117
15285 6114
15286 6112
15287 6115
15288 6116
15289 6119
15290 6116
15291 6114
15292 6117
15293 6118
15294 6121
15295 6118
15296 6116
15297 6119
15298 6120
15299 6123
15300 6120
15301 6118
15302 6121
15303 6122
15304 6125
15305 6122
15306 6120
15307 6123
15308 6124
15309 6127
15310 6124
15311 6122
15312 6125
15313 6126
15314 6129
15315 6126
15316 6124
15317 6127
15318 6128
15319 6131
15320 6128
15321 6126
15322 6129
15323 6130
15324 6133
15325 6130
15326 6128
15327 6131
15328 6132
15329 6135
15330 6132
15331 6130
15332 6133
15333 6134
15334 6137
15335 6134
15336 6132
15337 6135
15338 6136
15339 6139
15340 6136
15341 6134
15342 6137
15343 6138
15344 6141
15345 6138
15346 6136
15347 6139
15348 6140
15349 6143
15350 6140
15351 6138
15352 6141
15353 6142
15354 6145
15355 6142
15356 6140
15357 6143
15358 6144
15359 6147
15360 6144
15361 6142
15362 6145
15363 6146
15364 6149
15365 6146
15366 6144
15367 6147
15368 6148
15369 6151
15370 6148
15371 6146
15372 6149
15373 6150
15374 6153
15375 6150
15376 6148
15377 6151
15378 6152
15379 6155
15380 6152
15381 6150
15382 6153
15383 6154
15384 6157
15385 6154
15386 6152
15387 6155
15388 6156
15389 6159
15390 6156
15391 6154
15392 6157
15393 6158
15394 6161
15395 6158
15396 6156
15397 6159
15398 6160
15399 6163
15400 6160
15401 6158
15402 6161
15403 6162
15404 6165
15405 6162
15406 6160
15407 6163
15408 6164
15409 6167
15410 6164
15411 6162
15412 6165
15413 6166
15414 6169
15415 6166
15416 6164
15417 6167
15418 6168
15419 6171
15420 6168
15421 6166
15422 6169
15423 6170
15424 6173
15425 6170
15426 6168
15427 6171
15428 6172
15429 6175
15430 6172
15431 6170
15432 6173
15433 6174
15434 6177
15435 6174
15436 6172
15437 6175
15438 6176
15439 6179
15440 6176
15441 6174
15442 6177
15443 6178
15444 6181
15445 6178
15446 6176
15447 6179
15448 6180
15449 6183
15450 6180
15451 6178
15452 6181
15453 6182
15454 6185
15455 6182
15456 6180
15457 6183
15458 6184
15459 6187
15460 6184
15461 6182
15462 6185
15463 6186
15464 6189
15465 6186
15466 6184
15467 6187
15468 6188
15469 6191
15470 6188
15471 6186
15472 6189
15473 6190
15474 6193
15475 6190
15476 6188
15477 6191
15478 6192
15479 6195
15480 6192
15481 6190
15482 6193
15483 6194
15484 6197
15485 6194
15486 6192
15487 6195
15488 6196
15489 6199
15490 6196
15491 6194
15492 6197
15493 6198
15494 6201
15495 6198
15496 6196
15497 6199
15498 6200
15499 6203
15500 6200
15501 6198
15502 6201
15503 6202
15504 6205
15505 6202
15506 6200
15507 6203
15508 6204
15509 6207
15510 6204
15511 6202
15512 6205
15513 6206
15514 6209
15515 6206
15516 6204
15517 6207
15518 6208
15519 6211
15520 6208
15521 6206
15522 6209
15523 6210
15524 6213
15525 6210
15526 6208
15527 6211
15528 6212
15529 6215
15530 6212
15531 6210
15532 6213
15533 6214
15534 6217
15535 6214
15536 6212
15537 6215
15538 6216
15539 6219
15540 6216
15541 6214
15542 6217
15543 6218
15544 6221
15545 6218
15546 6216
15547 6219
15548 6220
15549 6223
15550 6220
15551 6218
15552 6221
15553 6222
15554 6225
15555 6222
15556 6220
15557 6223
15558 6224
15559 6227
15560 6224
15561 6222
15562 6225
15563 6226
15564 6229
15565 6226
15566 6224
15567 6227
15568 6228
15569 6231
15570 6228
15571 6226
15572 6229
15573 6230
15574 6233
15575 6230
15576 6228
15577 6231
15578 6232
15579 6235
15580 6232
15581 6230
15582 6233
15583 6234
15584 6237
15585 6234
15586 6232
15587 6235
15588 6236
15589 6239
15590 6236
15591 6234
15592 6237
15593 6238
15594 6241
15595 6238
15596 6236
15597 6239
15598 6240
15599 6243
15600 6240
15601 6238
15602 6241
15603 6242
15604 6245
15605 6242
15606 6240
15607 6243
15608 6244
15609 6247
15610 6244
15611 6242
15612 6245
15613 6246
15614 6249
15615 6246
15616 6244
15617 6247
15618 6248
15619 6251
15620 6248
15621 6246
15622 6249
15623 6250
15624 6253
15625 6250
15626 6248
15627 6251
15628 6252
15629 6255
15630 6252
15631 6250
15632 6253
15633 6254
15634 6257
15635 6254
15636 6252
15637 6255
15638 6256
15639 6259
15640 6256
15641 6254
15642 6257
15643 6258
15644 6261
15645 6258
15646 6256
15647 6259
15648 6260
15649 6263
15650 6260
15651 6258
15652 6261
15653 6262
15654 6265
15655 6262
15656 6260
15657 6263
15658 6264
15659 6267
15660 6264
15661 6262
15662 6265
15663 6266
15664 6269
15665 6266
15666 6264
15667 6267
15668 6268
15669 6271
15670 6268
15671 6266
15672 6269
15673 6270
15674 6273
15675 6270
15676 6268
15677 6271
15678 6272
15679 6275
15680 6272
15681 6270
15682 6273
15683 6274
15684 6277
15685 6274
15686 6272
15687 6275
15688 6276
15689 6279
15690 6276
15691 6274
15692 6277
15693 6278
15694 6281
15695 6278
15696 6276
15697 6279
15698 6280
15699 6283
15700 6280
15701 6278
15702 6281
15703 6282
15704 6285
15705 6282
15706 6280
15707 6283
15708 6284
15709 6287
15710 6284
15711 6282
15712 6285
15713 6286
15714 6289
15715 6286
15716 6284
15717 6287
15718 6288
15719 6291
15720 6288
15721 6286
15722 6289
15723 6290
15724 6293
15725 6290
15726 6288
15727 6291
15728 6292
15729 6295
15730 6292
15731 6290
15732 6293
15733 6294
15734 6297
15735 6294
15736 6292
15737 6295
15738 6296
15739 6299
15740 6296
15741 6294
15742 6297
15743 6298
15744 6301
15745 6298
15746 6296
15747 6299
15748 6300
15749 6303
15750 6300
15751 6298
15752 6301
15753 6302
15754 6305
15755 6302
15756 6300
15757 6303
15758 6304
15759 6307
15760 6304
15761 6302
15762 6305
15763 6306
15764 6309
15765 6306
15766 6304
15767 6307
15768 6308
15769 6311
15770 6308
15771 6306
15772 6309
15773 6310
15774 6313
15775 6310
15776 6308
15777 6311
15778 6312
15779 6315
15780 6312
15781 6310
15782 6313
15783 6314
15784 6317
15785 6314
15786 6312
15787 6315
15788 6316
15789 6319
15790 6316
15791 6314
15792 6317
15793 6318
15794 6321
15795 6318
15796 6316
15797 6319
15798 6320
15799 6323
15800 6320
15801 6318
15802 6321
15803 6322
15804 6325
15805 6322
15806 6320
15807 6323
15808 6324
15809 6327
15810 6324
15811 6322
15812 6325
15813 6326
15814 6329
15815 6326
15816 6324
15817 6327
15818 6328
15819 6331
15820 6328
15821 6326
15822 6329
15823 6330
15824 6333
15825 6330
15826 6328
15827 6331
15828 6332
15829 6335
15830 6332
15831 6330
15832 6333
15833 6334
15834 6337
15835 6334
15836 6332
15837 6335
15838 6336
15839 6339
15840 6336
15841 6334
15842 6337
15843 6338
15844 6341
15845 6338
15846 6336
15847 6339
15848 6340
15849 6343
15850 6340
15851 6338
15852 6341
15853 6342
15854 6345
15855 6342
15856 6340
15857 6343
15858 6344
15859 6347
15860 6344
15861 6342
15862 6345
15863 6346
15864 6349
15865 6346
15866 6344
15867 6347
15868 6348
15869 6351
15870 6348
15871 6346
15872 6349
15873 6350
15874 6353
15875 6350
15876 6348
15877 6351
15878 6352
15879 6355
15880 6352
15881 6350
15882 6353
15883 6354
15884 6357
15885 6354
15886 6352
15887 6355
15888 6356
15889 6359
15890 6356
15891 6354
15892 6357
15893 6358
15894 6361
15895 6358
15896 6356
15897 6359
15898 6360
15899 6363
15900 6360
15901 6358
15902 6361
15903 6362
15904 6365
15905 6362
15906 6360
15907 6363
15908 6364
15909 6367
15910 6364
15911 6362
15912 6365
15913 6366
15914 6369
15915 6366
15916 6364
15917 6367
15918 6368
15919 6371
15920 6368
15921 6366
15922 6369
15923 6370
15924 6373
15925 6370
15926 6368
15927 6371
15928 6372
15929 6375
15930 6372
15931 6370
15932 6373
15933 6374
15934 6377
15935 6374
15936 6372
15937 6375
15938 6376
15939 6379
15940 6376
15941 6374
15942 6377
15943 6378
15944 6381
15945 6378
15946 6376
15947 6379
15948 6380
15949 6383
15950 6380
15951 6378
15952 6381
15953 6382
15954 6385
15955 6382
15956 6380
15957 6383
15958 6384
15959 6387
15960 6384
15961 6382
15962 6385
15963 6386
15964 6389
15965 6386
15966 6384
15967 6387
15968 6388
15969 6391
15970 6388
15971 6386
15972 6389
15973 6390
15974 6393
15975 6390
15976 6388
15977 6391
15978 6392
15979 6395
15980 6392
15981 6390
15982 6393
15983 6394
15984 6397
15985 6394
15986 6392
15987 6395
15988 6396
15989 6399
15990 6396
15991 6394
15992 6397
15993 6398
15994 6401
15995 6398
15996 6396
15997 6399
15998 6400
15999 6403
16000 6400
16001 6398
16002 6401
16003 6402
16004 6405
16005 6402
16006 6400
16007 6403
16008 6404
16009 6407
16010 6404
16011 6402
16012 6405
16013 6406
16014 6409
16015 6406
16016 6404
16017 6407
16018 6408
16019 6411
16020 6408
16021 6406
16022 6409
16023 6410
16024 6413
16025 6410
16026 6408
16027 6411
16028 6412
16029 6415
16030 6412
16031 6410
16032 6413
16033 6414
16034 6417
16035 6414
16036 6412
16037 6415
16038 6416
16039 6419
16040 6416
16041 6414
16042 6417
16043 6418
16044 6421
16045 6418
16046 6416
16047 6419
16048 6420
16049 6423
16050 6420
16051 6418
16052 6421
16053 6422
16054 6425
16055 6422
16056 6420
16057 6423
16058 6424
16059 6427
16060 6424
16061 6422
16062 6425
16063 6426
16064 6429
16065 6426
16066 6424
16067 6427
16068 6428
16069 6431
16070 6428
16071 6426
16072 6429
16073 6430
16074 6433
16075 6430
16076 6428
16077 6431
16078 6432
16079 6435
16080 6432
16081 6430
16082 6433
16083 6434
16084 6437
16085 6434
16086 6432
16087 6435
16088 6436
16089 6439
16090 6436
16091 6434
16092 6437
16093 6438
16094 6441
16095 6438
16096 6436
16097 6439
16098 6440
16099 6443
16100 6440
16101 6438
16102 6441
16103 6442
16104 6445
16105 6442
16106 6440
16107 6443
16108 6444
16109 6447
16110 6444
16111 6442
16112 6445
16113 6446
16114 6449
16115 6446
16116 6444
16117 6447
16118 6448
16119 6451
16120 6448
16121 6446
16122 6449
16123 6450
16124 6453
16125 6450
16126 6448
16127 6451
16128 6452
16129 6455
16130 6452
16131 6450
16132 6453
16133 6454
16134 6457
16135 6454
16136 6452
16137 6455
16138 6456
16139 6459
16140 6456
16141 6454
16142 6457
16143 6458
16144 6461
16145 6458
16146 6456
16147 6459
16148 6460
16149 6463
16150 6460
16151 6458
16152 6461
16153 6462
16154 6465
16155 6462
16156 6460
16157 6463
16158 6464
16159 6467
16160 6464
16161 6462
16162 6465
16163 6466
16164 6469
16165 6466
16166 6464
16167 6467
16168 6468
16169 6471
16170 6468
16171 6466
16172 6469
16173 6470
16174 6473
16175 6470
16176 6468
16177 6471
16178 6472
16179 6475
16180 6472
16181 6470
16182 6473
16183 6474
16184 6477
16185 6474
16186 6472
16187 6475
16188 6476
16189 6479
16190 6476
16191 6474
16192 6477
16193 6478
16194 6481
16195 6478
16196 6476
16197 6479
16198 6480
16199 6483
16200 6480
16201 6478
16202 6481
16203 6482
16204 6485
16205 6482
16206 6480
16207 6483
16208 6484
16209 6487
16210 6484
16211 6482
16212 6485
16213 6486
16214 6489
16215 6486
16216 6484
16217 6487
16218 6488
16219 6491
16220 6488
16221 6486
16222 6489
16223 6490
16224 6493
16225 6490
16226 6488
16227 6491
16228 6492
16229 6495
16230 6492
16231 6490
16232 6493
16233 6494
16234 6497
16235 6494
16236 6492
16237 6495
16238 6496
16239 6499
16240 6496
16241 6494
16242 6497
16243 6498
16244 6501
16245 6498
16246 6496
16247 6499
16248 6500
16249 6503
16250 6500
16251 6498
16252 6501
16253 6502
16254 6505
16255 6502
16256 6500
16257 6503
16258 6504
16259 6507
16260 6504
16261 6502
16262 6505
16263 6506
16264 6509
16265 6506
16266 6504
16267 6507
16268 6508
16269 6511
16270 6508
16271 6506
16272 6509
16273 6510
16274 6513
16275 6510
16276 6508
16277 6511
16278 6512
16279 6515
16280 6512
16281 6510
16282 6513
16283 6514
16284 6517
16285 6514
16286 6512
16287 6515
16288 6516
16289 6519
16290 6516
16291 6514
16292 6517
16293 6518
16294 6521
16295 6518
16296 6516
16297 6519
16298 6520
16299 6523
16300 6520
16301 6518
16302 6521
16303 6522
16304 6525
16305 6522
16306 6520
16307 6523
16308 6524
16309 6527
16310 6524
16311 6522
16312 6525
16313 6526
16314 6529
16315 6526
16316 6524
16317 6527
16318 6528
16319 6531
16320 6528
16321 6526
16322 6529
16323 6530
16324 6533
16325 6530
16326 6528
16327 6531
16328 6532
16329 6535
16330 6532
16331 6530
16332 6533
16333 6534
16334 6537
16335 6534
16336 6532
16337 6535
16338 6536
16339 6539
16340 6536
16341 6534
16342 6537
16343 6538
16344 6541
16345 6538
16346 6536
16347 6539
16348 6540
16349 6543
16350 6540
16351 6538
16352 6541
16353 6542
16354 6545
16355 6542
16356 6540
16357 6543
16358 6544
16359 6547
16360 6544
16361 6542
16362 6545
16363 6546
16364 6549
16365 6546
16366 6544
16367 6547
16368 6548
16369 6551
16370 6548
16371 6546
16372 6549
16373 6550
16374 6553
16375 6550
16376 6548
16377 6551
16378 6552
16379 6555
16380 6552
16381 6550
16382 6553
16383 6554
16384 6557
16385 6554
16386 6552
16387 6555
16388 6556
16389 6559
16390 6556
16391 6554
16392 6557
16393 6558
16394 6561
16395 6558
16396 6556
16397 6559
16398 6560
16399 6563
16400 6560
16401 6558
16402 6561
16403 6562
16404 6565
16405 6562
16406 6560
16407 6563
16408 6564
16409 6567
16410 6564
16411 6562
16412 6565
16413 6566
16414 6569
16415 6566
16416 6564
16417 6567
16418 6568
16419 6571
16420 6568
16421 6566
16422 6569
16423 6570
16424 6573
16425 6570
16426 6568
16427 6571
16428 6572
16429 6575
16430 6572
16431 6570
16432 6573
16433 6574
16434 6577
16435 6574
16436 6572
16437 6575
16438 6576
16439 6579
16440 6576
16441 6574
16442 6577
16443 6578
16444 6581
16445 6578
16446 6576
16447 6579
16448 6580
16449 6583
16450 6580
16451 6578
16452 6581
16453 6582
16454 6585
16455 6582
16456 6580
16457 6583
16458 6584
16459 6587
16460 6584
16461 6582
16462 6585
16463 6586
16464 6589
16465 6586
16466 6584
16467 6587
16468 6588
16469 6591
16470 6588
16471 6586
16472 6589
16473 6590
16474 6593
16475 6590
16476 6588
16477 6591
16478 6592
16479 6595
16480 6592
16481 6590
16482 6593
16483 6594
16484 6597
16485 6594
16486 6592
16487 6595
16488 6596
16489 6599
16490 6596
16491 6594
16492 6597
16493 6598
16494 6601
16495 6598
16496 6596
16497 6599
16498 6600
16499 6603
16500 6600
16501 6598
16502 6601
16503 6602
16504 6605
16505 6602
16506 6600
16507 6603
16508 6604
16509 6607
16510 6604
16511 6602
16512 6605
16513 6606
16514 6609
16515 6606
16516 6604
16517 6607
16518 6608
16519 6611
16520 6608
16521 6606
16522 6609
16523 6610
16524 6613
16525 6610
16526 6608
16527 6611
16528 6612
16529 6615
16530 6612
16531 6610
16532 6613
16533 6614
16534 6617
16535 6614
16536 6612
16537 6615
16538 6616
16539 6619
16540 6616
16541 6614
16542 6617
16543 6618
16544 6621
16545 6618
16546 6616
16547 6619
16548 6620
16549 6623
16550 6620
16551 6618
16552 6621
16553 6622
16554 6625
16555 6622
16556 6620
16557 6623
16558 6624
16559 6627
16560 6624
16561 6622
16562 6625
16563 6626
16564 6629
16565 6626
16566 6624
16567 6627
16568 6628
16569 6631
16570 6628
16571 6626
16572 6629
16573 6630
16574 6633
16575 6630
16576 6628
16577 6631
16578 6632
16579 6635
16580 6632
16581 6630
16582 6633
16583 6634
16584 6637
16585 6634
16586 6632
16587 6635
16588 6636
16589 6639
16590 6636
16591 6634
16592 6637
16593 6638
16594 6641
16595 6638
16596 6636
16597 6639
16598 6640
16599 6643
16600 6640
16601 6638
16602 6641
16603 6642
16604 6645
16605 6642
16606 6640
16607 6643
16608 6644
16609 6647
16610 6644
16611 6642
16612 6645
16613 6646
16614 6649
16615 6646
16616 6644
16617 6647
16618 6648
16619 6651
16620 6648
16621 6646
16622 6649
16623 6650
16624 6653
16625 6650
16626 6648
16627 6651
16628 6652
16629 6655
16630 6652
16631 6650
16632 6653
16633 6654
16634 6657
16635 6654
16636 6652
16637 6655
16638 6656
16639 6659
16640 6656
16641 6654
16642 6657
16643 6658
16644 6661
16645 6658
16646 6656
16647 6659
16648 6660
16649 6663
16650 6660
16651 6658
16652 6661
16653 6662
16654 6665
16655 6662
16656 6660
16657 6663
16658 6664
16659 6667
16660 6664
16661 6662
16662 6665
16663 6666
16664 6669
16665 6666
16666 6664
16667 6667
16668 6668
16669 6671
16670 6668
16671 6666
16672 6669
16673 6670
16674 6673
16675 6670
16676 6668
16677 6671
16678 6672
16679 6675
16680 6672
16681 6670
16682 6673
16683 6674
16684 6677
16685 6674
16686 6672
16687 6675
16688 6676
16689 6679
16690 6676
16691 6674
16692 6677
16693 6678
16694 6681
16695 6678
16696 6676
16697 6679
16698 6680
16699 6683
16700 6680
16701 6678
16702 6681
16703 6682
16704 6685
16705 6682
16706 6680
16707 6683
16708 6684
16709 6687
16710 6684
16711 6682
16712 6685
16713 6686
16714 6689
16715 6686
16716 6684
16717 6687
16718 6688
16719 6691
16720 6688
16721 6686
16722 6689
16723 6690
16724 6693
16725 6690
16726 6688
16727 6691
16728 6692
16729 6695
16730 6692
16731 6690
16732 6693
16733 6694
16734 6697
16735 6694
16736 6692
16737 6695
16738 6696
16739 6699
16740 6696
16741 6694
16742 6697
16743 6698
16744 6701
16745 6698
16746 6696
16747 6699
16748 6700
16749 6703
16750 6700
16751 6698
16752 6701
16753 6702
16754 6705
16755 6702
16756 6700
16757 6703
16758 6704
16759 6707
16760 6704
16761 6702
16762 6705
16763 6706
16764 6709
16765 6706
16766 6704
16767 6707
16768 6708
16769 6711
16770 6708
16771 6706
16772 6709
16773 6710
16774 6713
16775 6710
16776 6708
16777 6711
16778 6712
16779 6715
16780 6712
16781 6710
16782 6713
16783 6714
16784 6717
16785 6714
16786 6712
16787 6715
16788 6716
16789 6719
16790 6716
16791 6714
16792 6717
16793 6718
16794 6721
16795 6718
16796 6716
16797 6719
16798 6720
16799 6723
16800 6720
16801 6718
16802 6721
16803 6722
16804 6725
16805 6722
16806 6720
16807 6723
16808 6724
16809 6727
16810 6724
16811 6722
16812 6725
16813 6726
16814 6729
16815 6726
16816 6724
16817 6727
16818 6728
16819 6731
16820 6728
16821 6726
16822 6729
16823 6730
16824 6733
16825 6730
16826 6728
16827 6731
16828 6732
16829 6735
16830 6732
16831 6730
16832 6733
16833 6734
16834 6737
16835 6734
16836 6732
16837 6735
16838 6736
16839 6739
16840 6736
16841 6734
16842 6737
16843 6738
16844 6741
16845 6738
16846 6736
16847 6739
16848 6740
16849 6743
16850 6740
16851 6738
16852 6741
16853 6742
16854 6745
16855 6742
16856 6740
16857 6743
16858 6744
16859 6747
16860 6744
16861 6742
16862 6745
16863 6746
16864 6749
16865 6746
16866 6744
16867 6747
16868 6748
16869 6751
16870 6748
16871 6746
16872 6749
16873 6750
16874 6753
16875 6750
16876 6748
16877 6751
16878 6752
16879 6755
16880 6752
16881 6750
16882 6753
16883 6754
16884 6757
16885 6754
16886 6752
16887 6755
16888 6756
16889 6759
16890 6756
16891 6754
16892 6757
16893 6758
16894 6761
16895 6758
16896 6756
16897 6759
16898 6760
16899 6763
16900 6760
16901 6758
16902 6761
16903 6762
16904 6765
16905 6762
16906 6760
16907 6763
16908 6764
16909 6767
16910 6764
16911 6762
16912 6765
16913 6766
16914 6769
16915 6766
16916 6764
16917 6767
16918 6768
16919 6771
16920 6768
16921 6766
16922 6769
16923 6770
16924 6773
16925 6770
16926 6768
16927 6771
16928 6772
16929 6775
16930 6772
16931 6770
16932 6773
16933 6774
16934 6777
16935 6774
16936 6772
16937 6775
16938 6776
16939 6779
16940 6776
16941 6774
16942 6777
16943 6778
16944 6781
16945 6778
16946 6776
16947 6779
16948 6780
16949 6783
16950 6780
16951 6778
16952 6781
16953 6782
16954 6785
16955 6782
16956 6780
16957 6783
16958 6784
16959 6787
16960 6784
16961 6782
16962 6785
16963 6786
16964 6789
16965 6786
16966 6784
16967 6787
16968 6788
16969 6791
16970 6788
16971 6786
16972 6789
16973 6790
16974 6793
16975 6790
16976 6788
16977 6791
16978 6792
16979 6795
16980 6792
16981 6790
16982 6793
16983 6794
16984 6797
16985 6794
16986 6792
16987 6795
16988 6796
16989 6799
16990 6796
16991 6794
16992 6797
16993 6798
16994 6801
16995 6798
16996 6796
16997 6799
16998 6800
16999 6803
17000 6800
17001 6798
17002 6801
17003 6802
17004 6805
17005 6802
17006 6800
17007 6803
17008 6804
17009 6807
17010 6804
17011 6802
17012 6805
17013 6806
17014 6809
17015 6806
17016 6804
17017 6807
17018 6808
17019 6811
17020 6808
17021 6806
17022 6809
17023 6810
17024 6813
17025 6810
17026 6808
17027 6811
17028 6812
17029 6815
17030 6812
17031 6810
17032 6813
17033 6814
17034 6817
17035 6814
17036 6812
17037 6815
17038 6816
17039 6819
17040 6816
17041 6814
17042 6817
17043 6818
17044 6821
17045 6818
17046 6816
17047 6819
17048 6820
17049 6823
17050 6820
17051 6818
17052 6821
17053 6822
17054 6825
17055 6822
17056 6820
17057 6823
17058 6824
17059 6827
17060 6824
17061 6822
17062 6825
17063 6826
17064 6829
17065 6826
17066 6824
17067 6827
17068 6828
17069 6831
17070 6828
17071 6826
17072 6829
17073 6830
17074 6833
17075 6830
17076 6828
17077 6831
17078 6832
17079 6835
17080 6832
17081 6830
17082 6833
17083 6834
17084 6837
17085 6834
17086 6832
17087 6835
17088 6836
17089 6839
17090 6836
17091 6834
17092 6837
17093 6838
17094 6841
17095 6838
17096 6836
17097 6839
17098 6840
17099 6843
17100 6840
17101 6838
17102 6841
17103 6842
17104 6845
17105 6842
17106 6840
17107 6843
17108 6844
17109 6847
17110 6844
17111 6842
17112 6845
17113 6846
17114 6849
17115 6846
17116 6844
17117 6847
17118 6848
17119 6851
17120 6848
17121 6846
17122 6849
17123 6850
17124 6853
17125 6850
17126 6848
17127 6851
17128 6852
17129 6855
17130 6852
17131 6850
17132 6853
17133 6854
17134 6857
17135 6854
17136 6852
17137 6855
17138 6856
17139 6859
17140 6856
17141 6854
17142 6857
17143 6858
17144 6861
17145 6858
17146 6856
17147 6859
17148 6860
17149 6863
17150 6860
17151 6858
17152 6861
17153 6862
17154 6865
17155 6862
17156 6860
17157 6863
17158 6864
17159 6867
17160 6864
17161 6862
17162 6865
17163 6866
17164 6869
17165 6866
17166 6864
17167 6867
17168 6868
17169 6871
17170 6868
17171 6866
17172 6869
17173 6870
17174 6873
17175 6870
17176 6868
17177 6871
17178 6872
17179 6875
17180 6872
17181 6870
17182 6873
17183 6874
17184 6877
17185 6874
17186 6872
17187 6875
17188 6876
17189 6879
17190 6876
17191 6874
17192 6877
17193 6878
17194 6881
17195 6878
17196 6876
17197 6879
17198 6880
17199 6883
17200 6880
17201 6878
17202 6881
17203 6882
17204 6885
17205 6882
17206 6880
17207 6883
17208 6884
17209 6887
17210 6884
17211 6882
17212 6885
17213 6886
17214 6889
17215 6886
17216 6884
17217 6887
17218 6888
17219 6891
17220 6888
17221 6886
17222 6889
17223 6890
17224 6893
17225 6890
17226 6888
17227 6891
17228 6892
17229 6895
17230 6892
17231 6890
17232 6893
17233 6894
17234 6897
17235 6894
17236 6892
17237 6895
17238 6896
17239 6899
17240 6896
17241 6894
17242 6897
17243 6898
17244 6901
17245 6898
17246 6896
17247 6899
17248 6900
17249 6903
17250 6900
17251 6898
17252 6901
17253 6902
17254 6905
17255 6902
17256 6900
17257 6903
17258 6904
17259 6907
17260 6904
17261 6902
17262 6905
17263 6906
17264 6909
17265 6906
17266 6904
17267 6907
17268 6908
17269 6911
17270 6908
17271 6906
17272 6909
17273 6910
17274 6913
17275 6910
17276 6908
17277 6911
17278 6912
17279 6915
17280 6912
17281 6910
17282 6913
17283 6914
17284 6917
17285 6914
17286 6912
17287 6915
17288 6916
17289 6919
17290 6916
17291 6914
17292 6917
17293 6918
17294 6921
17295 6918
17296 6916
17297 6919
17298 6920
17299 6923
17300 6920
17301 6918
17302 6921
17303 6922
17304 6925
17305 6922
17306 6920
17307 6923
17308 6924
17309 6927
17310 6924
17311 6922
17312 6925
17313 6926
17314 6929
17315 6926
17316 6924
17317 6927
17318 6928
17319 6931
17320 6928
17321 6926
17322 6929
17323 6930
17324 6933
17325 6930
17326 6928
17327 6931
17328 6932
17329 6935
17330 6932
17331 6930
17332 6933
17333 6934
17334 6937
17335 6934
17336 6932
17337 6935
17338 6936
17339 6939
17340 6936
17341 6934
17342 6937
17343 6938
17344 6941
17345 6938
17346 6936
17347 6939
17348 6940
17349 6943
17350 6940
17351 6938
17352 6941
17353 6942
17354 6945
17355 6942
17356 6940
17357 6943
17358 6944
17359 6947
17360 6944
17361 6942
17362 6945
17363 6946
17364 6949
17365 6946
17366 6944
17367 6947
17368 6948
17369 6951
17370 6948
17371 6946
17372 6949
17373 6950
17374 6953
17375 6950
17376 6948
17377 6951
17378 6952
17379 6955
17380 6952
17381 6950
17382 6953
17383 6954
17384 6957
17385 6954
17386 6952
17387 6955
17388 6956
17389 6959
17390 6956
17391 6954
17392 6957
17393 6958
17394 6961
17395 6958
17396 6956
17397 6959
17398 6960
17399 6963
17400 6960
17401 6958
17402 6961
17403 6962
17404 6965
17405 6962
17406 6960
17407 6963
17408 6964
17409 6967
17410 6964
17411 6962
17412 6965
17413 6966
17414 6969
17415 6966
17416 6964
17417 6967
17418 6968
17419 6971
17420 6968
17421 6966
17422 6969
17423 6970
17424 6973
17425 6970
17426 6968
17427 6971
17428 6972
17429 6975
17430 6972
17431 6970
17432 6973
17433 6974
17434 6977
17435 6974
17436 6972
17437 6975
17438 6976
17439 6979
17440 6976
17441 6974
17442 6977
17443 6978
17444 6981
17445 6978
17446 6976
17447 6979
17448 6980
17449 6983
17450 6980
17451 6978
17452 6981
17453 6982
17454 6985
17455 6982
17456 6980
17457 6983
17458 6984
17459 6987
17460 6984
17461 6982
17462 6985
17463 6986
17464 6989
17465 6986
17466 6984
17467 6987
17468 6988
17469 6991
17470 6988
17471 6986
17472 6989
17473 6990
17474 6993
17475 6990
17476 6988
17477 6991
17478 6992
17479 6995
17480 6992
17481 6990
17482 6993
17483 6994
17484 6997
17485 6994
17486 6992
17487 6995
17488 6996
17489 6999
17490 6996
17491 6994
17492 6997
17493 6998
17494 7001
17495 6998
17496 6996
17497 6999
17498 7000
17499 7003
17500 7000
17501 6998
17502 7001
17503 7002
17504 7005
17505 7002
17506 7000
17507 7003
17508 7004
17509 7007
17510 7004
17511 7002
17512 7005
17513 7006
17514 7009
17515 7006
17516 7004
17517 7007
17518 7008
17519 7011
17520 7008
17521 7006
17522 7009
17523 7010
17524 7013
17525 7010
17526 7008
17527 7011
17528 7012
17529 7015
17530 7012
17531 7010
17532 7013
17533 7014
17534 7017
17535 7014
17536 7012
17537 7015
17538 7016
17539 7019
17540 7016
17541 7014
17542 7017
17543 7018
17544 7021
17545 7018
17546 7016
17547 7019
17548 7020
17549 7023
17550 7020
17551 7018
17552 7021
17553 7022
17554 7025
17555 7022
17556 7020
17557 7023
17558 7024
17559 7027
17560 7024
17561 7022
17562 7025
17563 7026
17564 7029
17565 7026
17566 7024
17567 7027
17568 7028
17569 7031
17570 7028
17571 7026
17572 7029
17573 7030
17574 7033
17575 7030
17576 7028
17577 7031
17578 7032
17579 7035
17580 7032
17581 7030
17582 7033
17583 7034
17584 7037
17585 7034
17586 7032
17587 7035
17588 7036
17589 7039
17590 7036
17591 7034
17592 7037
17593 7038
17594 7041
17595 7038
17596 7036
17597 7039
17598 7040
17599 7043
17600 7040
17601 7038
17602 7041
17603 7042
17604 7045
17605 7042
17606 7040
17607 7043
17608 7044
17609 7047
17610 7044
17611 7042
17612 7045
17613 7046
17614 7049
17615 7046
17616 7044
17617 7047
17618 7048
17619 7051
17620 7048
17621 7046
17622 7049
17623 7050
17624 7053
17625 7050
17626 7048
17627 7051
17628 7052
17629 7055
17630 7052
17631 7050
17632 7053
17633 7054
17634 7057
17635 7054
17636 7052
17637 7055
17638 7056
17639 7059
17640 7056
17641 7054
17642 7057
17643 7058
17644 7061
17645 7058
17646 7056
17647 7059
17648 7060
17649 7063
17650 7060
17651 7058
17652 7061
17653 7062
17654 7065
17655 7062
17656 7060
17657 7063
17658 7064
17659 7067
17660 7064
17661 7062
17662 7065
17663 7066
17664 7069
17665 7066
17666 7064
17667 7067
17668 7068
17669 7071
17670 7068
17671 7066
17672 7069
17673 7070
17674 7073
17675 7070
17676 7068
17677 7071
17678 7072
17679 7075
17680 7072
17681 7070
17682 7073
17683 7074
17684 7077
17685 7074
17686 7072
17687 7075
17688 7076
17689 7079
17690 7076
17691 7074
17692 7077
17693 7078
17694 7081
17695 7078
17696 7076
17697 7079
17698 7080
17699 7083
17700 7080
17701 7078
17702 7081
17703 7082
17704 7085
17705 7082
17706 7080
17707 7083
17708 7084
17709 7087
17710 7084
17711 7082
17712 7085
17713 7086
17714 7089
17715 7086
17716 7084
17717 7087
17718 7088
17719 7091
17720 7088
17721 7086
17722 7089
17723 7090
17724 7093
17725 7090
17726 7088
17727 7091
17728 7092
17729 7095
17730 7092
17731 7090
17732 7093
17733 7094
17734 7097
17735 7094
17736 7092
17737 7095
17738 7096
17739 7099
17740 7096
17741 7094
17742 7097
17743 7098
17744 7101
17745 7098
17746 7096
17747 7099
17748 7100
17749 7103
17750 7100
17751 7098
17752 7101
17753 7102
17754 7105
17755 7102
17756 7100
17757 7103
17758 7104
17759 7107
17760 7104
17761 7102
17762 7105
17763 7106
17764 7109
17765 7106
17766 7104
17767 7107
17768 7108
17769 7111
17770 7108
17771 7106
17772 7109
17773 7110
17774 7113
17775 7110
17776 7108
17777 7111
17778 7112
17779 7115
17780 7112
17781 7110
17782 7113
17783 7114
17784 7117
17785 7114
17786 7112
17787 7115
17788 7116
17789 7119
17790 7116
17791 7114
17792 7117
17793 7118
17794 7121
17795 7118
17796 7116
17797 7119
17798 7120
17799 7123
17800 7120
17801 7118
17802 7121
17803 7122
17804 7125
17805 7122
17806 7120
17807 7123
17808 7124
17809 7127
17810 7124
17811 7122
17812 7125
17813 7126
17814 7129
17815 7126
17816 7124
17817 7127
17818 7128
17819 7131
17820 7128
17821 7126
17822 7129
17823 7130
17824 7133
17825 7130
17826 7128
17827 7131
17828 7132
17829 7135
17830 7132
17831 7130
17832 7133
17833 7134
17834 7137
17835 7134
17836 7132
17837 7135
17838 7136
17839 7139
17840 7136
17841 7134
17842 7137
17843 7138
17844 7141
17845 7138
17846 7136
17847 7139
17848 7140
17849 7143
17850 7140
17851 7138
17852 7141
17853 7142
17854 7145
17855 7142
17856 7140
17857 7143
17858 7144
17859 7147
17860 7144
17861 7142
17862 7145
17863 7146
17864 7149
17865 7146
17866 7144
17867 7147
17868 7148
17869 7151
17870 7148
17871 7146
17872 7149
17873 7150
17874 7153
17875 7150
17876 7148
17877 7151
17878 7152
17879 7155
17880 7152
17881 7150
17882 7153
17883 7154
17884 7157
17885 7154
17886 7152
17887 7155
17888 7156
17889 7159
17890 7156
17891 7154
17892 7157
17893 7158
17894 7161
17895 7158
17896 7156
17897 7159
17898 7160
17899 7163
17900 7160
17901 7158
17902 7161
17903 7162
17904 7165
17905 7162
17906 7160
17907 7163
17908 7164
17909 7167
17910 7164
17911 7162
17912 7165
17913 7166
17914 7169
17915 7166
17916 7164
17917 7167
17918 7168
17919 7171
17920 7168
17921 7166
17922 7169
17923 7170
17924 7173
17925 7170
17926 7168
17927 7171
17928 7172
17929 7175
17930 7172
17931 7170
17932 7173
17933 7174
17934 7177
17935 7174
17936 7172
17937 7175
17938 7176
17939 7179
17940 7176
17941 7174
17942 7177
17943 7178
17944 7181
17945 7178
17946 7176
17947 7179
17948 7180
17949 7183
17950 7180
17951 7178
17952 7181
17953 7182
17954 7185
17955 7182
17956 7180
17957 7183
17958 7184
17959 7187
17960 7184
17961 7182
17962 7185
17963 7186
17964 7189
17965 7186
17966 7184
17967 7187
17968 7188
17969 7191
17970 7188
17971 7186
17972 7189
17973 7190
17974 7193
17975 7190
17976 7188
17977 7191
17978 7192
17979 7195
17980 7192
17981 7190
17982 7193
17983 7194
17984 7197
17985 7194
17986 7192
17987 7195
17988 7196
17989 7199
17990 7196
17991 7194
17992 7197
17993 7198
17994 7201
17995 7198
17996 7196
17997 7199
17998 7200
17999 7203
18000 7200
18001 7198
18002 7201
18003 7202
18004 7205
18005 7202
18006 7200
18007 7203
18008 7204
18009 7207
18010 7204
18011 7202
18012 7205
18013 7206
18014 7209
18015 7206
18016 7204
18017 7207
18018 7208
18019 7211
18020 7208
18021 7206
18022 7209
18023 7210
18024 7213
18025 7210
18026 7208
18027 7211
18028 7212
18029 7215
18030 7212
18031 7210
18032 7213
18033 7214
18034 7217
18035 7214
18036 7212
18037 7215
18038 7216
18039 7219
18040 7216
18041 7214
18042 7217
18043 7218
18044 7221
18045 7218
18046 7216
18047 7219
18048 7220
18049 7223
18050 7220
18051 7218
18052 7221
18053 7222
18054 7225
18055 7222
18056 7220
18057 7223
18058 7224
18059 7227
18060 7224
18061 7222
18062 7225
18063 7226
18064 7229
18065 7226
18066 7224
18067 7227
18068 7228
18069 7231
18070 7228
18071 7226
18072 7229
18073 7230
18074 7233
18075 7230
18076 7228
18077 7231
18078 7232
18079 7235
18080 7232
18081 7230
18082 7233
18083 7234
18084 7237
18085 7234
18086 7232
18087 7235
18088 7236
18089 7239
18090 7236
18091 7234
18092 7237
18093 7238
18094 7241
18095 7238
18096 7236
18097 7239
18098 7240
18099 7243
18100 7240
18101 7238
18102 7241
18103 7242
18104 7245
18105 7242
18106 7240
18107 7243
18108 7244
18109 7247
18110 7244
18111 7242
18112 7245
18113 7246
18114 7249
18115 7246
18116 7244
18117 7247
18118 7248
18119 7251
18120 7248
18121 7246
18122 7249
18123 7250
18124 7253
18125 7250
18126 7248
18127 7251
18128 7252
18129 7255
18130 7252
18131 7250
18132 7253
18133 7254
18134 7257
18135 7254
18136 7252
18137 7255
18138 7256
18139 7259
18140 7256
18141 7254
18142 7257
18143 7258
18144 7261
18145 7258
18146 7256
18147 7259
18148 7260
18149 7263
18150 7260
18151 7258
18152 7261
18153 7262
18154 7265
18155 7262
18156 7260
18157 7263
18158 7264
18159 7267
18160 7264
18161 7262
18162 7265
18163 7266
18164 7269
18165 7266
18166 7264
18167 7267
18168 7268
18169 7271
18170 7268
18171 7266
18172 7269
18173 7270
18174 7273
18175 7270
18176 7268
18177 7271
18178 7272
18179 7275
18180 7272
18181 7270
18182 7273
18183 7274
18184 7277
18185 7274
18186 7272
18187 7275
18188 7276
18189 7279
18190 7276
18191 7274
18192 7277
18193 7278
18194 7281
18195 7278
18196 7276
18197 7279
18198 7280
18199 7283
18200 7280
18201 7278
18202 7281
18203 7282
18204 7285
18205 7282
18206 7280
18207 7283
18208 7284
18209 7287
18210 7284
18211 7282
18212 7285
18213 7286
18214 7289
18215 7286
18216 7284
18217 7287
18218 7288
18219 7291
18220 7288
18221 7286
18222 7289
18223 7290
18224 7293
18225 7290
18226 7288
18227 7291
18228 7292
18229 7295
18230 7292
18231 7290
18232 7293
18233 7294
18234 7297
18235 7294
18236 7292
18237 7295
18238 7296
18239 7299
18240 7296
18241 7294
18242 7297
18243 7298
18244 7301
18245 7298
18246 7296
18247 7299
18248 7300
18249 7303
18250 7300
18251 7298
18252 7301
18253 7302
18254 7305
18255 7302
18256 7300
18257 7303
18258 7304
18259 7307
18260 7304
18261 7302
18262 7305
18263 7306
18264 7309
18265 7306
18266 7304
18267 7307
18268 7308
18269 7311
18270 7308
18271 7306
18272 7309
18273 7310
18274 7313
18275 7310
18276 7308
18277 7311
18278 7312
18279 7315
18280 7312
18281 7310
18282 7313
18283 7314
18284 7317
18285 7314
18286 7312
18287 7315
18288 7316
18289 7319
18290 7316
18291 7314
18292 7317
18293 7318
18294 7321
18295 7318
18296 7316
18297 7319
18298 7320
18299 7323
18300 7320
18301 7318
18302 7321
18303 7322
18304 7325
18305 7322
18306 7320
18307 7323
18308 7324
18309 7327
18310 7324
18311 7322
18312 7325
18313 7326
18314 7329
18315 7326
18316 7324
18317 7327
18318 7328
18319 7331
18320 7328
18321 7326
18322 7329
18323 7330
18324 7333
18325 7330
18326 7328
18327 7331
18328 7332
18329 7335
18330 7332
18331 7330
18332 7333
18333 7334
18334 7337
18335 7334
18336 7332
18337 7335
18338 7336
18339 7339
18340 7336
18341 7334
18342 7337
18343 7338
18344 7341
18345 7338
18346 7336
18347 7339
18348 7340
18349 7343
18350 7340
18351 7338
18352 7341
18353 7342
18354 7345
18355 7342
18356 7340
18357 7343
18358 7344
18359 7347
18360 7344
18361 7342
18362 7345
18363 7346
18364 7349
18365 7346
18366 7344
18367 7347
18368 7348
18369 7351
18370 7348
18371 7346
18372 7349
18373 7350
18374 7353
18375 7350
18376 7348
18377 7351
18378 7352
18379 7355
18380 7352
18381 7350
18382 7353
18383 7354
18384 7357
18385 7354
18386 7352
18387 7355
18388 7356
18389 7359
18390 7356
18391 7354
18392 7357
18393 7358
18394 7361
18395 7358
18396 7356
18397 7359
18398 7360
18399 7363
18400 7360
18401 7358
18402 7361
18403 7362
18404 7365
18405 7362
18406 7360
18407 7363
18408 7364
18409 7367
18410 7364
18411 7362
18412 7365
18413 7366
18414 7369
18415 7366
18416 7364
18417 7367
18418 7368
18419 7371
18420 7368
18421 7366
18422 7369
18423 7370
18424 7373
18425 7370
18426 7368
18427 7371
18428 7372
18429 7375
18430 7372
18431 7370
18432 7373
18433 7374
18434 7377
18435 7374
18436 7372
18437 7375
18438 7376
18439 7379
18440 7376
18441 7374
18442 7377
18443 7378
18444 7381
18445 7378
18446 7376
18447 7379
18448 7380
18449 7383
18450 7380
18451 7378
18452 7381
18453 7382
18454 7385
18455 7382
18456 7380
18457 7383
18458 7384
18459 7387
18460 7384
18461 7382
18462 7385
18463 7386
18464 7389
18465 7386
18466 7384
18467 7387
18468 7388
18469 7391
18470 7388
18471 7386
18472 7389
18473 7390
18474 7393
18475 7390
18476 7388
18477 7391
18478 7392
18479 7395
18480 7392
18481 7390
18482 7393
18483 7394
18484 7397
18485 7394
18486 7392
18487 7395
18488 7396
18489 7399
18490 7396
18491 7394
18492 7397
18493 7398
18494 7401
18495 7398
18496 7396
18497 7399
18498 7400
18499 7403
18500 7400
18501 7398
18502 7401
18503 7402
18504 7405
18505 7402
18506 7400
18507 7403
18508 7404
18509 7407
18510 7404
18511 7402
18512 7405
18513 7406
18514 7409
18515 7406
18516 7404
18517 7407
18518 7408
18519 7411
18520 7408
18521 7406
18522 7409
18523 7410
18524 7413
18525 7410
18526 7408
18527 7411
18528 7412
18529 7415
18530 7412
18531 7410
18532 7413
18533 7414
18534 7417
18535 7414
18536 7412
18537 7415
18538 7416
18539 7419
18540 7416
18541 7414
18542 7417
18543 7418
18544 7421
18545 7418
18546 7416
18547 7419
18548 7420
18549 7423
18550 7420
18551 7418
18552 7421
18553 7422
18554 7425
18555 7422
18556 7420
18557 7423
18558 7424
18559 7427
18560 7424
18561 7422
18562 7425
18563 7426
18564 7429
18565 7426
18566 7424
18567 7427
18568 7428
18569 7431
18570 7428
18571 7426
18572 7429
18573 7430
18574 7433
18575 7430
18576 7428
18577 7431
18578 7432
18579 7435
18580 7432
18581 7430
18582 7433
18583 7434
18584 7437
18585 7434
18586 7432
18587 7435
18588 7436
18589 7439
18590 7436
18591 7434
18592 7437
18593 7438
18594 7441
18595 7438
18596 7436
18597 7439
18598 7440
18599 7443
18600 7440
18601 7438
18602 7441
18603 7442
18604 7445
18605 7442
18606 7440
18607 7443
18608 7444
18609 7447
18610 7444
18611 7442
18612 7445
18613 7446
18614 7449
18615 7446
18616 7444
18617 7447
18618 7448
18619 7451
18620 7448
18621 7446
18622 7449
18623 7450
18624 7453
18625 7450
18626 7448
18627 7451
18628 7452
18629 7455
18630 7452
18631 7450
18632 7453
18633 7454
18634 7457
18635 7454
18636 7452
18637 7455
18638 7456
18639 7459
18640 7456
18641 7454
18642 7457
18643 7458
18644 7461
18645 7458
18646 7456
18647 7459
18648 7460
18649 7463
18650 7460
18651 7458
18652 7461
18653 7462
18654 7465
18655 7462
18656 7460
18657 7463
18658 7464
18659 7467
18660 7464
18661 7462
18662 7465
18663 7466
18664 7469
18665 7466
18666 7464
18667 7467
18668 7468
18669 7471
18670 7468
18671 7466
18672 7469
18673 7470
18674 7473
18675 7470
18676 7468
18677 7471
18678 7472
18679 7475
18680 7472
18681 7470
18682 7473
18683 7474
18684 7477
18685 7474
18686 7472
18687 7475
18688 7476
18689 7479
18690 7476
18691 7474
18692 7477
18693 7478
18694 7481
18695 7478
18696 7476
18697 7479
18698 7480
18699 7483
18700 7480
18701 7478
18702 7481
18703 7482
18704 7485
18705 7482
18706 7480
18707 7483
18708 7484
18709 7487
18710 7484
18711 7482
18712 7485
18713 7486
18714 7489
18715 7486
18716 7484
18717 7487
18718 7488
18719 7491
18720 7488
18721 7486
18722 7489
18723 7490
18724 7493
18725 7490
18726 7488
18727 7491
18728 7492
18729 7495
18730 7492
18731 7490
18732 7493
18733 7494
18734 7497
18735 7494
18736 7492
18737 7495
18738 7496
18739 7499
18740 7496
18741 7494
18742 7497
18743 7498
18744 7501
18745 7498
18746 7496
18747 7499
18748 7500
18749 7503
18750 7500
18751 7498
18752 7501
18753 7502
18754 7505
18755 7502
18756 7500
18757 7503
18758 7504
18759 7507
18760 7504
18761 7502
18762 7505
18763 7506
18764 7509
18765 7506
18766 7504
18767 7507
18768 7508
18769 7511
18770 7508
18771 7506
18772 7509
18773 7510
18774 7513
18775 7510
18776 7508
18777 7511
18778 7512
18779 7515
18780 7512
18781 7510
18782 7513
18783 7514
18784 7517
18785 7514
18786 7512
18787 7515
18788 7516
18789 7519
18790 7516
18791 7514
18792 7517
18793 7518
18794 7521
18795 7518
18796 7516
18797 7519
18798 7520
18799 7523
18800 7520
18801 7518
18802 7521
18803 7522
18804 7525
18805 7522
18806 7520
18807 7523
18808 7524
18809 7527
18810 7524
18811 7522
18812 7525
18813 7526
18814 7529
18815 7526
18816 7524
18817 7527
18818 7528
18819 7531
18820 7528
18821 7526
18822 7529
18823 7530
18824 7533
18825 7530
18826 7528
18827 7531
18828 7532
18829 7535
18830 7532
18831 7530
18832 7533
18833 7534
18834 7537
18835 7534
18836 7532
18837 7535
18838 7536
18839 7539
18840 7536
18841 7534
18842 7537
18843 7538
18844 7541
18845 7538
18846 7536
18847 7539
18848 7540
18849 7543
18850 7540
18851 7538
18852 7541
18853 7542
18854 7545
18855 7542
18856 7540
18857 7543
18858 7544
18859 7547
18860 7544
18861 7542
18862 7545
18863 7546
18864 7549
18865 7546
18866 7544
18867 7547
18868 7548
18869 7551
18870 7548
18871 7546
18872 7549
18873 7550
18874 7553
18875 7550
18876 7548
18877 7551
18878 7552
18879 7555
18880 7552
18881 7550
18882 7553
18883 7554
18884 7557
18885 7554
18886 7552
18887 7555
18888 7556
18889 7559
18890 7556
18891 7554
18892 7557
18893 7558
18894 7561
18895 7558
18896 7556
18897 7559
18898 7560
18899 7563
18900 7560
18901 7558
18902 7561
18903 7562
18904 7565
18905 7562
18906 7560
18907 7563
18908 7564
18909 7567
18910 7564
18911 7562
18912 7565
18913 7566
18914 7569
18915 7566
18916 7564
18917 7567
18918 7568
18919 7571
18920 7568
18921 7566
18922 7569
18923 7570
18924 7573
18925 7570
18926 7568
18927 7571
18928 7572
18929 7575
18930 7572
18931 7570
18932 7573
18933 7574
18934 7577
18935 7574
18936 7572
18937 7575
18938 7576
18939 7579
18940 7576
18941 7574
18942 7577
18943 7578
18944 7581
18945 7578
18946 7576
18947 7579
18948 7580
18949 7583
18950 7580
18951 7578
18952 7581
18953 7582
18954 7585
18955 7582
18956 7580
18957 7583
18958 7584
18959 7587
18960 7584
18961 7582
18962 7585
18963 7586
18964 7589
18965 7586
18966 7584
18967 7587
18968 7588
18969 7591
18970 7588
18971 7586
18972 7589
18973 7590
18974 7593
18975 7590
18976 7588
18977 7591
18978 7592
18979 7595
18980 7592
18981 7590
18982 7593
18983 7594
18984 7597
18985 7594
18986 7592
18987 7595
18988 7596
18989 7599
18990 7596
18991 7594
18992 7597
18993 7598
18994 7601
18995 7598
18996 7596
18997 7599
18998 7600
18999 7603
19000 7600
19001 7598
19002 7601
19003 7602
19004 7605
19005 7602
19006 7600
19007 7603
19008 7604
19009 7607
19010 7604
19011 7602
19012 7605
19013 7606
19014 7609
19015 7606
19016 7604
19017 7607
19018 7608
19019 7611
19020 7608
19021 7606
19022 7609
19023 7610
19024 7613
19025 7610
19026 7608
19027 7611
19028 7612
19029 7615
19030 7612
19031 7610
19032 7613
19033 7614
19034 7617
19035 7614
19036 7612
19037 7615
19038 7616
19039 7619
19040 7616
19041 7614
19042 7617
19043 7618
19044 7621
19045 7618
19046 7616
19047 7619
19048 7620
19049 7623
19050 7620
19051 7618
19052 7621
19053 7622
19054 7625
19055 7622
19056 7620
19057 7623
19058 7624
19059 7627
19060 7624
19061 7622
19062 7625
19063 7626
19064 7629
19065 7626
19066 7624
19067 7627
19068 7628
19069 7631
19070 7628
19071 7626
19072 7629
19073 7630
19074 7633
19075 7630
19076 7628
19077 7631
19078 7632
19079 7635
19080 7632
19081 7630
19082 7633
19083 7634
19084 7637
19085 7634
19086 7632
19087 7635
19088 7636
19089 7639
19090 7636
19091 7634
19092 7637
19093 7638
19094 7641
19095 7638
19096 7636
19097 7639
19098 7640
19099 7643
19100 7640
19101 7638
19102 7641
19103 7642
19104 7645
19105 7642
19106 7640
19107 7643
19108 7644
19109 7647
19110 7644
19111 7642
19112 7645
19113 7646
19114 7649
19115 7646
19116 7644
19117 7647
19118 7648
19119 7651
19120 7648
19121 7646
19122 7649
19123 7650
19124 7653
19125 7650
19126 7648
19127 7651
19128 7652
19129 7655
19130 7652
19131 7650
19132 7653
19133 7654
19134 7657
19135 7654
19136 7652
19137 7655
19138 7656
19139 7659
19140 7656
19141 7654
19142 7657
19143 7658
19144 7661
19145 7658
19146 7656
19147 7659
19148 7660
19149 7663
19150 7660
19151 7658
19152 7661
19153 7662
19154 7665
19155 7662
19156 7660
19157 7663
19158 7664
19159 7667
19160 7664
19161 7662
19162 7665
19163 7666
19164 7669
19165 7666
19166 7664
19167 7667
19168 7668
19169 7671
19170 7668
19171 7666
19172 7669
19173 7670
19174 7673
19175 7670
19176 7668
19177 7671
19178 7672
19179 7675
19180 7672
19181 7670
19182 7673
19183 7674
19184 7677
19185 7674
19186 7672
19187 7675
19188 7676
19189 7679
19190 7676
19191 7674
19192 7677
19193 7678
19194 7681
19195 7678
19196 7676
19197 7679
19198 7680
19199 7683
19200 7680
19201 7678
19202 7681
19203 7682
19204 7685
19205 7682
19206 7680
19207 7683
19208 7684
19209 7687
19210 7684
19211 7682
19212 7685
19213 7686
19214 7689
19215 7686
19216 7684
19217 7687
19218 7688
19219 7691
19220 7688
19221 7686
19222 7689
19223 7690
19224 7693
19225 7690
19226 7688
19227 7691
19228 7692
19229 7695
19230 7692
19231 7690
19232 7693
19233 7694
19234 7697
19235 7694
19236 7692
19237 7695
19238 7696
19239 7699
19240 7696
19241 7694
19242 7697
19243 7698
19244 7701
19245 7698
19246 7696
19247 7699
19248 7700
19249 7703
19250 7700
19251 7698
19252 7701
19253 7702
19254 7705
19255 7702
19256 7700
19257 7703
19258 7704
19259 7707
19260 7704
19261 7702
19262 7705
19263 7706
19264 7709
19265 7706
19266 7704
19267 7707
19268 7708
19269 7711
19270 7708
19271 7706
19272 7709
19273 7710
19274 7713
19275 7710
19276 7708
19277 7711
19278 7712
19279 7715
19280 7712
19281 7710
19282 7713
19283 7714
19284 7717
19285 7714
19286 7712
19287 7715
19288 7716
19289 7719
19290 7716
19291 7714
19292 7717
19293 7718
19294 7721
19295 7718
19296 7716
19297 7719
19298 7720
19299 7723
19300 7720
19301 7718
19302 7721
19303 7722
19304 7725
19305 7722
19306 7720
19307 7723
19308 7724
19309 7727
19310 7724
19311 7722
19312 7725
19313 7726
19314 7729
19315 7726
19316 7724
19317 7727
19318 7728
19319 7731
19320 7728
19321 7726
19322 7729
19323 7730
19324 7733
19325 7730
19326 7728
19327 7731
19328 7732
19329 7735
19330 7732
19331 7730
19332 7733
19333 7734
19334 7737
19335 7734
19336 7732
19337 7735
19338 7736
19339 7739
19340 7736
19341 7734
19342 7737
19343 7738
19344 7741
19345 7738
19346 7736
19347 7739
19348 7740
19349 7743
19350 7740
19351 7738
19352 7741
19353 7742
19354 7745
19355 7742
19356 7740
19357 7743
19358 7744
19359 7747
19360 7744
19361 7742
19362 7745
19363 7746
19364 7749
19365 7746
19366 7744
19367 7747
19368 7748
19369 7751
19370 7748
19371 7746
19372 7749
19373 7750
19374 7753
19375 7750
19376 7748
19377 7751
19378 7752
19379 7755
19380 7752
19381 7750
19382 7753
19383 7754
19384 7757
19385 7754
19386 7752
19387 7755
19388 7756
19389 7759
19390 7756
19391 7754
19392 7757
19393 7758
19394 7761
19395 7758
19396 7756
19397 7759
19398 7760
19399 7763
19400 7760
19401 7758
19402 7761
19403 7762
19404 7765
19405 7762
19406 7760
19407 7763
19408 7764
19409 7767
19410 7764
19411 7762
19412 7765
19413 7766
19414 7769
19415 7766
19416 7764
19417 7767
19418 7768
19419 7771
19420 7768
19421 7766
19422 7769
19423 7770
19424 7773
19425 7770
19426 7768
19427 7771
19428 7772
19429 7775
19430 7772
19431 7770
19432 7773
19433 7774
19434 7777
19435 7774
19436 7772
19437 7775
19438 7776
19439 7779
19440 7776
19441 7774
19442 7777
19443 7778
19444 7781
19445 7778
19446 7776
19447 7779
19448 7780
19449 7783
19450 7780
19451 7778
19452 7781
19453 7782
19454 7785
19455 7782
19456 7780
19457 7783
19458 7784
19459 7787
19460 7784
19461 7782
19462 7785
19463 7786
19464 7789
19465 7786
19466 7784
19467 7787
19468 7788
19469 7791
19470 7788
19471 7786
19472 7789
19473 7790
19474 7793
19475 7790
19476 7788
19477 7791
19478 7792
19479 7795
19480 7792
19481 7790
19482 7793
19483 7794
19484 7797
19485 7794
19486 7792
19487 7795
19488 7796
19489 7799
19490 7796
19491 7794
19492 7797
19493 7798
19494 7801
19495 7798
19496 7796
19497 7799
19498 7800
19499 7803
19500 7800
19501 7798
19502 7801
19503 7802
19504 7805
19505 7802
19506 7800
19507 7803
19508 7804
19509 7807
19510 7804
19511 7802
19512 7805
19513 7806
19514 7809
19515 7806
19516 7804
19517 7807
19518 7808
19519 7811
19520 7808
19521 7806
19522 7809
19523 7810
19524 7813
19525 7810
19526 7808
19527 7811
19528 7812
19529 7815
19530 7812
19531 7810
19532 7813
19533 7814
19534 7817
19535 7814
19536 7812
19537 7815
19538 7816
19539 7819
19540 7816
19541 7814
19542 7817
19543 7818
19544 7821
19545 7818
19546 7816
19547 7819
19548 7820
19549 7823
19550 7820
19551 7818
19552 7821
19553 7822
19554 7825
19555 7822
19556 7820
19557 7823
19558 7824
19559 7827
19560 7824
19561 7822
19562 7825
19563 7826
19564 7829
19565 7826
19566 7824
19567 7827
19568 7828
19569 7831
19570 7828
19571 7826
19572 7829
19573 7830
19574 7833
19575 7830
19576 7828
19577 7831
19578 7832
19579 7835
19580 7832
19581 7830
19582 7833
19583 7834
19584 7837
19585 7834
19586 7832
19587 7835
19588 7836
19589 7839
19590 7836
19591 7834
19592 7837
19593 7838
19594 7841
19595 7838
19596 7836
19597 7839
19598 7840
19599 7843
19600 7840
19601 7838
19602 7841
19603 7842
19604 7845
19605 7842
19606 7840
19607 7843
19608 7844
19609 7847
19610 7844
19611 7842
19612 7845
19613 7846
19614 7849
19615 7846
19616 7844
19617 7847
19618 7848
19619 7851
19620 7848
19621 7846
19622 7849
19623 7850
19624 7853
19625 7850
19626 7848
19627 7851
19628 7852
19629 7855
19630 7852
19631 7850
19632 7853
19633 7854
19634 7857
19635 7854
19636 7852
19637 7855
19638 7856
19639 7859
19640 7856
19641 7854
19642 7857
19643 7858
19644 7861
19645 7858
19646 7856
19647 7859
19648 7860
19649 7863
19650 7860
19651 7858
19652 7861
19653 7862
19654 7865
19655 7862
19656 7860
19657 7863
19658 7864
19659 7867
19660 7864
19661 7862
19662 7865
19663 7866
19664 7869
19665 7866
19666 7864
19667 7867
19668 7868
19669 7871
19670 7868
19671 7866
19672 7869
19673 7870
19674 7873
19675 7870
19676 7868
19677 7871
19678 7872
19679 7875
19680 7872
19681 7870
19682 7873
19683 7874
19684 7877
19685 7874
19686 7872
19687 7875
19688 7876
19689 7879
19690 7876
19691 7874
19692 7877
19693 7878
19694 7881
19695 7878
19696 7876
19697 7879
19698 7880
19699 7883
19700 7880
19701 7878
19702 7881
19703 7882
19704 7885
19705 7882
19706 7880
19707 7883
19708 7884
19709 7887
19710 7884
19711 7882
19712 7885
19713 7886
19714 7889
19715 7886
19716 7884
19717 7887
19718 7888
19719 7891
19720 7888
19721 7886
19722 7889
19723 7890
19724 7893
19725 7890
19726 7888
19727 7891
19728 7892
19729 7895
19730 7892
19731 7890
19732 7893
19733 7894
19734 7897
19735 7894
19736 7892
19737 7895
19738 7896
19739 7899
19740 7896
19741 7894
19742 7897
19743 7898
19744 7901
19745 7898
19746 7896
19747 7899
19748 7900
19749 7903
19750 7900
19751 7898
19752 7901
19753 7902
19754 7905
19755 7902
19756 7900
19757 7903
19758 7904
19759 7907
19760 7904
19761 7902
19762 7905
19763 7906
19764 7909
19765 7906
19766 7904
19767 7907
19768 7908
19769 7911
19770 7908
19771 7906
19772 7909
19773 7910
19774 7913
19775 7910
19776 7908
19777 7911
19778 7912
19779 7915
19780 7912
19781 7910
19782 7913
19783 7914
19784 7917
19785 7914
19786 7912
19787 7915
19788 7916
19789 7919
19790 7916
19791 7914
19792 7917
19793 7918
19794 7921
19795 7918
19796 7916
19797 7919
19798 7920
19799 7923
19800 7920
19801 7918
19802 7921
19803 7922
19804 7925
19805 7922
19806 7920
19807 7923
19808 7924
19809 7927
19810 7924
19811 7922
19812 7925
19813 7926
19814 7929
19815 7926
19816 7924
19817 7927
19818 7928
19819 7931
19820 7928
19821 7926
19822 7929
19823 7930
19824 7933
19825 7930
19826 7928
19827 7931
19828 7932
19829 7935
19830 7932
19831 7930
19832 7933
19833 7934
19834 7937
19835 7934
19836 7932
19837 7935
19838 7936
19839 7939
19840 7936
19841 7934
19842 7937
19843 7938
19844 7941
19845 7938
19846 7936
19847 7939
19848 7940
19849 7943
19850 7940
19851 7938
19852 7941
19853 7942
19854 7945
19855 7942
19856 7940
19857 7943
19858 7944
19859 7947
19860 7944
19861 7942
19862 7945
19863 7946
19864 7949
19865 7946
19866 7944
19867 7947
19868 7948
19869 7951
19870 7948
19871 7946
19872 7949
19873 7950
19874 7953
19875 7950
19876 7948
19877 7951
19878 7952
19879 7955
19880 7952
19881 7950
19882 7953
19883 7954
19884 7957
19885 7954
19886 7952
19887 7955
19888 7956
19889 7959
19890 7956
19891 7954
19892 7957
19893 7958
19894 7961
19895 7958
19896 7956
19897 7959
19898 7960
19899 7963
19900 7960
19901 7958
19902 7961
19903 7962
19904 7965
19905 7962
19906 7960
19907 7963
19908 7964
19909 7967
19910 7964
19911 7962
19912 7965
19913 7966
19914 7969
19915 7966
19916 7964
19917 7967
19918 7968
19919 7971
19920 7968
19921 7966
19922 7969
19923 7970
19924 7973
19925 7970
19926 7968
19927 7971
19928 7972
19929 7975
19930 7972
19931 7970
19932 7973
19933 7974
19934 7977
19935 7974
19936 7972
19937 7975
19938 7976
19939 7979
19940 7976
19941 7974
19942 7977
19943 7978
19944 7981
19945 7978
19946 7976
19947 7979
19948 7980
19949 7983
19950 7980
19951 7978
19952 7981
19953 7982
19954 7985
19955 7982
19956 7980
19957 7983
19958 7984
19959 7987
19960 7984
19961 7982
19962 7985
19963 7986
19964 7989
19965 7986
19966 7984
19967 7987
19968 7988
19969 7991
19970 7988
19971 7986
19972 7989
19973 7990
19974 7993
19975 7990
19976 7988
19977 7991
19978 7992
19979 7995
19980 7992
19981 7990
19982 7993
19983 7994
19984 7997
19985 7994
19986 7992
19987 7995
19988 7996
19989 7999
19990 7996
19991 7994
19992 7997
19993 7998
19994 8001
19995 7998
19996 7996
19997 7999
19998 8000
19999 8003
20000 8000
20001 7998
20002 8001
20003 8002
20004 8005
20005 8002
20006 8000
20007 8003
20008 8004
20009 8007
20010 8004
20011 8002
20012 8005
20013 8006
20014 8009
20015 8006
20016 8004
20017 8007
20018 8008
20019 8011
20020 8008
20021 8006
20022 8009
20023 8010
20024 8013
20025 8010
20026 8008
20027 8011
20028 8012
20029 8015
20030 8012
20031 8010
20032 8013
20033 8014
20034 8017
20035 8014
20036 8012
20037 8015
20038 8016
20039 8019
20040 8016
20041 8014
20042 8017
20043 8018
20044 8021
20045 8018
20046 8016
20047 8019
20048 8020
20049 8023
20050 8020
20051 8018
20052 8021
20053 8022
20054 8025
20055 8022
20056 8020
20057 8023
20058 8024
20059 8027
20060 8024
20061 8022
20062 8025
20063 8026
20064 8029
20065 8026
20066 8024
20067 8027
20068 8028
20069 8031
20070 8028
20071 8026
20072 8029
20073 8030
20074 8033
20075 8030
20076 8028
20077 8031
20078 8032
20079 8035
20080 8032
20081 8030
20082 8033
20083 8034
20084 8037
20085 8034
20086 8032
20087 8035
20088 8036
20089 8039
20090 8036
20091 8034
20092 8037
20093 8038
20094 8041
20095 8038
20096 8036
20097 8039
20098 8040
20099 8043
20100 8040
20101 8038
20102 8041
20103 8042
20104 8045
20105 8042
20106 8040
20107 8043
20108 8044
20109 8047
20110 8044
20111 8042
20112 8045
20113 8046
20114 8049
20115 8046
20116 8044
20117 8047
20118 8048
20119 8051
20120 8048
20121 8046
20122 8049
20123 8050
20124 8053
20125 8050
20126 8048
20127 8051
20128 8052
20129 8055
20130 8052
20131 8050
20132 8053
20133 8054
20134 8057
20135 8054
20136 8052
20137 8055
20138 8056
20139 8059
20140 8056
20141 8054
20142 8057
20143 8058
20144 8061
20145 8058
20146 8056
20147 8059
20148 8060
20149 8063
20150 8060
20151 8058
20152 8061
20153 8062
20154 8065
20155 8062
20156 8060
20157 8063
20158 8064
20159 8067
20160 8064
20161 8062
20162 8065
20163 8066
20164 8069
20165 8066
20166 8064
20167 8067
20168 8068
20169 8071
20170 8068
20171 8066
20172 8069
20173 8070
20174 8073
20175 8070
20176 8068
20177 8071
20178 8072
20179 8075
20180 8072
20181 8070
20182 8073
20183 8074
20184 8077
20185 8074
20186 8072
20187 8075
20188 8076
20189 8079
20190 8076
20191 8074
20192 8077
20193 8078
20194 8081
20195 8078
20196 8076
20197 8079
20198 8080
20199 8083
20200 8080
20201 8078
20202 8081
20203 8082
20204 8085
20205 8082
20206 8080
20207 8083
20208 8084
20209 8087
20210 8084
20211 8082
20212 8085
20213 8086
20214 8089
20215 8086
20216 8084
20217 8087
20218 8088
20219 8091
20220 8088
20221 8086
20222 8089
20223 8090
20224 8093
20225 8090
20226 8088
20227 8091
20228 8092
20229 8095
20230 8092
20231 8090
20232 8093
20233 8094
20234 8097
20235 8094
20236 8092
20237 8095
20238 8096
20239 8099
20240 8096
20241 8094
20242 8097
20243 8098
20244 8101
20245 8098
20246 8096
20247 8099
20248 8100
20249 8103
20250 8100
20251 8098
20252 8101
20253 8102
20254 8105
20255 8102
20256 8100
20257 8103
20258 8104
20259 8107
20260 8104
20261 8102
20262 8105
20263 8106
20264 8109
20265 8106
20266 8104
20267 8107
20268 8108
20269 8111
20270 8108
20271 8106
20272 8109
20273 8110
20274 8113
20275 8110
20276 8108
20277 8111
20278 8112
20279 8115
20280 8112
20281 8110
20282 8113
20283 8114
20284 8117
20285 8114
20286 8112
20287 8115
20288 8116
20289 8119
20290 8116
20291 8114
20292 8117
20293 8118
20294 8121
20295 8118
20296 8116
20297 8119
20298 8120
20299 8123
20300 8120
20301 8118
20302 8121
20303 8122
20304 8125
20305 8122
20306 8120
20307 8123
20308 8124
20309 8127
20310 8124
20311 8122
20312 8125
20313 8126
20314 8129
20315 8126
20316 8124
20317 8127
20318 8128
20319 8131
20320 8128
20321 8126
20322 8129
20323 8130
20324 8133
20325 8130
20326 8128
20327 8131
20328 8132
20329 8135
20330 8132
20331 8130
20332 8133
20333 8134
20334 8137
20335 8134
20336 8132
20337 8135
20338 8136
20339 8139
20340 8136
20341 8134
20342 8137
20343 8138
20344 8141
20345 8138
20346 8136
20347 8139
20348 8140
20349 8143
20350 8140
20351 8138
20352 8141
20353 8142
20354 8145
20355 8142
20356 8140
20357 8143
20358 8144
20359 8147
20360 8144
20361 8142
20362 8145
20363 8146
20364 8149
20365 8146
20366 8144
20367 8147
20368 8148
20369 8151
20370 8148
20371 8146
20372 8149
20373 8150
20374 8153
20375 8150
20376 8148
20377 8151
20378 8152
20379 8155
20380 8152
20381 8150
20382 8153
20383 8154
20384 8157
20385 8154
20386 8152
20387 8155
20388 8156
20389 8159
20390 8156
20391 8154
20392 8157
20393 8158
20394 8161
20395 8158
20396 8156
20397 8159
20398 8160
20399 8163
20400 8160
20401 8158
20402 8161
20403 8162
20404 8165
20405 8162
20406 8160
20407 8163
20408 8164
20409 8167
20410 8164
20411 8162
20412 8165
20413 8166
20414 8169
20415 8166
20416 8164
20417 8167
20418 8168
20419 8171
20420 8168
20421 8166
20422 8169
20423 8170
20424 8173
20425 8170
20426 8168
20427 8171
20428 8172
20429 8175
20430 8172
20431 8170
20432 8173
20433 8174
20434 8177
20435 8174
20436 8172
20437 8175
20438 8176
20439 8179
20440 8176
20441 8174
20442 8177
20443 8178
20444 8181
20445 8178
20446 8176
20447 8179
20448 8180
20449 8183
20450 8180
20451 8178
20452 8181
20453 8182
20454 8185
20455 8182
20456 8180
20457 8183
20458 8184
20459 8187
20460 8184
20461 8182
20462 8185
20463 8186
20464 8189
20465 8186
20466 8184
20467 8187
20468 8188
20469 8191
20470 8188
20471 8186
20472 8189
20473 8190
20474 8193
20475 8190
20476 8188
20477 8191
20478 8192
20479 8195
20480 8192
20481 8190
20482 8193
20483 8194
20484 8197
20485 8194
20486 8192
20487 8195
20488 8196
20489 8199
20490 8196
20491 8194
20492 8197
20493 8198
20494 8201
20495 8198
20496 8196
20497 8199
20498 8200
20499 8203
20500 8200
20501 8198
20502 8201
20503 8202
20504 8205
20505 8202
20506 8200
20507 8203
20508 8204
20509 8207
20510 8204
20511 8202
20512 8205
20513 8206
20514 8209
20515 8206
20516 8204
20517 8207
20518 8208
20519 8211
20520 8208
20521 8206
20522 8209
20523 8210
20524 8213
20525 8210
20526 8208
20527 8211
20528 8212
20529 8215
20530 8212
20531 8210
20532 8213
20533 8214
20534 8217
20535 8214
20536 8212
20537 8215
20538 8216
20539 8219
20540 8216
20541 8214
20542 8217
20543 8218
20544 8221
20545 8218
20546 8216
20547 8219
20548 8220
20549 8223
20550 8220
20551 8218
20552 8221
20553 8222
20554 8225
20555 8222
20556 8220
20557 8223
20558 8224
20559 8227
20560 8224
20561 8222
20562 8225
20563 8226
20564 8229
20565 8226
20566 8224
20567 8227
20568 8228
20569 8231
20570 8228
20571 8226
20572 8229
20573 8230
20574 8233
20575 8230
20576 8228
20577 8231
20578 8232
20579 8235
20580 8232
20581 8230
20582 8233
20583 8234
20584 8237
20585 8234
20586 8232
20587 8235
20588 8236
20589 8239
20590 8236
20591 8234
20592 8237
20593 8238
20594 8241
20595 8238
20596 8236
20597 8239
20598 8240
20599 8243
20600 8240
20601 8238
20602 8241
20603 8242
20604 8245
20605 8242
20606 8240
20607 8243
20608 8244
20609 8247
20610 8244
20611 8242
20612 8245
20613 8246
20614 8249
20615 8246
20616 8244
20617 8247
20618 8248
20619 8251
20620 8248
20621 8246
20622 8249
20623 8250
20624 8253
20625 8250
20626 8248
20627 8251
20628 8252
20629 8255
20630 8252
20631 8250
20632 8253
20633 8254
20634 8257
20635 8254
20636 8252
20637 8255
20638 8256
20639 8259
20640 8256
20641 8254
20642 8257
20643 8258
20644 8261
20645 8258
20646 8256
20647 8259
20648 8260
20649 8263
20650 8260
20651 8258
20652 8261
20653 8262
20654 8265
20655 8262
20656 8260
20657 8263
20658 8264
20659 8267
20660 8264
20661 8262
20662 8265
20663 8266
20664 8269
20665 8266
20666 8264
20667 8267
20668 8268
20669 8271
20670 8268
20671 8266
20672 8269
20673 8270
20674 8273
20675 8270
20676 8268
20677 8271
20678 8272
20679 8275
20680 8272
20681 8270
20682 8273
20683 8274
20684 8277
20685 8274
20686 8272
20687 8275
20688 8276
20689 8279
20690 8276
20691 8274
20692 8277
20693 8278
20694 8281
20695 8278
20696 8276
20697 8279
20698 8280
20699 8283
20700 8280
20701 8278
20702 8281
20703 8282
20704 8285
20705 8282
20706 8280
20707 8283
20708 8284
20709 8287
20710 8284
20711 8282
20712 8285
20713 8286
20714 8289
20715 8286
20716 8284
20717 8287
20718 8288
20719 8291
20720 8288
20721 8286
20722 8289
20723 8290
20724 8293
20725 8290
20726 8288
20727 8291
20728 8292
20729 8295
20730 8292
20731 8290
20732 8293
20733 8294
20734 8297
20735 8294
20736 8292
20737 8295
20738 8296
20739 8299
20740 8296
20741 8294
20742 8297
20743 8298
20744 8301
20745 8298
20746 8296
20747 8299
20748 8300
20749 8303
20750 8300
20751 8298
20752 8301
20753 8302
20754 8305
20755 8302
20756 8300
20757 8303
20758 8304
20759 8307
20760 8304
20761 8302
20762 8305
20763 8306
20764 8309
20765 8306
20766 8304
20767 8307
20768 8308
20769 8311
20770 8308
20771 8306
20772 8309
20773 8310
20774 8313
20775 8310
20776 8308
20777 8311
20778 8312
20779 8315
20780 8312
20781 8310
20782 8313
20783 8314
20784 8317
20785 8314
20786 8312
20787 8315
20788 8316
20789 8319
20790 8316
20791 8314
20792 8317
20793 8318
20794 8321
20795 8318
20796 8316
20797 8319
20798 8320
20799 8323
20800 8320
20801 8318
20802 8321
20803 8322
20804 8325
20805 8322
20806 8320
20807 8323
20808 8324
20809 8327
20810 8324
20811 8322
20812 8325
20813 8326
20814 8329
20815 8326
20816 8324
20817 8327
20818 8328
20819 8331
20820 8328
20821 8326
20822 8329
20823 8330
20824 8333
20825 8330
20826 8328
20827 8331
20828 8332
20829 8335
20830 8332
20831 8330
20832 8333
20833 8334
20834 8337
20835 8334
20836 8332
20837 8335
20838 8336
20839 8339
20840 8336
20841 8334
20842 8337
20843 8338
20844 8341
20845 8338
20846 8336
20847 8339
20848 8340
20849 8343
20850 8340
20851 8338
20852 8341
20853 8342
20854 8345
20855 8342
20856 8340
20857 8343
20858 8344
20859 8347
20860 8344
20861 8342
20862 8345
20863 8346
20864 8349
20865 8346
20866 8344
20867 8347
20868 8348
20869 8351
20870 8348
20871 8346
20872 8349
20873 8350
20874 8353
20875 8350
20876 8348
20877 8351
20878 8352
20879 8355
20880 8352
20881 8350
20882 8353
20883 8354
20884 8357
20885 8354
20886 8352
20887 8355
20888 8356
20889 8359
20890 8356
20891 8354
20892 8357
20893 8358
20894 8361
20895 8358
20896 8356
20897 8359
20898 8360
20899 8363
20900 8360
20901 8358
20902 8361
20903 8362
20904 8365
20905 8362
20906 8360
20907 8363
20908 8364
20909 8367
20910 8364
20911 8362
20912 8365
20913 8366
20914 8369
20915 8366
20916 8364
20917 8367
20918 8368
20919 8371
20920 8368
20921 8366
20922 8369
20923 8370
20924 8373
20925 8370
20926 8368
20927 8371
20928 8372
20929 8375
20930 8372
20931 8370
20932 8373
20933 8374
20934 8377
20935 8374
20936 8372
20937 8375
20938 8376
20939 8379
20940 8376
20941 8374
20942 8377
20943 8378
20944 8381
20945 8378
20946 8376
20947 8379
20948 8380
20949 8383
20950 8380
20951 8378
20952 8381
20953 8382
20954 8385
20955 8382
20956 8380
20957 8383
20958 8384
20959 8387
20960 8384
20961 8382
20962 8385
20963 8386
20964 8389
20965 8386
20966 8384
20967 8387
20968 8388
20969 8391
20970 8388
20971 8386
20972 8389
20973 8390
20974 8393
20975 8390
20976 8388
20977 8391
20978 8392
20979 8395
20980 8392
20981 8390
20982 8393
20983 8394
20984 8397
20985 8394
20986 8392
20987 8395
20988 8396
20989 8399
20990 8396
20991 8394
20992 8397
20993 8398
20994 8401
20995 8398
20996 8396
20997 8399
20998 8400
20999 8403
21000 8400
21001 8398
21002 8401
21003 8402
21004 8405
21005 8402
21006 8400
21007 8403
21008 8404
21009 8407
21010 8404
21011 8402
21012 8405
21013 8406
21014 8409
21015 8406
21016 8404
21017 8407
21018 8408
21019 8411
21020 8408
21021 8406
21022 8409
21023 8410
21024 8413
21025 8410
21026 8408
21027 8411
21028 8412
21029 8415
21030 8412
21031 8410
21032 8413
21033 8414
21034 8417
21035 8414
21036 8412
21037 8415
21038 8416
21039 8419
21040 8416
21041 8414
21042 8417
21043 8418
21044 8421
21045 8418
21046 8416
21047 8419
21048 8420
21049 8423
21050 8420
21051 8418
21052 8421
21053 8422
21054 8425
21055 8422
21056 8420
21057 8423
21058 8424
21059 8427
21060 8424
21061 8422
21062 8425
21063 8426
21064 8429
21065 8426
21066 8424
21067 8427
21068 8428
21069 8431
21070 8428
21071 8426
21072 8429
21073 8430
21074 8433
21075 8430
21076 8428
21077 8431
21078 8432
21079 8435
21080 8432
21081 8430
21082 8433
21083 8434
21084 8437
21085 8434
21086 8432
21087 8435
21088 8436
21089 8439
21090 8436
21091 8434
21092 8437
21093 8438
21094 8441
21095 8438
21096 8436
21097 8439
21098 8440
21099 8443
21100 8440
21101 8438
21102 8441
21103 8442
21104 8445
21105 8442
21106 8440
21107 8443
21108 8444
21109 8447
21110 8444
21111 8442
21112 8445
21113 8446
21114 8449
21115 8446
21116 8444
21117 8447
21118 8448
21119 8451
21120 8448
21121 8446
21122 8449
21123 8450
21124 8453
21125 8450
21126 8448
21127 8451
21128 8452
21129 8455
21130 8452
21131 8450
21132 8453
21133 8454
21134 8457
21135 8454
21136 8452
21137 8455
21138 8456
21139 8459
21140 8456
21141 8454
21142 8457
21143 8458
21144 8461
21145 8458
21146 8456
21147 8459
21148 8460
21149 8463
21150 8460
21151 8458
21152 8461
21153 8462
21154 8465
21155 8462
21156 8460
21157 8463
21158 8464
21159 8467
21160 8464
21161 8462
21162 8465
21163 8466
21164 8469
21165 8466
21166 8464
21167 8467
21168 8468
21169 8471
21170 8468
21171 8466
21172 8469
21173 8470
21174 8473
21175 8470
21176 8468
21177 8471
21178 8472
21179 8475
21180 8472
21181 8470
21182 8473
21183 8474
21184 8477
21185 8474
21186 8472
21187 8475
21188 8476
21189 8479
21190 8476
21191 8474
21192 8477
21193 8478
21194 8481
21195 8478
21196 8476
21197 8479
21198 8480
21199 8483
21200 8480
21201 8478
21202 8481
21203 8482
21204 8485
21205 8482
21206 8480
21207 8483
21208 8484
21209 8487
21210 8484
21211 8482
21212 8485
21213 8486
21214 8489
21215 8486
21216 8484
21217 8487
21218 8488
21219 8491
21220 8488
21221 8486
21222 8489
21223 8490
21224 8493
21225 8490
21226 8488
21227 8491
21228 8492
21229 8495
21230 8492
21231 8490
21232 8493
21233 8494
21234 8497
21235 8494
21236 8492
21237 8495
21238 8496
21239 8499
21240 8496
21241 8494
21242 8497
21243 8498
21244 8501
21245 8498
21246 8496
21247 8499
21248 8500
21249 8503
21250 8500
21251 8498
21252 8501
21253 8502
21254 8505
21255 8502
21256 8500
21257 8503
21258 8504
21259 8507
21260 8504
21261 8502
21262 8505
21263 8506
21264 8509
21265 8506
21266 8504
21267 8507
21268 8508
21269 8511
21270 8508
21271 8506
21272 8509
21273 8510
21274 8513
21275 8510
21276 8508
21277 8511
21278 8512
21279 8515
21280 8512
21281 8510
21282 8513
21283 8514
21284 8517
21285 8514
21286 8512
21287 8515
21288 8516
21289 8519
21290 8516
21291 8514
21292 8517
21293 8518
21294 8521
21295 8518
21296 8516
21297 8519
21298 8520
21299 8523
21300 8520
21301 8518
21302 8521
21303 8522
21304 8525
21305 8522
21306 8520
21307 8523
21308 8524
21309 8527
21310 8524
21311 8522
21312 8525
21313 8526
21314 8529
21315 8526
21316 8524
21317 8527
21318 8528
21319 8531
21320 8528
21321 8526
21322 8529
21323 8530
21324 8533
21325 8530
21326 8528
21327 8531
21328 8532
21329 8535
21330 8532
21331 8530
21332 8533
21333 8534
21334 8537
21335 8534
21336 8532
21337 8535
21338 8536
21339 8539
21340 8536
21341 8534
21342 8537
21343 8538
21344 8541
21345 8538
21346 8536
21347 8539
21348 8540
21349 8543
21350 8540
21351 8538
21352 8541
21353 8542
21354 8545
21355 8542
21356 8540
21357 8543
21358 8544
21359 8547
21360 8544
21361 8542
21362 8545
21363 8546
21364 8549
21365 8546
21366 8544
21367 8547
21368 8548
21369 8551
21370 8548
21371 8546
21372 8549
21373 8550
21374 8553
21375 8550
21376 8548
21377 8551
21378 8552
21379 8555
21380 8552
21381 8550
21382 8553
21383 8554
21384 8557
21385 8554
21386 8552
21387 8555
21388 8556
21389 8559
21390 8556
21391 8554
21392 8557
21393 8558
21394 8561
21395 8558
21396 8556
21397 8559
21398 8560
21399 8563
21400 8560
21401 8558
21402 8561
21403 8562
21404 8565
21405 8562
21406 8560
21407 8563
21408 8564
21409 8567
21410 8564
21411 8562
21412 8565
21413 8566
21414 8569
21415 8566
21416 8564
21417 8567
21418 8568
21419 8571
21420 8568
21421 8566
21422 8569
21423 8570
21424 8573
21425 8570
21426 8568
21427 8571
21428 8572
21429 8575
21430 8572
21431 8570
21432 8573
21433 8574
21434 8577
21435 8574
21436 8572
21437 8575
21438 8576
21439 8579
21440 8576
21441 8574
21442 8577
21443 8578
21444 8581
21445 8578
21446 8576
21447 8579
21448 8580
21449 8583
21450 8580
21451 8578
21452 8581
21453 8582
21454 8585
21455 8582
21456 8580
21457 8583
21458 8584
21459 8587
21460 8584
21461 8582
21462 8585
21463 8586
21464 8589
21465 8586
21466 8584
21467 8587
21468 8588
21469 8591
21470 8588
21471 8586
21472 8589
21473 8590
21474 8593
21475 8590
21476 8588
21477 8591
21478 8592
21479 8595
21480 8592
21481 8590
21482 8593
21483 8594
21484 8597
21485 8594
21486 8592
21487 8595
21488 8596
21489 8599
21490 8596
21491 8594
21492 8597
21493 8598
21494 8601
21495 8598
21496 8596
21497 8599
21498 8600
21499 8603
21500 8600
21501 8598
21502 8601
21503 8602
21504 8605
21505 8602
21506 8600
21507 8603
21508 8604
21509 8607
21510 8604
21511 8602
21512 8605
21513 8606
21514 8609
21515 8606
21516 8604
21517 8607
21518 8608
21519 8611
21520 8608
21521 8606
21522 8609
21523 8610
21524 8613
21525 8610
21526 8608
21527 8611
21528 8612
21529 8615
21530 8612
21531 8610
21532 8613
21533 8614
21534 8617
21535 8614
21536 8612
21537 8615
21538 8616
21539 8619
21540 8616
21541 8614
21542 8617
21543 8618
21544 8621
21545 8618
21546 8616
21547 8619
21548 8620
21549 8623
21550 8620
21551 8618
21552 8621
21553 8622
21554 8625
21555 8622
21556 8620
21557 8623
21558 8624
21559 8627
21560 8624
21561 8622
21562 8625
21563 8626
21564 8629
21565 8626
21566 8624
21567 8627
21568 8628
21569 8631
21570 8628
21571 8626
21572 8629
21573 8630
21574 8633
21575 8630
21576 8628
21577 8631
21578 8632
21579 8635
21580 8632
21581 8630
21582 8633
21583 8634
21584 8637
21585 8634
21586 8632
21587 8635
21588 8636
21589 8639
21590 8636
21591 8634
21592 8637
21593 8638
21594 8641
21595 8638
21596 8636
21597 8639
21598 8640
21599 8643
21600 8640
21601 8638
21602 8641
21603 8642
21604 8645
21605 8642
21606 8640
21607 8643
21608 8644
21609 8647
21610 8644
21611 8642
21612 8645
21613 8646
21614 8649
21615 8646
21616 8644
21617 8647
21618 8648
21619 8651
21620 8648
21621 8646
21622 8649
21623 8650
21624 8653
21625 8650
21626 8648
21627 8651
21628 8652
21629 8655
21630 8652
21631 8650
21632 8653
21633 8654
21634 8657
21635 8654
21636 8652
21637 8655
21638 8656
21639 8659
21640 8656
21641 8654
21642 8657
21643 8658
21644 8661
21645 8658
21646 8656
21647 8659
21648 8660
21649 8663
21650 8660
21651 8658
21652 8661
21653 8662
21654 8665
21655 8662
21656 8660
21657 8663
21658 8664
21659 8667
21660 8664
21661 8662
21662 8665
21663 8666
21664 8669
21665 8666
21666 8664
21667 8667
21668 8668
21669 8671
21670 8668
21671 8666
21672 8669
21673 8670
21674 8673
21675 8670
21676 8668
21677 8671
21678 8672
21679 8675
21680 8672
21681 8670
21682 8673
21683 8674
21684 8677
21685 8674
21686 8672
21687 8675
21688 8676
21689 8679
21690 8676
21691 8674
21692 8677
21693 8678
21694 8681
21695 8678
21696 8676
21697 8679
21698 8680
21699 8683
21700 8680
21701 8678
21702 8681
21703 8682
21704 8685
21705 8682
21706 8680
21707 8683
21708 8684
21709 8687
21710 8684
21711 8682
21712 8685
21713 8686
21714 8689
21715 8686
21716 8684
21717 8687
21718 8688
21719 8691
21720 8688
21721 8686
21722 8689
21723 8690
21724 8693
21725 8690
21726 8688
21727 8691
21728 8692
21729 8695
21730 8692
21731 8690
21732 8693
21733 8694
21734 8697
21735 8694
21736 8692
21737 8695
21738 8696
21739 8699
21740 8696
21741 8694
21742 8697
21743 8698
21744 8701
21745 8698
21746 8696
21747 8699
21748 8700
21749 8703
21750 8700
21751 8698
21752 8701
21753 8702
21754 8705
21755 8702
21756 8700
21757 8703
21758 8704
21759 8707
21760 8704
21761 8702
21762 8705
21763 8706
21764 8709
21765 8706
21766 8704
21767 8707
21768 8708
21769 8711
21770 8708
21771 8706
21772 8709
21773 8710
21774 8713
21775 8710
21776 8708
21777 8711
21778 8712
21779 8715
21780 8712
21781 8710
21782 8713
21783 8714
21784 8717
21785 8714
21786 8712
21787 8715
21788 8716
21789 8719
21790 8716
21791 8714
21792 8717
21793 8718
21794 8721
21795 8718
21796 8716
21797 8719
21798 8720
21799 8723
21800 8720
21801 8718
21802 8721
21803 8722
21804 8725
21805 8722
21806 8720
21807 8723
21808 8724
21809 8727
21810 8724
21811 8722
21812 8725
21813 8726
21814 8729
21815 8726
21816 8724
21817 8727
21818 8728
21819 8731
21820 8728
21821 8726
21822 8729
21823 8730
21824 8733
21825 8730
21826 8728
21827 8731
21828 8732
21829 8735
21830 8732
21831 8730
21832 8733
21833 8734
21834 8737
21835 8734
21836 8732
21837 8735
21838 8736
21839 8739
21840 8736
21841 8734
21842 8737
21843 8738
21844 8741
21845 8738
21846 8736
21847 8739
21848 8740
21849 8743
21850 8740
21851 8738
21852 8741
21853 8742
21854 8745
21855 8742
21856 8740
21857 8743
21858 8744
21859 8747
21860 8744
21861 8742
21862 8745
21863 8746
21864 8749
21865 8746
21866 8744
21867 8747
21868 8748
21869 8751
21870 8748
21871 8746
21872 8749
21873 8750
21874 8753
21875 8750
21876 8748
21877 8751
21878 8752
21879 8755
21880 8752
21881 8750
21882 8753
21883 8754
21884 8757
21885 8754
21886 8752
21887 8755
21888 8756
21889 8759
21890 8756
21891 8754
21892 8757
21893 8758
21894 8761
21895 8758
21896 8756
21897 8759
21898 8760
21899 8763
21900 8760
21901 8758
21902 8761
21903 8762
21904 8765
21905 8762
21906 8760
21907 8763
21908 8764
21909 8767
21910 8764
21911 8762
21912 8765
21913 8766
21914 8769
21915 8766
21916 8764
21917 8767
21918 8768
21919 8771
21920 8768
21921 8766
21922 8769
21923 8770
21924 8773
21925 8770
21926 8768
21927 8771
21928 8772
21929 8775
21930 8772
21931 8770
21932 8773
21933 8774
21934 8777
21935 8774
21936 8772
21937 8775
21938 8776
21939 8779
21940 8776
21941 8774
21942 8777
21943 8778
21944 8781
21945 8778
21946 8776
21947 8779
21948 8780
21949 8783
21950 8780
21951 8778
21952 8781
21953 8782
21954 8785
21955 8782
21956 8780
21957 8783
21958 8784
21959 8787
21960 8784
21961 8782
21962 8785
21963 8786
21964 8789
21965 8786
21966 8784
21967 8787
21968 8788
21969 8791
21970 8788
21971 8786
21972 8789
21973 8790
21974 8793
21975 8790
21976 8788
21977 8791
21978 8792
21979 8795
21980 8792
21981 8790
21982 8793
21983 8794
21984 8797
21985 8794
21986 8792
21987 8795
21988 8796
21989 8799
21990 8796
21991 8794
21992 8797
21993 8798
21994 8801
21995 8798
21996 8796
21997 8799
21998 8800
21999 8803
22000 8800
22001 8798
22002 8801
22003 8802
22004 8805
22005 8802
22006 8800
22007 8803
22008 8804
22009 8807
22010 8804
22011 8802
22012 8805
22013 8806
22014 8809
22015 8806
22016 8804
22017 8807
22018 8808
22019 8811
22020 8808
22021 8806
22022 8809
22023 8810
22024 8813
22025 8810
22026 8808
22027 8811
22028 8812
22029 8815
22030 8812
22031 8810
22032 8813
22033 8814
22034 8817
22035 8814
22036 8812
22037 8815
22038 8816
22039 8819
22040 8816
22041 8814
22042 8817
22043 8818
22044 8821
22045 8818
22046 8816
22047 8819
22048 8820
22049 8823
22050 8820
22051 8818
22052 8821
22053 8822
22054 8825
22055 8822
22056 8820
22057 8823
22058 8824
22059 8827
22060 8824
22061 8822
22062 8825
22063 8826
22064 8829
22065 8826
22066 8824
22067 8827
22068 8828
22069 8831
22070 8828
22071 8826
22072 8829
22073 8830
22074 8833
22075 8830
22076 8828
22077 8831
22078 8832
22079 8835
22080 8832
22081 8830
22082 8833
22083 8834
22084 8837
22085 8834
22086 8832
22087 8835
22088 8836
22089 8839
22090 8836
22091 8834
22092 8837
22093 8838
22094 8841
22095 8838
22096 8836
22097 8839
22098 8840
22099 8843
22100 8840
22101 8838
22102 8841
22103 8842
22104 8845
22105 8842
22106 8840
22107 8843
22108 8844
22109 8847
22110 8844
22111 8842
22112 8845
22113 8846
22114 8849
22115 8846
22116 8844
22117 8847
22118 8848
22119 8851
22120 8848
22121 8846
22122 8849
22123 8850
22124 8853
22125 8850
22126 8848
22127 8851
22128 8852
22129 8855
22130 8852
22131 8850
22132 8853
22133 8854
22134 8857
22135 8854
22136 8852
22137 8855
22138 8856
22139 8859
22140 8856
22141 8854
22142 8857
22143 8858
22144 8861
22145 8858
22146 8856
22147 8859
22148 8860
22149 8863
22150 8860
22151 8858
22152 8861
22153 8862
22154 8865
22155 8862
22156 8860
22157 8863
22158 8864
22159 8867
22160 8864
22161 8862
22162 8865
22163 8866
22164 8869
22165 8866
22166 8864
22167 8867
22168 8868
22169 8871
22170 8868
22171 8866
22172 8869
22173 8870
22174 8873
22175 8870
22176 8868
22177 8871
22178 8872
22179 8875
22180 8872
22181 8870
22182 8873
22183 8874
22184 8877
22185 8874
22186 8872
22187 8875
22188 8876
22189 8879
22190 8876
22191 8874
22192 8877
22193 8878
22194 8881
22195 8878
22196 8876
22197 8879
22198 8880
22199 8883
22200 8880
22201 8878
22202 8881
22203 8882
22204 8885
22205 8882
22206 8880
22207 8883
22208 8884
22209 8887
22210 8884
22211 8882
22212 8885
22213 8886
22214 8889
22215 8886
22216 8884
22217 8887
22218 8888
22219 8891
22220 8888
22221 8886
22222 8889
22223 8890
22224 8893
22225 8890
22226 8888
22227 8891
22228 8892
22229 8895
22230 8892
22231 8890
22232 8893
22233 8894
22234 8897
22235 8894
22236 8892
22237 8895
22238 8896
22239 8899
22240 8896
22241 8894
22242 8897
22243 8898
22244 8901
22245 8898
22246 8896
22247 8899
22248 8900
22249 8903
22250 8900
22251 8898
22252 8901
22253 8902
22254 8905
22255 8902
22256 8900
22257 8903
22258 8904
22259 8907
22260 8904
22261 8902
22262 8905
22263 8906
22264 8909
22265 8906
22266 8904
22267 8907
22268 8908
22269 8911
22270 8908
22271 8906
22272 8909
22273 8910
22274 8913
22275 8910
22276 8908
22277 8911
22278 8912
22279 8915
22280 8912
22281 8910
22282 8913
22283 8914
22284 8917
22285 8914
22286 8912
22287 8915
22288 8916
22289 8919
22290 8916
22291 8914
22292 8917
22293 8918
22294 8921
22295 8918
22296 8916
22297 8919
22298 8920
22299 8923
22300 8920
22301 8918
22302 8921
22303 8922
22304 8925
22305 8922
22306 8920
22307 8923
22308 8924
22309 8927
22310 8924
22311 8922
22312 8925
22313 8926
22314 8929
22315 8926
22316 8924
22317 8927
22318 8928
22319 8931
22320 8928
22321 8926
22322 8929
22323 8930
22324 8933
22325 8930
22326 8928
22327 8931
22328 8932
22329 8935
22330 8932
22331 8930
22332 8933
22333 8934
22334 8937
22335 8934
22336 8932
22337 8935
22338 8936
22339 8939
22340 8936
22341 8934
22342 8937
22343 8938
22344 8941
22345 8938
22346 8936
22347 8939
22348 8940
22349 8943
22350 8940
22351 8938
22352 8941
22353 8942
22354 8945
22355 8942
22356 8940
22357 8943
22358 8944
22359 8947
22360 8944
22361 8942
22362 8945
22363 8946
22364 8949
22365 8946
22366 8944
22367 8947
22368 8948
22369 8951
22370 8948
22371 8946
22372 8949
22373 8950
22374 8953
22375 8950
22376 8948
22377 8951
22378 8952
22379 8955
22380 8952
22381 8950
22382 8953
22383 8954
22384 8957
22385 8954
22386 8952
22387 8955
22388 8956
22389 8959
22390 8956
22391 8954
22392 8957
22393 8958
22394 8961
22395 8958
22396 8956
22397 8959
22398 8960
22399 8963
22400 8960
22401 8958
22402 8961
22403 8962
22404 8965
22405 8962
22406 8960
22407 8963
22408 8964
22409 8967
22410 8964
22411 8962
22412 8965
22413 8966
22414 8969
22415 8966
22416 8964
22417 8967
22418 8968
22419 8971
22420 8968
22421 8966
22422 8969
22423 8970
22424 8973
22425 8970
22426 8968
22427 8971
22428 8972
22429 8975
22430 8972
22431 8970
22432 8973
22433 8974
22434 8977
22435 8974
22436 8972
22437 8975
22438 8976
22439 8979
22440 8976
22441 8974
22442 8977
22443 8978
22444 8981
22445 8978
22446 8976
22447 8979
22448 8980
22449 8983
22450 8980
22451 8978
22452 8981
22453 8982
22454 8985
22455 8982
22456 8980
22457 8983
22458 8984
22459 8987
22460 8984
22461 8982
22462 8985
22463 8986
22464 8989
22465 8986
22466 8984
22467 8987
22468 8988
22469 8991
22470 8988
22471 8986
22472 8989
22473 8990
22474 8993
22475 8990
22476 8988
22477 8991
22478 8992
22479 8995
22480 8992
22481 8990
22482 8993
22483 8994
22484 8997
22485 8994
22486 8992
22487 8995
22488 8996
22489 8999
22490 8996
22491 8994
22492 8997
22493 8998
22494 9001
22495 8998
22496 8996
22497 8999
22498 9000
22499 9003
22500 9000
22501 8998
22502 9001
22503 9002
22504 9005
22505 9002
22506 9000
22507 9003
22508 9004
22509 9007
22510 9004
22511 9002
22512 9005
22513 9006
22514 9009
22515 9006
22516 9004
22517 9007
22518 9008
22519 9011
22520 9008
22521 9006
22522 9009
22523 9010
22524 9013
22525 9010
22526 9008
22527 9011
22528 9012
22529 9015
22530 9012
22531 9010
22532 9013
22533 9014
22534 9017
22535 9014
22536 9012
22537 9015
22538 9016
22539 9019
22540 9016
22541 9014
22542 9017
22543 9018
22544 9021
22545 9018
22546 9016
22547 9019
22548 9020
22549 9023
22550 9020
22551 9018
22552 9021
22553 9022
22554 9025
22555 9022
22556 9020
22557 9023
22558 9024
22559 9027
22560 9024
22561 9022
22562 9025
22563 9026
22564 9029
22565 9026
22566 9024
22567 9027
22568 9028
22569 9031
22570 9028
22571 9026
22572 9029
22573 9030
22574 9033
22575 9030
22576 9028
22577 9031
22578 9032
22579 9035
22580 9032
22581 9030
22582 9033
22583 9034
22584 9037
22585 9034
22586 9032
22587 9035
22588 9036
22589 9039
22590 9036
22591 9034
22592 9037
22593 9038
22594 9041
22595 9038
22596 9036
22597 9039
22598 9040
22599 9043
22600 9040
22601 9038
22602 9041
22603 9042
22604 9045
22605 9042
22606 9040
22607 9043
22608 9044
22609 9047
22610 9044
22611 9042
22612 9045
22613 9046
22614 9049
22615 9046
22616 9044
22617 9047
22618 9048
22619 9051
22620 9048
22621 9046
22622 9049
22623 9050
22624 9053
22625 9050
22626 9048
22627 9051
22628 9052
22629 9055
22630 9052
22631 9050
22632 9053
22633 9054
22634 9057
22635 9054
22636 9052
22637 9055
22638 9056
22639 9059
22640 9056
22641 9054
22642 9057
22643 9058
22644 9061
22645 9058
22646 9056
22647 9059
22648 9060
22649 9063
22650 9060
22651 9058
22652 9061
22653 9062
22654 9065
22655 9062
22656 9060
22657 9063
22658 9064
22659 9067
22660 9064
22661 9062
22662 9065
22663 9066
22664 9069
22665 9066
22666 9064
22667 9067
22668 9068
22669 9071
22670 9068
22671 9066
22672 9069
22673 9070
22674 9073
22675 9070
22676 9068
22677 9071
22678 9072
22679 9075
22680 9072
22681 9070
22682 9073
22683 9074
22684 9077
22685 9074
22686 9072
22687 9075
22688 9076
22689 9079
22690 9076
22691 9074
22692 9077
22693 9078
22694 9081
22695 9078
22696 9076
22697 9079
22698 9080
22699 9083
22700 9080
22701 9078
22702 9081
22703 9082
22704 9085
22705 9082
22706 9080
22707 9083
22708 9084
22709 9087
22710 9084
22711 9082
22712 9085
22713 9086
22714 9089
22715 9086
22716 9084
22717 9087
22718 9088
22719 9091
22720 9088
22721 9086
22722 9089
22723 9090
22724 9093
22725 9090
22726 9088
22727 9091
22728 9092
22729 9095
22730 9092
22731 9090
22732 9093
22733 9094
22734 9097
22735 9094
22736 9092
22737 9095
22738 9096
22739 9099
22740 9096
22741 9094
22742 9097
22743 9098
22744 9101
22745 9098
22746 9096
22747 9099
22748 9100
22749 9103
22750 9100
22751 9098
22752 9101
22753 9102
22754 9105
22755 9102
22756 9100
22757 9103
22758 9104
22759 9107
22760 9104
22761 9102
22762 9105
22763 9106
22764 9109
22765 9106
22766 9104
22767 9107
22768 9108
22769 9111
22770 9108
22771 9106
22772 9109
22773 9110
22774 9113
22775 9110
22776 9108
22777 9111
22778 9112
22779 9115
22780 9112
22781 9110
22782 9113
22783 9114
22784 9117
22785 9114
22786 9112
22787 9115
22788 9116
22789 9119
22790 9116
22791 9114
22792 9117
22793 9118
22794 9121
22795 9118
22796 9116
22797 9119
22798 9120
22799 9123
22800 9120
22801 9118
22802 9121
22803 9122
22804 9125
22805 9122
22806 9120
22807 9123
22808 9124
22809 9127
22810 9124
22811 9122
22812 9125
22813 9126
22814 9129
22815 9126
22816 9124
22817 9127
22818 9128
22819 9131
22820 9128
22821 9126
22822 9129
22823 9130
22824 9133
22825 9130
22826 9128
22827 9131
22828 9132
22829 9135
22830 9132
22831 9130
22832 9133
22833 9134
22834 9137
22835 9134
22836 9132
22837 9135
22838 9136
22839 9139
22840 9136
22841 9134
22842 9137
22843 9138
22844 9141
22845 9138
22846 9136
22847 9139
22848 9140
22849 9143
22850 9140
22851 9138
22852 9141
22853 9142
22854 9145
22855 9142
22856 9140
22857 9143
22858 9144
22859 9147
22860 9144
22861 9142
22862 9145
22863 9146
22864 9149
22865 9146
22866 9144
22867 9147
22868 9148
22869 9151
22870 9148
22871 9146
22872 9149
22873 9150
22874 9153
22875 9150
22876 9148
22877 9151
22878 9152
22879 9155
22880 9152
22881 9150
22882 9153
22883 9154
22884 9157
22885 9154
22886 9152
22887 9155
22888 9156
22889 9159
22890 9156
22891 9154
22892 9157
22893 9158
22894 9161
22895 9158
22896 9156
22897 9159
22898 9160
22899 9163
22900 9160
22901 9158
22902 9161
22903 9162
22904 9165
22905 9162
22906 9160
22907 9163
22908 9164
22909 9167
22910 9164
22911 9162
22912 9165
22913 9166
22914 9169
22915 9166
22916 9164
22917 9167
22918 9168
22919 9171
22920 9168
22921 9166
22922 9169
22923 9170
22924 9173
22925 9170
22926 9168
22927 9171
22928 9172
22929 9175
22930 9172
22931 9170
22932 9173
22933 9174
22934 9177
22935 9174
22936 9172
22937 9175
22938 9176
22939 9179
22940 9176
22941 9174
22942 9177
22943 9178
22944 9181
22945 9178
22946 9176
22947 9179
22948 9180
22949 9183
22950 9180
22951 9178
22952 9181
22953 9182
22954 9185
22955 9182
22956 9180
22957 9183
22958 9184
22959 9187
22960 9184
22961 9182
22962 9185
22963 9186
22964 9189
22965 9186
22966 9184
22967 9187
22968 9188
22969 9191
22970 9188
22971 9186
22972 9189
22973 9190
22974 9193
22975 9190
22976 9188
22977 9191
22978 9192
22979 9195
22980 9192
22981 9190
22982 9193
22983 9194
22984 9197
22985 9194
22986 9192
22987 9195
22988 9196
22989 9199
22990 9196
22991 9194
22992 9197
22993 9198
22994 9201
22995 9198
22996 9196
22997 9199
22998 9200
22999 9203
23000 9200
23001 9198
23002 9201
23003 9202
23004 9205
23005 9202
23006 9200
23007 9203
23008 9204
23009 9207
23010 9204
23011 9202
23012 9205
23013 9206
23014 9209
23015 9206
23016 9204
23017 9207
23018 9208
23019 9211
23020 9208
23021 9206
23022 9209
23023 9210
23024 9213
23025 9210
23026 9208
23027 9211
23028 9212
23029 9215
23030 9212
23031 9210
23032 9213
23033 9214
23034 9217
23035 9214
23036 9212
23037 9215
23038 9216
23039 9219
23040 9216
23041 9214
23042 9217
23043 9218
23044 9221
23045 9218
23046 9216
23047 9219
23048 9220
23049 9223
23050 9220
23051 9218
23052 9221
23053 9222
23054 9225
23055 9222
23056 9220
23057 9223
23058 9224
23059 9227
23060 9224
23061 9222
23062 9225
23063 9226
23064 9229
23065 9226
23066 9224
23067 9227
23068 9228
23069 9231
23070 9228
23071 9226
23072 9229
23073 9230
23074 9233
23075 9230
23076 9228
23077 9231
23078 9232
23079 9235
23080 9232
23081 9230
23082 9233
23083 9234
23084 9237
23085 9234
23086 9232
23087 9235
23088 9236
23089 9239
23090 9236
23091 9234
23092 9237
23093 9238
23094 9241
23095 9238
23096 9236
23097 9239
23098 9240
23099 9243
23100 9240
23101 9238
23102 9241
23103 9242
23104 9245
23105 9242
23106 9240
23107 9243
23108 9244
23109 9247
23110 9244
23111 9242
23112 9245
23113 9246
23114 9249
23115 9246
23116 9244
23117 9247
23118 9248
23119 9251
23120 9248
23121 9246
23122 9249
23123 9250
23124 9253
23125 9250
23126 9248
23127 9251
23128 9252
23129 9255
23130 9252
23131 9250
23132 9253
23133 9254
23134 9257
23135 9254
23136 9252
23137 9255
23138 9256
23139 9259
23140 9256
23141 9254
23142 9257
23143 9258
23144 9261
23145 9258
23146 9256
23147 9259
23148 9260
23149 9263
23150 9260
23151 9258
23152 9261
23153 9262
23154 9265
23155 9262
23156 9260
23157 9263
23158 9264
23159 9267
23160 9264
23161 9262
23162 9265
23163 9266
23164 9269
23165 9266
23166 9264
23167 9267
23168 9268
23169 9271
23170 9268
23171 9266
23172 9269
23173 9270
23174 9273
23175 9270
23176 9268
23177 9271
23178 9272
23179 9275
23180 9272
23181 9270
23182 9273
23183 9274
23184 9277
23185 9274
23186 9272
23187 9275
23188 9276
23189 9279
23190 9276
23191 9274
23192 9277
23193 9278
23194 9281
23195 9278
23196 9276
23197 9279
23198 9280
23199 9283
23200 9280
23201 9278
23202 9281
23203 9282
23204 9285
23205 9282
23206 9280
23207 9283
23208 9284
23209 9287
23210 9284
23211 9282
23212 9285
23213 9286
23214 9289
23215 9286
23216 9284
23217 9287
23218 9288
23219 9291
23220 9288
23221 9286
23222 9289
23223 9290
23224 9293
23225 9290
23226 9288
23227 9291
23228 9292
23229 9295
23230 9292
23231 9290
23232 9293
23233 9294
23234 9297
23235 9294
23236 9292
23237 9295
23238 9296
23239 9299
23240 9296
23241 9294
23242 9297
23243 9298
23244 9301
23245 9298
23246 9296
23247 9299
23248 9300
23249 9303
23250 9300
23251 9298
23252 9301
23253 9302
23254 9305
23255 9302
23256 9300
23257 9303
23258 9304
23259 9307
23260 9304
23261 9302
23262 9305
23263 9306
23264 9309
23265 9306
23266 9304
23267 9307
23268 9308
23269 9311
23270 9308
23271 9306
23272 9309
23273 9310
23274 9313
23275 9310
23276 9308
23277 9311
23278 9312
23279 9315
23280 9312
23281 9310
23282 9313
23283 9314
23284 9317
23285 9314
23286 9312
23287 9315
23288 9316
23289 9319
23290 9316
23291 9314
23292 9317
23293 9318
23294 9321
23295 9318
23296 9316
23297 9319
23298 9320
23299 9323
23300 9320
23301 9318
23302 9321
23303 9322
23304 9325
23305 9322
23306 9320
23307 9323
23308 9324
23309 9327
23310 9324
23311 9322
23312 9325
23313 9326
23314 9329
23315 9326
23316 9324
23317 9327
23318 9328
23319 9331
23320 9328
23321 9326
23322 9329
23323 9330
23324 9333
23325 9330
23326 9328
23327 9331
23328 9332
23329 9335
23330 9332
23331 9330
23332 9333
23333 9334
23334 9337
23335 9334
23336 9332
23337 9335
23338 9336
23339 9339
23340 9336
23341 9334
23342 9337
23343 9338
23344 9341
23345 9338
23346 9336
23347 9339
23348 9340
23349 9343
23350 9340
23351 9338
23352 9341
23353 9342
23354 9345
23355 9342
23356 9340
23357 9343
23358 9344
23359 9347
23360 9344
23361 9342
23362 9345
23363 9346
23364 9349
23365 9346
23366 9344
23367 9347
23368 9348
23369 9351
23370 9348
23371 9346
23372 9349
23373 9350
23374 9353
23375 9350
23376 9348
23377 9351
23378 9352
23379 9355
23380 9352
23381 9350
23382 9353
23383 9354
23384 9357
23385 9354
23386 9352
23387 9355
23388 9356
23389 9359
23390 9356
23391 9354
23392 9357
23393 9358
23394 9361
23395 9358
23396 9356
23397 9359
23398 9360
23399 9363
23400 9360
23401 9358
23402 9361
23403 9362
23404 9365
23405 9362
23406 9360
23407 9363
23408 9364
23409 9367
23410 9364
23411 9362
23412 9365
23413 9366
23414 9369
23415 9366
23416 9364
23417 9367
23418 9368
23419 9371
23420 9368
23421 9366
23422 9369
23423 9370
23424 9373
23425 9370
23426 9368
23427 9371
23428 9372
23429 9375
23430 9372
23431 9370
23432 9373
23433 9374
23434 9377
23435 9374
23436 9372
23437 9375
23438 9376
23439 9379
23440 9376
23441 9374
23442 9377
23443 9378
23444 9381
23445 9378
23446 9376
23447 9379
23448 9380
23449 9383
23450 9380
23451 9378
23452 9381
23453 9382
23454 9385
23455 9382
23456 9380
23457 9383
23458 9384
23459 9387
23460 9384
23461 9382
23462 9385
23463 9386
23464 9389
23465 9386
23466 9384
23467 9387
23468 9388
23469 9391
23470 9388
23471 9386
23472 9389
23473 9390
23474 9393
23475 9390
23476 9388
23477 9391
23478 9392
23479 9395
23480 9392
23481 9390
23482 9393
23483 9394
23484 9397
23485 9394
23486 9392
23487 9395
23488 9396
23489 9399
23490 9396
23491 9394
23492 9397
23493 9398
23494 9401
23495 9398
23496 9396
23497 9399
23498 9400
23499 9403
23500 9400
23501 9398
23502 9401
23503 9402
23504 9405
23505 9402
23506 9400
23507 9403
23508 9404
23509 9407
23510 9404
23511 9402
23512 9405
23513 9406
23514 9409
23515 9406
23516 9404
23517 9407
23518 9408
23519 9411
23520 9408
23521 9406
23522 9409
23523 9410
23524 9413
23525 9410
23526 9408
23527 9411
23528 9412
23529 9415
23530 9412
23531 9410
23532 9413
23533 9414
23534 9417
23535 9414
23536 9412
23537 9415
23538 9416
23539 9419
23540 9416
23541 9414
23542 9417
23543 9418
23544 9421
23545 9418
23546 9416
23547 9419
23548 9420
23549 9423
23550 9420
23551 9418
23552 9421
23553 9422
23554 9425
23555 9422
23556 9420
23557 9423
23558 9424
23559 9427
23560 9424
23561 9422
23562 9425
23563 9426
23564 9429
23565 9426
23566 9424
23567 9427
23568 9428
23569 9431
23570 9428
23571 9426
23572 9429
23573 9430
23574 9433
23575 9430
23576 9428
23577 9431
23578 9432
23579 9435
23580 9432
23581 9430
23582 9433
23583 9434
23584 9437
23585 9434
23586 9432
23587 9435
23588 9436
23589 9439
23590 9436
23591 9434
23592 9437
23593 9438
23594 9441
23595 9438
23596 9436
23597 9439
23598 9440
23599 9443
23600 9440
23601 9438
23602 9441
23603 9442
23604 9445
23605 9442
23606 9440
23607 9443
23608 9444
23609 9447
23610 9444
23611 9442
23612 9445
23613 9446
23614 9449
23615 9446
23616 9444
23617 9447
23618 9448
23619 9451
23620 9448
23621 9446
23622 9449
23623 9450
23624 9453
23625 9450
23626 9448
23627 9451
23628 9452
23629 9455
23630 9452
23631 9450
23632 9453
23633 9454
23634 9457
23635 9454
23636 9452
23637 9455
23638 9456
23639 9459
23640 9456
23641 9454
23642 9457
23643 9458
23644 9461
23645 9458
23646 9456
23647 9459
23648 9460
23649 9463
23650 9460
23651 9458
23652 9461
23653 9462
23654 9465
23655 9462
23656 9460
23657 9463
23658 9464
23659 9467
23660 9464
23661 9462
23662 9465
23663 9466
23664 9469
23665 9466
23666 9464
23667 9467
23668 9468
23669 9471
23670 9468
23671 9466
23672 9469
23673 9470
23674 9473
23675 9470
23676 9468
23677 9471
23678 9472
23679 9475
23680 9472
23681 9470
23682 9473
23683 9474
23684 9477
23685 9474
23686 9472
23687 9475
23688 9476
23689 9479
23690 9476
23691 9474
23692 9477
23693 9478
23694 9481
23695 9478
23696 9476
23697 9479
23698 9480
23699 9483
23700 9480
23701 9478
23702 9481
23703 9482
23704 9485
23705 9482
23706 9480
23707 9483
23708 9484
23709 9487
23710 9484
23711 9482
23712 9485
23713 9486
23714 9489
23715 9486
23716 9484
23717 9487
23718 9488
23719 9491
23720 9488
23721 9486
23722 9489
23723 9490
23724 9493
23725 9490
23726 9488
23727 9491
23728 9492
23729 9495
23730 9492
23731 9490
23732 9493
23733 9494
23734 9497
23735 9494
23736 9492
23737 9495
23738 9496
23739 9499
23740 9496
23741 9494
23742 9497
23743 9498
23744 9501
23745 9498
23746 9496
23747 9499
23748 9500
23749 9503
23750 9500
23751 9498
23752 9501
23753 9502
23754 9505
23755 9502
23756 9500
23757 9503
23758 9504
23759 9507
23760 9504
23761 9502
23762 9505
23763 9506
23764 9509
23765 9506
23766 9504
23767 9507
23768 9508
23769 9511
23770 9508
23771 9506
23772 9509
23773 9510
23774 9513
23775 9510
23776 9508
23777 9511
23778 9512
23779 9515
23780 9512
23781 9510
23782 9513
23783 9514
23784 9517
23785 9514
23786 9512
23787 9515
23788 9516
23789 9519
23790 9516
23791 9514
23792 9517
23793 9518
23794 9521
23795 9518
23796 9516
23797 9519
23798 9520
23799 9523
23800 9520
23801 9518
23802 9521
23803 9522
23804 9525
23805 9522
23806 9520
23807 9523
23808 9524
23809 9527
23810 9524
23811 9522
23812 9525
23813 9526
23814 9529
23815 9526
23816 9524
23817 9527
23818 9528
23819 9531
23820 9528
23821 9526
23822 9529
23823 9530
23824 9533
23825 9530
23826 9528
23827 9531
23828 9532
23829 9535
23830 9532
23831 9530
23832 9533
23833 9534
23834 9537
23835 9534
23836 9532
23837 9535
23838 9536
23839 9539
23840 9536
23841 9534
23842 9537
23843 9538
23844 9541
23845 9538
23846 9536
23847 9539
23848 9540
23849 9543
23850 9540
23851 9538
23852 9541
23853 9542
23854 9545
23855 9542
23856 9540
23857 9543
23858 9544
23859 9547
23860 9544
23861 9542
23862 9545
23863 9546
23864 9549
23865 9546
23866 9544
23867 9547
23868 9548
23869 9551
23870 9548
23871 9546
23872 9549
23873 9550
23874 9553
23875 9550
23876 9548
23877 9551
23878 9552
23879 9555
23880 9552
23881 9550
23882 9553
23883 9554
23884 9557
23885 9554
23886 9552
23887 9555
23888 9556
23889 9559
23890 9556
23891 9554
23892 9557
23893 9558
23894 9561
23895 9558
23896 9556
23897 9559
23898 9560
23899 9563
23900 9560
23901 9558
23902 9561
23903 9562
23904 9565
23905 9562
23906 9560
23907 9563
23908 9564
23909 9567
23910 9564
23911 9562
23912 9565
23913 9566
23914 9569
23915 9566
23916 9564
23917 9567
23918 9568
23919 9571
23920 9568
23921 9566
23922 9569
23923 9570
23924 9573
23925 9570
23926 9568
23927 9571
23928 9572
23929 9575
23930 9572
23931 9570
23932 9573
23933 9574
23934 9577
23935 9574
23936 9572
23937 9575
23938 9576
23939 9579
23940 9576
23941 9574
23942 9577
23943 9578
23944 9581
23945 9578
23946 9576
23947 9579
23948 9580
23949 9583
23950 9580
23951 9578
23952 9581
23953 9582
23954 9585
23955 9582
23956 9580
23957 9583
23958 9584
23959 9587
23960 9584
23961 9582
23962 9585
23963 9586
23964 9589
23965 9586
23966 9584
23967 9587
23968 9588
23969 9591
23970 9588
23971 9586
23972 9589
23973 9590
23974 9593
23975 9590
23976 9588
23977 9591
23978 9592
23979 9595
23980 9592
23981 9590
23982 9593
23983 9594
23984 9597
23985 9594
23986 9592
23987 9595
23988 9596
23989 9599
23990 9596
23991 9594
23992 9597
23993 9598
23994 9601
23995 9598
23996 9596
23997 9599
23998 9600
23999 9603
24000 9600
24001 9598
24002 9601
24003 9602
24004 9605
24005 9602
24006 9600
24007 9603
24008 9604
24009 9607
24010 9604
24011 9602
24012 9605
24013 9606
24014 9609
24015 9606
24016 9604
24017 9607
24018 9608
24019 9611
24020 9608
24021 9606
24022 9609
24023 9610
24024 9613
24025 9610
24026 9608
24027 9611
24028 9612
24029 9615
24030 9612
24031 9610
24032 9613
24033 9614
24034 9617
24035 9614
24036 9612
24037 9615
24038 9616
24039 9619
24040 9616
24041 9614
24042 9617
24043 9618
24044 9621
24045 9618
24046 9616
24047 9619
24048 9620
24049 9623
24050 9620
24051 9618
24052 9621
24053 9622
24054 9625
24055 9622
24056 9620
24057 9623
24058 9624
24059 9627
24060 9624
24061 9622
24062 9625
24063 9626
24064 9629
24065 9626
24066 9624
24067 9627
24068 9628
24069 9631
24070 9628
24071 9626
24072 9629
24073 9630
24074 9633
24075 9630
24076 9628
24077 9631
24078 9632
24079 9635
24080 9632
24081 9630
24082 9633
24083 9634
24084 9637
24085 9634
24086 9632
24087 9635
24088 9636
24089 9639
24090 9636
24091 9634
24092 9637
24093 9638
24094 9641
24095 9638
24096 9636
24097 9639
24098 9640
24099 9643
24100 9640
24101 9638
24102 9641
24103 9642
24104 9645
24105 9642
24106 9640
24107 9643
24108 9644
24109 9647
24110 9644
24111 9642
24112 9645
24113 9646
24114 9649
24115 9646
24116 9644
24117 9647
24118 9648
24119 9651
24120 9648
24121 9646
24122 9649
24123 9650
24124 9653
24125 9650
24126 9648
24127 9651
24128 9652
24129 9655
24130 9652
24131 9650
24132 9653
24133 9654
24134 9657
24135 9654
24136 9652
24137 9655
24138 9656
24139 9659
24140 9656
24141 9654
24142 9657
24143 9658
24144 9661
24145 9658
24146 9656
24147 9659
24148 9660
24149 9663
24150 9660
24151 9658
24152 9661
24153 9662
24154 9665
24155 9662
24156 9660
24157 9663
24158 9664
24159 9667
24160 9664
24161 9662
24162 9665
24163 9666
24164 9669
24165 9666
24166 9664
24167 9667
24168 9668
24169 9671
24170 9668
24171 9666
24172 9669
24173 9670
24174 9673
24175 9670
24176 9668
24177 9671
24178 9672
24179 9675
24180 9672
24181 9670
24182 9673
24183 9674
24184 9677
24185 9674
24186 9672
24187 9675
24188 9676
24189 9679
24190 9676
24191 9674
24192 9677
24193 9678
24194 9681
24195 9678
24196 9676
24197 9679
24198 9680
24199 9683
24200 9680
24201 9678
24202 9681
24203 9682
24204 9685
24205 9682
24206 9680
24207 9683
24208 9684
24209 9687
24210 9684
24211 9682
24212 9685
24213 9686
24214 9689
24215 9686
24216 9684
24217 9687
24218 9688
24219 9691
24220 9688
24221 9686
24222 9689
24223 9690
24224 9693
24225 9690
24226 9688
24227 9691
24228 9692
24229 9695
24230 9692
24231 9690
24232 9693
24233 9694
24234 9697
24235 9694
24236 9692
24237 9695
24238 9696
24239 9699
24240 9696
24241 9694
24242 9697
24243 9698
24244 9701
24245 9698
24246 9696
24247 9699
24248 9700
24249 9703
24250 9700
24251 9698
24252 9701
24253 9702
24254 9705
24255 9702
24256 9700
24257 9703
24258 9704
24259 9707
24260 9704
24261 9702
24262 9705
24263 9706
24264 9709
24265 9706
24266 9704
24267 9707
24268 9708
24269 9711
24270 9708
24271 9706
24272 9709
24273 9710
24274 9713
24275 9710
24276 9708
24277 9711
24278 9712
24279 9715
24280 9712
24281 9710
24282 9713
24283 9714
24284 9717
24285 9714
24286 9712
24287 9715
24288 9716
24289 9719
24290 9716
24291 9714
24292 9717
24293 9718
24294 9721
24295 9718
24296 9716
24297 9719
24298 9720
24299 9723
24300 9720
24301 9718
24302 9721
24303 9722
24304 9725
24305 9722
24306 9720
24307 9723
24308 9724
24309 9727
24310 9724
24311 9722
24312 9725
24313 9726
24314 9729
24315 9726
24316 9724
24317 9727
24318 9728
24319 9731
24320 9728
24321 9726
24322 9729
24323 9730
24324 9733
24325 9730
24326 9728
24327 9731
24328 9732
24329 9735
24330 9732
24331 9730
24332 9733
24333 9734
24334 9737
24335 9734
24336 9732
24337 9735
24338 9736
24339 9739
24340 9736
24341 9734
24342 9737
24343 9738
24344 9741
24345 9738
24346 9736
24347 9739
24348 9740
24349 9743
24350 9740
24351 9738
24352 9741
24353 9742
24354 9745
24355 9742
24356 9740
24357 9743
24358 9744
24359 9747
24360 9744
24361 9742
24362 9745
24363 9746
24364 9749
24365 9746
24366 9744
24367 9747
24368 9748
24369 9751
24370 9748
24371 9746
24372 9749
24373 9750
24374 9753
24375 9750
24376 9748
24377 9751
24378 9752
24379 9755
24380 9752
24381 9750
24382 9753
24383 9754
24384 9757
24385 9754
24386 9752
24387 9755
24388 9756
24389 9759
24390 9756
24391 9754
24392 9757
24393 9758
24394 9761
24395 9758
24396 9756
24397 9759
24398 9760
24399 9763
24400 9760
24401 9758
24402 9761
24403 9762
24404 9765
24405 9762
24406 9760
24407 9763
24408 9764
24409 9767
24410 9764
24411 9762
24412 9765
24413 9766
24414 9769
24415 9766
24416 9764
24417 9767
24418 9768
24419 9771
24420 9768
24421 9766
24422 9769
24423 9770
24424 9773
24425 9770
24426 9768
24427 9771
24428 9772
24429 9775
24430 9772
24431 9770
24432 9773
24433 9774
24434 9777
24435 9774
24436 9772
24437 9775
24438 9776
24439 9779
24440 9776
24441 9774
24442 9777
24443 9778
24444 9781
24445 9778
24446 9776
24447 9779
24448 9780
24449 9783
24450 9780
24451 9778
24452 9781
24453 9782
24454 9785
24455 9782
24456 9780
24457 9783
24458 9784
24459 9787
24460 9784
24461 9782
24462 9785
24463 9786
24464 9789
24465 9786
24466 9784
24467 9787
24468 9788
24469 9791
24470 9788
24471 9786
24472 9789
24473 9790
24474 9793
24475 9790
24476 9788
24477 9791
24478 9792
24479 9795
24480 9792
24481 9790
24482 9793
24483 9794
24484 9797
24485 9794
24486 9792
24487 9795
24488 9796
24489 9799
24490 9796
24491 9794
24492 9797
24493 9798
24494 9801
24495 9798
24496 9796
24497 9799
24498 9800
24499 9803
24500 9800
24501 9798
24502 9801
24503 9802
24504 9805
24505 9802
24506 9800
24507 9803
24508 9804
24509 9807
24510 9804
24511 9802
24512 9805
24513 9806
24514 9809
24515 9806
24516 9804
24517 9807
24518 9808
24519 9811
24520 9808
24521 9806
24522 9809
24523 9810
24524 9813
24525 9810
24526 9808
24527 9811
24528 9812
24529 9815
24530 9812
24531 9810
24532 9813
24533 9814
24534 9817
24535 9814
24536 9812
24537 9815
24538 9816
24539 9819
24540 9816
24541 9814
24542 9817
24543 9818
24544 9821
24545 9818
24546 9816
24547 9819
24548 9820
24549 9823
24550 9820
24551 9818
24552 9821
24553 9822
24554 9825
24555 9822
24556 9820
24557 9823
24558 9824
24559 9827
24560 9824
24561 9822
24562 9825
24563 9826
24564 9829
24565 9826
24566 9824
24567 9827
24568 9828
24569 9831
24570 9828
24571 9826
24572 9829
24573 9830
24574 9833
24575 9830
24576 9828
24577 9831
24578 9832
24579 9835
24580 9832
24581 9830
24582 9833
24583 9834
24584 9837
24585 9834
24586 9832
24587 9835
24588 9836
24589 9839
24590 9836
24591 9834
24592 9837
24593 9838
24594 9841
24595 9838
24596 9836
24597 9839
24598 9840
24599 9843
24600 9840
24601 9838
24602 9841
24603 9842
24604 9845
24605 9842
24606 9840
24607 9843
24608 9844
24609 9847
24610 9844
24611 9842
24612 9845
24613 9846
24614 9849
24615 9846
24616 9844
24617 9847
24618 9848
24619 9851
24620 9848
24621 9846
24622 9849
24623 9850
24624 9853
24625 9850
24626 9848
24627 9851
24628 9852
24629 9855
24630 9852
24631 9850
24632 9853
24633 9854
24634 9857
24635 9854
24636 9852
24637 9855
24638 9856
24639 9859
24640 9856
24641 9854
24642 9857
24643 9858
24644 9861
24645 9858
24646 9856
24647 9859
24648 9860
24649 9863
24650 9860
24651 9858
24652 9861
24653 9862
24654 9865
24655 9862
24656 9860
24657 9863
24658 9864
24659 9867
24660 9864
24661 9862
24662 9865
24663 9866
24664 9869
24665 9866
24666 9864
24667 9867
24668 9868
24669 9871
24670 9868
24671 9866
24672 9869
24673 9870
24674 9873
24675 9870
24676 9868
24677 9871
24678 9872
24679 9875
24680 9872
24681 9870
24682 9873
24683 9874
24684 9877
24685 9874
24686 9872
24687 9875
24688 9876
24689 9879
24690 9876
24691 9874
24692 9877
24693 9878
24694 9881
24695 9878
24696 9876
24697 9879
24698 9880
24699 9883
24700 9880
24701 9878
24702 9881
24703 9882
24704 9885
24705 9882
24706 9880
24707 9883
24708 9884
24709 9887
24710 9884
24711 9882
24712 9885
24713 9886
24714 9889
24715 9886
24716 9884
24717 9887
24718 9888
24719 9891
24720 9888
24721 9886
24722 9889
24723 9890
24724 9893
24725 9890
24726 9888
24727 9891
24728 9892
24729 9895
24730 9892
24731 9890
24732 9893
24733 9894
24734 9897
24735 9894
24736 9892
24737 9895
24738 9896
24739 9899
24740 9896
24741 9894
24742 9897
24743 9898
24744 9901
24745 9898
24746 9896
24747 9899
24748 9900
24749 9903
24750 9900
24751 9898
24752 9901
24753 9902
24754 9905
24755 9902
24756 9900
24757 9903
24758 9904
24759 9907
24760 9904
24761 9902
24762 9905
24763 9906
24764 9909
24765 9906
24766 9904
24767 9907
24768 9908
24769 9911
24770 9908
24771 9906
24772 9909
24773 9910
24774 9913
24775 9910
24776 9908
24777 9911
24778 9912
24779 9915
24780 9912
24781 9910
24782 9913
24783 9914
24784 9917
24785 9914
24786 9912
24787 9915
24788 9916
24789 9919
24790 9916
24791 9914
24792 9917
24793 9918
24794 9921
24795 9918
24796 9916
24797 9919
24798 9920
24799 9923
24800 9920
24801 9918
24802 9921
24803 9922
24804 9925
24805 9922
24806 9920
24807 9923
24808 9924
24809 9927
24810 9924
24811 9922
24812 9925
24813 9926
24814 9929
24815 9926
24816 9924
24817 9927
24818 9928
24819 9931
24820 9928
24821 9926
24822 9929
24823 9930
24824 9933
24825 9930
24826 9928
24827 9931
24828 9932
24829 9935
24830 9932
24831 9930
24832 9933
24833 9934
24834 9937
24835 9934
24836 9932
24837 9935
24838 9936
24839 9939
24840 9936
24841 9934
24842 9937
24843 9938
24844 9941
24845 9938
24846 9936
24847 9939
24848 9940
24849 9943
24850 9940
24851 9938
24852 9941
24853 9942
24854 9945
24855 9942
24856 9940
24857 9943
24858 9944
24859 9947
24860 9944
24861 9942
24862 9945
24863 9946
24864 9949
24865 9946
24866 9944
24867 9947
24868 9948
24869 9951
24870 9948
24871 9946
24872 9949
24873 9950
24874 9953
24875 9950
24876 9948
24877 9951
24878 9952
24879 9955
24880 9952
24881 9950
24882 9953
24883 9954
24884 9957
24885 9954
24886 9952
24887 9955
24888 9956
24889 9959
24890 9956
24891 9954
24892 9957
24893 9958
24894 9961
24895 9958
24896 9956
24897 9959
24898 9960
24899 9963
24900 9960
24901 9958
24902 9961
24903 9962
24904 9965
24905 9962
24906 9960
24907 9963
24908 9964
24909 9967
24910 9964
24911 9962
24912 9965
24913 9966
24914 9969
24915 9966
24916 9964
24917 9967
24918 9968
24919 9971
24920 9968
24921 9966
24922 9969
24923 9970
24924 9973
24925 9970
24926 9968
24927 9971
24928 9972
24929 9975
24930 9972
24931 9970
24932 9973
24933 9974
24934 9977
24935 9974
24936 9972
24937 9975
24938 9976
24939 9979
24940 9976
24941 9974
24942 9977
24943 9978
24944 9981
24945 9978
24946 9976
24947 9979
24948 9980
24949 9983
24950 9980
24951 9978
24952 9981
24953 9982
24954 9985
24955 9982
24956 9980
24957 9983
24958 9984
24959 9987
24960 9984
24961 9982
24962 9985
24963 9986
24964 9989
24965 9986
24966 9984
24967 9987
24968 9988
24969 9991
24970 9988
24971 9986
24972 9989
24973 9990
24974 9993
24975 9990
24976 9988
24977 9991
24978 9992
24979 9995
24980 9992
24981 9990
24982 9993
24983 9994
24984 9997
24985 9994
24986 9992
24987 9995
24988 9996
24989 9999
24990 9996
24991 9994
24992 9997
24993 9998
24994 10001
24995 9998
24996 9996
24997 9999
24998 10000
24999 10003
25000 10000
25001 9998
25002 10001
25003 10002
25004 10005
25005 10002
25006 10000
25007 10003
25008 10004
25009 10007
25010 10004
25011 10002
25012 10005
25013 10006
25014 10009
25015 10006
25016 10004
25017 10007
25018 10008
25019 10011
25020 10008
25021 10006
25022 10009
25023 10010
25024 10013
25025 10010
25026 10008
25027 10011
25028 10012
25029 10015
25030 10012
25031 10010
25032 10013
25033 10014
25034 10017
25035 10014
25036 10012
25037 10015
25038 10016
25039 10019
25040 10016
25041 10014
25042 10017
25043 10018
25044 10021
25045 10018
25046 10016
25047 10019
25048 10020
25049 10023
25050 10020
25051 10018
25052 10021
25053 10022
25054 10025
25055 10022
25056 10020
25057 10023
25058 10024
25059 10027
25060 10024
25061 10022
25062 10025
25063 10026
25064 10029
25065 10026
25066 10024
25067 10027
25068 10028
25069 10031
25070 10028
25071 10026
25072 10029
25073 10030
25074 10033
25075 10030
25076 10028
25077 10031
25078 10032
25079 10035
25080 10032
25081 10030
25082 10033
25083 10034
25084 10037
25085 10034
25086 10032
25087 10035
25088 10036
25089 10039
25090 10036
25091 10034
25092 10037
25093 10038
25094 10041
25095 10038
25096 10036
25097 10039
25098 10040
25099 10043
25100 10040
25101 10038
25102 10041
25103 10042
25104 10045
25105 10042
25106 10040
25107 10043
25108 10044
25109 10047
25110 10044
25111 10042
25112 10045
25113 10046
25114 10049
25115 10046
25116 10044
25117 10047
25118 10048
25119 10051
25120 10048
25121 10046
25122 10049
25123 10050
25124 10053
25125 10050
25126 10048
25127 10051
25128 10052
25129 10055
25130 10052
25131 10050
25132 10053
25133 10054
25134 10057
25135 10054
25136 10052
25137 10055
25138 10056
25139 10059
25140 10056
25141 10054
25142 10057
25143 10058
25144 10061
25145 10058
25146 10056
25147 10059
25148 10060
25149 10063
25150 10060
25151 10058
25152 10061
25153 10062
25154 10065
25155 10062
25156 10060
25157 10063
25158 10064
25159 10067
25160 10064
25161 10062
25162 10065
25163 10066
25164 10069
25165 10066
25166 10064
25167 10067
25168 10068
25169 10071
25170 10068
25171 10066
25172 10069
25173 10070
25174 10073
25175 10070
25176 10068
25177 10071
25178 10072
25179 10075
25180 10072
25181 10070
25182 10073
25183 10074
25184 10077
25185 10074
25186 10072
25187 10075
25188 10076
25189 10079
25190 10076
25191 10074
25192 10077
25193 10078
25194 10081
25195 10078
25196 10076
25197 10079
25198 10080
25199 10083
25200 10080
25201 10078
25202 10081
25203 10082
25204 10085
25205 10082
25206 10080
25207 10083
25208 10084
25209 10087
25210 10084
25211 10082
25212 10085
25213 10086
25214 10089
25215 10086
25216 10084
25217 10087
25218 10088
25219 10091
25220 10088
25221 10086
25222 10089
25223 10090
25224 10093
25225 10090
25226 10088
25227 10091
25228 10092
25229 10095
25230 10092
25231 10090
25232 10093
25233 10094
25234 10097
25235 10094
25236 10092
25237 10095
25238 10096
25239 10099
25240 10096
25241 10094
25242 10097
25243 10098
25244 10101
25245 10098
25246 10096
25247 10099
25248 10100
25249 10103
25250 10100
25251 10098
25252 10101
25253 10102
25254 10105
25255 10102
25256 10100
25257 10103
25258 10104
25259 10107
25260 10104
25261 10102
25262 10105
25263 10106
25264 10109
25265 10106
25266 10104
25267 10107
25268 10108
25269 10111
25270 10108
25271 10106
25272 10109
25273 10110
25274 10113
25275 10110
25276 10108
25277 10111
25278 10112
25279 10115
25280 10112
25281 10110
25282 10113
25283 10114
25284 10117
25285 10114
25286 10112
25287 10115
25288 10116
25289 10119
25290 10116
25291 10114
25292 10117
25293 10118
25294 10121
25295 10118
25296 10116
25297 10119
25298 10120
25299 10123
25300 10120
25301 10118
25302 10121
25303 10122
25304 10125
25305 10122
25306 10120
25307 10123
25308 10124
25309 10127
25310 10124
25311 10122
25312 10125
25313 10126
25314 10129
25315 10126
25316 10124
25317 10127
25318 10128
25319 10131
25320 10128
25321 10126
25322 10129
25323 10130
25324 10133
25325 10130
25326 10128
25327 10131
25328 10132
25329 10135
25330 10132
25331 10130
25332 10133
25333 10134
25334 10137
25335 10134
25336 10132
25337 10135
25338 10136
25339 10139
25340 10136
25341 10134
25342 10137
25343 10138
25344 10141
25345 10138
25346 10136
25347 10139
25348 10140
25349 10143
25350 10140
25351 10138
25352 10141
25353 10142
25354 10145
25355 10142
25356 10140
25357 10143
25358 10144
25359 10147
25360 10144
25361 10142
25362 10145
25363 10146
25364 10149
25365 10146
25366 10144
25367 10147
25368 10148
25369 10151
25370 10148
25371 10146
25372 10149
25373 10150
25374 10153
25375 10150
25376 10148
25377 10151
25378 10152
25379 10155
25380 10152
25381 10150
25382 10153
25383 10154
25384 10157
25385 10154
25386 10152
25387 10155
25388 10156
25389 10159
25390 10156
25391 10154
25392 10157
25393 10158
25394 10161
25395 10158
25396 10156
25397 10159
25398 10160
25399 10163
25400 10160
25401 10158
25402 10161
25403 10162
25404 10165
25405 10162
25406 10160
25407 10163
25408 10164
25409 10167
25410 10164
25411 10162
25412 10165
25413 10166
25414 10169
25415 10166
25416 10164
25417 10167
25418 10168
25419 10171
25420 10168
25421 10166
25422 10169
25423 10170
25424 10173
25425 10170
25426 10168
25427 10171
25428 10172
25429 10175
25430 10172
25431 10170
25432 10173
25433 10174
25434 10177
25435 10174
25436 10172
25437 10175
25438 10176
25439 10179
25440 10176
25441 10174
25442 10177
25443 10178
25444 10181
25445 10178
25446 10176
25447 10179
25448 10180
25449 10183
25450 10180
25451 10178
25452 10181
25453 10182
25454 10185
25455 10182
25456 10180
25457 10183
25458 10184
25459 10187
25460 10184
25461 10182
25462 10185
25463 10186
25464 10189
25465 10186
25466 10184
25467 10187
25468 10188
25469 10191
25470 10188
25471 10186
25472 10189
25473 10190
25474 10193
25475 10190
25476 10188
25477 10191
25478 10192
25479 10195
25480 10192
25481 10190
25482 10193
25483 10194
25484 10197
25485 10194
25486 10192
25487 10195
25488 10196
25489 10199
25490 10196
25491 10194
25492 10197
25493 10198
25494 10201
25495 10198
25496 10196
25497 10199
25498 10200
25499 10203
25500 10200
25501 10198
25502 10201
25503 10202
25504 10205
25505 10202
25506 10200
25507 10203
25508 10204
25509 10207
25510 10204
25511 10202
25512 10205
25513 10206
25514 10209
25515 10206
25516 10204
25517 10207
25518 10208
25519 10211
25520 10208
25521 10206
25522 10209
25523 10210
25524 10213
25525 10210
25526 10208
25527 10211
25528 10212
25529 10215
25530 10212
25531 10210
25532 10213
25533 10214
25534 10217
25535 10214
25536 10212
25537 10215
25538 10216
25539 10219
25540 10216
25541 10214
25542 10217
25543 10218
25544 10221
25545 10218
25546 10216
25547 10219
25548 10220
25549 10223
25550 10220
25551 10218
25552 10221
25553 10222
25554 10225
25555 10222
25556 10220
25557 10223
25558 10224
25559 10227
25560 10224
25561 10222
25562 10225
25563 10226
25564 10229
25565 10226
25566 10224
25567 10227
25568 10228
25569 10231
25570 10228
25571 10226
25572 10229
25573 10230
25574 10233
25575 10230
25576 10228
25577 10231
25578 10232
25579 10235
25580 10232
25581 10230
25582 10233
25583 10234
25584 10237
25585 10234
25586 10232
25587 10235
25588 10236
25589 10239
25590 10236
25591 10234
25592 10237
25593 10238
25594 10241
25595 10238
25596 10236
25597 10239
25598 10240
25599 10243
25600 10240
25601 10238
25602 10241
25603 10242
25604 10245
25605 10242
25606 10240
25607 10243
25608 10244
25609 10247
25610 10244
25611 10242
25612 10245
25613 10246
25614 10249
25615 10246
25616 10244
25617 10247
25618 10248
25619 10251
25620 10248
25621 10246
25622 10249
25623 10250
25624 10253
25625 10250
25626 10248
25627 10251
25628 10252
25629 10255
25630 10252
25631 10250
25632 10253
25633 10254
25634 10257
25635 10254
25636 10252
25637 10255
25638 10256
25639 10259
25640 10256
25641 10254
25642 10257
25643 10258
25644 10261
25645 10258
25646 10256
25647 10259
25648 10260
25649 10263
25650 10260
25651 10258
25652 10261
25653 10262
25654 10265
25655 10262
25656 10260
25657 10263
25658 10264
25659 10267
25660 10264
25661 10262
25662 10265
25663 10266
25664 10269
25665 10266
25666 10264
25667 10267
25668 10268
25669 10271
25670 10268
25671 10266
25672 10269
25673 10270
25674 10273
25675 10270
25676 10268
25677 10271
25678 10272
25679 10275
25680 10272
25681 10270
25682 10273
25683 10274
25684 10277
25685 10274
25686 10272
25687 10275
25688 10276
25689 10279
25690 10276
25691 10274
25692 10277
25693 10278
25694 10281
25695 10278
25696 10276
25697 10279
25698 10280
25699 10283
25700 10280
25701 10278
25702 10281
25703 10282
25704 10285
25705 10282
25706 10280
25707 10283
25708 10284
25709 10287
25710 10284
25711 10282
25712 10285
25713 10286
25714 10289
25715 10286
25716 10284
25717 10287
25718 10288
25719 10291
25720 10288
25721 10286
25722 10289
25723 10290
25724 10293
25725 10290
25726 10288
25727 10291
25728 10292
25729 10295
25730 10292
25731 10290
25732 10293
25733 10294
25734 10297
25735 10294
25736 10292
25737 10295
25738 10296
25739 10299
25740 10296
25741 10294
25742 10297
25743 10298
25744 10301
25745 10298
25746 10296
25747 10299
25748 10300
25749 10303
25750 10300
25751 10298
25752 10301
25753 10302
25754 10305
25755 10302
25756 10300
25757 10303
25758 10304
25759 10307
25760 10304
25761 10302
25762 10305
25763 10306
25764 10309
25765 10306
25766 10304
25767 10307
25768 10308
25769 10311
25770 10308
25771 10306
25772 10309
25773 10310
25774 10313
25775 10310
25776 10308
25777 10311
25778 10312
25779 10315
25780 10312
25781 10310
25782 10313
25783 10314
25784 10317
25785 10314
25786 10312
25787 10315
25788 10316
25789 10319
25790 10316
25791 10314
25792 10317
25793 10318
25794 10321
25795 10318
25796 10316
25797 10319
25798 10320
25799 10323
25800 10320
25801 10318
25802 10321
25803 10322
25804 10325
25805 10322
25806 10320
25807 10323
25808 10324
25809 10327
25810 10324
25811 10322
25812 10325
25813 10326
25814 10329
25815 10326
25816 10324
25817 10327
25818 10328
25819 10331
25820 10328
25821 10326
25822 10329
25823 10330
25824 10333
25825 10330
25826 10328
25827 10331
25828 10332
25829 10335
25830 10332
25831 10330
25832 10333
25833 10334
25834 10337
25835 10334
25836 10332
25837 10335
25838 10336
25839 10339
25840 10336
25841 10334
25842 10337
25843 10338
25844 10341
25845 10338
25846 10336
25847 10339
25848 10340
25849 10343
25850 10340
25851 10338
25852 10341
25853 10342
25854 10345
25855 10342
25856 10340
25857 10343
25858 10344
25859 10347
25860 10344
25861 10342
25862 10345
25863 10346
25864 10349
25865 10346
25866 10344
25867 10347
25868 10348
25869 10351
25870 10348
25871 10346
25872 10349
25873 10350
25874 10353
25875 10350
25876 10348
25877 10351
25878 10352
25879 10355
25880 10352
25881 10350
25882 10353
25883 10354
25884 10357
25885 10354
25886 10352
25887 10355
25888 10356
25889 10359
25890 10356
25891 10354
25892 10357
25893 10358
25894 10361
25895 10358
25896 10356
25897 10359
25898 10360
25899 10363
25900 10360
25901 10358
25902 10361
25903 10362
25904 10365
25905 10362
25906 10360
25907 10363
25908 10364
25909 10367
25910 10364
25911 10362
25912 10365
25913 10366
25914 10369
25915 10366
25916 10364
25917 10367
25918 10368
25919 10371
25920 10368
25921 10366
25922 10369
25923 10370
25924 10373
25925 10370
25926 10368
25927 10371
25928 10372
25929 10375
25930 10372
25931 10370
25932 10373
25933 10374
25934 10377
25935 10374
25936 10372
25937 10375
25938 10376
25939 10379
25940 10376
25941 10374
25942 10377
25943 10378
25944 10381
25945 10378
25946 10376
25947 10379
25948 10380
25949 10383
25950 10380
25951 10378
25952 10381
25953 10382
25954 10385
25955 10382
25956 10380
25957 10383
25958 10384
25959 10387
25960 10384
25961 10382
25962 10385
25963 10386
25964 10389
25965 10386
25966 10384
25967 10387
25968 10388
25969 10391
25970 10388
25971 10386
25972 10389
25973 10390
25974 10393
25975 10390
25976 10388
25977 10391
25978 10392
25979 10395
25980 10392
25981 10390
25982 10393
25983 10394
25984 10397
25985 10394
25986 10392
25987 10395
25988 10396
25989 10399
25990 10396
25991 10394
25992 10397
25993 10398
25994 10401
25995 10398
25996 10396
25997 10399
25998 10400
25999 10403
26000 10400
26001 10398
26002 10401
26003 10402
26004 10405
26005 10402
26006 10400
26007 10403
26008 10404
26009 10407
26010 10404
26011 10402
26012 10405
26013 10406
26014 10409
26015 10406
26016 10404
26017 10407
26018 10408
26019 10411
26020 10408
26021 10406
26022 10409
26023 10410
26024 10413
26025 10410
26026 10408
26027 10411
26028 10412
26029 10415
26030 10412
26031 10410
26032 10413
26033 10414
26034 10417
26035 10414
26036 10412
26037 10415
26038 10416
26039 10419
26040 10416
26041 10414
26042 10417
26043 10418
26044 10421
26045 10418
26046 10416
26047 10419
26048 10420
26049 10423
26050 10420
26051 10418
26052 10421
26053 10422
26054 10425
26055 10422
26056 10420
26057 10423
26058 10424
26059 10427
26060 10424
26061 10422
26062 10425
26063 10426
26064 10429
26065 10426
26066 10424
26067 10427
26068 10428
26069 10431
26070 10428
26071 10426
26072 10429
26073 10430
26074 10433
26075 10430
26076 10428
26077 10431
26078 10432
26079 10435
26080 10432
26081 10430
26082 10433
26083 10434
26084 10437
26085 10434
26086 10432
26087 10435
26088 10436
26089 10439
26090 10436
26091 10434
26092 10437
26093 10438
26094 10441
26095 10438
26096 10436
26097 10439
26098 10440
26099 10443
26100 10440
26101 10438
26102 10441
26103 10442
26104 10445
26105 10442
26106 10440
26107 10443
26108 10444
26109 10447
26110 10444
26111 10442
26112 10445
26113 10446
26114 10449
26115 10446
26116 10444
26117 10447
26118 10448
26119 10451
26120 10448
26121 10446
26122 10449
26123 10450
26124 10453
26125 10450
26126 10448
26127 10451
26128 10452
26129 10455
26130 10452
26131 10450
26132 10453
26133 10454
26134 10457
26135 10454
26136 10452
26137 10455
26138 10456
26139 10459
26140 10456
26141 10454
26142 10457
26143 10458
26144 10461
26145 10458
26146 10456
26147 10459
26148 10460
26149 10463
26150 10460
26151 10458
26152 10461
26153 10462
26154 10465
26155 10462
26156 10460
26157 10463
26158 10464
26159 10467
26160 10464
26161 10462
26162 10465
26163 10466
26164 10469
26165 10466
26166 10464
26167 10467
26168 10468
26169 10471
26170 10468
26171 10466
26172 10469
26173 10470
26174 10473
26175 10470
26176 10468
26177 10471
26178 10472
26179 10475
26180 10472
26181 10470
26182 10473
26183 10474
26184 10477
26185 10474
26186 10472
26187 10475
26188 10476
26189 10479
26190 10476
26191 10474
26192 10477
26193 10478
26194 10481
26195 10478
26196 10476
26197 10479
26198 10480
26199 10483
26200 10480
26201 10478
26202 10481
26203 10482
26204 10485
26205 10482
26206 10480
26207 10483
26208 10484
26209 10487
26210 10484
26211 10482
26212 10485
26213 10486
26214 10489
26215 10486
26216 10484
26217 10487
26218 10488
26219 10491
26220 10488
26221 10486
26222 10489
26223 10490
26224 10493
26225 10490
26226 10488
26227 10491
26228 10492
26229 10495
26230 10492
26231 10490
26232 10493
26233 10494
26234 10497
26235 10494
26236 10492
26237 10495
26238 10496
26239 10499
26240 10496
26241 10494
26242 10497
26243 10498
26244 10501
26245 10498
26246 10496
26247 10499
26248 10500
26249 10503
26250 10500
26251 10498
26252 10501
26253 10502
26254 10505
26255 10502
26256 10500
26257 10503
26258 10504
26259 10507
26260 10504
26261 10502
26262 10505
26263 10506
26264 10509
26265 10506
26266 10504
26267 10507
26268 10508
26269 10511
26270 10508
26271 10506
26272 10509
26273 10510
26274 10513
26275 10510
26276 10508
26277 10511
26278 10512
26279 10515
26280 10512
26281 10510
26282 10513
26283 10514
26284 10517
26285 10514
26286 10512
26287 10515
26288 10516
26289 10519
26290 10516
26291 10514
26292 10517
26293 10518
26294 10521
26295 10518
26296 10516
26297 10519
26298 10520
26299 10523
26300 10520
26301 10518
26302 10521
26303 10522
26304 10525
26305 10522
26306 10520
26307 10523
26308 10524
26309 10527
26310 10524
26311 10522
26312 10525
26313 10526
26314 10529
26315 10526
26316 10524
26317 10527
26318 10528
26319 10531
26320 10528
26321 10526
26322 10529
26323 10530
26324 10533
26325 10530
26326 10528
26327 10531
26328 10532
26329 10535
26330 10532
26331 10530
26332 10533
26333 10534
26334 10537
26335 10534
26336 10532
26337 10535
26338 10536
26339 10539
26340 10536
26341 10534
26342 10537
26343 10538
26344 10541
26345 10538
26346 10536
26347 10539
26348 10540
26349 10543
26350 10540
26351 10538
26352 10541
26353 10542
26354 10545
26355 10542
26356 10540
26357 10543
26358 10544
26359 10547
26360 10544
26361 10542
26362 10545
26363 10546
26364 10549
26365 10546
26366 10544
26367 10547
26368 10548
26369 10551
26370 10548
26371 10546
26372 10549
26373 10550
26374 10553
26375 10550
26376 10548
26377 10551
26378 10552
26379 10555
26380 10552
26381 10550
26382 10553
26383 10554
26384 10557
26385 10554
26386 10552
26387 10555
26388 10556
26389 10559
26390 10556
26391 10554
26392 10557
26393 10558
26394 10561
26395 10558
26396 10556
26397 10559
26398 10560
26399 10563
26400 10560
26401 10558
26402 10561
26403 10562
26404 10565
26405 10562
26406 10560
26407 10563
26408 10564
26409 10567
26410 10564
26411 10562
26412 10565
26413 10566
26414 10569
26415 10566
26416 10564
26417 10567
26418 10568
26419 10571
26420 10568
26421 10566
26422 10569
26423 10570
26424 10573
26425 10570
26426 10568
26427 10571
26428 10572
26429 10575
26430 10572
26431 10570
26432 10573
26433 10574
26434 10577
26435 10574
26436 10572
26437 10575
26438 10576
26439 10579
26440 10576
26441 10574
26442 10577
26443 10578
26444 10581
26445 10578
26446 10576
26447 10579
26448 10580
26449 10583
26450 10580
26451 10578
26452 10581
26453 10582
26454 10585
26455 10582
26456 10580
26457 10583
26458 10584
26459 10587
26460 10584
26461 10582
26462 10585
26463 10586
26464 10589
26465 10586
26466 10584
26467 10587
26468 10588
26469 10591
26470 10588
26471 10586
26472 10589
26473 10590
26474 10593
26475 10590
26476 10588
26477 10591
26478 10592
26479 10595
26480 10592
26481 10590
26482 10593
26483 10594
26484 10597
26485 10594
26486 10592
26487 10595
26488 10596
26489 10599
26490 10596
26491 10594
26492 10597
26493 10598
26494 10601
26495 10598
26496 10596
26497 10599
26498 10600
26499 10603
26500 10600
26501 10598
26502 10601
26503 10602
26504 10605
26505 10602
26506 10600
26507 10603
26508 10604
26509 10607
26510 10604
26511 10602
26512 10605
26513 10606
26514 10609
26515 10606
26516 10604
26517 10607
26518 10608
26519 10611
26520 10608
26521 10606
26522 10609
26523 10610
26524 10613
26525 10610
26526 10608
26527 10611
26528 10612
26529 10615
26530 10612
26531 10610
26532 10613
26533 10614
26534 10617
26535 10614
26536 10612
26537 10615
26538 10616
26539 10619
26540 10616
26541 10614
26542 10617
26543 10618
26544 10621
26545 10618
26546 10616
26547 10619
26548 10620
26549 10623
26550 10620
26551 10618
26552 10621
26553 10622
26554 10625
26555 10622
26556 10620
26557 10623
26558 10624
26559 10627
26560 10624
26561 10622
26562 10625
26563 10626
26564 10629
26565 10626
26566 10624
26567 10627
26568 10628
26569 10631
26570 10628
26571 10626
26572 10629
26573 10630
26574 10633
26575 10630
26576 10628
26577 10631
26578 10632
26579 10635
26580 10632
26581 10630
26582 10633
26583 10634
26584 10637
26585 10634
26586 10632
26587 10635
26588 10636
26589 10639
26590 10636
26591 10634
26592 10637
26593 10638
26594 10641
26595 10638
26596 10636
26597 10639
26598 10640
26599 10643
26600 10640
26601 10638
26602 10641
26603 10642
26604 10645
26605 10642
26606 10640
26607 10643
26608 10644
26609 10647
26610 10644
26611 10642
26612 10645
26613 10646
26614 10649
26615 10646
26616 10644
26617 10647
26618 10648
26619 10651
26620 10648
26621 10646
26622 10649
26623 10650
26624 10653
26625 10650
26626 10648
26627 10651
26628 10652
26629 10655
26630 10652
26631 10650
26632 10653
26633 10654
26634 10657
26635 10654
26636 10652
26637 10655
26638 10656
26639 10659
26640 10656
26641 10654
26642 10657
26643 10658
26644 10661
26645 10658
26646 10656
26647 10659
26648 10660
26649 10663
26650 10660
26651 10658
26652 10661
26653 10662
26654 10665
26655 10662
26656 10660
26657 10663
26658 10664
26659 10667
26660 10664
26661 10662
26662 10665
26663 10666
26664 10669
26665 10666
26666 10664
26667 10667
26668 10668
26669 10671
26670 10668
26671 10666
26672 10669
26673 10670
26674 10673
26675 10670
26676 10668
26677 10671
26678 10672
26679 10675
26680 10672
26681 10670
26682 10673
26683 10674
26684 10677
26685 10674
26686 10672
26687 10675
26688 10676
26689 10679
26690 10676
26691 10674
26692 10677
26693 10678
26694 10681
26695 10678
26696 10676
26697 10679
26698 10680
26699 10683
26700 10680
26701 10678
26702 10681
26703 10682
26704 10685
26705 10682
26706 10680
26707 10683
26708 10684
26709 10687
26710 10684
26711 10682
26712 10685
26713 10686
26714 10689
26715 10686
26716 10684
26717 10687
26718 10688
26719 10691
26720 10688
26721 10686
26722 10689
26723 10690
26724 10693
26725 10690
26726 10688
26727 10691
26728 10692
26729 10695
26730 10692
26731 10690
26732 10693
26733 10694
26734 10697
26735 10694
26736 10692
26737 10695
26738 10696
26739 10699
26740 10696
26741 10694
26742 10697
26743 10698
26744 10701
26745 10698
26746 10696
26747 10699
26748 10700
26749 10703
26750 10700
26751 10698
26752 10701
26753 10702
26754 10705
26755 10702
26756 10700
26757 10703
26758 10704
26759 10707
26760 10704
26761 10702
26762 10705
26763 10706
26764 10709
26765 10706
26766 10704
26767 10707
26768 10708
26769 10711
26770 10708
26771 10706
26772 10709
26773 10710
26774 10713
26775 10710
26776 10708
26777 10711
26778 10712
26779 10715
26780 10712
26781 10710
26782 10713
26783 10714
26784 10717
26785 10714
26786 10712
26787 10715
26788 10716
26789 10719
26790 10716
26791 10714
26792 10717
26793 10718
26794 10721
26795 10718
26796 10716
26797 10719
26798 10720
26799 10723
26800 10720
26801 10718
26802 10721
26803 10722
26804 10725
26805 10722
26806 10720
26807 10723
26808 10724
26809 10727
26810 10724
26811 10722
26812 10725
26813 10726
26814 10729
26815 10726
26816 10724
26817 10727
26818 10728
26819 10731
26820 10728
26821 10726
26822 10729
26823 10730
26824 10733
26825 10730
26826 10728
26827 10731
26828 10732
26829 10735
26830 10732
26831 10730
26832 10733
26833 10734
26834 10737
26835 10734
26836 10732
26837 10735
26838 10736
26839 10739
26840 10736
26841 10734
26842 10737
26843 10738
26844 10741
26845 10738
26846 10736
26847 10739
26848 10740
26849 10743
26850 10740
26851 10738
26852 10741
26853 10742
26854 10745
26855 10742
26856 10740
26857 10743
26858 10744
26859 10747
26860 10744
26861 10742
26862 10745
26863 10746
26864 10749
26865 10746
26866 10744
26867 10747
26868 10748
26869 10751
26870 10748
26871 10746
26872 10749
26873 10750
26874 10753
26875 10750
26876 10748
26877 10751
26878 10752
26879 10755
26880 10752
26881 10750
26882 10753
26883 10754
26884 10757
26885 10754
26886 10752
26887 10755
26888 10756
26889 10759
26890 10756
26891 10754
26892 10757
26893 10758
26894 10761
26895 10758
26896 10756
26897 10759
26898 10760
26899 10763
26900 10760
26901 10758
26902 10761
26903 10762
26904 10765
26905 10762
26906 10760
26907 10763
26908 10764
26909 10767
26910 10764
26911 10762
26912 10765
26913 10766
26914 10769
26915 10766
26916 10764
26917 10767
26918 10768
26919 10771
26920 10768
26921 10766
26922 10769
26923 10770
26924 10773
26925 10770
26926 10768
26927 10771
26928 10772
26929 10775
26930 10772
26931 10770
26932 10773
26933 10774
26934 10777
26935 10774
26936 10772
26937 10775
26938 10776
26939 10779
26940 10776
26941 10774
26942 10777
26943 10778
26944 10781
26945 10778
26946 10776
26947 10779
26948 10780
26949 10783
26950 10780
26951 10778
26952 10781
26953 10782
26954 10785
26955 10782
26956 10780
26957 10783
26958 10784
26959 10787
26960 10784
26961 10782
26962 10785
26963 10786
26964 10789
26965 10786
26966 10784
26967 10787
26968 10788
26969 10791
26970 10788
26971 10786
26972 10789
26973 10790
26974 10793
26975 10790
26976 10788
26977 10791
26978 10792
26979 10795
26980 10792
26981 10790
26982 10793
26983 10794
26984 10797
26985 10794
26986 10792
26987 10795
26988 10796
26989 10799
26990 10796
26991 10794
26992 10797
26993 10798
26994 10801
26995 10798
26996 10796
26997 10799
26998 10800
26999 10803
27000 10800
27001 10798
27002 10801
27003 10802
27004 10805
27005 10802
27006 10800
27007 10803
27008 10804
27009 10807
27010 10804
27011 10802
27012 10805
27013 10806
27014 10809
27015 10806
27016 10804
27017 10807
27018 10808
27019 10811
27020 10808
27021 10806
27022 10809
27023 10810
27024 10813
27025 10810
27026 10808
27027 10811
27028 10812
27029 10815
27030 10812
27031 10810
27032 10813
27033 10814
27034 10817
27035 10814
27036 10812
27037 10815
27038 10816
27039 10819
27040 10816
27041 10814
27042 10817
27043 10818
27044 10821
27045 10818
27046 10816
27047 10819
27048 10820
27049 10823
27050 10820
27051 10818
27052 10821
27053 10822
27054 10825
27055 10822
27056 10820
27057 10823
27058 10824
27059 10827
27060 10824
27061 10822
27062 10825
27063 10826
27064 10829
27065 10826
27066 10824
27067 10827
27068 10828
27069 10831
27070 10828
27071 10826
27072 10829
27073 10830
27074 10833
27075 10830
27076 10828
27077 10831
27078 10832
27079 10835
27080 10832
27081 10830
27082 10833
27083 10834
27084 10837
27085 10834
27086 10832
27087 10835
27088 10836
27089 10839
27090 10836
27091 10834
27092 10837
27093 10838
27094 10841
27095 10838
27096 10836
27097 10839
27098 10840
27099 10843
27100 10840
27101 10838
27102 10841
27103 10842
27104 10845
27105 10842
27106 10840
27107 10843
27108 10844
27109 10847
27110 10844
27111 10842
27112 10845
27113 10846
27114 10849
27115 10846
27116 10844
27117 10847
27118 10848
27119 10851
27120 10848
27121 10846
27122 10849
27123 10850
27124 10853
27125 10850
27126 10848
27127 10851
27128 10852
27129 10855
27130 10852
27131 10850
27132 10853
27133 10854
27134 10857
27135 10854
27136 10852
27137 10855
27138 10856
27139 10859
27140 10856
27141 10854
27142 10857
27143 10858
27144 10861
27145 10858
27146 10856
27147 10859
27148 10860
27149 10863
27150 10860
27151 10858
27152 10861
27153 10862
27154 10865
27155 10862
27156 10860
27157 10863
27158 10864
27159 10867
27160 10864
27161 10862
27162 10865
27163 10866
27164 10869
27165 10866
27166 10864
27167 10867
27168 10868
27169 10871
27170 10868
27171 10866
27172 10869
27173 10870
27174 10873
27175 10870
27176 10868
27177 10871
27178 10872
27179 10875
27180 10872
27181 10870
27182 10873
27183 10874
27184 10877
27185 10874
27186 10872
27187 10875
27188 10876
27189 10879
27190 10876
27191 10874
27192 10877
27193 10878
27194 10881
27195 10878
27196 10876
27197 10879
27198 10880
27199 10883
27200 10880
27201 10878
27202 10881
27203 10882
27204 10885
27205 10882
27206 10880
27207 10883
27208 10884
27209 10887
27210 10884
27211 10882
27212 10885
27213 10886
27214 10889
27215 10886
27216 10884
27217 10887
27218 10888
27219 10891
27220 10888
27221 10886
27222 10889
27223 10890
27224 10893
27225 10890
27226 10888
27227 10891
27228 10892
27229 10895
27230 10892
27231 10890
27232 10893
27233 10894
27234 10897
27235 10894
27236 10892
27237 10895
27238 10896
27239 10899
27240 10896
27241 10894
27242 10897
27243 10898
27244 10901
27245 10898
27246 10896
27247 10899
27248 10900
27249 10903
27250 10900
27251 10898
27252 10901
27253 10902
27254 10905
27255 10902
27256 10900
27257 10903
27258 10904
27259 10907
27260 10904
27261 10902
27262 10905
27263 10906
27264 10909
27265 10906
27266 10904
27267 10907
27268 10908
27269 10911
27270 10908
27271 10906
27272 10909
27273 10910
27274 10913
27275 10910
27276 10908
27277 10911
27278 10912
27279 10915
27280 10912
27281 10910
27282 10913
27283 10914
27284 10917
27285 10914
27286 10912
27287 10915
27288 10916
27289 10919
27290 10916
27291 10914
27292 10917
27293 10918
27294 10921
27295 10918
27296 10916
27297 10919
27298 10920
27299 10923
27300 10920
27301 10918
27302 10921
27303 10922
27304 10925
27305 10922
27306 10920
27307 10923
27308 10924
27309 10927
27310 10924
27311 10922
27312 10925
27313 10926
27314 10929
27315 10926
27316 10924
27317 10927
27318 10928
27319 10931
27320 10928
27321 10926
27322 10929
27323 10930
27324 10933
27325 10930
27326 10928
27327 10931
27328 10932
27329 10935
27330 10932
27331 10930
27332 10933
27333 10934
27334 10937
27335 10934
27336 10932
27337 10935
27338 10936
27339 10939
27340 10936
27341 10934
27342 10937
27343 10938
27344 10941
27345 10938
27346 10936
27347 10939
27348 10940
27349 10943
27350 10940
27351 10938
27352 10941
27353 10942
27354 10945
27355 10942
27356 10940
27357 10943
27358 10944
27359 10947
27360 10944
27361 10942
27362 10945
27363 10946
27364 10949
27365 10946
27366 10944
27367 10947
27368 10948
27369 10951
27370 10948
27371 10946
27372 10949
27373 10950
27374 10953
27375 10950
27376 10948
27377 10951
27378 10952
27379 10955
27380 10952
27381 10950
27382 10953
27383 10954
27384 10957
27385 10954
27386 10952
27387 10955
27388 10956
27389 10959
27390 10956
27391 10954
27392 10957
27393 10958
27394 10961
27395 10958
27396 10956
27397 10959
27398 10960
27399 10963
27400 10960
27401 10958
27402 10961
27403 10962
27404 10965
27405 10962
27406 10960
27407 10963
27408 10964
27409 10967
27410 10964
27411 10962
27412 10965
27413 10966
27414 10969
27415 10966
27416 10964
27417 10967
27418 10968
27419 10971
27420 10968
27421 10966
27422 10969
27423 10970
27424 10973
27425 10970
27426 10968
27427 10971
27428 10972
27429 10975
27430 10972
27431 10970
27432 10973
27433 10974
27434 10977
27435 10974
27436 10972
27437 10975
27438 10976
27439 10979
27440 10976
27441 10974
27442 10977
27443 10978
27444 10981
27445 10978
27446 10976
27447 10979
27448 10980
27449 10983
27450 10980
27451 10978
27452 10981
27453 10982
27454 10985
27455 10982
27456 10980
27457 10983
27458 10984
27459 10987
27460 10984
27461 10982
27462 10985
27463 10986
27464 10989
27465 10986
27466 10984
27467 10987
27468 10988
27469 10991
27470 10988
27471 10986
27472 10989
27473 10990
27474 10993
27475 10990
27476 10988
27477 10991
27478 10992
27479 10995
27480 10992
27481 10990
27482 10993
27483 10994
27484 10997
27485 10994
27486 10992
27487 10995
27488 10996
27489 10999
27490 10996
27491 10994
27492 10997
27493 10998
27494 11001
27495 10998
27496 10996
27497 10999
27498 11000
27499 11003
27500 11000
27501 10998
27502 11001
27503 11002
27504 11005
27505 11002
27506 11000
27507 11003
27508 11004
27509 11007
27510 11004
27511 11002
27512 11005
27513 11006
27514 11009
27515 11006
27516 11004
27517 11007
27518 11008
27519 11011
27520 11008
27521 11006
27522 11009
27523 11010
27524 11013
27525 11010
27526 11008
27527 11011
27528 11012
27529 11015
27530 11012
27531 11010
27532 11013
27533 11014
27534 11017
27535 11014
27536 11012
27537 11015
27538 11016
27539 11019
27540 11016
27541 11014
27542 11017
27543 11018
27544 11021
27545 11018
27546 11016
27547 11019
27548 11020
27549 11023
27550 11020
27551 11018
27552 11021
27553 11022
27554 11025
27555 11022
27556 11020
27557 11023
27558 11024
27559 11027
27560 11024
27561 11022
27562 11025
27563 11026
27564 11029
27565 11026
27566 11024
27567 11027
27568 11028
27569 11031
27570 11028
27571 11026
27572 11029
27573 11030
27574 11033
27575 11030
27576 11028
27577 11031
27578 11032
27579 11035
27580 11032
27581 11030
27582 11033
27583 11034
27584 11037
27585 11034
27586 11032
27587 11035
27588 11036
27589 11039
27590 11036
27591 11034
27592 11037
27593 11038
27594 11041
27595 11038
27596 11036
27597 11039
27598 11040
27599 11043
27600 11040
27601 11038
27602 11041
27603 11042
27604 11045
27605 11042
27606 11040
27607 11043
27608 11044
27609 11047
27610 11044
27611 11042
27612 11045
27613 11046
27614 11049
27615 11046
27616 11044
27617 11047
27618 11048
27619 11051
27620 11048
27621 11046
27622 11049
27623 11050
27624 11053
27625 11050
27626 11048
27627 11051
27628 11052
27629 11055
27630 11052
27631 11050
27632 11053
27633 11054
27634 11057
27635 11054
27636 11052
27637 11055
27638 11056
27639 11059
27640 11056
27641 11054
27642 11057
27643 11058
27644 11061
27645 11058
27646 11056
27647 11059
27648 11060
27649 11063
27650 11060
27651 11058
27652 11061
27653 11062
27654 11065
27655 11062
27656 11060
27657 11063
27658 11064
27659 11067
27660 11064
27661 11062
27662 11065
27663 11066
27664 11069
27665 11066
27666 11064
27667 11067
27668 11068
27669 11071
27670 11068
27671 11066
27672 11069
27673 11070
27674 11073
27675 11070
27676 11068
27677 11071
27678 11072
27679 11075
27680 11072
27681 11070
27682 11073
27683 11074
27684 11077
27685 11074
27686 11072
27687 11075
27688 11076
27689 11079
27690 11076
27691 11074
27692 11077
27693 11078
27694 11081
27695 11078
27696 11076
27697 11079
27698 11080
27699 11083
27700 11080
27701 11078
27702 11081
27703 11082
27704 11085
27705 11082
27706 11080
27707 11083
27708 11084
27709 11087
27710 11084
27711 11082
27712 11085
27713 11086
27714 11089
27715 11086
27716 11084
27717 11087
27718 11088
27719 11091
27720 11088
27721 11086
27722 11089
27723 11090
27724 11093
27725 11090
27726 11088
27727 11091
27728 11092
27729 11095
27730 11092
27731 11090
27732 11093
27733 11094
27734 11097
27735 11094
27736 11092
27737 11095
27738 11096
27739 11099
27740 11096
27741 11094
27742 11097
27743 11098
27744 11101
27745 11098
27746 11096
27747 11099
27748 11100
27749 11103
27750 11100
27751 11098
27752 11101
27753 11102
27754 11105
27755 11102
27756 11100
27757 11103
27758 11104
27759 11107
27760 11104
27761 11102
27762 11105
27763 11106
27764 11109
27765 11106
27766 11104
27767 11107
27768 11108
27769 11111
27770 11108
27771 11106
27772 11109
27773 11110
27774 11113
27775 11110
27776 11108
27777 11111
27778 11112
27779 11115
27780 11112
27781 11110
27782 11113
27783 11114
27784 11117
27785 11114
27786 11112
27787 11115
27788 11116
27789 11119
27790 11116
27791 11114
27792 11117
27793 11118
27794 11121
27795 11118
27796 11116
27797 11119
27798 11120
27799 11123
27800 11120
27801 11118
27802 11121
27803 11122
27804 11125
27805 11122
27806 11120
27807 11123
27808 11124
27809 11127
27810 11124
27811 11122
27812 11125
27813 11126
27814 11129
27815 11126
27816 11124
27817 11127
27818 11128
27819 11131
27820 11128
27821 11126
27822 11129
27823 11130
27824 11133
27825 11130
27826 11128
27827 11131
27828 11132
27829 11135
27830 11132
27831 11130
27832 11133
27833 11134
27834 11137
27835 11134
27836 11132
27837 11135
27838 11136
27839 11139
27840 11136
27841 11134
27842 11137
27843 11138
27844 11141
27845 11138
27846 11136
27847 11139
27848 11140
27849 11143
27850 11140
27851 11138
27852 11141
27853 11142
27854 11145
27855 11142
27856 11140
27857 11143
27858 11144
27859 11147
27860 11144
27861 11142
27862 11145
27863 11146
27864 11149
27865 11146
27866 11144
27867 11147
27868 11148
27869 11151
27870 11148
27871 11146
27872 11149
27873 11150
27874 11153
27875 11150
27876 11148
27877 11151
27878 11152
27879 11155
27880 11152
27881 11150
27882 11153
27883 11154
27884 11157
27885 11154
27886 11152
27887 11155
27888 11156
27889 11159
27890 11156
27891 11154
27892 11157
27893 11158
27894 11161
27895 11158
27896 11156
27897 11159
27898 11160
27899 11163
27900 11160
27901 11158
27902 11161
27903 11162
27904 11165
27905 11162
27906 11160
27907 11163
27908 11164
27909 11167
27910 11164
27911 11162
27912 11165
27913 11166
27914 11169
27915 11166
27916 11164
27917 11167
27918 11168
27919 11171
27920 11168
27921 11166
27922 11169
27923 11170
27924 11173
27925 11170
27926 11168
27927 11171
27928 11172
27929 11175
27930 11172
27931 11170
27932 11173
27933 11174
27934 11177
27935 11174
27936 11172
27937 11175
27938 11176
27939 11179
27940 11176
27941 11174
27942 11177
27943 11178
27944 11181
27945 11178
27946 11176
27947 11179
27948 11180
27949 11183
27950 11180
27951 11178
27952 11181
27953 11182
27954 11185
27955 11182
27956 11180
27957 11183
27958 11184
27959 11187
27960 11184
27961 11182
27962 11185
27963 11186
27964 11189
27965 11186
27966 11184
27967 11187
27968 11188
27969 11191
27970 11188
27971 11186
27972 11189
27973 11190
27974 11193
27975 11190
27976 11188
27977 11191
27978 11192
27979 11195
27980 11192
27981 11190
27982 11193
27983 11194
27984 11197
27985 11194
27986 11192
27987 11195
27988 11196
27989 11199
27990 11196
27991 11194
27992 11197
27993 11198
27994 11201
27995 11198
27996 11196
27997 11199
27998 11200
27999 11203
28000 11200
28001 11198
28002 11201
28003 11202
28004 11205
28005 11202
28006 11200
28007 11203
28008 11204
28009 11207
28010 11204
28011 11202
28012 11205
28013 11206
28014 11209
28015 11206
28016 11204
28017 11207
28018 11208
28019 11211
28020 11208
28021 11206
28022 11209
28023 11210
28024 11213
28025 11210
28026 11208
28027 11211
28028 11212
28029 11215
28030 11212
28031 11210
28032 11213
28033 11214
28034 11217
28035 11214
28036 11212
28037 11215
28038 11216
28039 11219
28040 11216
28041 11214
28042 11217
28043 11218
28044 11221
28045 11218
28046 11216
28047 11219
28048 11220
28049 11223
28050 11220
28051 11218
28052 11221
28053 11222
28054 11225
28055 11222
28056 11220
28057 11223
28058 11224
28059 11227
28060 11224
28061 11222
28062 11225
28063 11226
28064 11229
28065 11226
28066 11224
28067 11227
28068 11228
28069 11231
28070 11228
28071 11226
28072 11229
28073 11230
28074 11233
28075 11230
28076 11228
28077 11231
28078 11232
28079 11235
28080 11232
28081 11230
28082 11233
28083 11234
28084 11237
28085 11234
28086 11232
28087 11235
28088 11236
28089 11239
28090 11236
28091 11234
28092 11237
28093 11238
28094 11241
28095 11238
28096 11236
28097 11239
28098 11240
28099 11243
28100 11240
28101 11238
28102 11241
28103 11242
28104 11245
28105 11242
28106 11240
28107 11243
28108 11244
28109 11247
28110 11244
28111 11242
28112 11245
28113 11246
28114 11249
28115 11246
28116 11244
28117 11247
28118 11248
28119 11251
28120 11248
28121 11246
28122 11249
28123 11250
28124 11253
28125 11250
28126 11248
28127 11251
28128 11252
28129 11255
28130 11252
28131 11250
28132 11253
28133 11254
28134 11257
28135 11254
28136 11252
28137 11255
28138 11256
28139 11259
28140 11256
28141 11254
28142 11257
28143 11258
28144 11261
28145 11258
28146 11256
28147 11259
28148 11260
28149 11263
28150 11260
28151 11258
28152 11261
28153 11262
28154 11265
28155 11262
28156 11260
28157 11263
28158 11264
28159 11267
28160 11264
28161 11262
28162 11265
28163 11266
28164 11269
28165 11266
28166 11264
28167 11267
28168 11268
28169 11271
28170 11268
28171 11266
28172 11269
28173 11270
28174 11273
28175 11270
28176 11268
28177 11271
28178 11272
28179 11275
28180 11272
28181 11270
28182 11273
28183 11274
28184 11277
28185 11274
28186 11272
28187 11275
28188 11276
28189 11279
28190 11276
28191 11274
28192 11277
28193 11278
28194 11281
28195 11278
28196 11276
28197 11279
28198 11280
28199 11283
28200 11280
28201 11278
28202 11281
28203 11282
28204 11285
28205 11282
28206 11280
28207 11283
28208 11284
28209 11287
28210 11284
28211 11282
28212 11285
28213 11286
28214 11289
28215 11286
28216 11284
28217 11287
28218 11288
28219 11291
28220 11288
28221 11286
28222 11289
28223 11290
28224 11293
28225 11290
28226 11288
28227 11291
28228 11292
28229 11295
28230 11292
28231 11290
28232 11293
28233 11294
28234 11297
28235 11294
28236 11292
28237 11295
28238 11296
28239 11299
28240 11296
28241 11294
28242 11297
28243 11298
28244 11301
28245 11298
28246 11296
28247 11299
28248 11300
28249 11303
28250 11300
28251 11298
28252 11301
28253 11302
28254 11305
28255 11302
28256 11300
28257 11303
28258 11304
28259 11307
28260 11304
28261 11302
28262 11305
28263 11306
28264 11309
28265 11306
28266 11304
28267 11307
28268 11308
28269 11311
28270 11308
28271 11306
28272 11309
28273 11310
28274 11313
28275 11310
28276 11308
28277 11311
28278 11312
28279 11315
28280 11312
28281 11310
28282 11313
28283 11314
28284 11317
28285 11314
28286 11312
28287 11315
28288 11316
28289 11319
28290 11316
28291 11314
28292 11317
28293 11318
28294 11321
28295 11318
28296 11316
28297 11319
28298 11320
28299 11323
28300 11320
28301 11318
28302 11321
28303 11322
28304 11325
28305 11322
28306 11320
28307 11323
28308 11324
28309 11327
28310 11324
28311 11322
28312 11325
28313 11326
28314 11329
28315 11326
28316 11324
28317 11327
28318 11328
28319 11331
28320 11328
28321 11326
28322 11329
28323 11330
28324 11333
28325 11330
28326 11328
28327 11331
28328 11332
28329 11335
28330 11332
28331 11330
28332 11333
28333 11334
28334 11337
28335 11334
28336 11332
28337 11335
28338 11336
28339 11339
28340 11336
28341 11334
28342 11337
28343 11338
28344 11341
28345 11338
28346 11336
28347 11339
28348 11340
28349 11343
28350 11340
28351 11338
28352 11341
28353 11342
28354 11345
28355 11342
28356 11340
28357 11343
28358 11344
28359 11347
28360 11344
28361 11342
28362 11345
28363 11346
28364 11349
28365 11346
28366 11344
28367 11347
28368 11348
28369 11351
28370 11348
28371 11346
28372 11349
28373 11350
28374 11353
28375 11350
28376 11348
28377 11351
28378 11352
28379 11355
28380 11352
28381 11350
28382 11353
28383 11354
28384 11357
28385 11354
28386 11352
28387 11355
28388 11356
28389 11359
28390 11356
28391 11354
28392 11357
28393 11358
28394 11361
28395 11358
28396 11356
28397 11359
28398 11360
28399 11363
28400 11360
28401 11358
28402 11361
28403 11362
28404 11365
28405 11362
28406 11360
28407 11363
28408 11364
28409 11367
28410 11364
28411 11362
28412 11365
28413 11366
28414 11369
28415 11366
28416 11364
28417 11367
28418 11368
28419 11371
28420 11368
28421 11366
28422 11369
28423 11370
28424 11373
28425 11370
28426 11368
28427 11371
28428 11372
28429 11375
28430 11372
28431 11370
28432 11373
28433 11374
28434 11377
28435 11374
28436 11372
28437 11375
28438 11376
28439 11379
28440 11376
28441 11374
28442 11377
28443 11378
28444 11381
28445 11378
28446 11376
28447 11379
28448 11380
28449 11383
28450 11380
28451 11378
28452 11381
28453 11382
28454 11385
28455 11382
28456 11380
28457 11383
28458 11384
28459 11387
28460 11384
28461 11382
28462 11385
28463 11386
28464 11389
28465 11386
28466 11384
28467 11387
28468 11388
28469 11391
28470 11388
28471 11386
28472 11389
28473 11390
28474 11393
28475 11390
28476 11388
28477 11391
28478 11392
28479 11395
28480 11392
28481 11390
28482 11393
28483 11394
28484 11397
28485 11394
28486 11392
28487 11395
28488 11396
28489 11399
28490 11396
28491 11394
28492 11397
28493 11398
28494 11401
28495 11398
28496 11396
28497 11399
28498 11400
28499 11403
28500 11400
28501 11398
28502 11401
28503 11402
28504 11405
28505 11402
28506 11400
28507 11403
28508 11404
28509 11407
28510 11404
28511 11402
28512 11405
28513 11406
28514 11409
28515 11406
28516 11404
28517 11407
28518 11408
28519 11411
28520 11408
28521 11406
28522 11409
28523 11410
28524 11413
28525 11410
28526 11408
28527 11411
28528 11412
28529 11415
28530 11412
28531 11410
28532 11413
28533 11414
28534 11417
28535 11414
28536 11412
28537 11415
28538 11416
28539 11419
28540 11416
28541 11414
28542 11417
28543 11418
28544 11421
28545 11418
28546 11416
28547 11419
28548 11420
28549 11423
28550 11420
28551 11418
28552 11421
28553 11422
28554 11425
28555 11422
28556 11420
28557 11423
28558 11424
28559 11427
28560 11424
28561 11422
28562 11425
28563 11426
28564 11429
28565 11426
28566 11424
28567 11427
28568 11428
28569 11431
28570 11428
28571 11426
28572 11429
28573 11430
28574 11433
28575 11430
28576 11428
28577 11431
28578 11432
28579 11435
28580 11432
28581 11430
28582 11433
28583 11434
28584 11437
28585 11434
28586 11432
28587 11435
28588 11436
28589 11439
28590 11436
28591 11434
28592 11437
28593 11438
28594 11441
28595 11438
28596 11436
28597 11439
28598 11440
28599 11443
28600 11440
28601 11438
28602 11441
28603 11442
28604 11445
28605 11442
28606 11440
28607 11443
28608 11444
28609 11447
28610 11444
28611 11442
28612 11445
28613 11446
28614 11449
28615 11446
28616 11444
28617 11447
28618 11448
28619 11451
28620 11448
28621 11446
28622 11449
28623 11450
28624 11453
28625 11450
28626 11448
28627 11451
28628 11452
28629 11455
28630 11452
28631 11450
28632 11453
28633 11454
28634 11457
28635 11454
28636 11452
28637 11455
28638 11456
28639 11459
28640 11456
28641 11454
28642 11457
28643 11458
28644 11461
28645 11458
28646 11456
28647 11459
28648 11460
28649 11463
28650 11460
28651 11458
28652 11461
28653 11462
28654 11465
28655 11462
28656 11460
28657 11463
28658 11464
28659 11467
28660 11464
28661 11462
28662 11465
28663 11466
28664 11469
28665 11466
28666 11464
28667 11467
28668 11468
28669 11471
28670 11468
28671 11466
28672 11469
28673 11470
28674 11473
28675 11470
28676 11468
28677 11471
28678 11472
28679 11475
28680 11472
28681 11470
28682 11473
28683 11474
28684 11477
28685 11474
28686 11472
28687 11475
28688 11476
28689 11479
28690 11476
28691 11474
28692 11477
28693 11478
28694 11481
28695 11478
28696 11476
28697 11479
28698 11480
28699 11483
28700 11480
28701 11478
28702 11481
28703 11482
28704 11485
28705 11482
28706 11480
28707 11483
28708 11484
28709 11487
28710 11484
28711 11482
28712 11485
28713 11486
28714 11489
28715 11486
28716 11484
28717 11487
28718 11488
28719 11491
28720 11488
28721 11486
28722 11489
28723 11490
28724 11493
28725 11490
28726 11488
28727 11491
28728 11492
28729 11495
28730 11492
28731 11490
28732 11493
28733 11494
28734 11497
28735 11494
28736 11492
28737 11495
28738 11496
28739 11499
28740 11496
28741 11494
28742 11497
28743 11498
28744 11501
28745 11498
28746 11496
28747 11499
28748 11500
28749 11503
28750 11500
28751 11498
28752 11501
28753 11502
28754 11505
28755 11502
28756 11500
28757 11503
28758 11504
28759 11507
28760 11504
28761 11502
28762 11505
28763 11506
28764 11509
28765 11506
28766 11504
28767 11507
28768 11508
28769 11511
28770 11508
28771 11506
28772 11509
28773 11510
28774 11513
28775 11510
28776 11508
28777 11511
28778 11512
28779 11515
28780 11512
28781 11510
28782 11513
28783 11514
28784 11517
28785 11514
28786 11512
28787 11515
28788 11516
28789 11519
28790 11516
28791 11514
28792 11517
28793 11518
28794 11521
28795 11518
28796 11516
28797 11519
28798 11520
28799 11523
28800 11520
28801 11518
28802 11521
28803 11522
28804 11525
28805 11522
28806 11520
28807 11523
28808 11524
28809 11527
28810 11524
28811 11522
28812 11525
28813 11526
28814 11529
28815 11526
28816 11524
28817 11527
28818 11528
28819 11531
28820 11528
28821 11526
28822 11529
28823 11530
28824 11533
28825 11530
28826 11528
28827 11531
28828 11532
28829 11535
28830 11532
28831 11530
28832 11533
28833 11534
28834 11537
28835 11534
28836 11532
28837 11535
28838 11536
28839 11539
28840 11536
28841 11534
28842 11537
28843 11538
28844 11541
28845 11538
28846 11536
28847 11539
28848 11540
28849 11543
28850 11540
28851 11538
28852 11541
28853 11542
28854 11545
28855 11542
28856 11540
28857 11543
28858 11544
28859 11547
28860 11544
28861 11542
28862 11545
28863 11546
28864 11549
28865 11546
28866 11544
28867 11547
28868 11548
28869 11551
28870 11548
28871 11546
28872 11549
28873 11550
28874 11553
28875 11550
28876 11548
28877 11551
28878 11552
28879 11555
28880 11552
28881 11550
28882 11553
28883 11554
28884 11557
28885 11554
28886 11552
28887 11555
28888 11556
28889 11559
28890 11556
28891 11554
28892 11557
28893 11558
28894 11561
28895 11558
28896 11556
28897 11559
28898 11560
28899 11563
28900 11560
28901 11558
28902 11561
28903 11562
28904 11565
28905 11562
28906 11560
28907 11563
28908 11564
28909 11567
28910 11564
28911 11562
28912 11565
28913 11566
28914 11569
28915 11566
28916 11564
28917 11567
28918 11568
28919 11571
28920 11568
28921 11566
28922 11569
28923 11570
28924 11573
28925 11570
28926 11568
28927 11571
28928 11572
28929 11575
28930 11572
28931 11570
28932 11573
28933 11574
28934 11577
28935 11574
28936 11572
28937 11575
28938 11576
28939 11579
28940 11576
28941 11574
28942 11577
28943 11578
28944 11581
28945 11578
28946 11576
28947 11579
28948 11580
28949 11583
28950 11580
28951 11578
28952 11581
28953 11582
28954 11585
28955 11582
28956 11580
28957 11583
28958 11584
28959 11587
28960 11584
28961 11582
28962 11585
28963 11586
28964 11589
28965 11586
28966 11584
28967 11587
28968 11588
28969 11591
28970 11588
28971 11586
28972 11589
28973 11590
28974 11593
28975 11590
28976 11588
28977 11591
28978 11592
28979 11595
28980 11592
28981 11590
28982 11593
28983 11594
28984 11597
28985 11594
28986 11592
28987 11595
28988 11596
28989 11599
28990 11596
28991 11594
28992 11597
28993 11598
28994 11601
28995 11598
28996 11596
28997 11599
28998 11600
28999 11603
29000 11600
29001 11598
29002 11601
29003 11602
29004 11605
29005 11602
29006 11600
29007 11603
29008 11604
29009 11607
29010 11604
29011 11602
29012 11605
29013 11606
29014 11609
29015 11606
29016 11604
29017 11607
29018 11608
29019 11611
29020 11608
29021 11606
29022 11609
29023 11610
29024 11613
29025 11610
29026 11608
29027 11611
29028 11612
29029 11615
29030 11612
29031 11610
29032 11613
29033 11614
29034 11617
29035 11614
29036 11612
29037 11615
29038 11616
29039 11619
29040 11616
29041 11614
29042 11617
29043 11618
29044 11621
29045 11618
29046 11616
29047 11619
29048 11620
29049 11623
29050 11620
29051 11618
29052 11621
29053 11622
29054 11625
29055 11622
29056 11620
29057 11623
29058 11624
29059 11627
29060 11624
29061 11622
29062 11625
29063 11626
29064 11629
29065 11626
29066 11624
29067 11627
29068 11628
29069 11631
29070 11628
29071 11626
29072 11629
29073 11630
29074 11633
29075 11630
29076 11628
29077 11631
29078 11632
29079 11635
29080 11632
29081 11630
29082 11633
29083 11634
29084 11637
29085 11634
29086 11632
29087 11635
29088 11636
29089 11639
29090 11636
29091 11634
29092 11637
29093 11638
29094 11641
29095 11638
29096 11636
29097 11639
29098 11640
29099 11643
29100 11640
29101 11638
29102 11641
29103 11642
29104 11645
29105 11642
29106 11640
29107 11643
29108 11644
29109 11647
29110 11644
29111 11642
29112 11645
29113 11646
29114 11649
29115 11646
29116 11644
29117 11647
29118 11648
29119 11651
29120 11648
29121 11646
29122 11649
29123 11650
29124 11653
29125 11650
29126 11648
29127 11651
29128 11652
29129 11655
29130 11652
29131 11650
29132 11653
29133 11654
29134 11657
29135 11654
29136 11652
29137 11655
29138 11656
29139 11659
29140 11656
29141 11654
29142 11657
29143 11658
29144 11661
29145 11658
29146 11656
29147 11659
29148 11660
29149 11663
29150 11660
29151 11658
29152 11661
29153 11662
29154 11665
29155 11662
29156 11660
29157 11663
29158 11664
29159 11667
29160 11664
29161 11662
29162 11665
29163 11666
29164 11669
29165 11666
29166 11664
29167 11667
29168 11668
29169 11671
29170 11668
29171 11666
29172 11669
29173 11670
29174 11673
29175 11670
29176 11668
29177 11671
29178 11672
29179 11675
29180 11672
29181 11670
29182 11673
29183 11674
29184 11677
29185 11674
29186 11672
29187 11675
29188 11676
29189 11679
29190 11676
29191 11674
29192 11677
29193 11678
29194 11681
29195 11678
29196 11676
29197 11679
29198 11680
29199 11683
29200 11680
29201 11678
29202 11681
29203 11682
29204 11685
29205 11682
29206 11680
29207 11683
29208 11684
29209 11687
29210 11684
29211 11682
29212 11685
29213 11686
29214 11689
29215 11686
29216 11684
29217 11687
29218 11688
29219 11691
29220 11688
29221 11686
29222 11689
29223 11690
29224 11693
29225 11690
29226 11688
29227 11691
29228 11692
29229 11695
29230 11692
29231 11690
29232 11693
29233 11694
29234 11697
29235 11694
29236 11692
29237 11695
29238 11696
29239 11699
29240 11696
29241 11694
29242 11697
29243 11698
29244 11701
29245 11698
29246 11696
29247 11699
29248 11700
29249 11703
29250 11700
29251 11698
29252 11701
29253 11702
29254 11705
29255 11702
29256 11700
29257 11703
29258 11704
29259 11707
29260 11704
29261 11702
29262 11705
29263 11706
29264 11709
29265 11706
29266 11704
29267 11707
29268 11708
29269 11711
29270 11708
29271 11706
29272 11709
29273 11710
29274 11713
29275 11710
29276 11708
29277 11711
29278 11712
29279 11715
29280 11712
29281 11710
29282 11713
29283 11714
29284 11717
29285 11714
29286 11712
29287 11715
29288 11716
29289 11719
29290 11716
29291 11714
29292 11717
29293 11718
29294 11721
29295 11718
29296 11716
29297 11719
29298 11720
29299 11723
29300 11720
29301 11718
29302 11721
29303 11722
29304 11725
29305 11722
29306 11720
29307 11723
29308 11724
29309 11727
29310 11724
29311 11722
29312 11725
29313 11726
29314 11729
29315 11726
29316 11724
29317 11727
29318 11728
29319 11731
29320 11728
29321 11726
29322 11729
29323 11730
29324 11733
29325 11730
29326 11728
29327 11731
29328 11732
29329 11735
29330 11732
29331 11730
29332 11733
29333 11734
29334 11737
29335 11734
29336 11732
29337 11735
29338 11736
29339 11739
29340 11736
29341 11734
29342 11737
29343 11738
29344 11741
29345 11738
29346 11736
29347 11739
29348 11740
29349 11743
29350 11740
29351 11738
29352 11741
29353 11742
29354 11745
29355 11742
29356 11740
29357 11743
29358 11744
29359 11747
29360 11744
29361 11742
29362 11745
29363 11746
29364 11749
29365 11746
29366 11744
29367 11747
29368 11748
29369 11751
29370 11748
29371 11746
29372 11749
29373 11750
29374 11753
29375 11750
29376 11748
29377 11751
29378 11752
29379 11755
29380 11752
29381 11750
29382 11753
29383 11754
29384 11757
29385 11754
29386 11752
29387 11755
29388 11756
29389 11759
29390 11756
29391 11754
29392 11757
29393 11758
29394 11761
29395 11758
29396 11756
29397 11759
29398 11760
29399 11763
29400 11760
29401 11758
29402 11761
29403 11762
29404 11765
29405 11762
29406 11760
29407 11763
29408 11764
29409 11767
29410 11764
29411 11762
29412 11765
29413 11766
29414 11769
29415 11766
29416 11764
29417 11767
29418 11768
29419 11771
29420 11768
29421 11766
29422 11769
29423 11770
29424 11773
29425 11770
29426 11768
29427 11771
29428 11772
29429 11775
29430 11772
29431 11770
29432 11773
29433 11774
29434 11777
29435 11774
29436 11772
29437 11775
29438 11776
29439 11779
29440 11776
29441 11774
29442 11777
29443 11778
29444 11781
29445 11778
29446 11776
29447 11779
29448 11780
29449 11783
29450 11780
29451 11778
29452 11781
29453 11782
29454 11785
29455 11782
29456 11780
29457 11783
29458 11784
29459 11787
29460 11784
29461 11782
29462 11785
29463 11786
29464 11789
29465 11786
29466 11784
29467 11787
29468 11788
29469 11791
29470 11788
29471 11786
29472 11789
29473 11790
29474 11793
29475 11790
29476 11788
29477 11791
29478 11792
29479 11795
29480 11792
29481 11790
29482 11793
29483 11794
29484 11797
29485 11794
29486 11792
29487 11795
29488 11796
29489 11799
29490 11796
29491 11794
29492 11797
29493 11798
29494 11801
29495 11798
29496 11796
29497 11799
29498 11800
29499 11803
29500 11800
29501 11798
29502 11801
29503 11802
29504 11805
29505 11802
29506 11800
29507 11803
29508 11804
29509 11807
29510 11804
29511 11802
29512 11805
29513 11806
29514 11809
29515 11806
29516 11804
29517 11807
29518 11808
29519 11811
29520 11808
29521 11806
29522 11809
29523 11810
29524 11813
29525 11810
29526 11808
29527 11811
29528 11812
29529 11815
29530 11812
29531 11810
29532 11813
29533 11814
29534 11817
29535 11814
29536 11812
29537 11815
29538 11816
29539 11819
29540 11816
29541 11814
29542 11817
29543 11818
29544 11821
29545 11818
29546 11816
29547 11819
29548 11820
29549 11823
29550 11820
29551 11818
29552 11821
29553 11822
29554 11825
29555 11822
29556 11820
29557 11823
29558 11824
29559 11827
29560 11824
29561 11822
29562 11825
29563 11826
29564 11829
29565 11826
29566 11824
29567 11827
29568 11828
29569 11831
29570 11828
29571 11826
29572 11829
29573 11830
29574 11833
29575 11830
29576 11828
29577 11831
29578 11832
29579 11835
29580 11832
29581 11830
29582 11833
29583 11834
29584 11837
29585 11834
29586 11832
29587 11835
29588 11836
29589 11839
29590 11836
29591 11834
29592 11837
29593 11838
29594 11841
29595 11838
29596 11836
29597 11839
29598 11840
29599 11843
29600 11840
29601 11838
29602 11841
29603 11842
29604 11845
29605 11842
29606 11840
29607 11843
29608 11844
29609 11847
29610 11844
29611 11842
29612 11845
29613 11846
29614 11849
29615 11846
29616 11844
29617 11847
29618 11848
29619 11851
29620 11848
29621 11846
29622 11849
29623 11850
29624 11853
29625 11850
29626 11848
29627 11851
29628 11852
29629 11855
29630 11852
29631 11850
29632 11853
29633 11854
29634 11857
29635 11854
29636 11852
29637 11855
29638 11856
29639 11859
29640 11856
29641 11854
29642 11857
29643 11858
29644 11861
29645 11858
29646 11856
29647 11859
29648 11860
29649 11863
29650 11860
29651 11858
29652 11861
29653 11862
29654 11865
29655 11862
29656 11860
29657 11863
29658 11864
29659 11867
29660 11864
29661 11862
29662 11865
29663 11866
29664 11869
29665 11866
29666 11864
29667 11867
29668 11868
29669 11871
29670 11868
29671 11866
29672 11869
29673 11870
29674 11873
29675 11870
29676 11868
29677 11871
29678 11872
29679 11875
29680 11872
29681 11870
29682 11873
29683 11874
29684 11877
29685 11874
29686 11872
29687 11875
29688 11876
29689 11879
29690 11876
29691 11874
29692 11877
29693 11878
29694 11881
29695 11878
29696 11876
29697 11879
29698 11880
29699 11883
29700 11880
29701 11878
29702 11881
29703 11882
29704 11885
29705 11882
29706 11880
29707 11883
29708 11884
29709 11887
29710 11884
29711 11882
29712 11885
29713 11886
29714 11889
29715 11886
29716 11884
29717 11887
29718 11888
29719 11891
29720 11888
29721 11886
29722 11889
29723 11890
29724 11893
29725 11890
29726 11888
29727 11891
29728 11892
29729 11895
29730 11892
29731 11890
29732 11893
29733 11894
29734 11897
29735 11894
29736 11892
29737 11895
29738 11896
29739 11899
29740 11896
29741 11894
29742 11897
29743 11898
29744 11901
29745 11898
29746 11896
29747 11899
29748 11900
29749 11903
29750 11900
29751 11898
29752 11901
29753 11902
29754 11905
29755 11902
29756 11900
29757 11903
29758 11904
29759 11907
29760 11904
29761 11902
29762 11905
29763 11906
29764 11909
29765 11906
29766 11904
29767 11907
29768 11908
29769 11911
29770 11908
29771 11906
29772 11909
29773 11910
29774 11913
29775 11910
29776 11908
29777 11911
29778 11912
29779 11915
29780 11912
29781 11910
29782 11913
29783 11914
29784 11917
29785 11914
29786 11912
29787 11915
29788 11916
29789 11919
29790 11916
29791 11914
29792 11917
29793 11918
29794 11921
29795 11918
29796 11916
29797 11919
29798 11920
29799 11923
29800 11920
29801 11918
29802 11921
29803 11922
29804 11925
29805 11922
29806 11920
29807 11923
29808 11924
29809 11927
29810 11924
29811 11922
29812 11925
29813 11926
29814 11929
29815 11926
29816 11924
29817 11927
29818 11928
29819 11931
29820 11928
29821 11926
29822 11929
29823 11930
29824 11933
29825 11930
29826 11928
29827 11931
29828 11932
29829 11935
29830 11932
29831 11930
29832 11933
29833 11934
29834 11937
29835 11934
29836 11932
29837 11935
29838 11936
29839 11939
29840 11936
29841 11934
29842 11937
29843 11938
29844 11941
29845 11938
29846 11936
29847 11939
29848 11940
29849 11943
29850 11940
29851 11938
29852 11941
29853 11942
29854 11945
29855 11942
29856 11940
29857 11943
29858 11944
29859 11947
29860 11944
29861 11942
29862 11945
29863 11946
29864 11949
29865 11946
29866 11944
29867 11947
29868 11948
29869 11951
29870 11948
29871 11946
29872 11949
29873 11950
29874 11953
29875 11950
29876 11948
29877 11951
29878 11952
29879 11955
29880 11952
29881 11950
29882 11953
29883 11954
29884 11957
29885 11954
29886 11952
29887 11955
29888 11956
29889 11959
29890 11956
29891 11954
29892 11957
29893 11958
29894 11961
29895 11958
29896 11956
29897 11959
29898 11960
29899 11963
29900 11960
29901 11958
29902 11961
29903 11962
29904 11965
29905 11962
29906 11960
29907 11963
29908 11964
29909 11967
29910 11964
29911 11962
29912 11965
29913 11966
29914 11969
29915 11966
29916 11964
29917 11967
29918 11968
29919 11971
29920 11968
29921 11966
29922 11969
29923 11970
29924 11973
29925 11970
29926 11968
29927 11971
29928 11972
29929 11975
29930 11972
29931 11970
29932 11973
29933 11974
29934 11977
29935 11974
29936 11972
29937 11975
29938 11976
29939 11979
29940 11976
29941 11974
29942 11977
29943 11978
29944 11981
29945 11978
29946 11976
29947 11979
29948 11980
29949 11983
29950 11980
29951 11978
29952 11981
29953 11982
29954 11985
29955 11982
29956 11980
29957 11983
29958 11984
29959 11987
29960 11984
29961 11982
29962 11985
29963 11986
29964 11989
29965 11986
29966 11984
29967 11987
29968 11988
29969 11991
29970 11988
29971 11986
29972 11989
29973 11990
29974 11993
29975 11990
29976 11988
29977 11991
29978 11992
29979 11995
29980 11992
29981 11990
29982 11993
29983 11994
29984 11997
29985 11994
29986 11992
29987 11995
29988 11996
29989 11999
29990 11996
29991 11994
29992 11997
29993 11998
29994 12001
29995 11998
29996 11996
29997 11999
29998 12000
29999 12003
30000 12000
30001 11998
30002 12001
30003 12002
30004 12005
30005 12002
30006 12000
30007 12003
30008 12004
30009 12007
30010 12004
30011 12002
30012 12005
30013 12006
30014 12009
30015 12006
30016 12004
30017 12007
30018 12008
30019 12011
30020 12008
30021 12006
30022 12009
30023 12010
30024 12013
30025 12010
30026 12008
30027 12011
30028 12012
30029 12015
30030 12012
30031 12010
30032 12013
30033 12014
30034 12017
30035 12014
30036 12012
30037 12015
30038 12016
30039 12019
30040 12016
30041 12014
30042 12017
30043 12018
30044 12021
30045 12018
30046 12016
30047 12019
30048 12020
30049 12023
30050 12020
30051 12018
30052 12021
30053 12022
30054 12025
30055 12022
30056 12020
30057 12023
30058 12024
30059 12027
30060 12024
30061 12022
30062 12025
30063 12026
30064 12029
30065 12026
30066 12024
30067 12027
30068 12028
30069 12031
30070 12028
30071 12026
30072 12029
30073 12030
30074 12033
30075 12030
30076 12028
30077 12031
30078 12032
30079 12035
30080 12032
30081 12030
30082 12033
30083 12034
30084 12037
30085 12034
30086 12032
30087 12035
30088 12036
30089 12039
30090 12036
30091 12034
30092 12037
30093 12038
30094 12041
30095 12038
30096 12036
30097 12039
30098 12040
30099 12043
30100 12040
30101 12038
30102 12041
30103 12042
30104 12045
30105 12042
30106 12040
30107 12043
30108 12044
30109 12047
30110 12044
30111 12042
30112 12045
30113 12046
30114 12049
30115 12046
30116 12044
30117 12047
30118 12048
30119 12051
30120 12048
30121 12046
30122 12049
30123 12050
30124 12053
30125 12050
30126 12048
30127 12051
30128 12052
30129 12055
30130 12052
30131 12050
30132 12053
30133 12054
30134 12057
30135 12054
30136 12052
30137 12055
30138 12056
30139 12059
30140 12056
30141 12054
30142 12057
30143 12058
30144 12061
30145 12058
30146 12056
30147 12059
30148 12060
30149 12063
30150 12060
30151 12058
30152 12061
30153 12062
30154 12065
30155 12062
30156 12060
30157 12063
30158 12064
30159 12067
30160 12064
30161 12062
30162 12065
30163 12066
30164 12069
30165 12066
30166 12064
30167 12067
30168 12068
30169 12071
30170 12068
30171 12066
30172 12069
30173 12070
30174 12073
30175 12070
30176 12068
30177 12071
30178 12072
30179 12075
30180 12072
30181 12070
30182 12073
30183 12074
30184 12077
30185 12074
30186 12072
30187 12075
30188 12076
30189 12079
30190 12076
30191 12074
30192 12077
30193 12078
30194 12081
30195 12078
30196 12076
30197 12079
30198 12080
30199 12083
30200 12080
30201 12078
30202 12081
30203 12082
30204 12085
30205 12082
30206 12080
30207 12083
30208 12084
30209 12087
30210 12084
30211 12082
30212 12085
30213 12086
30214 12089
30215 12086
30216 12084
30217 12087
30218 12088
30219 12091
30220 12088
30221 12086
30222 12089
30223 12090
30224 12093
30225 12090
30226 12088
30227 12091
30228 12092
30229 12095
30230 12092
30231 12090
30232 12093
30233 12094
30234 12097
30235 12094
30236 12092
30237 12095
30238 12096
30239 12099
30240 12096
30241 12094
30242 12097
30243 12098
30244 12101
30245 12098
30246 12096
30247 12099
30248 12100
30249 12103
30250 12100
30251 12098
30252 12101
30253 12102
30254 12105
30255 12102
30256 12100
30257 12103
30258 12104
30259 12107
30260 12104
30261 12102
30262 12105
30263 12106
30264 12109
30265 12106
30266 12104
30267 12107
30268 12108
30269 12111
30270 12108
30271 12106
30272 12109
30273 12110
30274 12113
30275 12110
30276 12108
30277 12111
30278 12112
30279 12115
30280 12112
30281 12110
30282 12113
30283 12114
30284 12117
30285 12114
30286 12112
30287 12115
30288 12116
30289 12119
30290 12116
30291 12114
30292 12117
30293 12118
30294 12121
30295 12118
30296 12116
30297 12119
30298 12120
30299 12123
30300 12120
30301 12118
30302 12121
30303 12122
30304 12125
30305 12122
30306 12120
30307 12123
30308 12124
30309 12127
30310 12124
30311 12122
30312 12125
30313 12126
30314 12129
30315 12126
30316 12124
30317 12127
30318 12128
30319 12131
30320 12128
30321 12126
30322 12129
30323 12130
30324 12133
30325 12130
30326 12128
30327 12131
30328 12132
30329 12135
30330 12132
30331 12130
30332 12133
30333 12134
30334 12137
30335 12134
30336 12132
30337 12135
30338 12136
30339 12139
30340 12136
30341 12134
30342 12137
30343 12138
30344 12141
30345 12138
30346 12136
30347 12139
30348 12140
30349 12143
30350 12140
30351 12138
30352 12141
30353 12142
30354 12145
30355 12142
30356 12140
30357 12143
30358 12144
30359 12147
30360 12144
30361 12142
30362 12145
30363 12146
30364 12149
30365 12146
30366 12144
30367 12147
30368 12148
30369 12151
30370 12148
30371 12146
30372 12149
30373 12150
30374 12153
30375 12150
30376 12148
30377 12151
30378 12152
30379 12155
30380 12152
30381 12150
30382 12153
30383 12154
30384 12157
30385 12154
30386 12152
30387 12155
30388 12156
30389 12159
30390 12156
30391 12154
30392 12157
30393 12158
30394 12161
30395 12158
30396 12156
30397 12159
30398 12160
30399 12163
30400 12160
30401 12158
30402 12161
30403 12162
30404 12165
30405 12162
30406 12160
30407 12163
30408 12164
30409 12167
30410 12164
30411 12162
30412 12165
30413 12166
30414 12169
30415 12166
30416 12164
30417 12167
30418 12168
30419 12171
30420 12168
30421 12166
30422 12169
30423 12170
30424 12173
30425 12170
30426 12168
30427 12171
30428 12172
30429 12175
30430 12172
30431 12170
30432 12173
30433 12174
30434 12177
30435 12174
30436 12172
30437 12175
30438 12176
30439 12179
30440 12176
30441 12174
30442 12177
30443 12178
30444 12181
30445 12178
30446 12176
30447 12179
30448 12180
30449 12183
30450 12180
30451 12178
30452 12181
30453 12182
30454 12185
30455 12182
30456 12180
30457 12183
30458 12184
30459 12187
30460 12184
30461 12182
30462 12185
30463 12186
30464 12189
30465 12186
30466 12184
30467 12187
30468 12188
30469 12191
30470 12188
30471 12186
30472 12189
30473 12190
30474 12193
30475 12190
30476 12188
30477 12191
30478 12192
30479 12195
30480 12192
30481 12190
30482 12193
30483 12194
30484 12197
30485 12194
30486 12192
30487 12195
30488 12196
30489 12199
30490 12196
30491 12194
30492 12197
30493 12198
30494 12201
30495 12198
30496 12196
30497 12199
30498 12200
30499 12203
30500 12200
30501 12198
30502 12201
30503 12202
30504 12205
30505 12202
30506 12200
30507 12203
30508 12204
30509 12207
30510 12204
30511 12202
30512 12205
30513 12206
30514 12209
30515 12206
30516 12204
30517 12207
30518 12208
30519 12211
30520 12208
30521 12206
30522 12209
30523 12210
30524 12213
30525 12210
30526 12208
30527 12211
30528 12212
30529 12215
30530 12212
30531 12210
30532 12213
30533 12214
30534 12217
30535 12214
30536 12212
30537 12215
30538 12216
30539 12219
30540 12216
30541 12214
30542 12217
30543 12218
30544 12221
30545 12218
30546 12216
30547 12219
30548 12220
30549 12223
30550 12220
30551 12218
30552 12221
30553 12222
30554 12225
30555 12222
30556 12220
30557 12223
30558 12224
30559 12227
30560 12224
30561 12222
30562 12225
30563 12226
30564 12229
30565 12226
30566 12224
30567 12227
30568 12228
30569 12231
30570 12228
30571 12226
30572 12229
30573 12230
30574 12233
30575 12230
30576 12228
30577 12231
30578 12232
30579 12235
30580 12232
30581 12230
30582 12233
30583 12234
30584 12237
30585 12234
30586 12232
30587 12235
30588 12236
30589 12239
30590 12236
30591 12234
30592 12237
30593 12238
30594 12241
30595 12238
30596 12236
30597 12239
30598 12240
30599 12243
30600 12240
30601 12238
30602 12241
30603 12242
30604 12245
30605 12242
30606 12240
30607 12243
30608 12244
30609 12247
30610 12244
30611 12242
30612 12245
30613 12246
30614 12249
30615 12246
30616 12244
30617 12247
30618 12248
30619 12251
30620 12248
30621 12246
30622 12249
30623 12250
30624 12253
30625 12250
30626 12248
30627 12251
30628 12252
30629 12255
30630 12252
30631 12250
30632 12253
30633 12254
30634 12257
30635 12254
30636 12252
30637 12255
30638 12256
30639 12259
30640 12256
30641 12254
30642 12257
30643 12258
30644 12261
30645 12258
30646 12256
30647 12259
30648 12260
30649 12263
30650 12260
30651 12258
30652 12261
30653 12262
30654 12265
30655 12262
30656 12260
30657 12263
30658 12264
30659 12267
30660 12264
30661 12262
30662 12265
30663 12266
30664 12269
30665 12266
30666 12264
30667 12267
30668 12268
30669 12271
30670 12268
30671 12266
30672 12269
30673 12270
30674 12273
30675 12270
30676 12268
30677 12271
30678 12272
30679 12275
30680 12272
30681 12270
30682 12273
30683 12274
30684 12277
30685 12274
30686 12272
30687 12275
30688 12276
30689 12279
30690 12276
30691 12274
30692 12277
30693 12278
30694 12281
30695 12278
30696 12276
30697 12279
30698 12280
30699 12283
30700 12280
30701 12278
30702 12281
30703 12282
30704 12285
30705 12282
30706 12280
30707 12283
30708 12284
30709 12287
30710 12284
30711 12282
30712 12285
30713 12286
30714 12289
30715 12286
30716 12284
30717 12287
30718 12288
30719 12291
30720 12288
30721 12286
30722 12289
30723 12290
30724 12293
30725 12290
30726 12288
30727 12291
30728 12292
30729 12295
30730 12292
30731 12290
30732 12293
30733 12294
30734 12297
30735 12294
30736 12292
30737 12295
30738 12296
30739 12299
30740 12296
30741 12294
30742 12297
30743 12298
30744 12301
30745 12298
30746 12296
30747 12299
30748 12300
30749 12303
30750 12300
30751 12298
30752 12301
30753 12302
30754 12305
30755 12302
30756 12300
30757 12303
30758 12304
30759 12307
30760 12304
30761 12302
30762 12305
30763 12306
30764 12309
30765 12306
30766 12304
30767 12307
30768 12308
30769 12311
30770 12308
30771 12306
30772 12309
30773 12310
30774 12313
30775 12310
30776 12308
30777 12311
30778 12312
30779 12315
30780 12312
30781 12310
30782 12313
30783 12314
30784 12317
30785 12314
30786 12312
30787 12315
30788 12316
30789 12319
30790 12316
30791 12314
30792 12317
30793 12318
30794 12321
30795 12318
30796 12316
30797 12319
30798 12320
30799 12323
30800 12320
30801 12318
30802 12321
30803 12322
30804 12325
30805 12322
30806 12320
30807 12323
30808 12324
30809 12327
30810 12324
30811 12322
30812 12325
30813 12326
30814 12329
30815 12326
30816 12324
30817 12327
30818 12328
30819 12331
30820 12328
30821 12326
30822 12329
30823 12330
30824 12333
30825 12330
30826 12328
30827 12331
30828 12332
30829 12335
30830 12332
30831 12330
30832 12333
30833 12334
30834 12337
30835 12334
30836 12332
30837 12335
30838 12336
30839 12339
30840 12336
30841 12334
30842 12337
30843 12338
30844 12341
30845 12338
30846 12336
30847 12339
30848 12340
30849 12343
30850 12340
30851 12338
30852 12341
30853 12342
30854 12345
30855 12342
30856 12340
30857 12343
30858 12344
30859 12347
30860 12344
30861 12342
30862 12345
30863 12346
30864 12349
30865 12346
30866 12344
30867 12347
30868 12348
30869 12351
30870 12348
30871 12346
30872 12349
30873 12350
30874 12353
30875 12350
30876 12348
30877 12351
30878 12352
30879 12355
30880 12352
30881 12350
30882 12353
30883 12354
30884 12357
30885 12354
30886 12352
30887 12355
30888 12356
30889 12359
30890 12356
30891 12354
30892 12357
30893 12358
30894 12361
30895 12358
30896 12356
30897 12359
30898 12360
30899 12363
30900 12360
30901 12358
30902 12361
30903 12362
30904 12365
30905 12362
30906 12360
30907 12363
30908 12364
30909 12367
30910 12364
30911 12362
30912 12365
30913 12366
30914 12369
30915 12366
30916 12364
30917 12367
30918 12368
30919 12371
30920 12368
30921 12366
30922 12369
30923 12370
30924 12373
30925 12370
30926 12368
30927 12371
30928 12372
30929 12375
30930 12372
30931 12370
30932 12373
30933 12374
30934 12377
30935 12374
30936 12372
30937 12375
30938 12376
30939 12379
30940 12376
30941 12374
30942 12377
30943 12378
30944 12381
30945 12378
30946 12376
30947 12379
30948 12380
30949 12383
30950 12380
30951 12378
30952 12381
30953 12382
30954 12385
30955 12382
30956 12380
30957 12383
30958 12384
30959 12387
30960 12384
30961 12382
30962 12385
30963 12386
30964 12389
30965 12386
30966 12384
30967 12387
30968 12388
30969 12391
30970 12388
30971 12386
30972 12389
30973 12390
30974 12393
30975 12390
30976 12388
30977 12391
30978 12392
30979 12395
30980 12392
30981 12390
30982 12393
30983 12394
30984 12397
30985 12394
30986 12392
30987 12395
30988 12396
30989 12399
30990 12396
30991 12394
30992 12397
30993 12398
30994 12401
30995 12398
30996 12396
30997 12399
30998 12400
30999 12403
31000 12400
31001 12398
31002 12401
31003 12402
31004 12405
31005 12402
31006 12400
31007 12403
31008 12404
31009 12407
31010 12404
31011 12402
31012 12405
31013 12406
31014 12409
31015 12406
31016 12404
31017 12407
31018 12408
31019 12411
31020 12408
31021 12406
31022 12409
31023 12410
31024 12413
31025 12410
31026 12408
31027 12411
31028 12412
31029 12415
31030 12412
31031 12410
31032 12413
31033 12414
31034 12417
31035 12414
31036 12412
31037 12415
31038 12416
31039 12419
31040 12416
31041 12414
31042 12417
31043 12418
31044 12421
31045 12418
31046 12416
31047 12419
31048 12420
31049 12423
31050 12420
31051 12418
31052 12421
31053 12422
31054 12425
31055 12422
31056 12420
31057 12423
31058 12424
31059 12427
31060 12424
31061 12422
31062 12425
31063 12426
31064 12429
31065 12426
31066 12424
31067 12427
31068 12428
31069 12431
31070 12428
31071 12426
31072 12429
31073 12430
31074 12433
31075 12430
31076 12428
31077 12431
31078 12432
31079 12435
31080 12432
31081 12430
31082 12433
31083 12434
31084 12437
31085 12434
31086 12432
31087 12435
31088 12436
31089 12439
31090 12436
31091 12434
31092 12437
31093 12438
31094 12441
31095 12438
31096 12436
31097 12439
31098 12440
31099 12443
31100 12440
31101 12438
31102 12441
31103 12442
31104 12445
31105 12442
31106 12440
31107 12443
31108 12444
31109 12447
31110 12444
31111 12442
31112 12445
31113 12446
31114 12449
31115 12446
31116 12444
31117 12447
31118 12448
31119 12451
31120 12448
31121 12446
31122 12449
31123 12450
31124 12453
31125 12450
31126 12448
31127 12451
31128 12452
31129 12455
31130 12452
31131 12450
31132 12453
31133 12454
31134 12457
31135 12454
31136 12452
31137 12455
31138 12456
31139 12459
31140 12456
31141 12454
31142 12457
31143 12458
31144 12461
31145 12458
31146 12456
31147 12459
31148 12460
31149 12463
31150 12460
31151 12458
31152 12461
31153 12462
31154 12465
31155 12462
31156 12460
31157 12463
31158 12464
31159 12467
31160 12464
31161 12462
31162 12465
31163 12466
31164 12469
31165 12466
31166 12464
31167 12467
31168 12468
31169 12471
31170 12468
31171 12466
31172 12469
31173 12470
31174 12473
31175 12470
31176 12468
31177 12471
31178 12472
31179 12475
31180 12472
31181 12470
31182 12473
31183 12474
31184 12477
31185 12474
31186 12472
31187 12475
31188 12476
31189 12479
31190 12476
31191 12474
31192 12477
31193 12478
31194 12481
31195 12478
31196 12476
31197 12479
31198 12480
31199 12483
31200 12480
31201 12478
31202 12481
31203 12482
31204 12485
31205 12482
31206 12480
31207 12483
31208 12484
31209 12487
31210 12484
31211 12482
31212 12485
31213 12486
31214 12489
31215 12486
31216 12484
31217 12487
31218 12488
31219 12491
31220 12488
31221 12486
31222 12489
31223 12490
31224 12493
31225 12490
31226 12488
31227 12491
31228 12492
31229 12495
31230 12492
31231 12490
31232 12493
31233 12494
31234 12497
31235 12494
31236 12492
31237 12495
31238 12496
31239 12499
31240 12496
31241 12494
31242 12497
31243 12498
31244 12501
31245 12498
31246 12496
31247 12499
31248 12500
31249 12503
31250 12500
31251 12498
31252 12501
31253 12502
31254 12505
31255 12502
31256 12500
31257 12503
31258 12504
31259 12507
31260 12504
31261 12502
31262 12505
31263 12506
31264 12509
31265 12506
31266 12504
31267 12507
31268 12508
31269 12511
31270 12508
31271 12506
31272 12509
31273 12510
31274 12513
31275 12510
31276 12508
31277 12511
31278 12512
31279 12515
31280 12512
31281 12510
31282 12513
31283 12514
31284 12517
31285 12514
31286 12512
31287 12515
31288 12516
31289 12519
31290 12516
31291 12514
31292 12517
31293 12518
31294 12521
31295 12518
31296 12516
31297 12519
31298 12520
31299 12523
31300 12520
31301 12518
31302 12521
31303 12522
31304 12525
31305 12522
31306 12520
31307 12523
31308 12524
31309 12527
31310 12524
31311 12522
31312 12525
31313 12526
31314 12529
31315 12526
31316 12524
31317 12527
31318 12528
31319 12531
31320 12528
31321 12526
31322 12529
31323 12530
31324 12533
31325 12530
31326 12528
31327 12531
31328 12532
31329 12535
31330 12532
31331 12530
31332 12533
31333 12534
31334 12537
31335 12534
31336 12532
31337 12535
31338 12536
31339 12539
31340 12536
31341 12534
31342 12537
31343 12538
31344 12541
31345 12538
31346 12536
31347 12539
31348 12540
31349 12543
31350 12540
31351 12538
31352 12541
31353 12542
31354 12545
31355 12542
31356 12540
31357 12543
31358 12544
31359 12547
31360 12544
31361 12542
31362 12545
31363 12546
31364 12549
31365 12546
31366 12544
31367 12547
31368 12548
31369 12551
31370 12548
31371 12546
31372 12549
31373 12550
31374 12553
31375 12550
31376 12548
31377 12551
31378 12552
31379 12555
31380 12552
31381 12550
31382 12553
31383 12554
31384 12557
31385 12554
31386 12552
31387 12555
31388 12556
31389 12559
31390 12556
31391 12554
31392 12557
31393 12558
31394 12561
31395 12558
31396 12556
31397 12559
31398 12560
31399 12563
31400 12560
31401 12558
31402 12561
31403 12562
31404 12565
31405 12562
31406 12560
31407 12563
31408 12564
31409 12567
31410 12564
31411 12562
31412 12565
31413 12566
31414 12569
31415 12566
31416 12564
31417 12567
31418 12568
31419 12571
31420 12568
31421 12566
31422 12569
31423 12570
31424 12573
31425 12570
31426 12568
31427 12571
31428 12572
31429 12575
31430 12572
31431 12570
31432 12573
31433 12574
31434 12577
31435 12574
31436 12572
31437 12575
31438 12576
31439 12579
31440 12576
31441 12574
31442 12577
31443 12578
31444 12581
31445 12578
31446 12576
31447 12579
31448 12580
31449 12583
31450 12580
31451 12578
31452 12581
31453 12582
31454 12585
31455 12582
31456 12580
31457 12583
31458 12584
31459 12587
31460 12584
31461 12582
31462 12585
31463 12586
31464 12589
31465 12586
31466 12584
31467 12587
31468 12588
31469 12591
31470 12588
31471 12586
31472 12589
31473 12590
31474 12593
31475 12590
31476 12588
31477 12591
31478 12592
31479 12595
31480 12592
31481 12590
31482 12593
31483 12594
31484 12597
31485 12594
31486 12592
31487 12595
31488 12596
31489 12599
31490 12596
31491 12594
31492 12597
31493 12598
31494 12601
31495 12598
31496 12596
31497 12599
31498 12600
31499 12603
31500 12600
31501 12598
31502 12601
31503 12602
31504 12605
31505 12602
31506 12600
31507 12603
31508 12604
31509 12607
31510 12604
31511 12602
31512 12605
31513 12606
31514 12609
31515 12606
31516 12604
31517 12607
31518 12608
31519 12611
31520 12608
31521 12606
31522 12609
31523 12610
31524 12613
31525 12610
31526 12608
31527 12611
31528 12612
31529 12615
31530 12612
31531 12610
31532 12613
31533 12614
31534 12617
31535 12614
31536 12612
31537 12615
31538 12616
31539 12619
31540 12616
31541 12614
31542 12617
31543 12618
31544 12621
31545 12618
31546 12616
31547 12619
31548 12620
31549 12623
31550 12620
31551 12618
31552 12621
31553 12622
31554 12625
31555 12622
31556 12620
31557 12623
31558 12624
31559 12627
31560 12624
31561 12622
31562 12625
31563 12626
31564 12629
31565 12626
31566 12624
31567 12627
31568 12628
31569 12631
31570 12628
31571 12626
31572 12629
31573 12630
31574 12633
31575 12630
31576 12628
31577 12631
31578 12632
31579 12635
31580 12632
31581 12630
31582 12633
31583 12634
31584 12637
31585 12634
31586 12632
31587 12635
31588 12636
31589 12639
31590 12636
31591 12634
31592 12637
31593 12638
31594 12641
31595 12638
31596 12636
31597 12639
31598 12640
31599 12643
31600 12640
31601 12638
31602 12641
31603 12642
31604 12645
31605 12642
31606 12640
31607 12643
31608 12644
31609 12647
31610 12644
31611 12642
31612 12645
31613 12646
31614 12649
31615 12646
31616 12644
31617 12647
31618 12648
31619 12651
31620 12648
31621 12646
31622 12649
31623 12650
31624 12653
31625 12650
31626 12648
31627 12651
31628 12652
31629 12655
31630 12652
31631 12650
31632 12653
31633 12654
31634 12657
31635 12654
31636 12652
31637 12655
31638 12656
31639 12659
31640 12656
31641 12654
31642 12657
31643 12658
31644 12661
31645 12658
31646 12656
31647 12659
31648 12660
31649 12663
31650 12660
31651 12658
31652 12661
31653 12662
31654 12665
31655 12662
31656 12660
31657 12663
31658 12664
31659 12667
31660 12664
31661 12662
31662 12665
31663 12666
31664 12669
31665 12666
31666 12664
31667 12667
31668 12668
31669 12671
31670 12668
31671 12666
31672 12669
31673 12670
31674 12673
31675 12670
31676 12668
31677 12671
31678 12672
31679 12675
31680 12672
31681 12670
31682 12673
31683 12674
31684 12677
31685 12674
31686 12672
31687 12675
31688 12676
31689 12679
31690 12676
31691 12674
31692 12677
31693 12678
31694 12681
31695 12678
31696 12676
31697 12679
31698 12680
31699 12683
31700 12680
31701 12678
31702 12681
31703 12682
31704 12685
31705 12682
31706 12680
31707 12683
31708 12684
31709 12687
31710 12684
31711 12682
31712 12685
31713 12686
31714 12689
31715 12686
31716 12684
31717 12687
31718 12688
31719 12691
31720 12688
31721 12686
31722 12689
31723 12690
31724 12693
31725 12690
31726 12688
31727 12691
31728 12692
31729 12695
31730 12692
31731 12690
31732 12693
31733 12694
31734 12697
31735 12694
31736 12692
31737 12695
31738 12696
31739 12699
31740 12696
31741 12694
31742 12697
31743 12698
31744 12701
31745 12698
31746 12696
31747 12699
31748 12700
31749 12703
31750 12700
31751 12698
31752 12701
31753 12702
31754 12705
31755 12702
31756 12700
31757 12703
31758 12704
31759 12707
31760 12704
31761 12702
31762 12705
31763 12706
31764 12709
31765 12706
31766 12704
31767 12707
31768 12708
31769 12711
31770 12708
31771 12706
31772 12709
31773 12710
31774 12713
31775 12710
31776 12708
31777 12711
31778 12712
31779 12715
31780 12712
31781 12710
31782 12713
31783 12714
31784 12717
31785 12714
31786 12712
31787 12715
31788 12716
31789 12719
31790 12716
31791 12714
31792 12717
31793 12718
31794 12721
31795 12718
31796 12716
31797 12719
31798 12720
31799 12723
31800 12720
31801 12718
31802 12721
31803 12722
31804 12725
31805 12722
31806 12720
31807 12723
31808 12724
31809 12727
31810 12724
31811 12722
31812 12725
31813 12726
31814 12729
31815 12726
31816 12724
31817 12727
31818 12728
31819 12731
31820 12728
31821 12726
31822 12729
31823 12730
31824 12733
31825 12730
31826 12728
31827 12731
31828 12732
31829 12735
31830 12732
31831 12730
31832 12733
31833 12734
31834 12737
31835 12734
31836 12732
31837 12735
31838 12736
31839 12739
31840 12736
31841 12734
31842 12737
31843 12738
31844 12741
31845 12738
31846 12736
31847 12739
31848 12740
31849 12743
31850 12740
31851 12738
31852 12741
31853 12742
31854 12745
31855 12742
31856 12740
31857 12743
31858 12744
31859 12747
31860 12744
31861 12742
31862 12745
31863 12746
31864 12749
31865 12746
31866 12744
31867 12747
31868 12748
31869 12751
31870 12748
31871 12746
31872 12749
31873 12750
31874 12753
31875 12750
31876 12748
31877 12751
31878 12752
31879 12755
31880 12752
31881 12750
31882 12753
31883 12754
31884 12757
31885 12754
31886 12752
31887 12755
31888 12756
31889 12759
31890 12756
31891 12754
31892 12757
31893 12758
31894 12761
31895 12758
31896 12756
31897 12759
31898 12760
31899 12763
31900 12760
31901 12758
31902 12761
31903 12762
31904 12765
31905 12762
31906 12760
31907 12763
31908 12764
31909 12767
31910 12764
31911 12762
31912 12765
31913 12766
31914 12769
31915 12766
31916 12764
31917 12767
31918 12768
31919 12771
31920 12768
31921 12766
31922 12769
31923 12770
31924 12773
31925 12770
31926 12768
31927 12771
31928 12772
31929 12775
31930 12772
31931 12770
31932 12773
31933 12774
31934 12777
31935 12774
31936 12772
31937 12775
31938 12776
31939 12779
31940 12776
31941 12774
31942 12777
31943 12778
31944 12781
31945 12778
31946 12776
31947 12779
31948 12780
31949 12783
31950 12780
31951 12778
31952 12781
31953 12782
31954 12785
31955 12782
31956 12780
31957 12783
31958 12784
31959 12787
31960 12784
31961 12782
31962 12785
31963 12786
31964 12789
31965 12786
31966 12784
31967 12787
31968 12788
31969 12791
31970 12788
31971 12786
31972 12789
31973 12790
31974 12793
31975 12790
31976 12788
31977 12791
31978 12792
31979 12795
31980 12792
31981 12790
31982 12793
31983 12794
31984 12797
31985 12794
31986 12792
31987 12795
31988 12796
31989 12799
31990 12796
31991 12794
31992 12797
31993 12798
31994 12801
31995 12798
31996 12796
31997 12799
31998 12800
31999 12803
32000 12800
32001 12798
32002 12801
32003 12802
32004 12805
32005 12802
32006 12800
32007 12803
32008 12804
32009 12807
32010 12804
32011 12802
32012 12805
32013 12806
32014 12809
32015 12806
32016 12804
32017 12807
32018 12808
32019 12811
32020 12808
32021 12806
32022 12809
32023 12810
32024 12813
32025 12810
32026 12808
32027 12811
32028 12812
32029 12815
32030 12812
32031 12810
32032 12813
32033 12814
32034 12817
32035 12814
32036 12812
32037 12815
32038 12816
32039 12819
32040 12816
32041 12814
32042 12817
32043 12818
32044 12821
32045 12818
32046 12816
32047 12819
32048 12820
32049 12823
32050 12820
32051 12818
32052 12821
32053 12822
32054 12825
32055 12822
32056 12820
32057 12823
32058 12824
32059 12827
32060 12824
32061 12822
32062 12825
32063 12826
32064 12829
32065 12826
32066 12824
32067 12827
32068 12828
32069 12831
32070 12828
32071 12826
32072 12829
32073 12830
32074 12833
32075 12830
32076 12828
32077 12831
32078 12832
32079 12835
32080 12832
32081 12830
32082 12833
32083 12834
32084 12837
32085 12834
32086 12832
32087 12835
32088 12836
32089 12839
32090 12836
32091 12834
32092 12837
32093 12838
32094 12841
32095 12838
32096 12836
32097 12839
32098 12840
32099 12843
32100 12840
32101 12838
32102 12841
32103 12842
32104 12845
32105 12842
32106 12840
32107 12843
32108 12844
32109 12847
32110 12844
32111 12842
32112 12845
32113 12846
32114 12849
32115 12846
32116 12844
32117 12847
32118 12848
32119 12851
32120 12848
32121 12846
32122 12849
32123 12850
32124 12853
32125 12850
32126 12848
32127 12851
32128 12852
32129 12855
32130 12852
32131 12850
32132 12853
32133 12854
32134 12857
32135 12854
32136 12852
32137 12855
32138 12856
32139 12859
32140 12856
32141 12854
32142 12857
32143 12858
32144 12861
32145 12858
32146 12856
32147 12859
32148 12860
32149 12863
32150 12860
32151 12858
32152 12861
32153 12862
32154 12865
32155 12862
32156 12860
32157 12863
32158 12864
32159 12867
32160 12864
32161 12862
32162 12865
32163 12866
32164 12869
32165 12866
32166 12864
32167 12867
32168 12868
32169 12871
32170 12868
32171 12866
32172 12869
32173 12870
32174 12873
32175 12870
32176 12868
32177 12871
32178 12872
32179 12875
32180 12872
32181 12870
32182 12873
32183 12874
32184 12877
32185 12874
32186 12872
32187 12875
32188 12876
32189 12879
32190 12876
32191 12874
32192 12877
32193 12878
32194 12881
32195 12878
32196 12876
32197 12879
32198 12880
32199 12883
32200 12880
32201 12878
32202 12881
32203 12882
32204 12885
32205 12882
32206 12880
32207 12883
32208 12884
32209 12887
32210 12884
32211 12882
32212 12885
32213 12886
32214 12889
32215 12886
32216 12884
32217 12887
32218 12888
32219 12891
32220 12888
32221 12886
32222 12889
32223 12890
32224 12893
32225 12890
32226 12888
32227 12891
32228 12892
32229 12895
32230 12892
32231 12890
32232 12893
32233 12894
32234 12897
32235 12894
32236 12892
32237 12895
32238 12896
32239 12899
32240 12896
32241 12894
32242 12897
32243 12898
32244 12901
32245 12898
32246 12896
32247 12899
32248 12900
32249 12903
32250 12900
32251 12898
32252 12901
32253 12902
32254 12905
32255 12902
32256 12900
32257 12903
32258 12904
32259 12907
32260 12904
32261 12902
32262 12905
32263 12906
32264 12909
32265 12906
32266 12904
32267 12907
32268 12908
32269 12911
32270 12908
32271 12906
32272 12909
32273 12910
32274 12913
32275 12910
32276 12908
32277 12911
32278 12912
32279 12915
32280 12912
32281 12910
32282 12913
32283 12914
32284 12917
32285 12914
32286 12912
32287 12915
32288 12916
32289 12919
32290 12916
32291 12914
32292 12917
32293 12918
32294 12921
32295 12918
32296 12916
32297 12919
32298 12920
32299 12923
32300 12920
32301 12918
32302 12921
32303 12922
32304 12925
32305 12922
32306 12920
32307 12923
32308 12924
32309 12927
32310 12924
32311 12922
32312 12925
32313 12926
32314 12929
32315 12926
32316 12924
32317 12927
32318 12928
32319 12931
32320 12928
32321 12926
32322 12929
32323 12930
32324 12933
32325 12930
32326 12928
32327 12931
32328 12932
32329 12935
32330 12932
32331 12930
32332 12933
32333 12934
32334 12937
32335 12934
32336 12932
32337 12935
32338 12936
32339 12939
32340 12936
32341 12934
32342 12937
32343 12938
32344 12941
32345 12938
32346 12936
32347 12939
32348 12940
32349 12943
32350 12940
32351 12938
32352 12941
32353 12942
32354 12945
32355 12942
32356 12940
32357 12943
32358 12944
32359 12947
32360 12944
32361 12942
32362 12945
32363 12946
32364 12949
32365 12946
32366 12944
32367 12947
32368 12948
32369 12951
32370 12948
32371 12946
32372 12949
32373 12950
32374 12953
32375 12950
32376 12948
32377 12951
32378 12952
32379 12955
32380 12952
32381 12950
32382 12953
32383 12954
32384 12957
32385 12954
32386 12952
32387 12955
32388 12956
32389 12959
32390 12956
32391 12954
32392 12957
32393 12958
32394 12961
32395 12958
32396 12956
32397 12959
32398 12960
32399 12963
32400 12960
32401 12958
32402 12961
32403 12962
32404 12965
32405 12962
32406 12960
32407 12963
32408 12964
32409 12967
32410 12964
32411 12962
32412 12965
32413 12966
32414 12969
32415 12966
32416 12964
32417 12967
32418 12968
32419 12971
32420 12968
32421 12966
32422 12969
32423 12970
32424 12973
32425 12970
32426 12968
32427 12971
32428 12972
32429 12975
32430 12972
32431 12970
32432 12973
32433 12974
32434 12977
32435 12974
32436 12972
32437 12975
32438 12976
32439 12979
32440 12976
32441 12974
32442 12977
32443 12978
32444 12981
32445 12978
32446 12976
32447 12979
32448 12980
32449 12983
32450 12980
32451 12978
32452 12981
32453 12982
32454 12985
32455 12982
32456 12980
32457 12983
32458 12984
32459 12987
32460 12984
32461 12982
32462 12985
32463 12986
32464 12989
32465 12986
32466 12984
32467 12987
32468 12988
32469 12991
32470 12988
32471 12986
32472 12989
32473 12990
32474 12993
32475 12990
32476 12988
32477 12991
32478 12992
32479 12995
32480 12992
32481 12990
32482 12993
32483 12994
32484 12997
32485 12994
32486 12992
32487 12995
32488 12996
32489 12999
32490 12996
32491 12994
32492 12997
32493 12998
32494 13001
32495 12998
32496 12996
32497 12999
32498 13000
32499 13003
32500 13000
32501 12998
32502 13001
32503 13002
32504 13005
32505 13002
32506 13000
32507 13003
32508 13004
32509 13007
32510 13004
32511 13002
32512 13005
32513 13006
32514 13009
32515 13006
32516 13004
32517 13007
32518 13008
32519 13011
32520 13008
32521 13006
32522 13009
32523 13010
32524 13013
32525 13010
32526 13008
32527 13011
32528 13012
32529 13015
32530 13012
32531 13010
32532 13013
32533 13014
32534 13017
32535 13014
32536 13012
32537 13015
32538 13016
32539 13019
32540 13016
32541 13014
32542 13017
32543 13018
32544 13021
32545 13018
32546 13016
32547 13019
32548 13020
32549 13023
32550 13020
32551 13018
32552 13021
32553 13022
32554 13025
32555 13022
32556 13020
32557 13023
32558 13024
32559 13027
32560 13024
32561 13022
32562 13025
32563 13026
32564 13029
32565 13026
32566 13024
32567 13027
32568 13028
32569 13031
32570 13028
32571 13026
32572 13029
32573 13030
32574 13033
32575 13030
32576 13028
32577 13031
32578 13032
32579 13035
32580 13032
32581 13030
32582 13033
32583 13034
32584 13037
32585 13034
32586 13032
32587 13035
32588 13036
32589 13039
32590 13036
32591 13034
32592 13037
32593 13038
32594 13041
32595 13038
32596 13036
32597 13039
32598 13040
32599 13043
32600 13040
32601 13038
32602 13041
32603 13042
32604 13045
32605 13042
32606 13040
32607 13043
32608 13044
32609 13047
32610 13044
32611 13042
32612 13045
32613 13046
32614 13049
32615 13046
32616 13044
32617 13047
32618 13048
32619 13051
32620 13048
32621 13046
32622 13049
32623 13050
32624 13053
32625 13050
32626 13048
32627 13051
32628 13052
32629 13055
32630 13052
32631 13050
32632 13053
32633 13054
32634 13057
32635 13054
32636 13052
32637 13055
32638 13056
32639 13059
32640 13056
32641 13054
32642 13057
32643 13058
32644 13061
32645 13058
32646 13056
32647 13059
32648 13060
32649 13063
32650 13060
32651 13058
32652 13061
32653 13062
32654 13065
32655 13062
32656 13060
32657 13063
32658 13064
32659 13067
32660 13064
32661 13062
32662 13065
32663 13066
32664 13069
32665 13066
32666 13064
32667 13067
32668 13068
32669 13071
32670 13068
32671 13066
32672 13069
32673 13070
32674 13073
32675 13070
32676 13068
32677 13071
32678 13072
32679 13075
32680 13072
32681 13070
32682 13073
32683 13074
32684 13077
32685 13074
32686 13072
32687 13075
32688 13076
32689 13079
32690 13076
32691 13074
32692 13077
32693 13078
32694 13081
32695 13078
32696 13076
32697 13079
32698 13080
32699 13083
32700 13080
32701 13078
32702 13081
32703 13082
32704 13085
32705 13082
32706 13080
32707 13083
32708 13084
32709 13087
32710 13084
32711 13082
32712 13085
32713 13086
32714 13089
32715 13086
32716 13084
32717 13087
32718 13088
32719 13091
32720 13088
32721 13086
32722 13089
32723 13090
32724 13093
32725 13090
32726 13088
32727 13091
32728 13092
32729 13095
32730 13092
32731 13090
32732 13093
32733 13094
32734 13097
32735 13094
32736 13092
32737 13095
32738 13096
32739 13099
32740 13096
32741 13094
32742 13097
32743 13098
32744 13101
32745 13098
32746 13096
32747 13099
32748 13100
32749 13103
32750 13100
32751 13098
32752 13101
32753 13102
32754 13105
32755 13102
32756 13100
32757 13103
32758 13104
32759 13107
32760 13104
32761 13102
32762 13105
32763 13106
32764 13109
32765 13106
32766 13104
32767 13107
32768 13108
32769 13111
32770 13108
32771 13106
32772 13109
32773 13110
32774 13113
32775 13110
32776 13108
32777 13111
32778 13112
32779 13115
32780 13112
32781 13110
32782 13113
32783 13114
32784 13117
32785 13114
32786 13112
32787 13115
32788 13116
32789 13119
32790 13116
32791 13114
32792 13117
32793 13118
32794 13121
32795 13118
32796 13116
32797 13119
32798 13120
32799 13123
32800 13120
32801 13118
32802 13121
32803 13122
32804 13125
32805 13122
32806 13120
32807 13123
32808 13124
32809 13127
32810 13124
32811 13122
32812 13125
32813 13126
32814 13129
32815 13126
32816 13124
32817 13127
32818 13128
32819 13131
32820 13128
32821 13126
32822 13129
32823 13130
32824 13133
32825 13130
32826 13128
32827 13131
32828 13132
32829 13135
32830 13132
32831 13130
32832 13133
32833 13134
32834 13137
32835 13134
32836 13132
32837 13135
32838 13136
32839 13139
32840 13136
32841 13134
32842 13137
32843 13138
32844 13141
32845 13138
32846 13136
32847 13139
32848 13140
32849 13143
32850 13140
32851 13138
32852 13141
32853 13142
32854 13145
32855 13142
32856 13140
32857 13143
32858 13144
32859 13147
32860 13144
32861 13142
32862 13145
32863 13146
32864 13149
32865 13146
32866 13144
32867 13147
32868 13148
32869 13151
32870 13148
32871 13146
32872 13149
32873 13150
32874 13153
32875 13150
32876 13148
32877 13151
32878 13152
32879 13155
32880 13152
32881 13150
32882 13153
32883 13154
32884 13157
32885 13154
32886 13152
32887 13155
32888 13156
32889 13159
32890 13156
32891 13154
32892 13157
32893 13158
32894 13161
32895 13158
32896 13156
32897 13159
32898 13160
32899 13163
32900 13160
32901 13158
32902 13161
32903 13162
32904 13165
32905 13162
32906 13160
32907 13163
32908 13164
32909 13167
32910 13164
32911 13162
32912 13165
32913 13166
32914 13169
32915 13166
32916 13164
32917 13167
32918 13168
32919 13171
32920 13168
32921 13166
32922 13169
32923 13170
32924 13173
32925 13170
32926 13168
32927 13171
32928 13172
32929 13175
32930 13172
32931 13170
32932 13173
32933 13174
32934 13177
32935 13174
32936 13172
32937 13175
32938 13176
32939 13179
32940 13176
32941 13174
32942 13177
32943 13178
32944 13181
32945 13178
32946 13176
32947 13179
32948 13180
32949 13183
32950 13180
32951 13178
32952 13181
32953 13182
32954 13185
32955 13182
32956 13180
32957 13183
32958 13184
32959 13187
32960 13184
32961 13182
32962 13185
32963 13186
32964 13189
32965 13186
32966 13184
32967 13187
32968 13188
32969 13191
32970 13188
32971 13186
32972 13189
32973 13190
32974 13193
32975 13190
32976 13188
32977 13191
32978 13192
32979 13195
32980 13192
32981 13190
32982 13193
32983 13194
32984 13197
32985 13194
32986 13192
32987 13195
32988 13196
32989 13199
32990 13196
32991 13194
32992 13197
32993 13198
32994 13201
32995 13198
32996 13196
32997 13199
32998 13200
32999 13203
33000 13200
33001 13198
33002 13201
33003 13202
33004 13205
33005 13202
33006 13200
33007 13203
33008 13204
33009 13207
33010 13204
33011 13202
33012 13205
33013 13206
33014 13209
33015 13206
33016 13204
33017 13207
33018 13208
33019 13211
33020 13208
33021 13206
33022 13209
33023 13210
33024 13213
33025 13210
33026 13208
33027 13211
33028 13212
33029 13215
33030 13212
33031 13210
33032 13213
33033 13214
33034 13217
33035 13214
33036 13212
33037 13215
33038 13216
33039 13219
33040 13216
33041 13214
33042 13217
33043 13218
33044 13221
33045 13218
33046 13216
33047 13219
33048 13220
33049 13223
33050 13220
33051 13218
33052 13221
33053 13222
33054 13225
33055 13222
33056 13220
33057 13223
33058 13224
33059 13227
33060 13224
33061 13222
33062 13225
33063 13226
33064 13229
33065 13226
33066 13224
33067 13227
33068 13228
33069 13231
33070 13228
33071 13226
33072 13229
33073 13230
33074 13233
33075 13230
33076 13228
33077 13231
33078 13232
33079 13235
33080 13232
33081 13230
33082 13233
33083 13234
33084 13237
33085 13234
33086 13232
33087 13235
33088 13236
33089 13239
33090 13236
33091 13234
33092 13237
33093 13238
33094 13241
33095 13238
33096 13236
33097 13239
33098 13240
33099 13243
33100 13240
33101 13238
33102 13241
33103 13242
33104 13245
33105 13242
33106 13240
33107 13243
33108 13244
33109 13247
33110 13244
33111 13242
33112 13245
33113 13246
33114 13249
33115 13246
33116 13244
33117 13247
33118 13248
33119 13251
33120 13248
33121 13246
33122 13249
33123 13250
33124 13253
33125 13250
33126 13248
33127 13251
33128 13252
33129 13255
33130 13252
33131 13250
33132 13253
33133 13254
33134 13257
33135 13254
33136 13252
33137 13255
33138 13256
33139 13259
33140 13256
33141 13254
33142 13257
33143 13258
33144 13261
33145 13258
33146 13256
33147 13259
33148 13260
33149 13263
33150 13260
33151 13258
33152 13261
33153 13262
33154 13265
33155 13262
33156 13260
33157 13263
33158 13264
33159 13267
33160 13264
33161 13262
33162 13265
33163 13266
33164 13269
33165 13266
33166 13264
33167 13267
33168 13268
33169 13271
33170 13268
33171 13266
33172 13269
33173 13270
33174 13273
33175 13270
33176 13268
33177 13271
33178 13272
33179 13275
33180 13272
33181 13270
33182 13273
33183 13274
33184 13277
33185 13274
33186 13272
33187 13275
33188 13276
33189 13279
33190 13276
33191 13274
33192 13277
33193 13278
33194 13281
33195 13278
33196 13276
33197 13279
33198 13280
33199 13283
33200 13280
33201 13278
33202 13281
33203 13282
33204 13285
33205 13282
33206 13280
33207 13283
33208 13284
33209 13287
33210 13284
33211 13282
33212 13285
33213 13286
33214 13289
33215 13286
33216 13284
33217 13287
33218 13288
33219 13291
33220 13288
33221 13286
33222 13289
33223 13290
33224 13293
33225 13290
33226 13288
33227 13291
33228 13292
33229 13295
33230 13292
33231 13290
33232 13293
33233 13294
33234 13297
33235 13294
33236 13292
33237 13295
33238 13296
33239 13299
33240 13296
33241 13294
33242 13297
33243 13298
33244 13301
33245 13298
33246 13296
33247 13299
33248 13300
33249 13303
33250 13300
33251 13298
33252 13301
33253 13302
33254 13305
33255 13302
33256 13300
33257 13303
33258 13304
33259 13307
33260 13304
33261 13302
33262 13305
33263 13306
33264 13309
33265 13306
33266 13304
33267 13307
33268 13308
33269 13311
33270 13308
33271 13306
33272 13309
33273 13310
33274 13313
33275 13310
33276 13308
33277 13311
33278 13312
33279 13315
33280 13312
33281 13310
33282 13313
33283 13314
33284 13317
33285 13314
33286 13312
33287 13315
33288 13316
33289 13319
33290 13316
33291 13314
33292 13317
33293 13318
33294 13321
33295 13318
33296 13316
33297 13319
33298 13320
33299 13323
33300 13320
33301 13318
33302 13321
33303 13322
33304 13325
33305 13322
33306 13320
33307 13323
33308 13324
33309 13327
33310 13324
33311 13322
33312 13325
33313 13326
33314 13329
33315 13326
33316 13324
33317 13327
33318 13328
33319 13331
33320 13328
33321 13326
33322 13329
33323 13330
33324 13333
33325 13330
33326 13328
33327 13331
33328 13332
33329 13335
33330 13332
33331 13330
33332 13333
33333 13334
33334 13337
33335 13334
33336 13332
33337 13335
33338 13336
33339 13339
33340 13336
33341 13334
33342 13337
33343 13338
33344 13341
33345 13338
33346 13336
33347 13339
33348 13340
33349 13343
33350 13340
33351 13338
33352 13341
33353 13342
33354 13345
33355 13342
33356 13340
33357 13343
33358 13344
33359 13347
33360 13344
33361 13342
33362 13345
33363 13346
33364 13349
33365 13346
33366 13344
33367 13347
33368 13348
33369 13351
33370 13348
33371 13346
33372 13349
33373 13350
33374 13353
33375 13350
33376 13348
33377 13351
33378 13352
33379 13355
33380 13352
33381 13350
33382 13353
33383 13354
33384 13357
33385 13354
33386 13352
33387 13355
33388 13356
33389 13359
33390 13356
33391 13354
33392 13357
33393 13358
33394 13361
33395 13358
33396 13356
33397 13359
33398 13360
33399 13363
33400 13360
33401 13358
33402 13361
33403 13362
33404 13365
33405 13362
33406 13360
33407 13363
33408 13364
33409 13367
33410 13364
33411 13362
33412 13365
33413 13366
33414 13369
33415 13366
33416 13364
33417 13367
33418 13368
33419 13371
33420 13368
33421 13366
33422 13369
33423 13370
33424 13373
33425 13370
33426 13368
33427 13371
33428 13372
33429 13375
33430 13372
33431 13370
33432 13373
33433 13374
33434 13377
33435 13374
33436 13372
33437 13375
33438 13376
33439 13379
33440 13376
33441 13374
33442 13377
33443 13378
33444 13381
33445 13378
33446 13376
33447 13379
33448 13380
33449 13383
33450 13380
33451 13378
33452 13381
33453 13382
33454 13385
33455 13382
33456 13380
33457 13383
33458 13384
33459 13387
33460 13384
33461 13382
33462 13385
33463 13386
33464 13389
33465 13386
33466 13384
33467 13387
33468 13388
33469 13391
33470 13388
33471 13386
33472 13389
33473 13390
33474 13393
33475 13390
33476 13388
33477 13391
33478 13392
33479 13395
33480 13392
33481 13390
33482 13393
33483 13394
33484 13397
33485 13394
33486 13392
33487 13395
33488 13396
33489 13399
33490 13396
33491 13394
33492 13397
33493 13398
33494 13401
33495 13398
33496 13396
33497 13399
33498 13400
33499 13403
33500 13400
33501 13398
33502 13401
33503 13402
33504 13405
33505 13402
33506 13400
33507 13403
33508 13404
33509 13407
33510 13404
33511 13402
33512 13405
33513 13406
33514 13409
33515 13406
33516 13404
33517 13407
33518 13408
33519 13411
33520 13408
33521 13406
33522 13409
33523 13410
33524 13413
33525 13410
33526 13408
33527 13411
33528 13412
33529 13415
33530 13412
33531 13410
33532 13413
33533 13414
33534 13417
33535 13414
33536 13412
33537 13415
33538 13416
33539 13419
33540 13416
33541 13414
33542 13417
33543 13418
33544 13421
33545 13418
33546 13416
33547 13419
33548 13420
33549 13423
33550 13420
33551 13418
33552 13421
33553 13422
33554 13425
33555 13422
33556 13420
33557 13423
33558 13424
33559 13427
33560 13424
33561 13422
33562 13425
33563 13426
33564 13429
33565 13426
33566 13424
33567 13427
33568 13428
33569 13431
33570 13428
33571 13426
33572 13429
33573 13430
33574 13433
33575 13430
33576 13428
33577 13431
33578 13432
33579 13435
33580 13432
33581 13430
33582 13433
33583 13434
33584 13437
33585 13434
33586 13432
33587 13435
33588 13436
33589 13439
33590 13436
33591 13434
33592 13437
33593 13438
33594 13441
33595 13438
33596 13436
33597 13439
33598 13440
33599 13443
33600 13440
33601 13438
33602 13441
33603 13442
33604 13445
33605 13442
33606 13440
33607 13443
33608 13444
33609 13447
33610 13444
33611 13442
33612 13445
33613 13446
33614 13449
33615 13446
33616 13444
33617 13447
33618 13448
33619 13451
33620 13448
33621 13446
33622 13449
33623 13450
33624 13453
33625 13450
33626 13448
33627 13451
33628 13452
33629 13455
33630 13452
33631 13450
33632 13453
33633 13454
33634 13457
33635 13454
33636 13452
33637 13455
33638 13456
33639 13459
33640 13456
33641 13454
33642 13457
33643 13458
33644 13461
33645 13458
33646 13456
33647 13459
33648 13460
33649 13463
33650 13460
33651 13458
33652 13461
33653 13462
33654 13465
33655 13462
33656 13460
33657 13463
33658 13464
33659 13467
33660 13464
33661 13462
33662 13465
33663 13466
33664 13469
33665 13466
33666 13464
33667 13467
33668 13468
33669 13471
33670 13468
33671 13466
33672 13469
33673 13470
33674 13473
33675 13470
33676 13468
33677 13471
33678 13472
33679 13475
33680 13472
33681 13470
33682 13473
33683 13474
33684 13477
33685 13474
33686 13472
33687 13475
33688 13476
33689 13479
33690 13476
33691 13474
33692 13477
33693 13478
33694 13481
33695 13478
33696 13476
33697 13479
33698 13480
33699 13483
33700 13480
33701 13478
33702 13481
33703 13482
33704 13485
33705 13482
33706 13480
33707 13483
33708 13484
33709 13487
33710 13484
33711 13482
33712 13485
33713 13486
33714 13489
33715 13486
33716 13484
33717 13487
33718 13488
33719 13491
33720 13488
33721 13486
33722 13489
33723 13490
33724 13493
33725 13490
33726 13488
33727 13491
33728 13492
33729 13495
33730 13492
33731 13490
33732 13493
33733 13494
33734 13497
33735 13494
33736 13492
33737 13495
33738 13496
33739 13499
33740 13496
33741 13494
33742 13497
33743 13498
33744 13501
33745 13498
33746 13496
33747 13499
33748 13500
33749 13503
33750 13500
33751 13498
33752 13501
33753 13502
33754 13505
33755 13502
33756 13500
33757 13503
33758 13504
33759 13507
33760 13504
33761 13502
33762 13505
33763 13506
33764 13509
33765 13506
33766 13504
33767 13507
33768 13508
33769 13511
33770 13508
33771 13506
33772 13509
33773 13510
33774 13513
33775 13510
33776 13508
33777 13511
33778 13512
33779 13515
33780 13512
33781 13510
33782 13513
33783 13514
33784 13517
33785 13514
33786 13512
33787 13515
33788 13516
33789 13519
33790 13516
33791 13514
33792 13517
33793 13518
33794 13521
33795 13518
33796 13516
33797 13519
33798 13520
33799 13523
33800 13520
33801 13518
33802 13521
33803 13522
33804 13525
33805 13522
33806 13520
33807 13523
33808 13524
33809 13527
33810 13524
33811 13522
33812 13525
33813 13526
33814 13529
33815 13526
33816 13524
33817 13527
33818 13528
33819 13531
33820 13528
33821 13526
33822 13529
33823 13530
33824 13533
33825 13530
33826 13528
33827 13531
33828 13532
33829 13535
33830 13532
33831 13530
33832 13533
33833 13534
33834 13537
33835 13534
33836 13532
33837 13535
33838 13536
33839 13539
33840 13536
33841 13534
33842 13537
33843 13538
33844 13541
33845 13538
33846 13536
33847 13539
33848 13540
33849 13543
33850 13540
33851 13538
33852 13541
33853 13542
33854 13545
33855 13542
33856 13540
33857 13543
33858 13544
33859 13547
33860 13544
33861 13542
33862 13545
33863 13546
33864 13549
33865 13546
33866 13544
33867 13547
33868 13548
33869 13551
33870 13548
33871 13546
33872 13549
33873 13550
33874 13553
33875 13550
33876 13548
33877 13551
33878 13552
33879 13555
33880 13552
33881 13550
33882 13553
33883 13554
33884 13557
33885 13554
33886 13552
33887 13555
33888 13556
33889 13559
33890 13556
33891 13554
33892 13557
33893 13558
33894 13561
33895 13558
33896 13556
33897 13559
33898 13560
33899 13563
33900 13560
33901 13558
33902 13561
33903 13562
33904 13565
33905 13562
33906 13560
33907 13563
33908 13564
33909 13567
33910 13564
33911 13562
33912 13565
33913 13566
33914 13569
33915 13566
33916 13564
33917 13567
33918 13568
33919 13571
33920 13568
33921 13566
33922 13569
33923 13570
33924 13573
33925 13570
33926 13568
33927 13571
33928 13572
33929 13575
33930 13572
33931 13570
33932 13573
33933 13574
33934 13577
33935 13574
33936 13572
33937 13575
33938 13576
33939 13579
33940 13576
33941 13574
33942 13577
33943 13578
33944 13581
33945 13578
33946 13576
33947 13579
33948 13580
33949 13583
33950 13580
33951 13578
33952 13581
33953 13582
33954 13585
33955 13582
33956 13580
33957 13583
33958 13584
33959 13587
33960 13584
33961 13582
33962 13585
33963 13586
33964 13589
33965 13586
33966 13584
33967 13587
33968 13588
33969 13591
33970 13588
33971 13586
33972 13589
33973 13590
33974 13593
33975 13590
33976 13588
33977 13591
33978 13592
33979 13595
33980 13592
33981 13590
33982 13593
33983 13594
33984 13597
33985 13594
33986 13592
33987 13595
33988 13596
33989 13599
33990 13596
33991 13594
33992 13597
33993 13598
33994 13601
33995 13598
33996 13596
33997 13599
33998 13600
33999 13603
34000 13600
34001 13598
34002 13601
34003 13602
34004 13605
34005 13602
34006 13600
34007 13603
34008 13604
34009 13607
34010 13604
34011 13602
34012 13605
34013 13606
34014 13609
34015 13606
34016 13604
34017 13607
34018 13608
34019 13611
34020 13608
34021 13606
34022 13609
34023 13610
34024 13613
34025 13610
34026 13608
34027 13611
34028 13612
34029 13615
34030 13612
34031 13610
34032 13613
34033 13614
34034 13617
34035 13614
34036 13612
34037 13615
34038 13616
34039 13619
34040 13616
34041 13614
34042 13617
34043 13618
34044 13621
34045 13618
34046 13616
34047 13619
34048 13620
34049 13623
34050 13620
34051 13618
34052 13621
34053 13622
34054 13625
34055 13622
34056 13620
34057 13623
34058 13624
34059 13627
34060 13624
34061 13622
34062 13625
34063 13626
34064 13629
34065 13626
34066 13624
34067 13627
34068 13628
34069 13631
34070 13628
34071 13626
34072 13629
34073 13630
34074 13633
34075 13630
34076 13628
34077 13631
34078 13632
34079 13635
34080 13632
34081 13630
34082 13633
34083 13634
34084 13637
34085 13634
34086 13632
34087 13635
34088 13636
34089 13639
34090 13636
34091 13634
34092 13637
34093 13638
34094 13641
34095 13638
34096 13636
34097 13639
34098 13640
34099 13643
34100 13640
34101 13638
34102 13641
34103 13642
34104 13645
34105 13642
34106 13640
34107 13643
34108 13644
34109 13647
34110 13644
34111 13642
34112 13645
34113 13646
34114 13649
34115 13646
34116 13644
34117 13647
34118 13648
34119 13651
34120 13648
34121 13646
34122 13649
34123 13650
34124 13653
34125 13650
34126 13648
34127 13651
34128 13652
34129 13655
34130 13652
34131 13650
34132 13653
34133 13654
34134 13657
34135 13654
34136 13652
34137 13655
34138 13656
34139 13659
34140 13656
34141 13654
34142 13657
34143 13658
34144 13661
34145 13658
34146 13656
34147 13659
34148 13660
34149 13663
34150 13660
34151 13658
34152 13661
34153 13662
34154 13665
34155 13662
34156 13660
34157 13663
34158 13664
34159 13667
34160 13664
34161 13662
34162 13665
34163 13666
34164 13669
34165 13666
34166 13664
34167 13667
34168 13668
34169 13671
34170 13668
34171 13666
34172 13669
34173 13670
34174 13673
34175 13670
34176 13668
34177 13671
34178 13672
34179 13675
34180 13672
34181 13670
34182 13673
34183 13674
34184 13677
34185 13674
34186 13672
34187 13675
34188 13676
34189 13679
34190 13676
34191 13674
34192 13677
34193 13678
34194 13681
34195 13678
34196 13676
34197 13679
34198 13680
34199 13683
34200 13680
34201 13678
34202 13681
34203 13682
34204 13685
34205 13682
34206 13680
34207 13683
34208 13684
34209 13687
34210 13684
34211 13682
34212 13685
34213 13686
34214 13689
34215 13686
34216 13684
34217 13687
34218 13688
34219 13691
34220 13688
34221 13686
34222 13689
34223 13690
34224 13693
34225 13690
34226 13688
34227 13691
34228 13692
34229 13695
34230 13692
34231 13690
34232 13693
34233 13694
34234 13697
34235 13694
34236 13692
34237 13695
34238 13696
34239 13699
34240 13696
34241 13694
34242 13697
34243 13698
34244 13701
34245 13698
34246 13696
34247 13699
34248 13700
34249 13703
34250 13700
34251 13698
34252 13701
34253 13702
34254 13705
34255 13702
34256 13700
34257 13703
34258 13704
34259 13707
34260 13704
34261 13702
34262 13705
34263 13706
34264 13709
34265 13706
34266 13704
34267 13707
34268 13708
34269 13711
34270 13708
34271 13706
34272 13709
34273 13710
34274 13713
34275 13710
34276 13708
34277 13711
34278 13712
34279 13715
34280 13712
34281 13710
34282 13713
34283 13714
34284 13717
34285 13714
34286 13712
34287 13715
34288 13716
34289 13719
34290 13716
34291 13714
34292 13717
34293 13718
34294 13721
34295 13718
34296 13716
34297 13719
34298 13720
34299 13723
34300 13720
34301 13718
34302 13721
34303 13722
34304 13725
34305 13722
34306 13720
34307 13723
34308 13724
34309 13727
34310 13724
34311 13722
34312 13725
34313 13726
34314 13729
34315 13726
34316 13724
34317 13727
34318 13728
34319 13731
34320 13728
34321 13726
34322 13729
34323 13730
34324 13733
34325 13730
34326 13728
34327 13731
34328 13732
34329 13735
34330 13732
34331 13730
34332 13733
34333 13734
34334 13737
34335 13734
34336 13732
34337 13735
34338 13736
34339 13739
34340 13736
34341 13734
34342 13737
34343 13738
34344 13741
34345 13738
34346 13736
34347 13739
34348 13740
34349 13743
34350 13740
34351 13738
34352 13741
34353 13742
34354 13745
34355 13742
34356 13740
34357 13743
34358 13744
34359 13747
34360 13744
34361 13742
34362 13745
34363 13746
34364 13749
34365 13746
34366 13744
34367 13747
34368 13748
34369 13751
34370 13748
34371 13746
34372 13749
34373 13750
34374 13753
34375 13750
34376 13748
34377 13751
34378 13752
34379 13755
34380 13752
34381 13750
34382 13753
34383 13754
34384 13757
34385 13754
34386 13752
34387 13755
34388 13756
34389 13759
34390 13756
34391 13754
34392 13757
34393 13758
34394 13761
34395 13758
34396 13756
34397 13759
34398 13760
34399 13763
34400 13760
34401 13758
34402 13761
34403 13762
34404 13765
34405 13762
34406 13760
34407 13763
34408 13764
34409 13767
34410 13764
34411 13762
34412 13765
34413 13766
34414 13769
34415 13766
34416 13764
34417 13767
34418 13768
34419 13771
34420 13768
34421 13766
34422 13769
34423 13770
34424 13773
34425 13770
34426 13768
34427 13771
34428 13772
34429 13775
34430 13772
34431 13770
34432 13773
34433 13774
34434 13777
34435 13774
34436 13772
34437 13775
34438 13776
34439 13779
34440 13776
34441 13774
34442 13777
34443 13778
34444 13781
34445 13778
34446 13776
34447 13779
34448 13780
34449 13783
34450 13780
34451 13778
34452 13781
34453 13782
34454 13785
34455 13782
34456 13780
34457 13783
34458 13784
34459 13787
34460 13784
34461 13782
34462 13785
34463 13786
34464 13789
34465 13786
34466 13784
34467 13787
34468 13788
34469 13791
34470 13788
34471 13786
34472 13789
34473 13790
34474 13793
34475 13790
34476 13788
34477 13791
34478 13792
34479 13795
34480 13792
34481 13790
34482 13793
34483 13794
34484 13797
34485 13794
34486 13792
34487 13795
34488 13796
34489 13799
34490 13796
34491 13794
34492 13797
34493 13798
34494 13801
34495 13798
34496 13796
34497 13799
34498 13800
34499 13803
34500 13800
34501 13798
34502 13801
34503 13802
34504 13805
34505 13802
34506 13800
34507 13803
34508 13804
34509 13807
34510 13804
34511 13802
34512 13805
34513 13806
34514 13809
34515 13806
34516 13804
34517 13807
34518 13808
34519 13811
34520 13808
34521 13806
34522 13809
34523 13810
34524 13813
34525 13810
34526 13808
34527 13811
34528 13812
34529 13815
34530 13812
34531 13810
34532 13813
34533 13814
34534 13817
34535 13814
34536 13812
34537 13815
34538 13816
34539 13819
34540 13816
34541 13814
34542 13817
34543 13818
34544 13821
34545 13818
34546 13816
34547 13819
34548 13820
34549 13823
34550 13820
34551 13818
34552 13821
34553 13822
34554 13825
34555 13822
34556 13820
34557 13823
34558 13824
34559 13827
34560 13824
34561 13822
34562 13825
34563 13826
34564 13829
34565 13826
34566 13824
34567 13827
34568 13828
34569 13831
34570 13828
34571 13826
34572 13829
34573 13830
34574 13833
34575 13830
34576 13828
34577 13831
34578 13832
34579 13835
34580 13832
34581 13830
34582 13833
34583 13834
34584 13837
34585 13834
34586 13832
34587 13835
34588 13836
34589 13839
34590 13836
34591 13834
34592 13837
34593 13838
34594 13841
34595 13838
34596 13836
34597 13839
34598 13840
34599 13843
34600 13840
34601 13838
34602 13841
34603 13842
34604 13845
34605 13842
34606 13840
34607 13843
34608 13844
34609 13847
34610 13844
34611 13842
34612 13845
34613 13846
34614 13849
34615 13846
34616 13844
34617 13847
34618 13848
34619 13851
34620 13848
34621 13846
34622 13849
34623 13850
34624 13853
34625 13850
34626 13848
34627 13851
34628 13852
34629 13855
34630 13852
34631 13850
34632 13853
34633 13854
34634 13857
34635 13854
34636 13852
34637 13855
34638 13856
34639 13859
34640 13856
34641 13854
34642 13857
34643 13858
34644 13861
34645 13858
34646 13856
34647 13859
34648 13860
34649 13863
34650 13860
34651 13858
34652 13861
34653 13862
34654 13865
34655 13862
34656 13860
34657 13863
34658 13864
34659 13867
34660 13864
34661 13862
34662 13865
34663 13866
34664 13869
34665 13866
34666 13864
34667 13867
34668 13868
34669 13871
34670 13868
34671 13866
34672 13869
34673 13870
34674 13873
34675 13870
34676 13868
34677 13871
34678 13872
34679 13875
34680 13872
34681 13870
34682 13873
34683 13874
34684 13877
34685 13874
34686 13872
34687 13875
34688 13876
34689 13879
34690 13876
34691 13874
34692 13877
34693 13878
34694 13881
34695 13878
34696 13876
34697 13879
34698 13880
34699 13883
34700 13880
34701 13878
34702 13881
34703 13882
34704 13885
34705 13882
34706 13880
34707 13883
34708 13884
34709 13887
34710 13884
34711 13882
34712 13885
34713 13886
34714 13889
34715 13886
34716 13884
34717 13887
34718 13888
34719 13891
34720 13888
34721 13886
34722 13889
34723 13890
34724 13893
34725 13890
34726 13888
34727 13891
34728 13892
34729 13895
34730 13892
34731 13890
34732 13893
34733 13894
34734 13897
34735 13894
34736 13892
34737 13895
34738 13896
34739 13899
34740 13896
34741 13894
34742 13897
34743 13898
34744 13901
34745 13898
34746 13896
34747 13899
34748 13900
34749 13903
34750 13900
34751 13898
34752 13901
34753 13902
34754 13905
34755 13902
34756 13900
34757 13903
34758 13904
34759 13907
34760 13904
34761 13902
34762 13905
34763 13906
34764 13909
34765 13906
34766 13904
34767 13907
34768 13908
34769 13911
34770 13908
34771 13906
34772 13909
34773 13910
34774 13913
34775 13910
34776 13908
34777 13911
34778 13912
34779 13915
34780 13912
34781 13910
34782 13913
34783 13914
34784 13917
34785 13914
34786 13912
34787 13915
34788 13916
34789 13919
34790 13916
34791 13914
34792 13917
34793 13918
34794 13921
34795 13918
34796 13916
34797 13919
34798 13920
34799 13923
34800 13920
34801 13918
34802 13921
34803 13922
34804 13925
34805 13922
34806 13920
34807 13923
34808 13924
34809 13927
34810 13924
34811 13922
34812 13925
34813 13926
34814 13929
34815 13926
34816 13924
34817 13927
34818 13928
34819 13931
34820 13928
34821 13926
34822 13929
34823 13930
34824 13933
34825 13930
34826 13928
34827 13931
34828 13932
34829 13935
34830 13932
34831 13930
34832 13933
34833 13934
34834 13937
34835 13934
34836 13932
34837 13935
34838 13936
34839 13939
34840 13936
34841 13934
34842 13937
34843 13938
34844 13941
34845 13938
34846 13936
34847 13939
34848 13940
34849 13943
34850 13940
34851 13938
34852 13941
34853 13942
34854 13945
34855 13942
34856 13940
34857 13943
34858 13944
34859 13947
34860 13944
34861 13942
34862 13945
34863 13946
34864 13949
34865 13946
34866 13944
34867 13947
34868 13948
34869 13951
34870 13948
34871 13946
34872 13949
34873 13950
34874 13953
34875 13950
34876 13948
34877 13951
34878 13952
34879 13955
34880 13952
34881 13950
34882 13953
34883 13954
34884 13957
34885 13954
34886 13952
34887 13955
34888 13956
34889 13959
34890 13956
34891 13954
34892 13957
34893 13958
34894 13961
34895 13958
34896 13956
34897 13959
34898 13960
34899 13963
34900 13960
34901 13958
34902 13961
34903 13962
34904 13965
34905 13962
34906 13960
34907 13963
34908 13964
34909 13967
34910 13964
34911 13962
34912 13965
34913 13966
34914 13969
34915 13966
34916 13964
34917 13967
34918 13968
34919 13971
34920 13968
34921 13966
34922 13969
34923 13970
34924 13973
34925 13970
34926 13968
34927 13971
34928 13972
34929 13975
34930 13972
34931 13970
34932 13973
34933 13974
34934 13977
34935 13974
34936 13972
34937 13975
34938 13976
34939 13979
34940 13976
34941 13974
34942 13977
34943 13978
34944 13981
34945 13978
34946 13976
34947 13979
34948 13980
34949 13983
34950 13980
34951 13978
34952 13981
34953 13982
34954 13985
34955 13982
34956 13980
34957 13983
34958 13984
34959 13987
34960 13984
34961 13982
34962 13985
34963 13986
34964 13989
34965 13986
34966 13984
34967 13987
34968 13988
34969 13991
34970 13988
34971 13986
34972 13989
34973 13990
34974 13993
34975 13990
34976 13988
34977 13991
34978 13992
34979 13995
34980 13992
34981 13990
34982 13993
34983 13994
34984 13997
34985 13994
34986 13992
34987 13995
34988 13996
34989 13999
34990 13996
34991 13994
34992 13997
34993 13998
34994 14001
34995 13998
34996 13996
34997 13999
34998 14000
34999 14003
35000 14000
35001 13998
35002 14001
35003 14002
35004 14005
35005 14002
35006 14000
35007 14003
35008 14004
35009 14007
35010 14004
35011 14002
35012 14005
35013 14006
35014 14009
35015 14006
35016 14004
35017 14007
35018 14008
35019 14011
35020 14008
35021 14006
35022 14009
35023 14010
35024 14013
35025 14010
35026 14008
35027 14011
35028 14012
35029 14015
35030 14012
35031 14010
35032 14013
35033 14014
35034 14017
35035 14014
35036 14012
35037 14015
35038 14016
35039 14019
35040 14016
35041 14014
35042 14017
35043 14018
35044 14021
35045 14018
35046 14016
35047 14019
35048 14020
35049 14023
35050 14020
35051 14018
35052 14021
35053 14022
35054 14025
35055 14022
35056 14020
35057 14023
35058 14024
35059 14027
35060 14024
35061 14022
35062 14025
35063 14026
35064 14029
35065 14026
35066 14024
35067 14027
35068 14028
35069 14031
35070 14028
35071 14026
35072 14029
35073 14030
35074 14033
35075 14030
35076 14028
35077 14031
35078 14032
35079 14035
35080 14032
35081 14030
35082 14033
35083 14034
35084 14037
35085 14034
35086 14032
35087 14035
35088 14036
35089 14039
35090 14036
35091 14034
35092 14037
35093 14038
35094 14041
35095 14038
35096 14036
35097 14039
35098 14040
35099 14043
35100 14040
35101 14038
35102 14041
35103 14042
35104 14045
35105 14042
35106 14040
35107 14043
35108 14044
35109 14047
35110 14044
35111 14042
35112 14045
35113 14046
35114 14049
35115 14046
35116 14044
35117 14047
35118 14048
35119 14051
35120 14048
35121 14046
35122 14049
35123 14050
35124 14053
35125 14050
35126 14048
35127 14051
35128 14052
35129 14055
35130 14052
35131 14050
35132 14053
35133 14054
35134 14057
35135 14054
35136 14052
35137 14055
35138 14056
35139 14059
35140 14056
35141 14054
35142 14057
35143 14058
35144 14061
35145 14058
35146 14056
35147 14059
35148 14060
35149 14063
35150 14060
35151 14058
35152 14061
35153 14062
35154 14065
35155 14062
35156 14060
35157 14063
35158 14064
35159 14067
35160 14064
35161 14062
35162 14065
35163 14066
35164 14069
35165 14066
35166 14064
35167 14067
35168 14068
35169 14071
35170 14068
35171 14066
35172 14069
35173 14070
35174 14073
35175 14070
35176 14068
35177 14071
35178 14072
35179 14075
35180 14072
35181 14070
35182 14073
35183 14074
35184 14077
35185 14074
35186 14072
35187 14075
35188 14076
35189 14079
35190 14076
35191 14074
35192 14077
35193 14078
35194 14081
35195 14078
35196 14076
35197 14079
35198 14080
35199 14083
35200 14080
35201 14078
35202 14081
35203 14082
35204 14085
35205 14082
35206 14080
35207 14083
35208 14084
35209 14087
35210 14084
35211 14082
35212 14085
35213 14086
35214 14089
35215 14086
35216 14084
35217 14087
35218 14088
35219 14091
35220 14088
35221 14086
35222 14089
35223 14090
35224 14093
35225 14090
35226 14088
35227 14091
35228 14092
35229 14095
35230 14092
35231 14090
35232 14093
35233 14094
35234 14097
35235 14094
35236 14092
35237 14095
35238 14096
35239 14099
35240 14096
35241 14094
35242 14097
35243 14098
35244 14101
35245 14098
35246 14096
35247 14099
35248 14100
35249 14103
35250 14100
35251 14098
35252 14101
35253 14102
35254 14105
35255 14102
35256 14100
35257 14103
35258 14104
35259 14107
35260 14104
35261 14102
35262 14105
35263 14106
35264 14109
35265 14106
35266 14104
35267 14107
35268 14108
35269 14111
35270 14108
35271 14106
35272 14109
35273 14110
35274 14113
35275 14110
35276 14108
35277 14111
35278 14112
35279 14115
35280 14112
35281 14110
35282 14113
35283 14114
35284 14117
35285 14114
35286 14112
35287 14115
35288 14116
35289 14119
35290 14116
35291 14114
35292 14117
35293 14118
35294 14121
35295 14118
35296 14116
35297 14119
35298 14120
35299 14123
35300 14120
35301 14118
35302 14121
35303 14122
35304 14125
35305 14122
35306 14120
35307 14123
35308 14124
35309 14127
35310 14124
35311 14122
35312 14125
35313 14126
35314 14129
35315 14126
35316 14124
35317 14127
35318 14128
35319 14131
35320 14128
35321 14126
35322 14129
35323 14130
35324 14133
35325 14130
35326 14128
35327 14131
35328 14132
35329 14135
35330 14132
35331 14130
35332 14133
35333 14134
35334 14137
35335 14134
35336 14132
35337 14135
35338 14136
35339 14139
35340 14136
35341 14134
35342 14137
35343 14138
35344 14141
35345 14138
35346 14136
35347 14139
35348 14140
35349 14143
35350 14140
35351 14138
35352 14141
35353 14142
35354 14145
35355 14142
35356 14140
35357 14143
35358 14144
35359 14147
35360 14144
35361 14142
35362 14145
35363 14146
35364 14149
35365 14146
35366 14144
35367 14147
35368 14148
35369 14151
35370 14148
35371 14146
35372 14149
35373 14150
35374 14153
35375 14150
35376 14148
35377 14151
35378 14152
35379 14155
35380 14152
35381 14150
35382 14153
35383 14154
35384 14157
35385 14154
35386 14152
35387 14155
35388 14156
35389 14159
35390 14156
35391 14154
35392 14157
35393 14158
35394 14161
35395 14158
35396 14156
35397 14159
35398 14160
35399 14163
35400 14160
35401 14158
35402 14161
35403 14162
35404 14165
35405 14162
35406 14160
35407 14163
35408 14164
35409 14167
35410 14164
35411 14162
35412 14165
35413 14166
35414 14169
35415 14166
35416 14164
35417 14167
35418 14168
35419 14171
35420 14168
35421 14166
35422 14169
35423 14170
35424 14173
35425 14170
35426 14168
35427 14171
35428 14172
35429 14175
35430 14172
35431 14170
35432 14173
35433 14174
35434 14177
35435 14174
35436 14172
35437 14175
35438 14176
35439 14179
35440 14176
35441 14174
35442 14177
35443 14178
35444 14181
35445 14178
35446 14176
35447 14179
35448 14180
35449 14183
35450 14180
35451 14178
35452 14181
35453 14182
35454 14185
35455 14182
35456 14180
35457 14183
35458 14184
35459 14187
35460 14184
35461 14182
35462 14185
35463 14186
35464 14189
35465 14186
35466 14184
35467 14187
35468 14188
35469 14191
35470 14188
35471 14186
35472 14189
35473 14190
35474 14193
35475 14190
35476 14188
35477 14191
35478 14192
35479 14195
35480 14192
35481 14190
35482 14193
35483 14194
35484 14197
35485 14194
35486 14192
35487 14195
35488 14196
35489 14199
35490 14196
35491 14194
35492 14197
35493 14198
35494 14201
35495 14198
35496 14196
35497 14199
35498 14200
35499 14203
35500 14200
35501 14198
35502 14201
35503 14202
35504 14205
35505 14202
35506 14200
35507 14203
35508 14204
35509 14207
35510 14204
35511 14202
35512 14205
35513 14206
35514 14209
35515 14206
35516 14204
35517 14207
35518 14208
35519 14211
35520 14208
35521 14206
35522 14209
35523 14210
35524 14213
35525 14210
35526 14208
35527 14211
35528 14212
35529 14215
35530 14212
35531 14210
35532 14213
35533 14214
35534 14217
35535 14214
35536 14212
35537 14215
35538 14216
35539 14219
35540 14216
35541 14214
35542 14217
35543 14218
35544 14221
35545 14218
35546 14216
35547 14219
35548 14220
35549 14223
35550 14220
35551 14218
35552 14221
35553 14222
35554 14225
35555 14222
35556 14220
35557 14223
35558 14224
35559 14227
35560 14224
35561 14222
35562 14225
35563 14226
35564 14229
35565 14226
35566 14224
35567 14227
35568 14228
35569 14231
35570 14228
35571 14226
35572 14229
35573 14230
35574 14233
35575 14230
35576 14228
35577 14231
35578 14232
35579 14235
35580 14232
35581 14230
35582 14233
35583 14234
35584 14237
35585 14234
35586 14232
35587 14235
35588 14236
35589 14239
35590 14236
35591 14234
35592 14237
35593 14238
35594 14241
35595 14238
35596 14236
35597 14239
35598 14240
35599 14243
35600 14240
35601 14238
35602 14241
35603 14242
35604 14245
35605 14242
35606 14240
35607 14243
35608 14244
35609 14247
35610 14244
35611 14242
35612 14245
35613 14246
35614 14249
35615 14246
35616 14244
35617 14247
35618 14248
35619 14251
35620 14248
35621 14246
35622 14249
35623 14250
35624 14253
35625 14250
35626 14248
35627 14251
35628 14252
35629 14255
35630 14252
35631 14250
35632 14253
35633 14254
35634 14257
35635 14254
35636 14252
35637 14255
35638 14256
35639 14259
35640 14256
35641 14254
35642 14257
35643 14258
35644 14261
35645 14258
35646 14256
35647 14259
35648 14260
35649 14263
35650 14260
35651 14258
35652 14261
35653 14262
35654 14265
35655 14262
35656 14260
35657 14263
35658 14264
35659 14267
35660 14264
35661 14262
35662 14265
35663 14266
35664 14269
35665 14266
35666 14264
35667 14267
35668 14268
35669 14271
35670 14268
35671 14266
35672 14269
35673 14270
35674 14273
35675 14270
35676 14268
35677 14271
35678 14272
35679 14275
35680 14272
35681 14270
35682 14273
35683 14274
35684 14277
35685 14274
35686 14272
35687 14275
35688 14276
35689 14279
35690 14276
35691 14274
35692 14277
35693 14278
35694 14281
35695 14278
35696 14276
35697 14279
35698 14280
35699 14283
35700 14280
35701 14278
35702 14281
35703 14282
35704 14285
35705 14282
35706 14280
35707 14283
35708 14284
35709 14287
35710 14284
35711 14282
35712 14285
35713 14286
35714 14289
35715 14286
35716 14284
35717 14287
35718 14288
35719 14291
35720 14288
35721 14286
35722 14289
35723 14290
35724 14293
35725 14290
35726 14288
35727 14291
35728 14292
35729 14295
35730 14292
35731 14290
35732 14293
35733 14294
35734 14297
35735 14294
35736 14292
35737 14295
35738 14296
35739 14299
35740 14296
35741 14294
35742 14297
35743 14298
35744 14301
35745 14298
35746 14296
35747 14299
35748 14300
35749 14303
35750 14300
35751 14298
35752 14301
35753 14302
35754 14305
35755 14302
35756 14300
35757 14303
35758 14304
35759 14307
35760 14304
35761 14302
35762 14305
35763 14306
35764 14309
35765 14306
35766 14304
35767 14307
35768 14308
35769 14311
35770 14308
35771 14306
35772 14309
35773 14310
35774 14313
35775 14310
35776 14308
35777 14311
35778 14312
35779 14315
35780 14312
35781 14310
35782 14313
35783 14314
35784 14317
35785 14314
35786 14312
35787 14315
35788 14316
35789 14319
35790 14316
35791 14314
35792 14317
35793 14318
35794 14321
35795 14318
35796 14316
35797 14319
35798 14320
35799 14323
35800 14320
35801 14318
35802 14321
35803 14322
35804 14325
35805 14322
35806 14320
35807 14323
35808 14324
35809 14327
35810 14324
35811 14322
35812 14325
35813 14326
35814 14329
35815 14326
35816 14324
35817 14327
35818 14328
35819 14331
35820 14328
35821 14326
35822 14329
35823 14330
35824 14333
35825 14330
35826 14328
35827 14331
35828 14332
35829 14335
35830 14332
35831 14330
35832 14333
35833 14334
35834 14337
35835 14334
35836 14332
35837 14335
35838 14336
35839 14339
35840 14336
35841 14334
35842 14337
35843 14338
35844 14341
35845 14338
35846 14336
35847 14339
35848 14340
35849 14343
35850 14340
35851 14338
35852 14341
35853 14342
35854 14345
35855 14342
35856 14340
35857 14343
35858 14344
35859 14347
35860 14344
35861 14342
35862 14345
35863 14346
35864 14349
35865 14346
35866 14344
35867 14347
35868 14348
35869 14351
35870 14348
35871 14346
35872 14349
35873 14350
35874 14353
35875 14350
35876 14348
35877 14351
35878 14352
35879 14355
35880 14352
35881 14350
35882 14353
35883 14354
35884 14357
35885 14354
35886 14352
35887 14355
35888 14356
35889 14359
35890 14356
35891 14354
35892 14357
35893 14358
35894 14361
35895 14358
35896 14356
35897 14359
35898 14360
35899 14363
35900 14360
35901 14358
35902 14361
35903 14362
35904 14365
35905 14362
35906 14360
35907 14363
35908 14364
35909 14367
35910 14364
35911 14362
35912 14365
35913 14366
35914 14369
35915 14366
35916 14364
35917 14367
35918 14368
35919 14371
35920 14368
35921 14366
35922 14369
35923 14370
35924 14373
35925 14370
35926 14368
35927 14371
35928 14372
35929 14375
35930 14372
35931 14370
35932 14373
35933 14374
35934 14377
35935 14374
35936 14372
35937 14375
35938 14376
35939 14379
35940 14376
35941 14374
35942 14377
35943 14378
35944 14381
35945 14378
35946 14376
35947 14379
35948 14380
35949 14383
35950 14380
35951 14378
35952 14381
35953 14382
35954 14385
35955 14382
35956 14380
35957 14383
35958 14384
35959 14387
35960 14384
35961 14382
35962 14385
35963 14386
35964 14389
35965 14386
35966 14384
35967 14387
35968 14388
35969 14391
35970 14388
35971 14386
35972 14389
35973 14390
35974 14393
35975 14390
35976 14388
35977 14391
35978 14392
35979 14395
35980 14392
35981 14390
35982 14393
35983 14394
35984 14397
35985 14394
35986 14392
35987 14395
35988 14396
35989 14399
35990 14396
35991 14394
35992 14397
35993 14398
35994 14401
35995 14398
35996 14396
35997 14399
35998 14400
35999 14403
36000 14400
36001 14398
36002 14401
36003 14402
36004 14405
36005 14402
36006 14400
36007 14403
36008 14404
36009 14407
36010 14404
36011 14402
36012 14405
36013 14406
36014 14409
36015 14406
36016 14404
36017 14407
36018 14408
36019 14411
36020 14408
36021 14406
36022 14409
36023 14410
36024 14413
36025 14410
36026 14408
36027 14411
36028 14412
36029 14415
36030 14412
36031 14410
36032 14413
36033 14414
36034 14417
36035 14414
36036 14412
36037 14415
36038 14416
36039 14419
36040 14416
36041 14414
36042 14417
36043 14418
36044 14421
36045 14418
36046 14416
36047 14419
36048 14420
36049 14423
36050 14420
36051 14418
36052 14421
36053 14422
36054 14425
36055 14422
36056 14420
36057 14423
36058 14424
36059 14427
36060 14424
36061 14422
36062 14425
36063 14426
36064 14429
36065 14426
36066 14424
36067 14427
36068 14428
36069 14431
36070 14428
36071 14426
36072 14429
36073 14430
36074 14433
36075 14430
36076 14428
36077 14431
36078 14432
36079 14435
36080 14432
36081 14430
36082 14433
36083 14434
36084 14437
36085 14434
36086 14432
36087 14435
36088 14436
36089 14439
36090 14436
36091 14434
36092 14437
36093 14438
36094 14441
36095 14438
36096 14436
36097 14439
36098 14440
36099 14443
36100 14440
36101 14438
36102 14441
36103 14442
36104 14445
36105 14442
36106 14440
36107 14443
36108 14444
36109 14447
36110 14444
36111 14442
36112 14445
36113 14446
36114 14449
36115 14446
36116 14444
36117 14447
36118 14448
36119 14451
36120 14448
36121 14446
36122 14449
36123 14450
36124 14453
36125 14450
36126 14448
36127 14451
36128 14452
36129 14455
36130 14452
36131 14450
36132 14453
36133 14454
36134 14457
36135 14454
36136 14452
36137 14455
36138 14456
36139 14459
36140 14456
36141 14454
36142 14457
36143 14458
36144 14461
36145 14458
36146 14456
36147 14459
36148 14460
36149 14463
36150 14460
36151 14458
36152 14461
36153 14462
36154 14465
36155 14462
36156 14460
36157 14463
36158 14464
36159 14467
36160 14464
36161 14462
36162 14465
36163 14466
36164 14469
36165 14466
36166 14464
36167 14467
36168 14468
36169 14471
36170 14468
36171 14466
36172 14469
36173 14470
36174 14473
36175 14470
36176 14468
36177 14471
36178 14472
36179 14475
36180 14472
36181 14470
36182 14473
36183 14474
36184 14477
36185 14474
36186 14472
36187 14475
36188 14476
36189 14479
36190 14476
36191 14474
36192 14477
36193 14478
36194 14481
36195 14478
36196 14476
36197 14479
36198 14480
36199 14483
36200 14480
36201 14478
36202 14481
36203 14482
36204 14485
36205 14482
36206 14480
36207 14483
36208 14484
36209 14487
36210 14484
36211 14482
36212 14485
36213 14486
36214 14489
36215 14486
36216 14484
36217 14487
36218 14488
36219 14491
36220 14488
36221 14486
36222 14489
36223 14490
36224 14493
36225 14490
36226 14488
36227 14491
36228 14492
36229 14495
36230 14492
36231 14490
36232 14493
36233 14494
36234 14497
36235 14494
36236 14492
36237 14495
36238 14496
36239 14499
36240 14496
36241 14494
36242 14497
36243 14498
36244 14501
36245 14498
36246 14496
36247 14499
36248 14500
36249 14503
36250 14500
36251 14498
36252 14501
36253 14502
36254 14505
36255 14502
36256 14500
36257 14503
36258 14504
36259 14507
36260 14504
36261 14502
36262 14505
36263 14506
36264 14509
36265 14506
36266 14504
36267 14507
36268 14508
36269 14511
36270 14508
36271 14506
36272 14509
36273 14510
36274 14513
36275 14510
36276 14508
36277 14511
36278 14512
36279 14515
36280 14512
36281 14510
36282 14513
36283 14514
36284 14517
36285 14514
36286 14512
36287 14515
36288 14516
36289 14519
36290 14516
36291 14514
36292 14517
36293 14518
36294 14521
36295 14518
36296 14516
36297 14519
36298 14520
36299 14523
36300 14520
36301 14518
36302 14521
36303 14522
36304 14525
36305 14522
36306 14520
36307 14523
36308 14524
36309 14527
36310 14524
36311 14522
36312 14525
36313 14526
36314 14529
36315 14526
36316 14524
36317 14527
36318 14528
36319 14531
36320 14528
36321 14526
36322 14529
36323 14530
36324 14533
36325 14530
36326 14528
36327 14531
36328 14532
36329 14535
36330 14532
36331 14530
36332 14533
36333 14534
36334 14537
36335 14534
36336 14532
36337 14535
36338 14536
36339 14539
36340 14536
36341 14534
36342 14537
36343 14538
36344 14541
36345 14538
36346 14536
36347 14539
36348 14540
36349 14543
36350 14540
36351 14538
36352 14541
36353 14542
36354 14545
36355 14542
36356 14540
36357 14543
36358 14544
36359 14547
36360 14544
36361 14542
36362 14545
36363 14546
36364 14549
36365 14546
36366 14544
36367 14547
36368 14548
36369 14551
36370 14548
36371 14546
36372 14549
36373 14550
36374 14553
36375 14550
36376 14548
36377 14551
36378 14552
36379 14555
36380 14552
36381 14550
36382 14553
36383 14554
36384 14557
36385 14554
36386 14552
36387 14555
36388 14556
36389 14559
36390 14556
36391 14554
36392 14557
36393 14558
36394 14561
36395 14558
36396 14556
36397 14559
36398 14560
36399 14563
36400 14560
36401 14558
36402 14561
36403 14562
36404 14565
36405 14562
36406 14560
36407 14563
36408 14564
36409 14567
36410 14564
36411 14562
36412 14565
36413 14566
36414 14569
36415 14566
36416 14564
36417 14567
36418 14568
36419 14571
36420 14568
36421 14566
36422 14569
36423 14570
36424 14573
36425 14570
36426 14568
36427 14571
36428 14572
36429 14575
36430 14572
36431 14570
36432 14573
36433 14574
36434 14577
36435 14574
36436 14572
36437 14575
36438 14576
36439 14579
36440 14576
36441 14574
36442 14577
36443 14578
36444 14581
36445 14578
36446 14576
36447 14579
36448 14580
36449 14583
36450 14580
36451 14578
36452 14581
36453 14582
36454 14585
36455 14582
36456 14580
36457 14583
36458 14584
36459 14587
36460 14584
36461 14582
36462 14585
36463 14586
36464 14589
36465 14586
36466 14584
36467 14587
36468 14588
36469 14591
36470 14588
36471 14586
36472 14589
36473 14590
36474 14593
36475 14590
36476 14588
36477 14591
36478 14592
36479 14595
36480 14592
36481 14590
36482 14593
36483 14594
36484 14597
36485 14594
36486 14592
36487 14595
36488 14596
36489 14599
36490 14596
36491 14594
36492 14597
36493 14598
36494 14601
36495 14598
36496 14596
36497 14599
36498 14600
36499 14603
36500 14600
36501 14598
36502 14601
36503 14602
36504 14605
36505 14602
36506 14600
36507 14603
36508 14604
36509 14607
36510 14604
36511 14602
36512 14605
36513 14606
36514 14609
36515 14606
36516 14604
36517 14607
36518 14608
36519 14611
36520 14608
36521 14606
36522 14609
36523 14610
36524 14613
36525 14610
36526 14608
36527 14611
36528 14612
36529 14615
36530 14612
36531 14610
36532 14613
36533 14614
36534 14617
36535 14614
36536 14612
36537 14615
36538 14616
36539 14619
36540 14616
36541 14614
36542 14617
36543 14618
36544 14621
36545 14618
36546 14616
36547 14619
36548 14620
36549 14623
36550 14620
36551 14618
36552 14621
36553 14622
36554 14625
36555 14622
36556 14620
36557 14623
36558 14624
36559 14627
36560 14624
36561 14622
36562 14625
36563 14626
36564 14629
36565 14626
36566 14624
36567 14627
36568 14628
36569 14631
36570 14628
36571 14626
36572 14629
36573 14630
36574 14633
36575 14630
36576 14628
36577 14631
36578 14632
36579 14635
36580 14632
36581 14630
36582 14633
36583 14634
36584 14637
36585 14634
36586 14632
36587 14635
36588 14636
36589 14639
36590 14636
36591 14634
36592 14637
36593 14638
36594 14641
36595 14638
36596 14636
36597 14639
36598 14640
36599 14643
36600 14640
36601 14638
36602 14641
36603 14642
36604 14645
36605 14642
36606 14640
36607 14643
36608 14644
36609 14647
36610 14644
36611 14642
36612 14645
36613 14646
36614 14649
36615 14646
36616 14644
36617 14647
36618 14648
36619 14651
36620 14648
36621 14646
36622 14649
36623 14650
36624 14653
36625 14650
36626 14648
36627 14651
36628 14652
36629 14655
36630 14652
36631 14650
36632 14653
36633 14654
36634 14657
36635 14654
36636 14652
36637 14655
36638 14656
36639 14659
36640 14656
36641 14654
36642 14657
36643 14658
36644 14661
36645 14658
36646 14656
36647 14659
36648 14660
36649 14663
36650 14660
36651 14658
36652 14661
36653 14662
36654 14665
36655 14662
36656 14660
36657 14663
36658 14664
36659 14667
36660 14664
36661 14662
36662 14665
36663 14666
36664 14669
36665 14666
36666 14664
36667 14667
36668 14668
36669 14671
36670 14668
36671 14666
36672 14669
36673 14670
36674 14673
36675 14670
36676 14668
36677 14671
36678 14672
36679 14675
36680 14672
36681 14670
36682 14673
36683 14674
36684 14677
36685 14674
36686 14672
36687 14675
36688 14676
36689 14679
36690 14676
36691 14674
36692 14677
36693 14678
36694 14681
36695 14678
36696 14676
36697 14679
36698 14680
36699 14683
36700 14680
36701 14678
36702 14681
36703 14682
36704 14685
36705 14682
36706 14680
36707 14683
36708 14684
36709 14687
36710 14684
36711 14682
36712 14685
36713 14686
36714 14689
36715 14686
36716 14684
36717 14687
36718 14688
36719 14691
36720 14688
36721 14686
36722 14689
36723 14690
36724 14693
36725 14690
36726 14688
36727 14691
36728 14692
36729 14695
36730 14692
36731 14690
36732 14693
36733 14694
36734 14697
36735 14694
36736 14692
36737 14695
36738 14696
36739 14699
36740 14696
36741 14694
36742 14697
36743 14698
36744 14701
36745 14698
36746 14696
36747 14699
36748 14700
36749 14703
36750 14700
36751 14698
36752 14701
36753 14702
36754 14705
36755 14702
36756 14700
36757 14703
36758 14704
36759 14707
36760 14704
36761 14702
36762 14705
36763 14706
36764 14709
36765 14706
36766 14704
36767 14707
36768 14708
36769 14711
36770 14708
36771 14706
36772 14709
36773 14710
36774 14713
36775 14710
36776 14708
36777 14711
36778 14712
36779 14715
36780 14712
36781 14710
36782 14713
36783 14714
36784 14717
36785 14714
36786 14712
36787 14715
36788 14716
36789 14719
36790 14716
36791 14714
36792 14717
36793 14718
36794 14721
36795 14718
36796 14716
36797 14719
36798 14720
36799 14723
36800 14720
36801 14718
36802 14721
36803 14722
36804 14725
36805 14722
36806 14720
36807 14723
36808 14724
36809 14727
36810 14724
36811 14722
36812 14725
36813 14726
36814 14729
36815 14726
36816 14724
36817 14727
36818 14728
36819 14731
36820 14728
36821 14726
36822 14729
36823 14730
36824 14733
36825 14730
36826 14728
36827 14731
36828 14732
36829 14735
36830 14732
36831 14730
36832 14733
36833 14734
36834 14737
36835 14734
36836 14732
36837 14735
36838 14736
36839 14739
36840 14736
36841 14734
36842 14737
36843 14738
36844 14741
36845 14738
36846 14736
36847 14739
36848 14740
36849 14743
36850 14740
36851 14738
36852 14741
36853 14742
36854 14745
36855 14742
36856 14740
36857 14743
36858 14744
36859 14747
36860 14744
36861 14742
36862 14745
36863 14746
36864 14749
36865 14746
36866 14744
36867 14747
36868 14748
36869 14751
36870 14748
36871 14746
36872 14749
36873 14750
36874 14753
36875 14750
36876 14748
36877 14751
36878 14752
36879 14755
36880 14752
36881 14750
36882 14753
36883 14754
36884 14757
36885 14754
36886 14752
36887 14755
36888 14756
36889 14759
36890 14756
36891 14754
36892 14757
36893 14758
36894 14761
36895 14758
36896 14756
36897 14759
36898 14760
36899 14763
36900 14760
36901 14758
36902 14761
36903 14762
36904 14765
36905 14762
36906 14760
36907 14763
36908 14764
36909 14767
36910 14764
36911 14762
36912 14765
36913 14766
36914 14769
36915 14766
36916 14764
36917 14767
36918 14768
36919 14771
36920 14768
36921 14766
36922 14769
36923 14770
36924 14773
36925 14770
36926 14768
36927 14771
36928 14772
36929 14775
36930 14772
36931 14770
36932 14773
36933 14774
36934 14777
36935 14774
36936 14772
36937 14775
36938 14776
36939 14779
36940 14776
36941 14774
36942 14777
36943 14778
36944 14781
36945 14778
36946 14776
36947 14779
36948 14780
36949 14783
36950 14780
36951 14778
36952 14781
36953 14782
36954 14785
36955 14782
36956 14780
36957 14783
36958 14784
36959 14787
36960 14784
36961 14782
36962 14785
36963 14786
36964 14789
36965 14786
36966 14784
36967 14787
36968 14788
36969 14791
36970 14788
36971 14786
36972 14789
36973 14790
36974 14793
36975 14790
36976 14788
36977 14791
36978 14792
36979 14795
36980 14792
36981 14790
36982 14793
36983 14794
36984 14797
36985 14794
36986 14792
36987 14795
36988 14796
36989 14799
36990 14796
36991 14794
36992 14797
36993 14798
36994 14801
36995 14798
36996 14796
36997 14799
36998 14800
36999 14803
37000 14800
37001 14798
37002 14801
37003 14802
37004 14805
37005 14802
37006 14800
37007 14803
37008 14804
37009 14807
37010 14804
37011 14802
37012 14805
37013 14806
37014 14809
37015 14806
37016 14804
37017 14807
37018 14808
37019 14811
37020 14808
37021 14806
37022 14809
37023 14810
37024 14813
37025 14810
37026 14808
37027 14811
37028 14812
37029 14815
37030 14812
37031 14810
37032 14813
37033 14814
37034 14817
37035 14814
37036 14812
37037 14815
37038 14816
37039 14819
37040 14816
37041 14814
37042 14817
37043 14818
37044 14821
37045 14818
37046 14816
37047 14819
37048 14820
37049 14823
37050 14820
37051 14818
37052 14821
37053 14822
37054 14825
37055 14822
37056 14820
37057 14823
37058 14824
37059 14827
37060 14824
37061 14822
37062 14825
37063 14826
37064 14829
37065 14826
37066 14824
37067 14827
37068 14828
37069 14831
37070 14828
37071 14826
37072 14829
37073 14830
37074 14833
37075 14830
37076 14828
37077 14831
37078 14832
37079 14835
37080 14832
37081 14830
37082 14833
37083 14834
37084 14837
37085 14834
37086 14832
37087 14835
37088 14836
37089 14839
37090 14836
37091 14834
37092 14837
37093 14838
37094 14841
37095 14838
37096 14836
37097 14839
37098 14840
37099 14843
37100 14840
37101 14838
37102 14841
37103 14842
37104 14845
37105 14842
37106 14840
37107 14843
37108 14844
37109 14847
37110 14844
37111 14842
37112 14845
37113 14846
37114 14849
37115 14846
37116 14844
37117 14847
37118 14848
37119 14851
37120 14848
37121 14846
37122 14849
37123 14850
37124 14853
37125 14850
37126 14848
37127 14851
37128 14852
37129 14855
37130 14852
37131 14850
37132 14853
37133 14854
37134 14857
37135 14854
37136 14852
37137 14855
37138 14856
37139 14859
37140 14856
37141 14854
37142 14857
37143 14858
37144 14861
37145 14858
37146 14856
37147 14859
37148 14860
37149 14863
37150 14860
37151 14858
37152 14861
37153 14862
37154 14865
37155 14862
37156 14860
37157 14863
37158 14864
37159 14867
37160 14864
37161 14862
37162 14865
37163 14866
37164 14869
37165 14866
37166 14864
37167 14867
37168 14868
37169 14871
37170 14868
37171 14866
37172 14869
37173 14870
37174 14873
37175 14870
37176 14868
37177 14871
37178 14872
37179 14875
37180 14872
37181 14870
37182 14873
37183 14874
37184 14877
37185 14874
37186 14872
37187 14875
37188 14876
37189 14879
37190 14876
37191 14874
37192 14877
37193 14878
37194 14881
37195 14878
37196 14876
37197 14879
37198 14880
37199 14883
37200 14880
37201 14878
37202 14881
37203 14882
37204 14885
37205 14882
37206 14880
37207 14883
37208 14884
37209 14887
37210 14884
37211 14882
37212 14885
37213 14886
37214 14889
37215 14886
37216 14884
37217 14887
37218 14888
37219 14891
37220 14888
37221 14886
37222 14889
37223 14890
37224 14893
37225 14890
37226 14888
37227 14891
37228 14892
37229 14895
37230 14892
37231 14890
37232 14893
37233 14894
37234 14897
37235 14894
37236 14892
37237 14895
37238 14896
37239 14899
37240 14896
37241 14894
37242 14897
37243 14898
37244 14901
37245 14898
37246 14896
37247 14899
37248 14900
37249 14903
37250 14900
37251 14898
37252 14901
37253 14902
37254 14905
37255 14902
37256 14900
37257 14903
37258 14904
37259 14907
37260 14904
37261 14902
37262 14905
37263 14906
37264 14909
37265 14906
37266 14904
37267 14907
37268 14908
37269 14911
37270 14908
37271 14906
37272 14909
37273 14910
37274 14913
37275 14910
37276 14908
37277 14911
37278 14912
37279 14915
37280 14912
37281 14910
37282 14913
37283 14914
37284 14917
37285 14914
37286 14912
37287 14915
37288 14916
37289 14919
37290 14916
37291 14914
37292 14917
37293 14918
37294 14921
37295 14918
37296 14916
37297 14919
37298 14920
37299 14923
37300 14920
37301 14918
37302 14921
37303 14922
37304 14925
37305 14922
37306 14920
37307 14923
37308 14924
37309 14927
37310 14924
37311 14922
37312 14925
37313 14926
37314 14929
37315 14926
37316 14924
37317 14927
37318 14928
37319 14931
37320 14928
37321 14926
37322 14929
37323 14930
37324 14933
37325 14930
37326 14928
37327 14931
37328 14932
37329 14935
37330 14932
37331 14930
37332 14933
37333 14934
37334 14937
37335 14934
37336 14932
37337 14935
37338 14936
37339 14939
37340 14936
37341 14934
37342 14937
37343 14938
37344 14941
37345 14938
37346 14936
37347 14939
37348 14940
37349 14943
37350 14940
37351 14938
37352 14941
37353 14942
37354 14945
37355 14942
37356 14940
37357 14943
37358 14944
37359 14947
37360 14944
37361 14942
37362 14945
37363 14946
37364 14949
37365 14946
37366 14944
37367 14947
37368 14948
37369 14951
37370 14948
37371 14946
37372 14949
37373 14950
37374 14953
37375 14950
37376 14948
37377 14951
37378 14952
37379 14955
37380 14952
37381 14950
37382 14953
37383 14954
37384 14957
37385 14954
37386 14952
37387 14955
37388 14956
37389 14959
37390 14956
37391 14954
37392 14957
37393 14958
37394 14961
37395 14958
37396 14956
37397 14959
37398 14960
37399 14963
37400 14960
37401 14958
37402 14961
37403 14962
37404 14965
37405 14962
37406 14960
37407 14963
37408 14964
37409 14967
37410 14964
37411 14962
37412 14965
37413 14966
37414 14969
37415 14966
37416 14964
37417 14967
37418 14968
37419 14971
37420 14968
37421 14966
37422 14969
37423 14970
37424 14973
37425 14970
37426 14968
37427 14971
37428 14972
37429 14975
37430 14972
37431 14970
37432 14973
37433 14974
37434 14977
37435 14974
37436 14972
37437 14975
37438 14976
37439 14979
37440 14976
37441 14974
37442 14977
37443 14978
37444 14981
37445 14978
37446 14976
37447 14979
37448 14980
37449 14983
37450 14980
37451 14978
37452 14981
37453 14982
37454 14985
37455 14982
37456 14980
37457 14983
37458 14984
37459 14987
37460 14984
37461 14982
37462 14985
37463 14986
37464 14989
37465 14986
37466 14984
37467 14987
37468 14988
37469 14991
37470 14988
37471 14986
37472 14989
37473 14990
37474 14993
37475 14990
37476 14988
37477 14991
37478 14992
37479 14995
37480 14992
37481 14990
37482 14993
37483 14994
37484 14997
37485 14994
37486 14992
37487 14995
37488 14996
37489 14999
37490 14996
37491 14994
37492 14997
37493 14998
37494 15001
37495 14998
37496 14996
37497 14999
37498 15000
37499 15003
37500 15000
37501 14998
37502 15001
37503 15002
37504 15005
37505 15002
37506 15000
37507 15003
37508 15004
37509 15007
37510 15004
37511 15002
37512 15005
37513 15006
37514 15009
37515 15006
37516 15004
37517 15007
37518 15008
37519 15011
37520 15008
37521 15006
37522 15009
37523 15010
37524 15013
37525 15010
37526 15008
37527 15011
37528 15012
37529 15015
37530 15012
37531 15010
37532 15013
37533 15014
37534 15017
37535 15014
37536 15012
37537 15015
37538 15016
37539 15019
37540 15016
37541 15014
37542 15017
37543 15018
37544 15021
37545 15018
37546 15016
37547 15019
37548 15020
37549 15023
37550 15020
37551 15018
37552 15021
37553 15022
37554 15025
37555 15022
37556 15020
37557 15023
37558 15024
37559 15027
37560 15024
37561 15022
37562 15025
37563 15026
37564 15029
37565 15026
37566 15024
37567 15027
37568 15028
37569 15031
37570 15028
37571 15026
37572 15029
37573 15030
37574 15033
37575 15030
37576 15028
37577 15031
37578 15032
37579 15035
37580 15032
37581 15030
37582 15033
37583 15034
37584 15037
37585 15034
37586 15032
37587 15035
37588 15036
37589 15039
37590 15036
37591 15034
37592 15037
37593 15038
37594 15041
37595 15038
37596 15036
37597 15039
37598 15040
37599 15043
37600 15040
37601 15038
37602 15041
37603 15042
37604 15045
37605 15042
37606 15040
37607 15043
37608 15044
37609 15047
37610 15044
37611 15042
37612 15045
37613 15046
37614 15049
37615 15046
37616 15044
37617 15047
37618 15048
37619 15051
37620 15048
37621 15046
37622 15049
37623 15050
37624 15053
37625 15050
37626 15048
37627 15051
37628 15052
37629 15055
37630 15052
37631 15050
37632 15053
37633 15054
37634 15057
37635 15054
37636 15052
37637 15055
37638 15056
37639 15059
37640 15056
37641 15054
37642 15057
37643 15058
37644 15061
37645 15058
37646 15056
37647 15059
37648 15060
37649 15063
37650 15060
37651 15058
37652 15061
37653 15062
37654 15065
37655 15062
37656 15060
37657 15063
37658 15064
37659 15067
37660 15064
37661 15062
37662 15065
37663 15066
37664 15069
37665 15066
37666 15064
37667 15067
37668 15068
37669 15071
37670 15068
37671 15066
37672 15069
37673 15070
37674 15073
37675 15070
37676 15068
37677 15071
37678 15072
37679 15075
37680 15072
37681 15070
37682 15073
37683 15074
37684 15077
37685 15074
37686 15072
37687 15075
37688 15076
37689 15079
37690 15076
37691 15074
37692 15077
37693 15078
37694 15081
37695 15078
37696 15076
37697 15079
37698 15080
37699 15083
37700 15080
37701 15078
37702 15081
37703 15082
37704 15085
37705 15082
37706 15080
37707 15083
37708 15084
37709 15087
37710 15084
37711 15082
37712 15085
37713 15086
37714 15089
37715 15086
37716 15084
37717 15087
37718 15088
37719 15091
37720 15088
37721 15086
37722 15089
37723 15090
37724 15093
37725 15090
37726 15088
37727 15091
37728 15092
37729 15095
37730 15092
37731 15090
37732 15093
37733 15094
37734 15097
37735 15094
37736 15092
37737 15095
37738 15096
37739 15099
37740 15096
37741 15094
37742 15097
37743 15098
37744 15101
37745 15098
37746 15096
37747 15099
37748 15100
37749 15103
37750 15100
37751 15098
37752 15101
37753 15102
37754 15105
37755 15102
37756 15100
37757 15103
37758 15104
37759 15107
37760 15104
37761 15102
37762 15105
37763 15106
37764 15109
37765 15106
37766 15104
37767 15107
37768 15108
37769 15111
37770 15108
37771 15106
37772 15109
37773 15110
37774 15113
37775 15110
37776 15108
37777 15111
37778 15112
37779 15115
37780 15112
37781 15110
37782 15113
37783 15114
37784 15117
37785 15114
37786 15112
37787 15115
37788 15116
37789 15119
37790 15116
37791 15114
37792 15117
37793 15118
37794 15121
37795 15118
37796 15116
37797 15119
37798 15120
37799 15123
37800 15120
37801 15118
37802 15121
37803 15122
37804 15125
37805 15122
37806 15120
37807 15123
37808 15124
37809 15127
37810 15124
37811 15122
37812 15125
37813 15126
37814 15129
37815 15126
37816 15124
37817 15127
37818 15128
37819 15131
37820 15128
37821 15126
37822 15129
37823 15130
37824 15133
37825 15130
37826 15128
37827 15131
37828 15132
37829 15135
37830 15132
37831 15130
37832 15133
37833 15134
37834 15137
37835 15134
37836 15132
37837 15135
37838 15136
37839 15139
37840 15136
37841 15134
37842 15137
37843 15138
37844 15141
37845 15138
37846 15136
37847 15139
37848 15140
37849 15143
37850 15140
37851 15138
37852 15141
37853 15142
37854 15145
37855 15142
37856 15140
37857 15143
37858 15144
37859 15147
37860 15144
37861 15142
37862 15145
37863 15146
37864 15149
37865 15146
37866 15144
37867 15147
37868 15148
37869 15151
37870 15148
37871 15146
37872 15149
37873 15150
37874 15153
37875 15150
37876 15148
37877 15151
37878 15152
37879 15155
37880 15152
37881 15150
37882 15153
37883 15154
37884 15157
37885 15154
37886 15152
37887 15155
37888 15156
37889 15159
37890 15156
37891 15154
37892 15157
37893 15158
37894 15161
37895 15158
37896 15156
37897 15159
37898 15160
37899 15163
37900 15160
37901 15158
37902 15161
37903 15162
37904 15165
37905 15162
37906 15160
37907 15163
37908 15164
37909 15167
37910 15164
37911 15162
37912 15165
37913 15166
37914 15169
37915 15166
37916 15164
37917 15167
37918 15168
37919 15171
37920 15168
37921 15166
37922 15169
37923 15170
37924 15173
37925 15170
37926 15168
37927 15171
37928 15172
37929 15175
37930 15172
37931 15170
37932 15173
37933 15174
37934 15177
37935 15174
37936 15172
37937 15175
37938 15176
37939 15179
37940 15176
37941 15174
37942 15177
37943 15178
37944 15181
37945 15178
37946 15176
37947 15179
37948 15180
37949 15183
37950 15180
37951 15178
37952 15181
37953 15182
37954 15185
37955 15182
37956 15180
37957 15183
37958 15184
37959 15187
37960 15184
37961 15182
37962 15185
37963 15186
37964 15189
37965 15186
37966 15184
37967 15187
37968 15188
37969 15191
37970 15188
37971 15186
37972 15189
37973 15190
37974 15193
37975 15190
37976 15188
37977 15191
37978 15192
37979 15195
37980 15192
37981 15190
37982 15193
37983 15194
37984 15197
37985 15194
37986 15192
37987 15195
37988 15196
37989 15199
37990 15196
37991 15194
37992 15197
37993 15198
37994 15201
37995 15198
37996 15196
37997 15199
37998 15200
37999 15203
38000 15200
38001 15198
38002 15201
38003 15202
38004 15205
38005 15202
38006 15200
38007 15203
38008 15204
38009 15207
38010 15204
38011 15202
38012 15205
38013 15206
38014 15209
38015 15206
38016 15204
38017 15207
38018 15208
38019 15211
38020 15208
38021 15206
38022 15209
38023 15210
38024 15213
38025 15210
38026 15208
38027 15211
38028 15212
38029 15215
38030 15212
38031 15210
38032 15213
38033 15214
38034 15217
38035 15214
38036 15212
38037 15215
38038 15216
38039 15219
38040 15216
38041 15214
38042 15217
38043 15218
38044 15221
38045 15218
38046 15216
38047 15219
38048 15220
38049 15223
38050 15220
38051 15218
38052 15221
38053 15222
38054 15225
38055 15222
38056 15220
38057 15223
38058 15224
38059 15227
38060 15224
38061 15222
38062 15225
38063 15226
38064 15229
38065 15226
38066 15224
38067 15227
38068 15228
38069 15231
38070 15228
38071 15226
38072 15229
38073 15230
38074 15233
38075 15230
38076 15228
38077 15231
38078 15232
38079 15235
38080 15232
38081 15230
38082 15233
38083 15234
38084 15237
38085 15234
38086 15232
38087 15235
38088 15236
38089 15239
38090 15236
38091 15234
38092 15237
38093 15238
38094 15241
38095 15238
38096 15236
38097 15239
38098 15240
38099 15243
38100 15240
38101 15238
38102 15241
38103 15242
38104 15245
38105 15242
38106 15240
38107 15243
38108 15244
38109 15247
38110 15244
38111 15242
38112 15245
38113 15246
38114 15249
38115 15246
38116 15244
38117 15247
38118 15248
38119 15251
38120 15248
38121 15246
38122 15249
38123 15250
38124 15253
38125 15250
38126 15248
38127 15251
38128 15252
38129 15255
38130 15252
38131 15250
38132 15253
38133 15254
38134 15257
38135 15254
38136 15252
38137 15255
38138 15256
38139 15259
38140 15256
38141 15254
38142 15257
38143 15258
38144 15261
38145 15258
38146 15256
38147 15259
38148 15260
38149 15263
38150 15260
38151 15258
38152 15261
38153 15262
38154 15265
38155 15262
38156 15260
38157 15263
38158 15264
38159 15267
38160 15264
38161 15262
38162 15265
38163 15266
38164 15269
38165 15266
38166 15264
38167 15267
38168 15268
38169 15271
38170 15268
38171 15266
38172 15269
38173 15270
38174 15273
38175 15270
38176 15268
38177 15271
38178 15272
38179 15275
38180 15272
38181 15270
38182 15273
38183 15274
38184 15277
38185 15274
38186 15272
38187 15275
38188 15276
38189 15279
38190 15276
38191 15274
38192 15277
38193 15278
38194 15281
38195 15278
38196 15276
38197 15279
38198 15280
38199 15283
38200 15280
38201 15278
38202 15281
38203 15282
38204 15285
38205 15282
38206 15280
38207 15283
38208 15284
38209 15287
38210 15284
38211 15282
38212 15285
38213 15286
38214 15289
38215 15286
38216 15284
38217 15287
38218 15288
38219 15291
38220 15288
38221 15286
38222 15289
38223 15290
38224 15293
38225 15290
38226 15288
38227 15291
38228 15292
38229 15295
38230 15292
38231 15290
38232 15293
38233 15294
38234 15297
38235 15294
38236 15292
38237 15295
38238 15296
38239 15299
38240 15296
38241 15294
38242 15297
38243 15298
38244 15301
38245 15298
38246 15296
38247 15299
38248 15300
38249 15303
38250 15300
38251 15298
38252 15301
38253 15302
38254 15305
38255 15302
38256 15300
38257 15303
38258 15304
38259 15307
38260 15304
38261 15302
38262 15305
38263 15306
38264 15309
38265 15306
38266 15304
38267 15307
38268 15308
38269 15311
38270 15308
38271 15306
38272 15309
38273 15310
38274 15313
38275 15310
38276 15308
38277 15311
38278 15312
38279 15315
38280 15312
38281 15310
38282 15313
38283 15314
38284 15317
38285 15314
38286 15312
38287 15315
38288 15316
38289 15319
38290 15316
38291 15314
38292 15317
38293 15318
38294 15321
38295 15318
38296 15316
38297 15319
38298 15320
38299 15323
38300 15320
38301 15318
38302 15321
38303 15322
38304 15325
38305 15322
38306 15320
38307 15323
38308 15324
38309 15327
38310 15324
38311 15322
38312 15325
38313 15326
38314 15329
38315 15326
38316 15324
38317 15327
38318 15328
38319 15331
38320 15328
38321 15326
38322 15329
38323 15330
38324 15333
38325 15330
38326 15328
38327 15331
38328 15332
38329 15335
38330 15332
38331 15330
38332 15333
38333 15334
38334 15337
38335 15334
38336 15332
38337 15335
38338 15336
38339 15339
38340 15336
38341 15334
38342 15337
38343 15338
38344 15341
38345 15338
38346 15336
38347 15339
38348 15340
38349 15343
38350 15340
38351 15338
38352 15341
38353 15342
38354 15345
38355 15342
38356 15340
38357 15343
38358 15344
38359 15347
38360 15344
38361 15342
38362 15345
38363 15346
38364 15349
38365 15346
38366 15344
38367 15347
38368 15348
38369 15351
38370 15348
38371 15346
38372 15349
38373 15350
38374 15353
38375 15350
38376 15348
38377 15351
38378 15352
38379 15355
38380 15352
38381 15350
38382 15353
38383 15354
38384 15357
38385 15354
38386 15352
38387 15355
38388 15356
38389 15359
38390 15356
38391 15354
38392 15357
38393 15358
38394 15361
38395 15358
38396 15356
38397 15359
38398 15360
38399 15363
38400 15360
38401 15358
38402 15361
38403 15362
38404 15365
38405 15362
38406 15360
38407 15363
38408 15364
38409 15367
38410 15364
38411 15362
38412 15365
38413 15366
38414 15369
38415 15366
38416 15364
38417 15367
38418 15368
38419 15371
38420 15368
38421 15366
38422 15369
38423 15370
38424 15373
38425 15370
38426 15368
38427 15371
38428 15372
38429 15375
38430 15372
38431 15370
38432 15373
38433 15374
38434 15377
38435 15374
38436 15372
38437 15375
38438 15376
38439 15379
38440 15376
38441 15374
38442 15377
38443 15378
38444 15381
38445 15378
38446 15376
38447 15379
38448 15380
38449 15383
38450 15380
38451 15378
38452 15381
38453 15382
38454 15385
38455 15382
38456 15380
38457 15383
38458 15384
38459 15387
38460 15384
38461 15382
38462 15385
38463 15386
38464 15389
38465 15386
38466 15384
38467 15387
38468 15388
38469 15391
38470 15388
38471 15386
38472 15389
38473 15390
38474 15393
38475 15390
38476 15388
38477 15391
38478 15392
38479 15395
38480 15392
38481 15390
38482 15393
38483 15394
38484 15397
38485 15394
38486 15392
38487 15395
38488 15396
38489 15399
38490 15396
38491 15394
38492 15397
38493 15398
38494 15401
38495 15398
38496 15396
38497 15399
38498 15400
38499 15403
38500 15400
38501 15398
38502 15401
38503 15402
38504 15405
38505 15402
38506 15400
38507 15403
38508 15404
38509 15407
38510 15404
38511 15402
38512 15405
38513 15406
38514 15409
38515 15406
38516 15404
38517 15407
38518 15408
38519 15411
38520 15408
38521 15406
38522 15409
38523 15410
38524 15413
38525 15410
38526 15408
38527 15411
38528 15412
38529 15415
38530 15412
38531 15410
38532 15413
38533 15414
38534 15417
38535 15414
38536 15412
38537 15415
38538 15416
38539 15419
38540 15416
38541 15414
38542 15417
38543 15418
38544 15421
38545 15418
38546 15416
38547 15419
38548 15420
38549 15423
38550 15420
38551 15418
38552 15421
38553 15422
38554 15425
38555 15422
38556 15420
38557 15423
38558 15424
38559 15427
38560 15424
38561 15422
38562 15425
38563 15426
38564 15429
38565 15426
38566 15424
38567 15427
38568 15428
38569 15431
38570 15428
38571 15426
38572 15429
38573 15430
38574 15433
38575 15430
38576 15428
38577 15431
38578 15432
38579 15435
38580 15432
38581 15430
38582 15433
38583 15434
38584 15437
38585 15434
38586 15432
38587 15435
38588 15436
38589 15439
38590 15436
38591 15434
38592 15437
38593 15438
38594 15441
38595 15438
38596 15436
38597 15439
38598 15440
38599 15443
38600 15440
38601 15438
38602 15441
38603 15442
38604 15445
38605 15442
38606 15440
38607 15443
38608 15444
38609 15447
38610 15444
38611 15442
38612 15445
38613 15446
38614 15449
38615 15446
38616 15444
38617 15447
38618 15448
38619 15451
38620 15448
38621 15446
38622 15449
38623 15450
38624 15453
38625 15450
38626 15448
38627 15451
38628 15452
38629 15455
38630 15452
38631 15450
38632 15453
38633 15454
38634 15457
38635 15454
38636 15452
38637 15455
38638 15456
38639 15459
38640 15456
38641 15454
38642 15457
38643 15458
38644 15461
38645 15458
38646 15456
38647 15459
38648 15460
38649 15463
38650 15460
38651 15458
38652 15461
38653 15462
38654 15465
38655 15462
38656 15460
38657 15463
38658 15464
38659 15467
38660 15464
38661 15462
38662 15465
38663 15466
38664 15469
38665 15466
38666 15464
38667 15467
38668 15468
38669 15471
38670 15468
38671 15466
38672 15469
38673 15470
38674 15473
38675 15470
38676 15468
38677 15471
38678 15472
38679 15475
38680 15472
38681 15470
38682 15473
38683 15474
38684 15477
38685 15474
38686 15472
38687 15475
38688 15476
38689 15479
38690 15476
38691 15474
38692 15477
38693 15478
38694 15481
38695 15478
38696 15476
38697 15479
38698 15480
38699 15483
38700 15480
38701 15478
38702 15481
38703 15482
38704 15485
38705 15482
38706 15480
38707 15483
38708 15484
38709 15487
38710 15484
38711 15482
38712 15485
38713 15486
38714 15489
38715 15486
38716 15484
38717 15487
38718 15488
38719 15491
38720 15488
38721 15486
38722 15489
38723 15490
38724 15493
38725 15490
38726 15488
38727 15491
38728 15492
38729 15495
38730 15492
38731 15490
38732 15493
38733 15494
38734 15497
38735 15494
38736 15492
38737 15495
38738 15496
38739 15499
38740 15496
38741 15494
38742 15497
38743 15498
38744 15501
38745 15498
38746 15496
38747 15499
38748 15500
38749 15503
38750 15500
38751 15498
38752 15501
38753 15502
38754 15505
38755 15502
38756 15500
38757 15503
38758 15504
38759 15507
38760 15504
38761 15502
38762 15505
38763 15506
38764 15509
38765 15506
38766 15504
38767 15507
38768 15508
38769 15511
38770 15508
38771 15506
38772 15509
38773 15510
38774 15513
38775 15510
38776 15508
38777 15511
38778 15512
38779 15515
38780 15512
38781 15510
38782 15513
38783 15514
38784 15517
38785 15514
38786 15512
38787 15515
38788 15516
38789 15519
38790 15516
38791 15514
38792 15517
38793 15518
38794 15521
38795 15518
38796 15516
38797 15519
38798 15520
38799 15523
38800 15520
38801 15518
38802 15521
38803 15522
38804 15525
38805 15522
38806 15520
38807 15523
38808 15524
38809 15527
38810 15524
38811 15522
38812 15525
38813 15526
38814 15529
38815 15526
38816 15524
38817 15527
38818 15528
38819 15531
38820 15528
38821 15526
38822 15529
38823 15530
38824 15533
38825 15530
38826 15528
38827 15531
38828 15532
38829 15535
38830 15532
38831 15530
38832 15533
38833 15534
38834 15537
38835 15534
38836 15532
38837 15535
38838 15536
38839 15539
38840 15536
38841 15534
38842 15537
38843 15538
38844 15541
38845 15538
38846 15536
38847 15539
38848 15540
38849 15543
38850 15540
38851 15538
38852 15541
38853 15542
38854 15545
38855 15542
38856 15540
38857 15543
38858 15544
38859 15547
38860 15544
38861 15542
38862 15545
38863 15546
38864 15549
38865 15546
38866 15544
38867 15547
38868 15548
38869 15551
38870 15548
38871 15546
38872 15549
38873 15550
38874 15553
38875 15550
38876 15548
38877 15551
38878 15552
38879 15555
38880 15552
38881 15550
38882 15553
38883 15554
38884 15557
38885 15554
38886 15552
38887 15555
38888 15556
38889 15559
38890 15556
38891 15554
38892 15557
38893 15558
38894 15561
38895 15558
38896 15556
38897 15559
38898 15560
38899 15563
38900 15560
38901 15558
38902 15561
38903 15562
38904 15565
38905 15562
38906 15560
38907 15563
38908 15564
38909 15567
38910 15564
38911 15562
38912 15565
38913 15566
38914 15569
38915 15566
38916 15564
38917 15567
38918 15568
38919 15571
38920 15568
38921 15566
38922 15569
38923 15570
38924 15573
38925 15570
38926 15568
38927 15571
38928 15572
38929 15575
38930 15572
38931 15570
38932 15573
38933 15574
38934 15577
38935 15574
38936 15572
38937 15575
38938 15576
38939 15579
38940 15576
38941 15574
38942 15577
38943 15578
38944 15581
38945 15578
38946 15576
38947 15579
38948 15580
38949 15583
38950 15580
38951 15578
38952 15581
38953 15582
38954 15585
38955 15582
38956 15580
38957 15583
38958 15584
38959 15587
38960 15584
38961 15582
38962 15585
38963 15586
38964 15589
38965 15586
38966 15584
38967 15587
38968 15588
38969 15591
38970 15588
38971 15586
38972 15589
38973 15590
38974 15593
38975 15590
38976 15588
38977 15591
38978 15592
38979 15595
38980 15592
38981 15590
38982 15593
38983 15594
38984 15597
38985 15594
38986 15592
38987 15595
38988 15596
38989 15599
38990 15596
38991 15594
38992 15597
38993 15598
38994 15601
38995 15598
38996 15596
38997 15599
38998 15600
38999 15603
39000 15600
39001 15598
39002 15601
39003 15602
39004 15605
39005 15602
39006 15600
39007 15603
39008 15604
39009 15607
39010 15604
39011 15602
39012 15605
39013 15606
39014 15609
39015 15606
39016 15604
39017 15607
39018 15608
39019 15611
39020 15608
39021 15606
39022 15609
39023 15610
39024 15613
39025 15610
39026 15608
39027 15611
39028 15612
39029 15615
39030 15612
39031 15610
39032 15613
39033 15614
39034 15617
39035 15614
39036 15612
39037 15615
39038 15616
39039 15619
39040 15616
39041 15614
39042 15617
39043 15618
39044 15621
39045 15618
39046 15616
39047 15619
39048 15620
39049 15623
39050 15620
39051 15618
39052 15621
39053 15622
39054 15625
39055 15622
39056 15620
39057 15623
39058 15624
39059 15627
39060 15624
39061 15622
39062 15625
39063 15626
39064 15629
39065 15626
39066 15624
39067 15627
39068 15628
39069 15631
39070 15628
39071 15626
39072 15629
39073 15630
39074 15633
39075 15630
39076 15628
39077 15631
39078 15632
39079 15635
39080 15632
39081 15630
39082 15633
39083 15634
39084 15637
39085 15634
39086 15632
39087 15635
39088 15636
39089 15639
39090 15636
39091 15634
39092 15637
39093 15638
39094 15641
39095 15638
39096 15636
39097 15639
39098 15640
39099 15643
39100 15640
39101 15638
39102 15641
39103 15642
39104 15645
39105 15642
39106 15640
39107 15643
39108 15644
39109 15647
39110 15644
39111 15642
39112 15645
39113 15646
39114 15649
39115 15646
39116 15644
39117 15647
39118 15648
39119 15651
39120 15648
39121 15646
39122 15649
39123 15650
39124 15653
39125 15650
39126 15648
39127 15651
39128 15652
39129 15655
39130 15652
39131 15650
39132 15653
39133 15654
39134 15657
39135 15654
39136 15652
39137 15655
39138 15656
39139 15659
39140 15656
39141 15654
39142 15657
39143 15658
39144 15661
39145 15658
39146 15656
39147 15659
39148 15660
39149 15663
39150 15660
39151 15658
39152 15661
39153 15662
39154 15665
39155 15662
39156 15660
39157 15663
39158 15664
39159 15667
39160 15664
39161 15662
39162 15665
39163 15666
39164 15669
39165 15666
39166 15664
39167 15667
39168 15668
39169 15671
39170 15668
39171 15666
39172 15669
39173 15670
39174 15673
39175 15670
39176 15668
39177 15671
39178 15672
39179 15675
39180 15672
39181 15670
39182 15673
39183 15674
39184 15677
39185 15674
39186 15672
39187 15675
39188 15676
39189 15679
39190 15676
39191 15674
39192 15677
39193 15678
39194 15681
39195 15678
39196 15676
39197 15679
39198 15680
39199 15683
39200 15680
39201 15678
39202 15681
39203 15682
39204 15685
39205 15682
39206 15680
39207 15683
39208 15684
39209 15687
39210 15684
39211 15682
39212 15685
39213 15686
39214 15689
39215 15686
39216 15684
39217 15687
39218 15688
39219 15691
39220 15688
39221 15686
39222 15689
39223 15690
39224 15693
39225 15690
39226 15688
39227 15691
39228 15692
39229 15695
39230 15692
39231 15690
39232 15693
39233 15694
39234 15697
39235 15694
39236 15692
39237 15695
39238 15696
39239 15699
39240 15696
39241 15694
39242 15697
39243 15698
39244 15701
39245 15698
39246 15696
39247 15699
39248 15700
39249 15703
39250 15700
39251 15698
39252 15701
39253 15702
39254 15705
39255 15702
39256 15700
39257 15703
39258 15704
39259 15707
39260 15704
39261 15702
39262 15705
39263 15706
39264 15709
39265 15706
39266 15704
39267 15707
39268 15708
39269 15711
39270 15708
39271 15706
39272 15709
39273 15710
39274 15713
39275 15710
39276 15708
39277 15711
39278 15712
39279 15715
39280 15712
39281 15710
39282 15713
39283 15714
39284 15717
39285 15714
39286 15712
39287 15715
39288 15716
39289 15719
39290 15716
39291 15714
39292 15717
39293 15718
39294 15721
39295 15718
39296 15716
39297 15719
39298 15720
39299 15723
39300 15720
39301 15718
39302 15721
39303 15722
39304 15725
39305 15722
39306 15720
39307 15723
39308 15724
39309 15727
39310 15724
39311 15722
39312 15725
39313 15726
39314 15729
39315 15726
39316 15724
39317 15727
39318 15728
39319 15731
39320 15728
39321 15726
39322 15729
39323 15730
39324 15733
39325 15730
39326 15728
39327 15731
39328 15732
39329 15735
39330 15732
39331 15730
39332 15733
39333 15734
39334 15737
39335 15734
39336 15732
39337 15735
39338 15736
39339 15739
39340 15736
39341 15734
39342 15737
39343 15738
39344 15741
39345 15738
39346 15736
39347 15739
39348 15740
39349 15743
39350 15740
39351 15738
39352 15741
39353 15742
39354 15745
39355 15742
39356 15740
39357 15743
39358 15744
39359 15747
39360 15744
39361 15742
39362 15745
39363 15746
39364 15749
39365 15746
39366 15744
39367 15747
39368 15748
39369 15751
39370 15748
39371 15746
39372 15749
39373 15750
39374 15753
39375 15750
39376 15748
39377 15751
39378 15752
39379 15755
39380 15752
39381 15750
39382 15753
39383 15754
39384 15757
39385 15754
39386 15752
39387 15755
39388 15756
39389 15759
39390 15756
39391 15754
39392 15757
39393 15758
39394 15761
39395 15758
39396 15756
39397 15759
39398 15760
39399 15763
39400 15760
39401 15758
39402 15761
39403 15762
39404 15765
39405 15762
39406 15760
39407 15763
39408 15764
39409 15767
39410 15764
39411 15762
39412 15765
39413 15766
39414 15769
39415 15766
39416 15764
39417 15767
39418 15768
39419 15771
39420 15768
39421 15766
39422 15769
39423 15770
39424 15773
39425 15770
39426 15768
39427 15771
39428 15772
39429 15775
39430 15772
39431 15770
39432 15773
39433 15774
39434 15777
39435 15774
39436 15772
39437 15775
39438 15776
39439 15779
39440 15776
39441 15774
39442 15777
39443 15778
39444 15781
39445 15778
39446 15776
39447 15779
39448 15780
39449 15783
39450 15780
39451 15778
39452 15781
39453 15782
39454 15785
39455 15782
39456 15780
39457 15783
39458 15784
39459 15787
39460 15784
39461 15782
39462 15785
39463 15786
39464 15789
39465 15786
39466 15784
39467 15787
39468 15788
39469 15791
39470 15788
39471 15786
39472 15789
39473 15790
39474 15793
39475 15790
39476 15788
39477 15791
39478 15792
39479 15795
39480 15792
39481 15790
39482 15793
39483 15794
39484 15797
39485 15794
39486 15792
39487 15795
39488 15796
39489 15799
39490 15796
39491 15794
39492 15797
39493 15798
39494 15801
39495 15798
39496 15796
39497 15799
39498 15800
39499 15803
39500 15800
39501 15798
39502 15801
39503 15802
39504 15805
39505 15802
39506 15800
39507 15803
39508 15804
39509 15807
39510 15804
39511 15802
39512 15805
39513 15806
39514 15809
39515 15806
39516 15804
39517 15807
39518 15808
39519 15811
39520 15808
39521 15806
39522 15809
39523 15810
39524 15813
39525 15810
39526 15808
39527 15811
39528 15812
39529 15815
39530 15812
39531 15810
39532 15813
39533 15814
39534 15817
39535 15814
39536 15812
39537 15815
39538 15816
39539 15819
39540 15816
39541 15814
39542 15817
39543 15818
39544 15821
39545 15818
39546 15816
39547 15819
39548 15820
39549 15823
39550 15820
39551 15818
39552 15821
39553 15822
39554 15825
39555 15822
39556 15820
39557 15823
39558 15824
39559 15827
39560 15824
39561 15822
39562 15825
39563 15826
39564 15829
39565 15826
39566 15824
39567 15827
39568 15828
39569 15831
39570 15828
39571 15826
39572 15829
39573 15830
39574 15833
39575 15830
39576 15828
39577 15831
39578 15832
39579 15835
39580 15832
39581 15830
39582 15833
39583 15834
39584 15837
39585 15834
39586 15832
39587 15835
39588 15836
39589 15839
39590 15836
39591 15834
39592 15837
39593 15838
39594 15841
39595 15838
39596 15836
39597 15839
39598 15840
39599 15843
39600 15840
39601 15838
39602 15841
39603 15842
39604 15845
39605 15842
39606 15840
39607 15843
39608 15844
39609 15847
39610 15844
39611 15842
39612 15845
39613 15846
39614 15849
39615 15846
39616 15844
39617 15847
39618 15848
39619 15851
39620 15848
39621 15846
39622 15849
39623 15850
39624 15853
39625 15850
39626 15848
39627 15851
39628 15852
39629 15855
39630 15852
39631 15850
39632 15853
39633 15854
39634 15857
39635 15854
39636 15852
39637 15855
39638 15856
39639 15859
39640 15856
39641 15854
39642 15857
39643 15858
39644 15861
39645 15858
39646 15856
39647 15859
39648 15860
39649 15863
39650 15860
39651 15858
39652 15861
39653 15862
39654 15865
39655 15862
39656 15860
39657 15863
39658 15864
39659 15867
39660 15864
39661 15862
39662 15865
39663 15866
39664 15869
39665 15866
39666 15864
39667 15867
39668 15868
39669 15871
39670 15868
39671 15866
39672 15869
39673 15870
39674 15873
39675 15870
39676 15868
39677 15871
39678 15872
39679 15875
39680 15872
39681 15870
39682 15873
39683 15874
39684 15877
39685 15874
39686 15872
39687 15875
39688 15876
39689 15879
39690 15876
39691 15874
39692 15877
39693 15878
39694 15881
39695 15878
39696 15876
39697 15879
39698 15880
39699 15883
39700 15880
39701 15878
39702 15881
39703 15882
39704 15885
39705 15882
39706 15880
39707 15883
39708 15884
39709 15887
39710 15884
39711 15882
39712 15885
39713 15886
39714 15889
39715 15886
39716 15884
39717 15887
39718 15888
39719 15891
39720 15888
39721 15886
39722 15889
39723 15890
39724 15893
39725 15890
39726 15888
39727 15891
39728 15892
39729 15895
39730 15892
39731 15890
39732 15893
39733 15894
39734 15897
39735 15894
39736 15892
39737 15895
39738 15896
39739 15899
39740 15896
39741 15894
39742 15897
39743 15898
39744 15901
39745 15898
39746 15896
39747 15899
39748 15900
39749 15903
39750 15900
39751 15898
39752 15901
39753 15902
39754 15905
39755 15902
39756 15900
39757 15903
39758 15904
39759 15907
39760 15904
39761 15902
39762 15905
39763 15906
39764 15909
39765 15906
39766 15904
39767 15907
39768 15908
39769 15911
39770 15908
39771 15906
39772 15909
39773 15910
39774 15913
39775 15910
39776 15908
39777 15911
39778 15912
39779 15915
39780 15912
39781 15910
39782 15913
39783 15914
39784 15917
39785 15914
39786 15912
39787 15915
39788 15916
39789 15919
39790 15916
39791 15914
39792 15917
39793 15918
39794 15921
39795 15918
39796 15916
39797 15919
39798 15920
39799 15923
39800 15920
39801 15918
39802 15921
39803 15922
39804 15925
39805 15922
39806 15920
39807 15923
39808 15924
39809 15927
39810 15924
39811 15922
39812 15925
39813 15926
39814 15929
39815 15926
39816 15924
39817 15927
39818 15928
39819 15931
39820 15928
39821 15926
39822 15929
39823 15930
39824 15933
39825 15930
39826 15928
39827 15931
39828 15932
39829 15935
39830 15932
39831 15930
39832 15933
39833 15934
39834 15937
39835 15934
39836 15932
39837 15935
39838 15936
39839 15939
39840 15936
39841 15934
39842 15937
39843 15938
39844 15941
39845 15938
39846 15936
39847 15939
39848 15940
39849 15943
39850 15940
39851 15938
39852 15941
39853 15942
39854 15945
39855 15942
39856 15940
39857 15943
39858 15944
39859 15947
39860 15944
39861 15942
39862 15945
39863 15946
39864 15949
39865 15946
39866 15944
39867 15947
39868 15948
39869 15951
39870 15948
39871 15946
39872 15949
39873 15950
39874 15953
39875 15950
39876 15948
39877 15951
39878 15952
39879 15955
39880 15952
39881 15950
39882 15953
39883 15954
39884 15957
39885 15954
39886 15952
39887 15955
39888 15956
39889 15959
39890 15956
39891 15954
39892 15957
39893 15958
39894 15961
39895 15958
39896 15956
39897 15959
39898 15960
39899 15963
39900 15960
39901 15958
39902 15961
39903 15962
39904 15965
39905 15962
39906 15960
39907 15963
39908 15964
39909 15967
39910 15964
39911 15962
39912 15965
39913 15966
39914 15969
39915 15966
39916 15964
39917 15967
39918 15968
39919 15971
39920 15968
39921 15966
39922 15969
39923 15970
39924 15973
39925 15970
39926 15968
39927 15971
39928 15972
39929 15975
39930 15972
39931 15970
39932 15973
39933 15974
39934 15977
39935 15974
39936 15972
39937 15975
39938 15976
39939 15979
39940 15976
39941 15974
39942 15977
39943 15978
39944 15981
39945 15978
39946 15976
39947 15979
39948 15980
39949 15983
39950 15980
39951 15978
39952 15981
39953 15982
39954 15985
39955 15982
39956 15980
39957 15983
39958 15984
39959 15987
39960 15984
39961 15982
39962 15985
39963 15986
39964 15989
39965 15986
39966 15984
39967 15987
39968 15988
39969 15991
39970 15988
39971 15986
39972 15989
39973 15990
39974 15993
39975 15990
39976 15988
39977 15991
39978 15992
39979 15995
39980 15992
39981 15990
39982 15993
39983 15994
39984 15997
39985 15994
39986 15992
39987 15995
39988 15996
39989 15999
39990 15996
39991 15994
39992 15997
39993 15998
39994 16001
39995 15998
39996 15996
39997 15999
39998 16000
39999 16003
40000 16000
40001 15998
40002 16001
40003 16002
40004 16005
40005 16002
40006 16000
40007 16003
40008 16004
40009 16007
40010 16004
40011 16002
40012 16005
40013 16006
40014 16009
40015 16006
40016 16004
40017 16007
40018 16008
40019 16011
40020 16008
40021 16006
40022 16009
40023 16010
40024 16013
40025 16010
40026 16008
40027 16011
40028 16012
40029 16015
40030 16012
40031 16010
40032 16013
40033 16014
40034 16017
40035 16014
40036 16012
40037 16015
40038 16016
40039 16019
40040 16016
40041 16014
40042 16017
40043 16018
40044 16021
40045 16018
40046 16016
40047 16019
40048 16020
40049 16023
40050 16020
40051 16018
40052 16021
40053 16022
40054 16025
40055 16022
40056 16020
40057 16023
40058 16024
40059 16027
40060 16024
40061 16022
40062 16025
40063 16026
40064 16029
40065 16026
40066 16024
40067 16027
40068 16028
40069 16031
40070 16028
40071 16026
40072 16029
40073 16030
40074 16033
40075 16030
40076 16028
40077 16031
40078 16032
40079 16035
40080 16032
40081 16030
40082 16033
40083 16034
40084 16037
40085 16034
40086 16032
40087 16035
40088 16036
40089 16039
40090 16036
40091 16034
40092 16037
40093 16038
40094 16041
40095 16038
40096 16036
40097 16039
40098 16040
40099 16043
40100 16040
40101 16038
40102 16041
40103 16042
40104 16045
40105 16042
40106 16040
40107 16043
40108 16044
40109 16047
40110 16044
40111 16042
40112 16045
40113 16046
40114 16049
40115 16046
40116 16044
40117 16047
40118 16048
40119 16051
40120 16048
40121 16046
40122 16049
40123 16050
40124 16053
40125 16050
40126 16048
40127 16051
40128 16052
40129 16055
40130 16052
40131 16050
40132 16053
40133 16054
40134 16057
40135 16054
40136 16052
40137 16055
40138 16056
40139 16059
40140 16056
40141 16054
40142 16057
40143 16058
40144 16061
40145 16058
40146 16056
40147 16059
40148 16060
40149 16063
40150 16060
40151 16058
40152 16061
40153 16062
40154 16065
40155 16062
40156 16060
40157 16063
40158 16064
40159 16067
40160 16064
40161 16062
40162 16065
40163 16066
40164 16069
40165 16066
40166 16064
40167 16067
40168 16068
40169 16071
40170 16068
40171 16066
40172 16069
40173 16070
40174 16073
40175 16070
40176 16068
40177 16071
40178 16072
40179 16075
40180 16072
40181 16070
40182 16073
40183 16074
40184 16077
40185 16074
40186 16072
40187 16075
40188 16076
40189 16079
40190 16076
40191 16074
40192 16077
40193 16078
40194 16081
40195 16078
40196 16076
40197 16079
40198 16080
40199 16083
40200 16080
40201 16078
40202 16081
40203 16082
40204 16085
40205 16082
40206 16080
40207 16083
40208 16084
40209 16087
40210 16084
40211 16082
40212 16085
40213 16086
40214 16089
40215 16086
40216 16084
40217 16087
40218 16088
40219 16091
40220 16088
40221 16086
40222 16089
40223 16090
40224 16093
40225 16090
40226 16088
40227 16091
40228 16092
40229 16095
40230 16092
40231 16090
40232 16093
40233 16094
40234 16097
40235 16094
40236 16092
40237 16095
40238 16096
40239 16099
40240 16096
40241 16094
40242 16097
40243 16098
40244 16101
40245 16098
40246 16096
40247 16099
40248 16100
40249 16103
40250 16100
40251 16098
40252 16101
40253 16102
40254 16105
40255 16102
40256 16100
40257 16103
40258 16104
40259 16107
40260 16104
40261 16102
40262 16105
40263 16106
40264 16109
40265 16106
40266 16104
40267 16107
40268 16108
40269 16111
40270 16108
40271 16106
40272 16109
40273 16110
40274 16113
40275 16110
40276 16108
40277 16111
40278 16112
40279 16115
40280 16112
40281 16110
40282 16113
40283 16114
40284 16117
40285 16114
40286 16112
40287 16115
40288 16116
40289 16119
40290 16116
40291 16114
40292 16117
40293 16118
40294 16121
40295 16118
40296 16116
40297 16119
40298 16120
40299 16123
40300 16120
40301 16118
40302 16121
40303 16122
40304 16125
40305 16122
40306 16120
40307 16123
40308 16124
40309 16127
40310 16124
40311 16122
40312 16125
40313 16126
40314 16129
40315 16126
40316 16124
40317 16127
40318 16128
40319 16131
40320 16128
40321 16126
40322 16129
40323 16130
40324 16133
40325 16130
40326 16128
40327 16131
40328 16132
40329 16135
40330 16132
40331 16130
40332 16133
40333 16134
40334 16137
40335 16134
40336 16132
40337 16135
40338 16136
40339 16139
40340 16136
40341 16134
40342 16137
40343 16138
40344 16141
40345 16138
40346 16136
40347 16139
40348 16140
40349 16143
40350 16140
40351 16138
40352 16141
40353 16142
40354 16145
40355 16142
40356 16140
40357 16143
40358 16144
40359 16147
40360 16144
40361 16142
40362 16145
40363 16146
40364 16149
40365 16146
40366 16144
40367 16147
40368 16148
40369 16151
40370 16148
40371 16146
40372 16149
40373 16150
40374 16153
40375 16150
40376 16148
40377 16151
40378 16152
40379 16155
40380 16152
40381 16150
40382 16153
40383 16154
40384 16157
40385 16154
40386 16152
40387 16155
40388 16156
40389 16159
40390 16156
40391 16154
40392 16157
40393 16158
40394 16161
40395 16158
40396 16156
40397 16159
40398 16160
40399 16163
40400 16160
40401 16158
40402 16161
40403 16162
40404 16165
40405 16162
40406 16160
40407 16163
40408 16164
40409 16167
40410 16164
40411 16162
40412 16165
40413 16166
40414 16169
40415 16166
40416 16164
40417 16167
40418 16168
40419 16171
40420 16168
40421 16166
40422 16169
40423 16170
40424 16173
40425 16170
40426 16168
40427 16171
40428 16172
40429 16175
40430 16172
40431 16170
40432 16173
40433 16174
40434 16177
40435 16174
40436 16172
40437 16175
40438 16176
40439 16179
40440 16176
40441 16174
40442 16177
40443 16178
40444 16181
40445 16178
40446 16176
40447 16179
40448 16180
40449 16183
40450 16180
40451 16178
40452 16181
40453 16182
40454 16185
40455 16182
40456 16180
40457 16183
40458 16184
40459 16187
40460 16184
40461 16182
40462 16185
40463 16186
40464 16189
40465 16186
40466 16184
40467 16187
40468 16188
40469 16191
40470 16188
40471 16186
40472 16189
40473 16190
40474 16193
40475 16190
40476 16188
40477 16191
40478 16192
40479 16195
40480 16192
40481 16190
40482 16193
40483 16194
40484 16197
40485 16194
40486 16192
40487 16195
40488 16196
40489 16199
40490 16196
40491 16194
40492 16197
40493 16198
40494 16201
40495 16198
40496 16196
40497 16199
40498 16200
40499 16203
40500 16200
40501 16198
40502 16201
40503 16202
40504 16205
40505 16202
40506 16200
40507 16203
40508 16204
40509 16207
40510 16204
40511 16202
40512 16205
40513 16206
40514 16209
40515 16206
40516 16204
40517 16207
40518 16208
40519 16211
40520 16208
40521 16206
40522 16209
40523 16210
40524 16213
40525 16210
40526 16208
40527 16211
40528 16212
40529 16215
40530 16212
40531 16210
40532 16213
40533 16214
40534 16217
40535 16214
40536 16212
40537 16215
40538 16216
40539 16219
40540 16216
40541 16214
40542 16217
40543 16218
40544 16221
40545 16218
40546 16216
40547 16219
40548 16220
40549 16223
40550 16220
40551 16218
40552 16221
40553 16222
40554 16225
40555 16222
40556 16220
40557 16223
40558 16224
40559 16227
40560 16224
40561 16222
40562 16225
40563 16226
40564 16229
40565 16226
40566 16224
40567 16227
40568 16228
40569 16231
40570 16228
40571 16226
40572 16229
40573 16230
40574 16233
40575 16230
40576 16228
40577 16231
40578 16232
40579 16235
40580 16232
40581 16230
40582 16233
40583 16234
40584 16237
40585 16234
40586 16232
40587 16235
40588 16236
40589 16239
40590 16236
40591 16234
40592 16237
40593 16238
40594 16241
40595 16238
40596 16236
40597 16239
40598 16240
40599 16243
40600 16240
40601 16238
40602 16241
40603 16242
40604 16245
40605 16242
40606 16240
40607 16243
40608 16244
40609 16247
40610 16244
40611 16242
40612 16245
40613 16246
40614 16249
40615 16246
40616 16244
40617 16247
40618 16248
40619 16251
40620 16248
40621 16246
40622 16249
40623 16250
40624 16253
40625 16250
40626 16248
40627 16251
40628 16252
40629 16255
40630 16252
40631 16250
40632 16253
40633 16254
40634 16257
40635 16254
40636 16252
40637 16255
40638 16256
40639 16259
40640 16256
40641 16254
40642 16257
40643 16258
40644 16261
40645 16258
40646 16256
40647 16259
40648 16260
40649 16263
40650 16260
40651 16258
40652 16261
40653 16262
40654 16265
40655 16262
40656 16260
40657 16263
40658 16264
40659 16267
40660 16264
40661 16262
40662 16265
40663 16266
40664 16269
40665 16266
40666 16264
40667 16267
40668 16268
40669 16271
40670 16268
40671 16266
40672 16269
40673 16270
40674 16273
40675 16270
40676 16268
40677 16271
40678 16272
40679 16275
40680 16272
40681 16270
40682 16273
40683 16274
40684 16277
40685 16274
40686 16272
40687 16275
40688 16276
40689 16279
40690 16276
40691 16274
40692 16277
40693 16278
40694 16281
40695 16278
40696 16276
40697 16279
40698 16280
40699 16283
40700 16280
40701 16278
40702 16281
40703 16282
40704 16285
40705 16282
40706 16280
40707 16283
40708 16284
40709 16287
40710 16284
40711 16282
40712 16285
40713 16286
40714 16289
40715 16286
40716 16284
40717 16287
40718 16288
40719 16291
40720 16288
40721 16286
40722 16289
40723 16290
40724 16293
40725 16290
40726 16288
40727 16291
40728 16292
40729 16295
40730 16292
40731 16290
40732 16293
40733 16294
40734 16297
40735 16294
40736 16292
40737 16295
40738 16296
40739 16299
40740 16296
40741 16294
40742 16297
40743 16298
40744 16301
40745 16298
40746 16296
40747 16299
40748 16300
40749 16303
40750 16300
40751 16298
40752 16301
40753 16302
40754 16305
40755 16302
40756 16300
40757 16303
40758 16304
40759 16307
40760 16304
40761 16302
40762 16305
40763 16306
40764 16309
40765 16306
40766 16304
40767 16307
40768 16308
40769 16311
40770 16308
40771 16306
40772 16309
40773 16310
40774 16313
40775 16310
40776 16308
40777 16311
40778 16312
40779 16315
40780 16312
40781 16310
40782 16313
40783 16314
40784 16317
40785 16314
40786 16312
40787 16315
40788 16316
40789 16319
40790 16316
40791 16314
40792 16317
40793 16318
40794 16321
40795 16318
40796 16316
40797 16319
40798 16320
40799 16323
40800 16320
40801 16318
40802 16321
40803 16322
40804 16325
40805 16322
40806 16320
40807 16323
40808 16324
40809 16327
40810 16324
40811 16322
40812 16325
40813 16326
40814 16329
40815 16326
40816 16324
40817 16327
40818 16328
40819 16331
40820 16328
40821 16326
40822 16329
40823 16330
40824 16333
40825 16330
40826 16328
40827 16331
40828 16332
40829 16335
40830 16332
40831 16330
40832 16333
40833 16334
40834 16337
40835 16334
40836 16332
40837 16335
40838 16336
40839 16339
40840 16336
40841 16334
40842 16337
40843 16338
40844 16341
40845 16338
40846 16336
40847 16339
40848 16340
40849 16343
40850 16340
40851 16338
40852 16341
40853 16342
40854 16345
40855 16342
40856 16340
40857 16343
40858 16344
40859 16347
40860 16344
40861 16342
40862 16345
40863 16346
40864 16349
40865 16346
40866 16344
40867 16347
40868 16348
40869 16351
40870 16348
40871 16346
40872 16349
40873 16350
40874 16353
40875 16350
40876 16348
40877 16351
40878 16352
40879 16355
40880 16352
40881 16350
40882 16353
40883 16354
40884 16357
40885 16354
40886 16352
40887 16355
40888 16356
40889 16359
40890 16356
40891 16354
40892 16357
40893 16358
40894 16361
40895 16358
40896 16356
40897 16359
40898 16360
40899 16363
40900 16360
40901 16358
40902 16361
40903 16362
40904 16365
40905 16362
40906 16360
40907 16363
40908 16364
40909 16367
40910 16364
40911 16362
40912 16365
40913 16366
40914 16369
40915 16366
40916 16364
40917 16367
40918 16368
40919 16371
40920 16368
40921 16366
40922 16369
40923 16370
40924 16373
40925 16370
40926 16368
40927 16371
40928 16372
40929 16375
40930 16372
40931 16370
40932 16373
40933 16374
40934 16377
40935 16374
40936 16372
40937 16375
40938 16376
40939 16379
40940 16376
40941 16374
40942 16377
40943 16378
40944 16381
40945 16378
40946 16376
40947 16379
40948 16380
40949 16383
40950 16380
40951 16378
40952 16381
40953 16382
40954 16385
40955 16382
40956 16380
40957 16383
40958 16384
40959 16387
40960 16384
40961 16382
40962 16385
40963 16386
40964 16389
40965 16386
40966 16384
40967 16387
40968 16388
40969 16391
40970 16388
40971 16386
40972 16389
40973 16390
40974 16393
40975 16390
40976 16388
40977 16391
40978 16392
40979 16395
40980 16392
40981 16390
40982 16393
40983 16394
40984 16397
40985 16394
40986 16392
40987 16395
40988 16396
40989 16399
40990 16396
40991 16394
40992 16397
40993 16398
40994 16401
40995 16398
40996 16396
40997 16399
40998 16400
40999 16403
41000 16400
41001 16398
41002 16401
41003 16402
41004 16405
41005 16402
41006 16400
41007 16403
41008 16404
41009 16407
41010 16404
41011 16402
41012 16405
41013 16406
41014 16409
41015 16406
41016 16404
41017 16407
41018 16408
41019 16411
41020 16408
41021 16406
41022 16409
41023 16410
41024 16413
41025 16410
41026 16408
41027 16411
41028 16412
41029 16415
41030 16412
41031 16410
41032 16413
41033 16414
41034 16417
41035 16414
41036 16412
41037 16415
41038 16416
41039 16419
41040 16416
41041 16414
41042 16417
41043 16418
41044 16421
41045 16418
41046 16416
41047 16419
41048 16420
41049 16423
41050 16420
41051 16418
41052 16421
41053 16422
41054 16425
41055 16422
41056 16420
41057 16423
41058 16424
41059 16427
41060 16424
41061 16422
41062 16425
41063 16426
41064 16429
41065 16426
41066 16424
41067 16427
41068 16428
41069 16431
41070 16428
41071 16426
41072 16429
41073 16430
41074 16433
41075 16430
41076 16428
41077 16431
41078 16432
41079 16435
41080 16432
41081 16430
41082 16433
41083 16434
41084 16437
41085 16434
41086 16432
41087 16435
41088 16436
41089 16439
41090 16436
41091 16434
41092 16437
41093 16438
41094 16441
41095 16438
41096 16436
41097 16439
41098 16440
41099 16443
41100 16440
41101 16438
41102 16441
41103 16442
41104 16445
41105 16442
41106 16440
41107 16443
41108 16444
41109 16447
41110 16444
41111 16442
41112 16445
41113 16446
41114 16449
41115 16446
41116 16444
41117 16447
41118 16448
41119 16451
41120 16448
41121 16446
41122 16449
41123 16450
41124 16453
41125 16450
41126 16448
41127 16451
41128 16452
41129 16455
41130 16452
41131 16450
41132 16453
41133 16454
41134 16457
41135 16454
41136 16452
41137 16455
41138 16456
41139 16459
41140 16456
41141 16454
41142 16457
41143 16458
41144 16461
41145 16458
41146 16456
41147 16459
41148 16460
41149 16463
41150 16460
41151 16458
41152 16461
41153 16462
41154 16465
41155 16462
41156 16460
41157 16463
41158 16464
41159 16467
41160 16464
41161 16462
41162 16465
41163 16466
41164 16469
41165 16466
41166 16464
41167 16467
41168 16468
41169 16471
41170 16468
41171 16466
41172 16469
41173 16470
41174 16473
41175 16470
41176 16468
41177 16471
41178 16472
41179 16475
41180 16472
41181 16470
41182 16473
41183 16474
41184 16477
41185 16474
41186 16472
41187 16475
41188 16476
41189 16479
41190 16476
41191 16474
41192 16477
41193 16478
41194 16481
41195 16478
41196 16476
41197 16479
41198 16480
41199 16483
41200 16480
41201 16478
41202 16481
41203 16482
41204 16485
41205 16482
41206 16480
41207 16483
41208 16484
41209 16487
41210 16484
41211 16482
41212 16485
41213 16486
41214 16489
41215 16486
41216 16484
41217 16487
41218 16488
41219 16491
41220 16488
41221 16486
41222 16489
41223 16490
41224 16493
41225 16490
41226 16488
41227 16491
41228 16492
41229 16495
41230 16492
41231 16490
41232 16493
41233 16494
41234 16497
41235 16494
41236 16492
41237 16495
41238 16496
41239 16499
41240 16496
41241 16494
41242 16497
41243 16498
41244 16501
41245 16498
41246 16496
41247 16499
41248 16500
41249 16503
41250 16500
41251 16498
41252 16501
41253 16502
41254 16505
41255 16502
41256 16500
41257 16503
41258 16504
41259 16507
41260 16504
41261 16502
41262 16505
41263 16506
41264 16509
41265 16506
41266 16504
41267 16507
41268 16508
41269 16511
41270 16508
41271 16506
41272 16509
41273 16510
41274 16513
41275 16510
41276 16508
41277 16511
41278 16512
41279 16515
41280 16512
41281 16510
41282 16513
41283 16514
41284 16517
41285 16514
41286 16512
41287 16515
41288 16516
41289 16519
41290 16516
41291 16514
41292 16517
41293 16518
41294 16521
41295 16518
41296 16516
41297 16519
41298 16520
41299 16523
41300 16520
41301 16518
41302 16521
41303 16522
41304 16525
41305 16522
41306 16520
41307 16523
41308 16524
41309 16527
41310 16524
41311 16522
41312 16525
41313 16526
41314 16529
41315 16526
41316 16524
41317 16527
41318 16528
41319 16531
41320 16528
41321 16526
41322 16529
41323 16530
41324 16533
41325 16530
41326 16528
41327 16531
41328 16532
41329 16535
41330 16532
41331 16530
41332 16533
41333 16534
41334 16537
41335 16534
41336 16532
41337 16535
41338 16536
41339 16539
41340 16536
41341 16534
41342 16537
41343 16538
41344 16541
41345 16538
41346 16536
41347 16539
41348 16540
41349 16543
41350 16540
41351 16538
41352 16541
41353 16542
41354 16545
41355 16542
41356 16540
41357 16543
41358 16544
41359 16547
41360 16544
41361 16542
41362 16545
41363 16546
41364 16549
41365 16546
41366 16544
41367 16547
41368 16548
41369 16551
41370 16548
41371 16546
41372 16549
41373 16550
41374 16553
41375 16550
41376 16548
41377 16551
41378 16552
41379 16555
41380 16552
41381 16550
41382 16553
41383 16554
41384 16557
41385 16554
41386 16552
41387 16555
41388 16556
41389 16559
41390 16556
41391 16554
41392 16557
41393 16558
41394 16561
41395 16558
41396 16556
41397 16559
41398 16560
41399 16563
41400 16560
41401 16558
41402 16561
41403 16562
41404 16565
41405 16562
41406 16560
41407 16563
41408 16564
41409 16567
41410 16564
41411 16562
41412 16565
41413 16566
41414 16569
41415 16566
41416 16564
41417 16567
41418 16568
41419 16571
41420 16568
41421 16566
41422 16569
41423 16570
41424 16573
41425 16570
41426 16568
41427 16571
41428 16572
41429 16575
41430 16572
41431 16570
41432 16573
41433 16574
41434 16577
41435 16574
41436 16572
41437 16575
41438 16576
41439 16579
41440 16576
41441 16574
41442 16577
41443 16578
41444 16581
41445 16578
41446 16576
41447 16579
41448 16580
41449 16583
41450 16580
41451 16578
41452 16581
41453 16582
41454 16585
41455 16582
41456 16580
41457 16583
41458 16584
41459 16587
41460 16584
41461 16582
41462 16585
41463 16586
41464 16589
41465 16586
41466 16584
41467 16587
41468 16588
41469 16591
41470 16588
41471 16586
41472 16589
41473 16590
41474 16593
41475 16590
41476 16588
41477 16591
41478 16592
41479 16595
41480 16592
41481 16590
41482 16593
41483 16594
41484 16597
41485 16594
41486 16592
41487 16595
41488 16596
41489 16599
41490 16596
41491 16594
41492 16597
41493 16598
41494 16601
41495 16598
41496 16596
41497 16599
41498 16600
41499 16603
41500 16600
41501 16598
41502 16601
41503 16602
41504 16605
41505 16602
41506 16600
41507 16603
41508 16604
41509 16607
41510 16604
41511 16602
41512 16605
41513 16606
41514 16609
41515 16606
41516 16604
41517 16607
41518 16608
41519 16611
41520 16608
41521 16606
41522 16609
41523 16610
41524 16613
41525 16610
41526 16608
41527 16611
41528 16612
41529 16615
41530 16612
41531 16610
41532 16613
41533 16614
41534 16617
41535 16614
41536 16612
41537 16615
41538 16616
41539 16619
41540 16616
41541 16614
41542 16617
41543 16618
41544 16621
41545 16618
41546 16616
41547 16619
41548 16620
41549 16623
41550 16620
41551 16618
41552 16621
41553 16622
41554 16625
41555 16622
41556 16620
41557 16623
41558 16624
41559 16627
41560 16624
41561 16622
41562 16625
41563 16626
41564 16629
41565 16626
41566 16624
41567 16627
41568 16628
41569 16631
41570 16628
41571 16626
41572 16629
41573 16630
41574 16633
41575 16630
41576 16628
41577 16631
41578 16632
41579 16635
41580 16632
41581 16630
41582 16633
41583 16634
41584 16637
41585 16634
41586 16632
41587 16635
41588 16636
41589 16639
41590 16636
41591 16634
41592 16637
41593 16638
41594 16641
41595 16638
41596 16636
41597 16639
41598 16640
41599 16643
41600 16640
41601 16638
41602 16641
41603 16642
41604 16645
41605 16642
41606 16640
41607 16643
41608 16644
41609 16647
41610 16644
41611 16642
41612 16645
41613 16646
41614 16649
41615 16646
41616 16644
41617 16647
41618 16648
41619 16651
41620 16648
41621 16646
41622 16649
41623 16650
41624 16653
41625 16650
41626 16648
41627 16651
41628 16652
41629 16655
41630 16652
41631 16650
41632 16653
41633 16654
41634 16657
41635 16654
41636 16652
41637 16655
41638 16656
41639 16659
41640 16656
41641 16654
41642 16657
41643 16658
41644 16661
41645 16658
41646 16656
41647 16659
41648 16660
41649 16663
41650 16660
41651 16658
41652 16661
41653 16662
41654 16665
41655 16662
41656 16660
41657 16663
41658 16664
41659 16667
41660 16664
41661 16662
41662 16665
41663 16666
41664 16669
41665 16666
41666 16664
41667 16667
41668 16668
41669 16671
41670 16668
41671 16666
41672 16669
41673 16670
41674 16673
41675 16670
41676 16668
41677 16671
41678 16672
41679 16675
41680 16672
41681 16670
41682 16673
41683 16674
41684 16677
41685 16674
41686 16672
41687 16675
41688 16676
41689 16679
41690 16676
41691 16674
41692 16677
41693 16678
41694 16681
41695 16678
41696 16676
41697 16679
41698 16680
41699 16683
41700 16680
41701 16678
41702 16681
41703 16682
41704 16685
41705 16682
41706 16680
41707 16683
41708 16684
41709 16687
41710 16684
41711 16682
41712 16685
41713 16686
41714 16689
41715 16686
41716 16684
41717 16687
41718 16688
41719 16691
41720 16688
41721 16686
41722 16689
41723 16690
41724 16693
41725 16690
41726 16688
41727 16691
41728 16692
41729 16695
41730 16692
41731 16690
41732 16693
41733 16694
41734 16697
41735 16694
41736 16692
41737 16695
41738 16696
41739 16699
41740 16696
41741 16694
41742 16697
41743 16698
41744 16701
41745 16698
41746 16696
41747 16699
41748 16700
41749 16703
41750 16700
41751 16698
41752 16701
41753 16702
41754 16705
41755 16702
41756 16700
41757 16703
41758 16704
41759 16707
41760 16704
41761 16702
41762 16705
41763 16706
41764 16709
41765 16706
41766 16704
41767 16707
41768 16708
41769 16711
41770 16708
41771 16706
41772 16709
41773 16710
41774 16713
41775 16710
41776 16708
41777 16711
41778 16712
41779 16715
41780 16712
41781 16710
41782 16713
41783 16714
41784 16717
41785 16714
41786 16712
41787 16715
41788 16716
41789 16719
41790 16716
41791 16714
41792 16717
41793 16718
41794 16721
41795 16718
41796 16716
41797 16719
41798 16720
41799 16723
41800 16720
41801 16718
41802 16721
41803 16722
41804 16725
41805 16722
41806 16720
41807 16723
41808 16724
41809 16727
41810 16724
41811 16722
41812 16725
41813 16726
41814 16729
41815 16726
41816 16724
41817 16727
41818 16728
41819 16731
41820 16728
41821 16726
41822 16729
41823 16730
41824 16733
41825 16730
41826 16728
41827 16731
41828 16732
41829 16735
41830 16732
41831 16730
41832 16733
41833 16734
41834 16737
41835 16734
41836 16732
41837 16735
41838 16736
41839 16739
41840 16736
41841 16734
41842 16737
41843 16738
41844 16741
41845 16738
41846 16736
41847 16739
41848 16740
41849 16743
41850 16740
41851 16738
41852 16741
41853 16742
41854 16745
41855 16742
41856 16740
41857 16743
41858 16744
41859 16747
41860 16744
41861 16742
41862 16745
41863 16746
41864 16749
41865 16746
41866 16744
41867 16747
41868 16748
41869 16751
41870 16748
41871 16746
41872 16749
41873 16750
41874 16753
41875 16750
41876 16748
41877 16751
41878 16752
41879 16755
41880 16752
41881 16750
41882 16753
41883 16754
41884 16757
41885 16754
41886 16752
41887 16755
41888 16756
41889 16759
41890 16756
41891 16754
41892 16757
41893 16758
41894 16761
41895 16758
41896 16756
41897 16759
41898 16760
41899 16763
41900 16760
41901 16758
41902 16761
41903 16762
41904 16765
41905 16762
41906 16760
41907 16763
41908 16764
41909 16767
41910 16764
41911 16762
41912 16765
41913 16766
41914 16769
41915 16766
41916 16764
41917 16767
41918 16768
41919 16771
41920 16768
41921 16766
41922 16769
41923 16770
41924 16773
41925 16770
41926 16768
41927 16771
41928 16772
41929 16775
41930 16772
41931 16770
41932 16773
41933 16774
41934 16777
41935 16774
41936 16772
41937 16775
41938 16776
41939 16779
41940 16776
41941 16774
41942 16777
41943 16778
41944 16781
41945 16778
41946 16776
41947 16779
41948 16780
41949 16783
41950 16780
41951 16778
41952 16781
41953 16782
41954 16785
41955 16782
41956 16780
41957 16783
41958 16784
41959 16787
41960 16784
41961 16782
41962 16785
41963 16786
41964 16789
41965 16786
41966 16784
41967 16787
41968 16788
41969 16791
41970 16788
41971 16786
41972 16789
41973 16790
41974 16793
41975 16790
41976 16788
41977 16791
41978 16792
41979 16795
41980 16792
41981 16790
41982 16793
41983 16794
41984 16797
41985 16794
41986 16792
41987 16795
41988 16796
41989 16799
41990 16796
41991 16794
41992 16797
41993 16798
41994 16801
41995 16798
41996 16796
41997 16799
41998 16800
41999 16803
42000 16800
42001 16798
42002 16801
42003 16802
42004 16805
42005 16802
42006 16800
42007 16803
42008 16804
42009 16807
42010 16804
42011 16802
42012 16805
42013 16806
42014 16809
42015 16806
42016 16804
42017 16807
42018 16808
42019 16811
42020 16808
42021 16806
42022 16809
42023 16810
42024 16813
42025 16810
42026 16808
42027 16811
42028 16812
42029 16815
42030 16812
42031 16810
42032 16813
42033 16814
42034 16817
42035 16814
42036 16812
42037 16815
42038 16816
42039 16819
42040 16816
42041 16814
42042 16817
42043 16818
42044 16821
42045 16818
42046 16816
42047 16819
42048 16820
42049 16823
42050 16820
42051 16818
42052 16821
42053 16822
42054 16825
42055 16822
42056 16820
42057 16823
42058 16824
42059 16827
42060 16824
42061 16822
42062 16825
42063 16826
42064 16829
42065 16826
42066 16824
42067 16827
42068 16828
42069 16831
42070 16828
42071 16826
42072 16829
42073 16830
42074 16833
42075 16830
42076 16828
42077 16831
42078 16832
42079 16835
42080 16832
42081 16830
42082 16833
42083 16834
42084 16837
42085 16834
42086 16832
42087 16835
42088 16836
42089 16839
42090 16836
42091 16834
42092 16837
42093 16838
42094 16841
42095 16838
42096 16836
42097 16839
42098 16840
42099 16843
42100 16840
42101 16838
42102 16841
42103 16842
42104 16845
42105 16842
42106 16840
42107 16843
42108 16844
42109 16847
42110 16844
42111 16842
42112 16845
42113 16846
42114 16849
42115 16846
42116 16844
42117 16847
42118 16848
42119 16851
42120 16848
42121 16846
42122 16849
42123 16850
42124 16853
42125 16850
42126 16848
42127 16851
42128 16852
42129 16855
42130 16852
42131 16850
42132 16853
42133 16854
42134 16857
42135 16854
42136 16852
42137 16855
42138 16856
42139 16859
42140 16856
42141 16854
42142 16857
42143 16858
42144 16861
42145 16858
42146 16856
42147 16859
42148 16860
42149 16863
42150 16860
42151 16858
42152 16861
42153 16862
42154 16865
42155 16862
42156 16860
42157 16863
42158 16864
42159 16867
42160 16864
42161 16862
42162 16865
42163 16866
42164 16869
42165 16866
42166 16864
42167 16867
42168 16868
42169 16871
42170 16868
42171 16866
42172 16869
42173 16870
42174 16873
42175 16870
42176 16868
42177 16871
42178 16872
42179 16875
42180 16872
42181 16870
42182 16873
42183 16874
42184 16877
42185 16874
42186 16872
42187 16875
42188 16876
42189 16879
42190 16876
42191 16874
42192 16877
42193 16878
42194 16881
42195 16878
42196 16876
42197 16879
42198 16880
42199 16883
42200 16880
42201 16878
42202 16881
42203 16882
42204 16885
42205 16882
42206 16880
42207 16883
42208 16884
42209 16887
42210 16884
42211 16882
42212 16885
42213 16886
42214 16889
42215 16886
42216 16884
42217 16887
42218 16888
42219 16891
42220 16888
42221 16886
42222 16889
42223 16890
42224 16893
42225 16890
42226 16888
42227 16891
42228 16892
42229 16895
42230 16892
42231 16890
42232 16893
42233 16894
42234 16897
42235 16894
42236 16892
42237 16895
42238 16896
42239 16899
42240 16896
42241 16894
42242 16897
42243 16898
42244 16901
42245 16898
42246 16896
42247 16899
42248 16900
42249 16903
42250 16900
42251 16898
42252 16901
42253 16902
42254 16905
42255 16902
42256 16900
42257 16903
42258 16904
42259 16907
42260 16904
42261 16902
42262 16905
42263 16906
42264 16909
42265 16906
42266 16904
42267 16907
42268 16908
42269 16911
42270 16908
42271 16906
42272 16909
42273 16910
42274 16913
42275 16910
42276 16908
42277 16911
42278 16912
42279 16915
42280 16912
42281 16910
42282 16913
42283 16914
42284 16917
42285 16914
42286 16912
42287 16915
42288 16916
42289 16919
42290 16916
42291 16914
42292 16917
42293 16918
42294 16921
42295 16918
42296 16916
42297 16919
42298 16920
42299 16923
42300 16920
42301 16918
42302 16921
42303 16922
42304 16925
42305 16922
42306 16920
42307 16923
42308 16924
42309 16927
42310 16924
42311 16922
42312 16925
42313 16926
42314 16929
42315 16926
42316 16924
42317 16927
42318 16928
42319 16931
42320 16928
42321 16926
42322 16929
42323 16930
42324 16933
42325 16930
42326 16928
42327 16931
42328 16932
42329 16935
42330 16932
42331 16930
42332 16933
42333 16934
42334 16937
42335 16934
42336 16932
42337 16935
42338 16936
42339 16939
42340 16936
42341 16934
42342 16937
42343 16938
42344 16941
42345 16938
42346 16936
42347 16939
42348 16940
42349 16943
42350 16940
42351 16938
42352 16941
42353 16942
42354 16945
42355 16942
42356 16940
42357 16943
42358 16944
42359 16947
42360 16944
42361 16942
42362 16945
42363 16946
42364 16949
42365 16946
42366 16944
42367 16947
42368 16948
42369 16951
42370 16948
42371 16946
42372 16949
42373 16950
42374 16953
42375 16950
42376 16948
42377 16951
42378 16952
42379 16955
42380 16952
42381 16950
42382 16953
42383 16954
42384 16957
42385 16954
42386 16952
42387 16955
42388 16956
42389 16959
42390 16956
42391 16954
42392 16957
42393 16958
42394 16961
42395 16958
42396 16956
42397 16959
42398 16960
42399 16963
42400 16960
42401 16958
42402 16961
42403 16962
42404 16965
42405 16962
42406 16960
42407 16963
42408 16964
42409 16967
42410 16964
42411 16962
42412 16965
42413 16966
42414 16969
42415 16966
42416 16964
42417 16967
42418 16968
42419 16971
42420 16968
42421 16966
42422 16969
42423 16970
42424 16973
42425 16970
42426 16968
42427 16971
42428 16972
42429 16975
42430 16972
42431 16970
42432 16973
42433 16974
42434 16977
42435 16974
42436 16972
42437 16975
42438 16976
42439 16979
42440 16976
42441 16974
42442 16977
42443 16978
42444 16981
42445 16978
42446 16976
42447 16979
42448 16980
42449 16983
42450 16980
42451 16978
42452 16981
42453 16982
42454 16985
42455 16982
42456 16980
42457 16983
42458 16984
42459 16987
42460 16984
42461 16982
42462 16985
42463 16986
42464 16989
42465 16986
42466 16984
42467 16987
42468 16988
42469 16991
42470 16988
42471 16986
42472 16989
42473 16990
42474 16993
42475 16990
42476 16988
42477 16991
42478 16992
42479 16995
42480 16992
42481 16990
42482 16993
42483 16994
42484 16997
42485 16994
42486 16992
42487 16995
42488 16996
42489 16999
42490 16996
42491 16994
42492 16997
42493 16998
42494 17001
42495 16998
42496 16996
42497 16999
42498 17000
42499 17003
42500 17000
42501 16998
42502 17001
42503 17002
42504 17005
42505 17002
42506 17000
42507 17003
42508 17004
42509 17007
42510 17004
42511 17002
42512 17005
42513 17006
42514 17009
42515 17006
42516 17004
42517 17007
42518 17008
42519 17011
42520 17008
42521 17006
42522 17009
42523 17010
42524 17013
42525 17010
42526 17008
42527 17011
42528 17012
42529 17015
42530 17012
42531 17010
42532 17013
42533 17014
42534 17017
42535 17014
42536 17012
42537 17015
42538 17016
42539 17019
42540 17016
42541 17014
42542 17017
42543 17018
42544 17021
42545 17018
42546 17016
42547 17019
42548 17020
42549 17023
42550 17020
42551 17018
42552 17021
42553 17022
42554 17025
42555 17022
42556 17020
42557 17023
42558 17024
42559 17027
42560 17024
42561 17022
42562 17025
42563 17026
42564 17029
42565 17026
42566 17024
42567 17027
42568 17028
42569 17031
42570 17028
42571 17026
42572 17029
42573 17030
42574 17033
42575 17030
42576 17028
42577 17031
42578 17032
42579 17035
42580 17032
42581 17030
42582 17033
42583 17034
42584 17037
42585 17034
42586 17032
42587 17035
42588 17036
42589 17039
42590 17036
42591 17034
42592 17037
42593 17038
42594 17041
42595 17038
42596 17036
42597 17039
42598 17040
42599 17043
42600 17040
42601 17038
42602 17041
42603 17042
42604 17045
42605 17042
42606 17040
42607 17043
42608 17044
42609 17047
42610 17044
42611 17042
42612 17045
42613 17046
42614 17049
42615 17046
42616 17044
42617 17047
42618 17048
42619 17051
42620 17048
42621 17046
42622 17049
42623 17050
42624 17053
42625 17050
42626 17048
42627 17051
42628 17052
42629 17055
42630 17052
42631 17050
42632 17053
42633 17054
42634 17057
42635 17054
42636 17052
42637 17055
42638 17056
42639 17059
42640 17056
42641 17054
42642 17057
42643 17058
42644 17061
42645 17058
42646 17056
42647 17059
42648 17060
42649 17063
42650 17060
42651 17058
42652 17061
42653 17062
42654 17065
42655 17062
42656 17060
42657 17063
42658 17064
42659 17067
42660 17064
42661 17062
42662 17065
42663 17066
42664 17069
42665 17066
42666 17064
42667 17067
42668 17068
42669 17071
42670 17068
42671 17066
42672 17069
42673 17070
42674 17073
42675 17070
42676 17068
42677 17071
42678 17072
42679 17075
42680 17072
42681 17070
42682 17073
42683 17074
42684 17077
42685 17074
42686 17072
42687 17075
42688 17076
42689 17079
42690 17076
42691 17074
42692 17077
42693 17078
42694 17081
42695 17078
42696 17076
42697 17079
42698 17080
42699 17083
42700 17080
42701 17078
42702 17081
42703 17082
42704 17085
42705 17082
42706 17080
42707 17083
42708 17084
42709 17087
42710 17084
42711 17082
42712 17085
42713 17086
42714 17089
42715 17086
42716 17084
42717 17087
42718 17088
42719 17091
42720 17088
42721 17086
42722 17089
42723 17090
42724 17093
42725 17090
42726 17088
42727 17091
42728 17092
42729 17095
42730 17092
42731 17090
42732 17093
42733 17094
42734 17097
42735 17094
42736 17092
42737 17095
42738 17096
42739 17099
42740 17096
42741 17094
42742 17097
42743 17098
42744 17101
42745 17098
42746 17096
42747 17099
42748 17100
42749 17103
42750 17100
42751 17098
42752 17101
42753 17102
42754 17105
42755 17102
42756 17100
42757 17103
42758 17104
42759 17107
42760 17104
42761 17102
42762 17105
42763 17106
42764 17109
42765 17106
42766 17104
42767 17107
42768 17108
42769 17111
42770 17108
42771 17106
42772 17109
42773 17110
42774 17113
42775 17110
42776 17108
42777 17111
42778 17112
42779 17115
42780 17112
42781 17110
42782 17113
42783 17114
42784 17117
42785 17114
42786 17112
42787 17115
42788 17116
42789 17119
42790 17116
42791 17114
42792 17117
42793 17118
42794 17121
42795 17118
42796 17116
42797 17119
42798 17120
42799 17123
42800 17120
42801 17118
42802 17121
42803 17122
42804 17125
42805 17122
42806 17120
42807 17123
42808 17124
42809 17127
42810 17124
42811 17122
42812 17125
42813 17126
42814 17129
42815 17126
42816 17124
42817 17127
42818 17128
42819 17131
42820 17128
42821 17126
42822 17129
42823 17130
42824 17133
42825 17130
42826 17128
42827 17131
42828 17132
42829 17135
42830 17132
42831 17130
42832 17133
42833 17134
42834 17137
42835 17134
42836 17132
42837 17135
42838 17136
42839 17139
42840 17136
42841 17134
42842 17137
42843 17138
42844 17141
42845 17138
42846 17136
42847 17139
42848 17140
42849 17143
42850 17140
42851 17138
42852 17141
42853 17142
42854 17145
42855 17142
42856 17140
42857 17143
42858 17144
42859 17147
42860 17144
42861 17142
42862 17145
42863 17146
42864 17149
42865 17146
42866 17144
42867 17147
42868 17148
42869 17151
42870 17148
42871 17146
42872 17149
42873 17150
42874 17153
42875 17150
42876 17148
42877 17151
42878 17152
42879 17155
42880 17152
42881 17150
42882 17153
42883 17154
42884 17157
42885 17154
42886 17152
42887 17155
42888 17156
42889 17159
42890 17156
42891 17154
42892 17157
42893 17158
42894 17161
42895 17158
42896 17156
42897 17159
42898 17160
42899 17163
42900 17160
42901 17158
42902 17161
42903 17162
42904 17165
42905 17162
42906 17160
42907 17163
42908 17164
42909 17167
42910 17164
42911 17162
42912 17165
42913 17166
42914 17169
42915 17166
42916 17164
42917 17167
42918 17168
42919 17171
42920 17168
42921 17166
42922 17169
42923 17170
42924 17173
42925 17170
42926 17168
42927 17171
42928 17172
42929 17175
42930 17172
42931 17170
42932 17173
42933 17174
42934 17177
42935 17174
42936 17172
42937 17175
42938 17176
42939 17179
42940 17176
42941 17174
42942 17177
42943 17178
42944 17181
42945 17178
42946 17176
42947 17179
42948 17180
42949 17183
42950 17180
42951 17178
42952 17181
42953 17182
42954 17185
42955 17182
42956 17180
42957 17183
42958 17184
42959 17187
42960 17184
42961 17182
42962 17185
42963 17186
42964 17189
42965 17186
42966 17184
42967 17187
42968 17188
42969 17191
42970 17188
42971 17186
42972 17189
42973 17190
42974 17193
42975 17190
42976 17188
42977 17191
42978 17192
42979 17195
42980 17192
42981 17190
42982 17193
42983 17194
42984 17197
42985 17194
42986 17192
42987 17195
42988 17196
42989 17199
42990 17196
42991 17194
42992 17197
42993 17198
42994 17201
42995 17198
42996 17196
42997 17199
42998 17200
42999 17203
43000 17200
43001 17198
43002 17201
43003 17202
43004 17205
43005 17202
43006 17200
43007 17203
43008 17204
43009 17207
43010 17204
43011 17202
43012 17205
43013 17206
43014 17209
43015 17206
43016 17204
43017 17207
43018 17208
43019 17211
43020 17208
43021 17206
43022 17209
43023 17210
43024 17213
43025 17210
43026 17208
43027 17211
43028 17212
43029 17215
43030 17212
43031 17210
43032 17213
43033 17214
43034 17217
43035 17214
43036 17212
43037 17215
43038 17216
43039 17219
43040 17216
43041 17214
43042 17217
43043 17218
43044 17221
43045 17218
43046 17216
43047 17219
43048 17220
43049 17223
43050 17220
43051 17218
43052 17221
43053 17222
43054 17225
43055 17222
43056 17220
43057 17223
43058 17224
43059 17227
43060 17224
43061 17222
43062 17225
43063 17226
43064 17229
43065 17226
43066 17224
43067 17227
43068 17228
43069 17231
43070 17228
43071 17226
43072 17229
43073 17230
43074 17233
43075 17230
43076 17228
43077 17231
43078 17232
43079 17235
43080 17232
43081 17230
43082 17233
43083 17234
43084 17237
43085 17234
43086 17232
43087 17235
43088 17236
43089 17239
43090 17236
43091 17234
43092 17237
43093 17238
43094 17241
43095 17238
43096 17236
43097 17239
43098 17240
43099 17243
43100 17240
43101 17238
43102 17241
43103 17242
43104 17245
43105 17242
43106 17240
43107 17243
43108 17244
43109 17247
43110 17244
43111 17242
43112 17245
43113 17246
43114 17249
43115 17246
43116 17244
43117 17247
43118 17248
43119 17251
43120 17248
43121 17246
43122 17249
43123 17250
43124 17253
43125 17250
43126 17248
43127 17251
43128 17252
43129 17255
43130 17252
43131 17250
43132 17253
43133 17254
43134 17257
43135 17254
43136 17252
43137 17255
43138 17256
43139 17259
43140 17256
43141 17254
43142 17257
43143 17258
43144 17261
43145 17258
43146 17256
43147 17259
43148 17260
43149 17263
43150 17260
43151 17258
43152 17261
43153 17262
43154 17265
43155 17262
43156 17260
43157 17263
43158 17264
43159 17267
43160 17264
43161 17262
43162 17265
43163 17266
43164 17269
43165 17266
43166 17264
43167 17267
43168 17268
43169 17271
43170 17268
43171 17266
43172 17269
43173 17270
43174 17273
43175 17270
43176 17268
43177 17271
43178 17272
43179 17275
43180 17272
43181 17270
43182 17273
43183 17274
43184 17277
43185 17274
43186 17272
43187 17275
43188 17276
43189 17279
43190 17276
43191 17274
43192 17277
43193 17278
43194 17281
43195 17278
43196 17276
43197 17279
43198 17280
43199 17283
43200 17280
43201 17278
43202 17281
43203 17282
43204 17285
43205 17282
43206 17280
43207 17283
43208 17284
43209 17287
43210 17284
43211 17282
43212 17285
43213 17286
43214 17289
43215 17286
43216 17284
43217 17287
43218 17288
43219 17291
43220 17288
43221 17286
43222 17289
43223 17290
43224 17293
43225 17290
43226 17288
43227 17291
43228 17292
43229 17295
43230 17292
43231 17290
43232 17293
43233 17294
43234 17297
43235 17294
43236 17292
43237 17295
43238 17296
43239 17299
43240 17296
43241 17294
43242 17297
43243 17298
43244 17301
43245 17298
43246 17296
43247 17299
43248 17300
43249 17303
43250 17300
43251 17298
43252 17301
43253 17302
43254 17305
43255 17302
43256 17300
43257 17303
43258 17304
43259 17307
43260 17304
43261 17302
43262 17305
43263 17306
43264 17309
43265 17306
43266 17304
43267 17307
43268 17308
43269 17311
43270 17308
43271 17306
43272 17309
43273 17310
43274 17313
43275 17310
43276 17308
43277 17311
43278 17312
43279 17315
43280 17312
43281 17310
43282 17313
43283 17314
43284 17317
43285 17314
43286 17312
43287 17315
43288 17316
43289 17319
43290 17316
43291 17314
43292 17317
43293 17318
43294 17321
43295 17318
43296 17316
43297 17319
43298 17320
43299 17323
43300 17320
43301 17318
43302 17321
43303 17322
43304 17325
43305 17322
43306 17320
43307 17323
43308 17324
43309 17327
43310 17324
43311 17322
43312 17325
43313 17326
43314 17329
43315 17326
43316 17324
43317 17327
43318 17328
43319 17331
43320 17328
43321 17326
43322 17329
43323 17330
43324 17333
43325 17330
43326 17328
43327 17331
43328 17332
43329 17335
43330 17332
43331 17330
43332 17333
43333 17334
43334 17337
43335 17334
43336 17332
43337 17335
43338 17336
43339 17339
43340 17336
43341 17334
43342 17337
43343 17338
43344 17341
43345 17338
43346 17336
43347 17339
43348 17340
43349 17343
43350 17340
43351 17338
43352 17341
43353 17342
43354 17345
43355 17342
43356 17340
43357 17343
43358 17344
43359 17347
43360 17344
43361 17342
43362 17345
43363 17346
43364 17349
43365 17346
43366 17344
43367 17347
43368 17348
43369 17351
43370 17348
43371 17346
43372 17349
43373 17350
43374 17353
43375 17350
43376 17348
43377 17351
43378 17352
43379 17355
43380 17352
43381 17350
43382 17353
43383 17354
43384 17357
43385 17354
43386 17352
43387 17355
43388 17356
43389 17359
43390 17356
43391 17354
43392 17357
43393 17358
43394 17361
43395 17358
43396 17356
43397 17359
43398 17360
43399 17363
43400 17360
43401 17358
43402 17361
43403 17362
43404 17365
43405 17362
43406 17360
43407 17363
43408 17364
43409 17367
43410 17364
43411 17362
43412 17365
43413 17366
43414 17369
43415 17366
43416 17364
43417 17367
43418 17368
43419 17371
43420 17368
43421 17366
43422 17369
43423 17370
43424 17373
43425 17370
43426 17368
43427 17371
43428 17372
43429 17375
43430 17372
43431 17370
43432 17373
43433 17374
43434 17377
43435 17374
43436 17372
43437 17375
43438 17376
43439 17379
43440 17376
43441 17374
43442 17377
43443 17378
43444 17381
43445 17378
43446 17376
43447 17379
43448 17380
43449 17383
43450 17380
43451 17378
43452 17381
43453 17382
43454 17385
43455 17382
43456 17380
43457 17383
43458 17384
43459 17387
43460 17384
43461 17382
43462 17385
43463 17386
43464 17389
43465 17386
43466 17384
43467 17387
43468 17388
43469 17391
43470 17388
43471 17386
43472 17389
43473 17390
43474 17393
43475 17390
43476 17388
43477 17391
43478 17392
43479 17395
43480 17392
43481 17390
43482 17393
43483 17394
43484 17397
43485 17394
43486 17392
43487 17395
43488 17396
43489 17399
43490 17396
43491 17394
43492 17397
43493 17398
43494 17401
43495 17398
43496 17396
43497 17399
43498 17400
43499 17403
43500 17400
43501 17398
43502 17401
43503 17402
43504 17405
43505 17402
43506 17400
43507 17403
43508 17404
43509 17407
43510 17404
43511 17402
43512 17405
43513 17406
43514 17409
43515 17406
43516 17404
43517 17407
43518 17408
43519 17411
43520 17408
43521 17406
43522 17409
43523 17410
43524 17413
43525 17410
43526 17408
43527 17411
43528 17412
43529 17415
43530 17412
43531 17410
43532 17413
43533 17414
43534 17417
43535 17414
43536 17412
43537 17415
43538 17416
43539 17419
43540 17416
43541 17414
43542 17417
43543 17418
43544 17421
43545 17418
43546 17416
43547 17419
43548 17420
43549 17423
43550 17420
43551 17418
43552 17421
43553 17422
43554 17425
43555 17422
43556 17420
43557 17423
43558 17424
43559 17427
43560 17424
43561 17422
43562 17425
43563 17426
43564 17429
43565 17426
43566 17424
43567 17427
43568 17428
43569 17431
43570 17428
43571 17426
43572 17429
43573 17430
43574 17433
43575 17430
43576 17428
43577 17431
43578 17432
43579 17435
43580 17432
43581 17430
43582 17433
43583 17434
43584 17437
43585 17434
43586 17432
43587 17435
43588 17436
43589 17439
43590 17436
43591 17434
43592 17437
43593 17438
43594 17441
43595 17438
43596 17436
43597 17439
43598 17440
43599 17443
43600 17440
43601 17438
43602 17441
43603 17442
43604 17445
43605 17442
43606 17440
43607 17443
43608 17444
43609 17447
43610 17444
43611 17442
43612 17445
43613 17446
43614 17449
43615 17446
43616 17444
43617 17447
43618 17448
43619 17451
43620 17448
43621 17446
43622 17449
43623 17450
43624 17453
43625 17450
43626 17448
43627 17451
43628 17452
43629 17455
43630 17452
43631 17450
43632 17453
43633 17454
43634 17457
43635 17454
43636 17452
43637 17455
43638 17456
43639 17459
43640 17456
43641 17454
43642 17457
43643 17458
43644 17461
43645 17458
43646 17456
43647 17459
43648 17460
43649 17463
43650 17460
43651 17458
43652 17461
43653 17462
43654 17465
43655 17462
43656 17460
43657 17463
43658 17464
43659 17467
43660 17464
43661 17462
43662 17465
43663 17466
43664 17469
43665 17466
43666 17464
43667 17467
43668 17468
43669 17471
43670 17468
43671 17466
43672 17469
43673 17470
43674 17473
43675 17470
43676 17468
43677 17471
43678 17472
43679 17475
43680 17472
43681 17470
43682 17473
43683 17474
43684 17477
43685 17474
43686 17472
43687 17475
43688 17476
43689 17479
43690 17476
43691 17474
43692 17477
43693 17478
43694 17481
43695 17478
43696 17476
43697 17479
43698 17480
43699 17483
43700 17480
43701 17478
43702 17481
43703 17482
43704 17485
43705 17482
43706 17480
43707 17483
43708 17484
43709 17487
43710 17484
43711 17482
43712 17485
43713 17486
43714 17489
43715 17486
43716 17484
43717 17487
43718 17488
43719 17491
43720 17488
43721 17486
43722 17489
43723 17490
43724 17493
43725 17490
43726 17488
43727 17491
43728 17492
43729 17495
43730 17492
43731 17490
43732 17493
43733 17494
43734 17497
43735 17494
43736 17492
43737 17495
43738 17496
43739 17499
43740 17496
43741 17494
43742 17497
43743 17498
43744 17501
43745 17498
43746 17496
43747 17499
43748 17500
43749 17503
43750 17500
43751 17498
43752 17501
43753 17502
43754 17505
43755 17502
43756 17500
43757 17503
43758 17504
43759 17507
43760 17504
43761 17502
43762 17505
43763 17506
43764 17509
43765 17506
43766 17504
43767 17507
43768 17508
43769 17511
43770 17508
43771 17506
43772 17509
43773 17510
43774 17513
43775 17510
43776 17508
43777 17511
43778 17512
43779 17515
43780 17512
43781 17510
43782 17513
43783 17514
43784 17517
43785 17514
43786 17512
43787 17515
43788 17516
43789 17519
43790 17516
43791 17514
43792 17517
43793 17518
43794 17521
43795 17518
43796 17516
43797 17519
43798 17520
43799 17523
43800 17520
43801 17518
43802 17521
43803 17522
43804 17525
43805 17522
43806 17520
43807 17523
43808 17524
43809 17527
43810 17524
43811 17522
43812 17525
43813 17526
43814 17529
43815 17526
43816 17524
43817 17527
43818 17528
43819 17531
43820 17528
43821 17526
43822 17529
43823 17530
43824 17533
43825 17530
43826 17528
43827 17531
43828 17532
43829 17535
43830 17532
43831 17530
43832 17533
43833 17534
43834 17537
43835 17534
43836 17532
43837 17535
43838 17536
43839 17539
43840 17536
43841 17534
43842 17537
43843 17538
43844 17541
43845 17538
43846 17536
43847 17539
43848 17540
43849 17543
43850 17540
43851 17538
43852 17541
43853 17542
43854 17545
43855 17542
43856 17540
43857 17543
43858 17544
43859 17547
43860 17544
43861 17542
43862 17545
43863 17546
43864 17549
43865 17546
43866 17544
43867 17547
43868 17548
43869 17551
43870 17548
43871 17546
43872 17549
43873 17550
43874 17553
43875 17550
43876 17548
43877 17551
43878 17552
43879 17555
43880 17552
43881 17550
43882 17553
43883 17554
43884 17557
43885 17554
43886 17552
43887 17555
43888 17556
43889 17559
43890 17556
43891 17554
43892 17557
43893 17558
43894 17561
43895 17558
43896 17556
43897 17559
43898 17560
43899 17563
43900 17560
43901 17558
43902 17561
43903 17562
43904 17565
43905 17562
43906 17560
43907 17563
43908 17564
43909 17567
43910 17564
43911 17562
43912 17565
43913 17566
43914 17569
43915 17566
43916 17564
43917 17567
43918 17568
43919 17571
43920 17568
43921 17566
43922 17569
43923 17570
43924 17573
43925 17570
43926 17568
43927 17571
43928 17572
43929 17575
43930 17572
43931 17570
43932 17573
43933 17574
43934 17577
43935 17574
43936 17572
43937 17575
43938 17576
43939 17579
43940 17576
43941 17574
43942 17577
43943 17578
43944 17581
43945 17578
43946 17576
43947 17579
43948 17580
43949 17583
43950 17580
43951 17578
43952 17581
43953 17582
43954 17585
43955 17582
43956 17580
43957 17583
43958 17584
43959 17587
43960 17584
43961 17582
43962 17585
43963 17586
43964 17589
43965 17586
43966 17584
43967 17587
43968 17588
43969 17591
43970 17588
43971 17586
43972 17589
43973 17590
43974 17593
43975 17590
43976 17588
43977 17591
43978 17592
43979 17595
43980 17592
43981 17590
43982 17593
43983 17594
43984 17597
43985 17594
43986 17592
43987 17595
43988 17596
43989 17599
43990 17596
43991 17594
43992 17597
43993 17598
43994 17601
43995 17598
43996 17596
43997 17599
43998 17600
43999 17603
44000 17600
44001 17598
44002 17601
44003 17602
44004 17605
44005 17602
44006 17600
44007 17603
44008 17604
44009 17607
44010 17604
44011 17602
44012 17605
44013 17606
44014 17609
44015 17606
44016 17604
44017 17607
44018 17608
44019 17611
44020 17608
44021 17606
44022 17609
44023 17610
44024 17613
44025 17610
44026 17608
44027 17611
44028 17612
44029 17615
44030 17612
44031 17610
44032 17613
44033 17614
44034 17617
44035 17614
44036 17612
44037 17615
44038 17616
44039 17619
44040 17616
44041 17614
44042 17617
44043 17618
44044 17621
44045 17618
44046 17616
44047 17619
44048 17620
44049 17623
44050 17620
44051 17618
44052 17621
44053 17622
44054 17625
44055 17622
44056 17620
44057 17623
44058 17624
44059 17627
44060 17624
44061 17622
44062 17625
44063 17626
44064 17629
44065 17626
44066 17624
44067 17627
44068 17628
44069 17631
44070 17628
44071 17626
44072 17629
44073 17630
44074 17633
44075 17630
44076 17628
44077 17631
44078 17632
44079 17635
44080 17632
44081 17630
44082 17633
44083 17634
44084 17637
44085 17634
44086 17632
44087 17635
44088 17636
44089 17639
44090 17636
44091 17634
44092 17637
44093 17638
44094 17641
44095 17638
44096 17636
44097 17639
44098 17640
44099 17643
44100 17640
44101 17638
44102 17641
44103 17642
44104 17645
44105 17642
44106 17640
44107 17643
44108 17644
44109 17647
44110 17644
44111 17642
44112 17645
44113 17646
44114 17649
44115 17646
44116 17644
44117 17647
44118 17648
44119 17651
44120 17648
44121 17646
44122 17649
44123 17650
44124 17653
44125 17650
44126 17648
44127 17651
44128 17652
44129 17655
44130 17652
44131 17650
44132 17653
44133 17654
44134 17657
44135 17654
44136 17652
44137 17655
44138 17656
44139 17659
44140 17656
44141 17654
44142 17657
44143 17658
44144 17661
44145 17658
44146 17656
44147 17659
44148 17660
44149 17663
44150 17660
44151 17658
44152 17661
44153 17662
44154 17665
44155 17662
44156 17660
44157 17663
44158 17664
44159 17667
44160 17664
44161 17662
44162 17665
44163 17666
44164 17669
44165 17666
44166 17664
44167 17667
44168 17668
44169 17671
44170 17668
44171 17666
44172 17669
44173 17670
44174 17673
44175 17670
44176 17668
44177 17671
44178 17672
44179 17675
44180 17672
44181 17670
44182 17673
44183 17674
44184 17677
44185 17674
44186 17672
44187 17675
44188 17676
44189 17679
44190 17676
44191 17674
44192 17677
44193 17678
44194 17681
44195 17678
44196 17676
44197 17679
44198 17680
44199 17683
44200 17680
44201 17678
44202 17681
44203 17682
44204 17685
44205 17682
44206 17680
44207 17683
44208 17684
44209 17687
44210 17684
44211 17682
44212 17685
44213 17686
44214 17689
44215 17686
44216 17684
44217 17687
44218 17688
44219 17691
44220 17688
44221 17686
44222 17689
44223 17690
44224 17693
44225 17690
44226 17688
44227 17691
44228 17692
44229 17695
44230 17692
44231 17690
44232 17693
44233 17694
44234 17697
44235 17694
44236 17692
44237 17695
44238 17696
44239 17699
44240 17696
44241 17694
44242 17697
44243 17698
44244 17701
44245 17698
44246 17696
44247 17699
44248 17700
44249 17703
44250 17700
44251 17698
44252 17701
44253 17702
44254 17705
44255 17702
44256 17700
44257 17703
44258 17704
44259 17707
44260 17704
44261 17702
44262 17705
44263 17706
44264 17709
44265 17706
44266 17704
44267 17707
44268 17708
44269 17711
44270 17708
44271 17706
44272 17709
44273 17710
44274 17713
44275 17710
44276 17708
44277 17711
44278 17712
44279 17715
44280 17712
44281 17710
44282 17713
44283 17714
44284 17717
44285 17714
44286 17712
44287 17715
44288 17716
44289 17719
44290 17716
44291 17714
44292 17717
44293 17718
44294 17721
44295 17718
44296 17716
44297 17719
44298 17720
44299 17723
44300 17720
44301 17718
44302 17721
44303 17722
44304 17725
44305 17722
44306 17720
44307 17723
44308 17724
44309 17727
44310 17724
44311 17722
44312 17725
44313 17726
44314 17729
44315 17726
44316 17724
44317 17727
44318 17728
44319 17731
44320 17728
44321 17726
44322 17729
44323 17730
44324 17733
44325 17730
44326 17728
44327 17731
44328 17732
44329 17735
44330 17732
44331 17730
44332 17733
44333 17734
44334 17737
44335 17734
44336 17732
44337 17735
44338 17736
44339 17739
44340 17736
44341 17734
44342 17737
44343 17738
44344 17741
44345 17738
44346 17736
44347 17739
44348 17740
44349 17743
44350 17740
44351 17738
44352 17741
44353 17742
44354 17745
44355 17742
44356 17740
44357 17743
44358 17744
44359 17747
44360 17744
44361 17742
44362 17745
44363 17746
44364 17749
44365 17746
44366 17744
44367 17747
44368 17748
44369 17751
44370 17748
44371 17746
44372 17749
44373 17750
44374 17753
44375 17750
44376 17748
44377 17751
44378 17752
44379 17755
44380 17752
44381 17750
44382 17753
44383 17754
44384 17757
44385 17754
44386 17752
44387 17755
44388 17756
44389 17759
44390 17756
44391 17754
44392 17757
44393 17758
44394 17761
44395 17758
44396 17756
44397 17759
44398 17760
44399 17763
44400 17760
44401 17758
44402 17761
44403 17762
44404 17765
44405 17762
44406 17760
44407 17763
44408 17764
44409 17767
44410 17764
44411 17762
44412 17765
44413 17766
44414 17769
44415 17766
44416 17764
44417 17767
44418 17768
44419 17771
44420 17768
44421 17766
44422 17769
44423 17770
44424 17773
44425 17770
44426 17768
44427 17771
44428 17772
44429 17775
44430 17772
44431 17770
44432 17773
44433 17774
44434 17777
44435 17774
44436 17772
44437 17775
44438 17776
44439 17779
44440 17776
44441 17774
44442 17777
44443 17778
44444 17781
44445 17778
44446 17776
44447 17779
44448 17780
44449 17783
44450 17780
44451 17778
44452 17781
44453 17782
44454 17785
44455 17782
44456 17780
44457 17783
44458 17784
44459 17787
44460 17784
44461 17782
44462 17785
44463 17786
44464 17789
44465 17786
44466 17784
44467 17787
44468 17788
44469 17791
44470 17788
44471 17786
44472 17789
44473 17790
44474 17793
44475 17790
44476 17788
44477 17791
44478 17792
44479 17795
44480 17792
44481 17790
44482 17793
44483 17794
44484 17797
44485 17794
44486 17792
44487 17795
44488 17796
44489 17799
44490 17796
44491 17794
44492 17797
44493 17798
44494 17801
44495 17798
44496 17796
44497 17799
44498 17800
44499 17803
44500 17800
44501 17798
44502 17801
44503 17802
44504 17805
44505 17802
44506 17800
44507 17803
44508 17804
44509 17807
44510 17804
44511 17802
44512 17805
44513 17806
44514 17809
44515 17806
44516 17804
44517 17807
44518 17808
44519 17811
44520 17808
44521 17806
44522 17809
44523 17810
44524 17813
44525 17810
44526 17808
44527 17811
44528 17812
44529 17815
44530 17812
44531 17810
44532 17813
44533 17814
44534 17817
44535 17814
44536 17812
44537 17815
44538 17816
44539 17819
44540 17816
44541 17814
44542 17817
44543 17818
44544 17821
44545 17818
44546 17816
44547 17819
44548 17820
44549 17823
44550 17820
44551 17818
44552 17821
44553 17822
44554 17825
44555 17822
44556 17820
44557 17823
44558 17824
44559 17827
44560 17824
44561 17822
44562 17825
44563 17826
44564 17829
44565 17826
44566 17824
44567 17827
44568 17828
44569 17831
44570 17828
44571 17826
44572 17829
44573 17830
44574 17833
44575 17830
44576 17828
44577 17831
44578 17832
44579 17835
44580 17832
44581 17830
44582 17833
44583 17834
44584 17837
44585 17834
44586 17832
44587 17835
44588 17836
44589 17839
44590 17836
44591 17834
44592 17837
44593 17838
44594 17841
44595 17838
44596 17836
44597 17839
44598 17840
44599 17843
44600 17840
44601 17838
44602 17841
44603 17842
44604 17845
44605 17842
44606 17840
44607 17843
44608 17844
44609 17847
44610 17844
44611 17842
44612 17845
44613 17846
44614 17849
44615 17846
44616 17844
44617 17847
44618 17848
44619 17851
44620 17848
44621 17846
44622 17849
44623 17850
44624 17853
44625 17850
44626 17848
44627 17851
44628 17852
44629 17855
44630 17852
44631 17850
44632 17853
44633 17854
44634 17857
44635 17854
44636 17852
44637 17855
44638 17856
44639 17859
44640 17856
44641 17854
44642 17857
44643 17858
44644 17861
44645 17858
44646 17856
44647 17859
44648 17860
44649 17863
44650 17860
44651 17858
44652 17861
44653 17862
44654 17865
44655 17862
44656 17860
44657 17863
44658 17864
44659 17867
44660 17864
44661 17862
44662 17865
44663 17866
44664 17869
44665 17866
44666 17864
44667 17867
44668 17868
44669 17871
44670 17868
44671 17866
44672 17869
44673 17870
44674 17873
44675 17870
44676 17868
44677 17871
44678 17872
44679 17875
44680 17872
44681 17870
44682 17873
44683 17874
44684 17877
44685 17874
44686 17872
44687 17875
44688 17876
44689 17879
44690 17876
44691 17874
44692 17877
44693 17878
44694 17881
44695 17878
44696 17876
44697 17879
44698 17880
44699 17883
44700 17880
44701 17878
44702 17881
44703 17882
44704 17885
44705 17882
44706 17880
44707 17883
44708 17884
44709 17887
44710 17884
44711 17882
44712 17885
44713 17886
44714 17889
44715 17886
44716 17884
44717 17887
44718 17888
44719 17891
44720 17888
44721 17886
44722 17889
44723 17890
44724 17893
44725 17890
44726 17888
44727 17891
44728 17892
44729 17895
44730 17892
44731 17890
44732 17893
44733 17894
44734 17897
44735 17894
44736 17892
44737 17895
44738 17896
44739 17899
44740 17896
44741 17894
44742 17897
44743 17898
44744 17901
44745 17898
44746 17896
44747 17899
44748 17900
44749 17903
44750 17900
44751 17898
44752 17901
44753 17902
44754 17905
44755 17902
44756 17900
44757 17903
44758 17904
44759 17907
44760 17904
44761 17902
44762 17905
44763 17906
44764 17909
44765 17906
44766 17904
44767 17907
44768 17908
44769 17911
44770 17908
44771 17906
44772 17909
44773 17910
44774 17913
44775 17910
44776 17908
44777 17911
44778 17912
44779 17915
44780 17912
44781 17910
44782 17913
44783 17914
44784 17917
44785 17914
44786 17912
44787 17915
44788 17916
44789 17919
44790 17916
44791 17914
44792 17917
44793 17918
44794 17921
44795 17918
44796 17916
44797 17919
44798 17920
44799 17923
44800 17920
44801 17918
44802 17921
44803 17922
44804 17925
44805 17922
44806 17920
44807 17923
44808 17924
44809 17927
44810 17924
44811 17922
44812 17925
44813 17926
44814 17929
44815 17926
44816 17924
44817 17927
44818 17928
44819 17931
44820 17928
44821 17926
44822 17929
44823 17930
44824 17933
44825 17930
44826 17928
44827 17931
44828 17932
44829 17935
44830 17932
44831 17930
44832 17933
44833 17934
44834 17937
44835 17934
44836 17932
44837 17935
44838 17936
44839 17939
44840 17936
44841 17934
44842 17937
44843 17938
44844 17941
44845 17938
44846 17936
44847 17939
44848 17940
44849 17943
44850 17940
44851 17938
44852 17941
44853 17942
44854 17945
44855 17942
44856 17940
44857 17943
44858 17944
44859 17947
44860 17944
44861 17942
44862 17945
44863 17946
44864 17949
44865 17946
44866 17944
44867 17947
44868 17948
44869 17951
44870 17948
44871 17946
44872 17949
44873 17950
44874 17953
44875 17950
44876 17948
44877 17951
44878 17952
44879 17955
44880 17952
44881 17950
44882 17953
44883 17954
44884 17957
44885 17954
44886 17952
44887 17955
44888 17956
44889 17959
44890 17956
44891 17954
44892 17957
44893 17958
44894 17961
44895 17958
44896 17956
44897 17959
44898 17960
44899 17963
44900 17960
44901 17958
44902 17961
44903 17962
44904 17965
44905 17962
44906 17960
44907 17963
44908 17964
44909 17967
44910 17964
44911 17962
44912 17965
44913 17966
44914 17969
44915 17966
44916 17964
44917 17967
44918 17968
44919 17971
44920 17968
44921 17966
44922 17969
44923 17970
44924 17973
44925 17970
44926 17968
44927 17971
44928 17972
44929 17975
44930 17972
44931 17970
44932 17973
44933 17974
44934 17977
44935 17974
44936 17972
44937 17975
44938 17976
44939 17979
44940 17976
44941 17974
44942 17977
44943 17978
44944 17981
44945 17978
44946 17976
44947 17979
44948 17980
44949 17983
44950 17980
44951 17978
44952 17981
44953 17982
44954 17985
44955 17982
44956 17980
44957 17983
44958 17984
44959 17987
44960 17984
44961 17982
44962 17985
44963 17986
44964 17989
44965 17986
44966 17984
44967 17987
44968 17988
44969 17991
44970 17988
44971 17986
44972 17989
44973 17990
44974 17993
44975 17990
44976 17988
44977 17991
44978 17992
44979 17995
44980 17992
44981 17990
44982 17993
44983 17994
44984 17997
44985 17994
44986 17992
44987 17995
44988 17996
44989 17999
44990 17996
44991 17994
44992 17997
44993 17998
44994 18001
44995 17998
44996 17996
44997 17999
44998 18000
44999 18003
45000 18000
45001 17998
45002 18001
45003 18002
45004 18005
45005 18002
45006 18000
45007 18003
45008 18004
45009 18007
45010 18004
45011 18002
45012 18005
45013 18006
45014 18009
45015 18006
45016 18004
45017 18007
45018 18008
45019 18011
45020 18008
45021 18006
45022 18009
45023 18010
45024 18013
45025 18010
45026 18008
45027 18011
45028 18012
45029 18015
45030 18012
45031 18010
45032 18013
45033 18014
45034 18017
45035 18014
45036 18012
45037 18015
45038 18016
45039 18019
45040 18016
45041 18014
45042 18017
45043 18018
45044 18021
45045 18018
45046 18016
45047 18019
45048 18020
45049 18023
45050 18020
45051 18018
45052 18021
45053 18022
45054 18025
45055 18022
45056 18020
45057 18023
45058 18024
45059 18027
45060 18024
45061 18022
45062 18025
45063 18026
45064 18029
45065 18026
45066 18024
45067 18027
45068 18028
45069 18031
45070 18028
45071 18026
45072 18029
45073 18030
45074 18033
45075 18030
45076 18028
45077 18031
45078 18032
45079 18035
45080 18032
45081 18030
45082 18033
45083 18034
45084 18037
45085 18034
45086 18032
45087 18035
45088 18036
45089 18039
45090 18036
45091 18034
45092 18037
45093 18038
45094 18041
45095 18038
45096 18036
45097 18039
45098 18040
45099 18043
45100 18040
45101 18038
45102 18041
45103 18042
45104 18045
45105 18042
45106 18040
45107 18043
45108 18044
45109 18047
45110 18044
45111 18042
45112 18045
45113 18046
45114 18049
45115 18046
45116 18044
45117 18047
45118 18048
45119 18051
45120 18048
45121 18046
45122 18049
45123 18050
45124 18053
45125 18050
45126 18048
45127 18051
45128 18052
45129 18055
45130 18052
45131 18050
45132 18053
45133 18054
45134 18057
45135 18054
45136 18052
45137 18055
45138 18056
45139 18059
45140 18056
45141 18054
45142 18057
45143 18058
45144 18061
45145 18058
45146 18056
45147 18059
45148 18060
45149 18063
45150 18060
45151 18058
45152 18061
45153 18062
45154 18065
45155 18062
45156 18060
45157 18063
45158 18064
45159 18067
45160 18064
45161 18062
45162 18065
45163 18066
45164 18069
45165 18066
45166 18064
45167 18067
45168 18068
45169 18071
45170 18068
45171 18066
45172 18069
45173 18070
45174 18073
45175 18070
45176 18068
45177 18071
45178 18072
45179 18075
45180 18072
45181 18070
45182 18073
45183 18074
45184 18077
45185 18074
45186 18072
45187 18075
45188 18076
45189 18079
45190 18076
45191 18074
45192 18077
45193 18078
45194 18081
45195 18078
45196 18076
45197 18079
45198 18080
45199 18083
45200 18080
45201 18078
45202 18081
45203 18082
45204 18085
45205 18082
45206 18080
45207 18083
45208 18084
45209 18087
45210 18084
45211 18082
45212 18085
45213 18086
45214 18089
45215 18086
45216 18084
45217 18087
45218 18088
45219 18091
45220 18088
45221 18086
45222 18089
45223 18090
45224 18093
45225 18090
45226 18088
45227 18091
45228 18092
45229 18095
45230 18092
45231 18090
45232 18093
45233 18094
45234 18097
45235 18094
45236 18092
45237 18095
45238 18096
45239 18099
45240 18096
45241 18094
45242 18097
45243 18098
45244 18101
45245 18098
45246 18096
45247 18099
45248 18100
45249 18103
45250 18100
45251 18098
45252 18101
45253 18102
45254 18105
45255 18102
45256 18100
45257 18103
45258 18104
45259 18107
45260 18104
45261 18102
45262 18105
45263 18106
45264 18109
45265 18106
45266 18104
45267 18107
45268 18108
45269 18111
45270 18108
45271 18106
45272 18109
45273 18110
45274 18113
45275 18110
45276 18108
45277 18111
45278 18112
45279 18115
45280 18112
45281 18110
45282 18113
45283 18114
45284 18117
45285 18114
45286 18112
45287 18115
45288 18116
45289 18119
45290 18116
45291 18114
45292 18117
45293 18118
45294 18121
45295 18118
45296 18116
45297 18119
45298 18120
45299 18123
45300 18120
45301 18118
45302 18121
45303 18122
45304 18125
45305 18122
45306 18120
45307 18123
45308 18124
45309 18127
45310 18124
45311 18122
45312 18125
45313 18126
45314 18129
45315 18126
45316 18124
45317 18127
45318 18128
45319 18131
45320 18128
45321 18126
45322 18129
45323 18130
45324 18133
45325 18130
45326 18128
45327 18131
45328 18132
45329 18135
45330 18132
45331 18130
45332 18133
45333 18134
45334 18137
45335 18134
45336 18132
45337 18135
45338 18136
45339 18139
45340 18136
45341 18134
45342 18137
45343 18138
45344 18141
45345 18138
45346 18136
45347 18139
45348 18140
45349 18143
45350 18140
45351 18138
45352 18141
45353 18142
45354 18145
45355 18142
45356 18140
45357 18143
45358 18144
45359 18147
45360 18144
45361 18142
45362 18145
45363 18146
45364 18149
45365 18146
45366 18144
45367 18147
45368 18148
45369 18151
45370 18148
45371 18146
45372 18149
45373 18150
45374 18153
45375 18150
45376 18148
45377 18151
45378 18152
45379 18155
45380 18152
45381 18150
45382 18153
45383 18154
45384 18157
45385 18154
45386 18152
45387 18155
45388 18156
45389 18159
45390 18156
45391 18154
45392 18157
45393 18158
45394 18161
45395 18158
45396 18156
45397 18159
45398 18160
45399 18163
45400 18160
45401 18158
45402 18161
45403 18162
45404 18165
45405 18162
45406 18160
45407 18163
45408 18164
45409 18167
45410 18164
45411 18162
45412 18165
45413 18166
45414 18169
45415 18166
45416 18164
45417 18167
45418 18168
45419 18171
45420 18168
45421 18166
45422 18169
45423 18170
45424 18173
45425 18170
45426 18168
45427 18171
45428 18172
45429 18175
45430 18172
45431 18170
45432 18173
45433 18174
45434 18177
45435 18174
45436 18172
45437 18175
45438 18176
45439 18179
45440 18176
45441 18174
45442 18177
45443 18178
45444 18181
45445 18178
45446 18176
45447 18179
45448 18180
45449 18183
45450 18180
45451 18178
45452 18181
45453 18182
45454 18185
45455 18182
45456 18180
45457 18183
45458 18184
45459 18187
45460 18184
45461 18182
45462 18185
45463 18186
45464 18189
45465 18186
45466 18184
45467 18187
45468 18188
45469 18191
45470 18188
45471 18186
45472 18189
45473 18190
45474 18193
45475 18190
45476 18188
45477 18191
45478 18192
45479 18195
45480 18192
45481 18190
45482 18193
45483 18194
45484 18197
45485 18194
45486 18192
45487 18195
45488 18196
45489 18199
45490 18196
45491 18194
45492 18197
45493 18198
45494 18201
45495 18198
45496 18196
45497 18199
45498 18200
45499 18203
45500 18200
45501 18198
45502 18201
45503 18202
45504 18205
45505 18202
45506 18200
45507 18203
45508 18204
45509 18207
45510 18204
45511 18202
45512 18205
45513 18206
45514 18209
45515 18206
45516 18204
45517 18207
45518 18208
45519 18211
45520 18208
45521 18206
45522 18209
45523 18210
45524 18213
45525 18210
45526 18208
45527 18211
45528 18212
45529 18215
45530 18212
45531 18210
45532 18213
45533 18214
45534 18217
45535 18214
45536 18212
45537 18215
45538 18216
45539 18219
45540 18216
45541 18214
45542 18217
45543 18218
45544 18221
45545 18218
45546 18216
45547 18219
45548 18220
45549 18223
45550 18220
45551 18218
45552 18221
45553 18222
45554 18225
45555 18222
45556 18220
45557 18223
45558 18224
45559 18227
45560 18224
45561 18222
45562 18225
45563 18226
45564 18229
45565 18226
45566 18224
45567 18227
45568 18228
45569 18231
45570 18228
45571 18226
45572 18229
45573 18230
45574 18233
45575 18230
45576 18228
45577 18231
45578 18232
45579 18235
45580 18232
45581 18230
45582 18233
45583 18234
45584 18237
45585 18234
45586 18232
45587 18235
45588 18236
45589 18239
45590 18236
45591 18234
45592 18237
45593 18238
45594 18241
45595 18238
45596 18236
45597 18239
45598 18240
45599 18243
45600 18240
45601 18238
45602 18241
45603 18242
45604 18245
45605 18242
45606 18240
45607 18243
45608 18244
45609 18247
45610 18244
45611 18242
45612 18245
45613 18246
45614 18249
45615 18246
45616 18244
45617 18247
45618 18248
45619 18251
45620 18248
45621 18246
45622 18249
45623 18250
45624 18253
45625 18250
45626 18248
45627 18251
45628 18252
45629 18255
45630 18252
45631 18250
45632 18253
45633 18254
45634 18257
45635 18254
45636 18252
45637 18255
45638 18256
45639 18259
45640 18256
45641 18254
45642 18257
45643 18258
45644 18261
45645 18258
45646 18256
45647 18259
45648 18260
45649 18263
45650 18260
45651 18258
45652 18261
45653 18262
45654 18265
45655 18262
45656 18260
45657 18263
45658 18264
45659 18267
45660 18264
45661 18262
45662 18265
45663 18266
45664 18269
45665 18266
45666 18264
45667 18267
45668 18268
45669 18271
45670 18268
45671 18266
45672 18269
45673 18270
45674 18273
45675 18270
45676 18268
45677 18271
45678 18272
45679 18275
45680 18272
45681 18270
45682 18273
45683 18274
45684 18277
45685 18274
45686 18272
45687 18275
45688 18276
45689 18279
45690 18276
45691 18274
45692 18277
45693 18278
45694 18281
45695 18278
45696 18276
45697 18279
45698 18280
45699 18283
45700 18280
45701 18278
45702 18281
45703 18282
45704 18285
45705 18282
45706 18280
45707 18283
45708 18284
45709 18287
45710 18284
45711 18282
45712 18285
45713 18286
45714 18289
45715 18286
45716 18284
45717 18287
45718 18288
45719 18291
45720 18288
45721 18286
45722 18289
45723 18290
45724 18293
45725 18290
45726 18288
45727 18291
45728 18292
45729 18295
45730 18292
45731 18290
45732 18293
45733 18294
45734 18297
45735 18294
45736 18292
45737 18295
45738 18296
45739 18299
45740 18296
45741 18294
45742 18297
45743 18298
45744 18301
45745 18298
45746 18296
45747 18299
45748 18300
45749 18303
45750 18300
45751 18298
45752 18301
45753 18302
45754 18305
45755 18302
45756 18300
45757 18303
45758 18304
45759 18307
45760 18304
45761 18302
45762 18305
45763 18306
45764 18309
45765 18306
45766 18304
45767 18307
45768 18308
45769 18311
45770 18308
45771 18306
45772 18309
45773 18310
45774 18313
45775 18310
45776 18308
45777 18311
45778 18312
45779 18315
45780 18312
45781 18310
45782 18313
45783 18314
45784 18317
45785 18314
45786 18312
45787 18315
45788 18316
45789 18319
45790 18316
45791 18314
45792 18317
45793 18318
45794 18321
45795 18318
45796 18316
45797 18319
45798 18320
45799 18323
45800 18320
45801 18318
45802 18321
45803 18322
45804 18325
45805 18322
45806 18320
45807 18323
45808 18324
45809 18327
45810 18324
45811 18322
45812 18325
45813 18326
45814 18329
45815 18326
45816 18324
45817 18327
45818 18328
45819 18331
45820 18328
45821 18326
45822 18329
45823 18330
45824 18333
45825 18330
45826 18328
45827 18331
45828 18332
45829 18335
45830 18332
45831 18330
45832 18333
45833 18334
45834 18337
45835 18334
45836 18332
45837 18335
45838 18336
45839 18339
45840 18336
45841 18334
45842 18337
45843 18338
45844 18341
45845 18338
45846 18336
45847 18339
45848 18340
45849 18343
45850 18340
45851 18338
45852 18341
45853 18342
45854 18345
45855 18342
45856 18340
45857 18343
45858 18344
45859 18347
45860 18344
45861 18342
45862 18345
45863 18346
45864 18349
45865 18346
45866 18344
45867 18347
45868 18348
45869 18351
45870 18348
45871 18346
45872 18349
45873 18350
45874 18353
45875 18350
45876 18348
45877 18351
45878 18352
45879 18355
45880 18352
45881 18350
45882 18353
45883 18354
45884 18357
45885 18354
45886 18352
45887 18355
45888 18356
45889 18359
45890 18356
45891 18354
45892 18357
45893 18358
45894 18361
45895 18358
45896 18356
45897 18359
45898 18360
45899 18363
45900 18360
45901 18358
45902 18361
45903 18362
45904 18365
45905 18362
45906 18360
45907 18363
45908 18364
45909 18367
45910 18364
45911 18362
45912 18365
45913 18366
45914 18369
45915 18366
45916 18364
45917 18367
45918 18368
45919 18371
45920 18368
45921 18366
45922 18369
45923 18370
45924 18373
45925 18370
45926 18368
45927 18371
45928 18372
45929 18375
45930 18372
45931 18370
45932 18373
45933 18374
45934 18377
45935 18374
45936 18372
45937 18375
45938 18376
45939 18379
45940 18376
45941 18374
45942 18377
45943 18378
45944 18381
45945 18378
45946 18376
45947 18379
45948 18380
45949 18383
45950 18380
45951 18378
45952 18381
45953 18382
45954 18385
45955 18382
45956 18380
45957 18383
45958 18384
45959 18387
45960 18384
45961 18382
45962 18385
45963 18386
45964 18389
45965 18386
45966 18384
45967 18387
45968 18388
45969 18391
45970 18388
45971 18386
45972 18389
45973 18390
45974 18393
45975 18390
45976 18388
45977 18391
45978 18392
45979 18395
45980 18392
45981 18390
45982 18393
45983 18394
45984 18397
45985 18394
45986 18392
45987 18395
45988 18396
45989 18399
45990 18396
45991 18394
45992 18397
45993 18398
45994 18401
45995 18398
45996 18396
45997 18399
45998 18400
45999 18403
46000 18400
46001 18398
46002 18401
46003 18402
46004 18405
46005 18402
46006 18400
46007 18403
46008 18404
46009 18407
46010 18404
46011 18402
46012 18405
46013 18406
46014 18409
46015 18406
46016 18404
46017 18407
46018 18408
46019 18411
46020 18408
46021 18406
46022 18409
46023 18410
46024 18413
46025 18410
46026 18408
46027 18411
46028 18412
46029 18415
46030 18412
46031 18410
46032 18413
46033 18414
46034 18417
46035 18414
46036 18412
46037 18415
46038 18416
46039 18419
46040 18416
46041 18414
46042 18417
46043 18418
46044 18421
46045 18418
46046 18416
46047 18419
46048 18420
46049 18423
46050 18420
46051 18418
46052 18421
46053 18422
46054 18425
46055 18422
46056 18420
46057 18423
46058 18424
46059 18427
46060 18424
46061 18422
46062 18425
46063 18426
46064 18429
46065 18426
46066 18424
46067 18427
46068 18428
46069 18431
46070 18428
46071 18426
46072 18429
46073 18430
46074 18433
46075 18430
46076 18428
46077 18431
46078 18432
46079 18435
46080 18432
46081 18430
46082 18433
46083 18434
46084 18437
46085 18434
46086 18432
46087 18435
46088 18436
46089 18439
46090 18436
46091 18434
46092 18437
46093 18438
46094 18441
46095 18438
46096 18436
46097 18439
46098 18440
46099 18443
46100 18440
46101 18438
46102 18441
46103 18442
46104 18445
46105 18442
46106 18440
46107 18443
46108 18444
46109 18447
46110 18444
46111 18442
46112 18445
46113 18446
46114 18449
46115 18446
46116 18444
46117 18447
46118 18448
46119 18451
46120 18448
46121 18446
46122 18449
46123 18450
46124 18453
46125 18450
46126 18448
46127 18451
46128 18452
46129 18455
46130 18452
46131 18450
46132 18453
46133 18454
46134 18457
46135 18454
46136 18452
46137 18455
46138 18456
46139 18459
46140 18456
46141 18454
46142 18457
46143 18458
46144 18461
46145 18458
46146 18456
46147 18459
46148 18460
46149 18463
46150 18460
46151 18458
46152 18461
46153 18462
46154 18465
46155 18462
46156 18460
46157 18463
46158 18464
46159 18467
46160 18464
46161 18462
46162 18465
46163 18466
46164 18469
46165 18466
46166 18464
46167 18467
46168 18468
46169 18471
46170 18468
46171 18466
46172 18469
46173 18470
46174 18473
46175 18470
46176 18468
46177 18471
46178 18472
46179 18475
46180 18472
46181 18470
46182 18473
46183 18474
46184 18477
46185 18474
46186 18472
46187 18475
46188 18476
46189 18479
46190 18476
46191 18474
46192 18477
46193 18478
46194 18481
46195 18478
46196 18476
46197 18479
46198 18480
46199 18483
46200 18480
46201 18478
46202 18481
46203 18482
46204 18485
46205 18482
46206 18480
46207 18483
46208 18484
46209 18487
46210 18484
46211 18482
46212 18485
46213 18486
46214 18489
46215 18486
46216 18484
46217 18487
46218 18488
46219 18491
46220 18488
46221 18486
46222 18489
46223 18490
46224 18493
46225 18490
46226 18488
46227 18491
46228 18492
46229 18495
46230 18492
46231 18490
46232 18493
46233 18494
46234 18497
46235 18494
46236 18492
46237 18495
46238 18496
46239 18499
46240 18496
46241 18494
46242 18497
46243 18498
46244 18501
46245 18498
46246 18496
46247 18499
46248 18500
46249 18503
46250 18500
46251 18498
46252 18501
46253 18502
46254 18505
46255 18502
46256 18500
46257 18503
46258 18504
46259 18507
46260 18504
46261 18502
46262 18505
46263 18506
46264 18509
46265 18506
46266 18504
46267 18507
46268 18508
46269 18511
46270 18508
46271 18506
46272 18509
46273 18510
46274 18513
46275 18510
46276 18508
46277 18511
46278 18512
46279 18515
46280 18512
46281 18510
46282 18513
46283 18514
46284 18517
46285 18514
46286 18512
46287 18515
46288 18516
46289 18519
46290 18516
46291 18514
46292 18517
46293 18518
46294 18521
46295 18518
46296 18516
46297 18519
46298 18520
46299 18523
46300 18520
46301 18518
46302 18521
46303 18522
46304 18525
46305 18522
46306 18520
46307 18523
46308 18524
46309 18527
46310 18524
46311 18522
46312 18525
46313 18526
46314 18529
46315 18526
46316 18524
46317 18527
46318 18528
46319 18531
46320 18528
46321 18526
46322 18529
46323 18530
46324 18533
46325 18530
46326 18528
46327 18531
46328 18532
46329 18535
46330 18532
46331 18530
46332 18533
46333 18534
46334 18537
46335 18534
46336 18532
46337 18535
46338 18536
46339 18539
46340 18536
46341 18534
46342 18537
46343 18538
46344 18541
46345 18538
46346 18536
46347 18539
46348 18540
46349 18543
46350 18540
46351 18538
46352 18541
46353 18542
46354 18545
46355 18542
46356 18540
46357 18543
46358 18544
46359 18547
46360 18544
46361 18542
46362 18545
46363 18546
46364 18549
46365 18546
46366 18544
46367 18547
46368 18548
46369 18551
46370 18548
46371 18546
46372 18549
46373 18550
46374 18553
46375 18550
46376 18548
46377 18551
46378 18552
46379 18555
46380 18552
46381 18550
46382 18553
46383 18554
46384 18557
46385 18554
46386 18552
46387 18555
46388 18556
46389 18559
46390 18556
46391 18554
46392 18557
46393 18558
46394 18561
46395 18558
46396 18556
46397 18559
46398 18560
46399 18563
46400 18560
46401 18558
46402 18561
46403 18562
46404 18565
46405 18562
46406 18560
46407 18563
46408 18564
46409 18567
46410 18564
46411 18562
46412 18565
46413 18566
46414 18569
46415 18566
46416 18564
46417 18567
46418 18568
46419 18571
46420 18568
46421 18566
46422 18569
46423 18570
46424 18573
46425 18570
46426 18568
46427 18571
46428 18572
46429 18575
46430 18572
46431 18570
46432 18573
46433 18574
46434 18577
46435 18574
46436 18572
46437 18575
46438 18576
46439 18579
46440 18576
46441 18574
46442 18577
46443 18578
46444 18581
46445 18578
46446 18576
46447 18579
46448 18580
46449 18583
46450 18580
46451 18578
46452 18581
46453 18582
46454 18585
46455 18582
46456 18580
46457 18583
46458 18584
46459 18587
46460 18584
46461 18582
46462 18585
46463 18586
46464 18589
46465 18586
46466 18584
46467 18587
46468 18588
46469 18591
46470 18588
46471 18586
46472 18589
46473 18590
46474 18593
46475 18590
46476 18588
46477 18591
46478 18592
46479 18595
46480 18592
46481 18590
46482 18593
46483 18594
46484 18597
46485 18594
46486 18592
46487 18595
46488 18596
46489 18599
46490 18596
46491 18594
46492 18597
46493 18598
46494 18601
46495 18598
46496 18596
46497 18599
46498 18600
46499 18603
46500 18600
46501 18598
46502 18601
46503 18602
46504 18605
46505 18602
46506 18600
46507 18603
46508 18604
46509 18607
46510 18604
46511 18602
46512 18605
46513 18606
46514 18609
46515 18606
46516 18604
46517 18607
46518 18608
46519 18611
46520 18608
46521 18606
46522 18609
46523 18610
46524 18613
46525 18610
46526 18608
46527 18611
46528 18612
46529 18615
46530 18612
46531 18610
46532 18613
46533 18614
46534 18617
46535 18614
46536 18612
46537 18615
46538 18616
46539 18619
46540 18616
46541 18614
46542 18617
46543 18618
46544 18621
46545 18618
46546 18616
46547 18619
46548 18620
46549 18623
46550 18620
46551 18618
46552 18621
46553 18622
46554 18625
46555 18622
46556 18620
46557 18623
46558 18624
46559 18627
46560 18624
46561 18622
46562 18625
46563 18626
46564 18629
46565 18626
46566 18624
46567 18627
46568 18628
46569 18631
46570 18628
46571 18626
46572 18629
46573 18630
46574 18633
46575 18630
46576 18628
46577 18631
46578 18632
46579 18635
46580 18632
46581 18630
46582 18633
46583 18634
46584 18637
46585 18634
46586 18632
46587 18635
46588 18636
46589 18639
46590 18636
46591 18634
46592 18637
46593 18638
46594 18641
46595 18638
46596 18636
46597 18639
46598 18640
46599 18643
46600 18640
46601 18638
46602 18641
46603 18642
46604 18645
46605 18642
46606 18640
46607 18643
46608 18644
46609 18647
46610 18644
46611 18642
46612 18645
46613 18646
46614 18649
46615 18646
46616 18644
46617 18647
46618 18648
46619 18651
46620 18648
46621 18646
46622 18649
46623 18650
46624 18653
46625 18650
46626 18648
46627 18651
46628 18652
46629 18655
46630 18652
46631 18650
46632 18653
46633 18654
46634 18657
46635 18654
46636 18652
46637 18655
46638 18656
46639 18659
46640 18656
46641 18654
46642 18657
46643 18658
46644 18661
46645 18658
46646 18656
46647 18659
46648 18660
46649 18663
46650 18660
46651 18658
46652 18661
46653 18662
46654 18665
46655 18662
46656 18660
46657 18663
46658 18664
46659 18667
46660 18664
46661 18662
46662 18665
46663 18666
46664 18669
46665 18666
46666 18664
46667 18667
46668 18668
46669 18671
46670 18668
46671 18666
46672 18669
46673 18670
46674 18673
46675 18670
46676 18668
46677 18671
46678 18672
46679 18675
46680 18672
46681 18670
46682 18673
46683 18674
46684 18677
46685 18674
46686 18672
46687 18675
46688 18676
46689 18679
46690 18676
46691 18674
46692 18677
46693 18678
46694 18681
46695 18678
46696 18676
46697 18679
46698 18680
46699 18683
46700 18680
46701 18678
46702 18681
46703 18682
46704 18685
46705 18682
46706 18680
46707 18683
46708 18684
46709 18687
46710 18684
46711 18682
46712 18685
46713 18686
46714 18689
46715 18686
46716 18684
46717 18687
46718 18688
46719 18691
46720 18688
46721 18686
46722 18689
46723 18690
46724 18693
46725 18690
46726 18688
46727 18691
46728 18692
46729 18695
46730 18692
46731 18690
46732 18693
46733 18694
46734 18697
46735 18694
46736 18692
46737 18695
46738 18696
46739 18699
46740 18696
46741 18694
46742 18697
46743 18698
46744 18701
46745 18698
46746 18696
46747 18699
46748 18700
46749 18703
46750 18700
46751 18698
46752 18701
46753 18702
46754 18705
46755 18702
46756 18700
46757 18703
46758 18704
46759 18707
46760 18704
46761 18702
46762 18705
46763 18706
46764 18709
46765 18706
46766 18704
46767 18707
46768 18708
46769 18711
46770 18708
46771 18706
46772 18709
46773 18710
46774 18713
46775 18710
46776 18708
46777 18711
46778 18712
46779 18715
46780 18712
46781 18710
46782 18713
46783 18714
46784 18717
46785 18714
46786 18712
46787 18715
46788 18716
46789 18719
46790 18716
46791 18714
46792 18717
46793 18718
46794 18721
46795 18718
46796 18716
46797 18719
46798 18720
46799 18723
46800 18720
46801 18718
46802 18721
46803 18722
46804 18725
46805 18722
46806 18720
46807 18723
46808 18724
46809 18727
46810 18724
46811 18722
46812 18725
46813 18726
46814 18729
46815 18726
46816 18724
46817 18727
46818 18728
46819 18731
46820 18728
46821 18726
46822 18729
46823 18730
46824 18733
46825 18730
46826 18728
46827 18731
46828 18732
46829 18735
46830 18732
46831 18730
46832 18733
46833 18734
46834 18737
46835 18734
46836 18732
46837 18735
46838 18736
46839 18739
46840 18736
46841 18734
46842 18737
46843 18738
46844 18741
46845 18738
46846 18736
46847 18739
46848 18740
46849 18743
46850 18740
46851 18738
46852 18741
46853 18742
46854 18745
46855 18742
46856 18740
46857 18743
46858 18744
46859 18747
46860 18744
46861 18742
46862 18745
46863 18746
46864 18749
46865 18746
46866 18744
46867 18747
46868 18748
46869 18751
46870 18748
46871 18746
46872 18749
46873 18750
46874 18753
46875 18750
46876 18748
46877 18751
46878 18752
46879 18755
46880 18752
46881 18750
46882 18753
46883 18754
46884 18757
46885 18754
46886 18752
46887 18755
46888 18756
46889 18759
46890 18756
46891 18754
46892 18757
46893 18758
46894 18761
46895 18758
46896 18756
46897 18759
46898 18760
46899 18763
46900 18760
46901 18758
46902 18761
46903 18762
46904 18765
46905 18762
46906 18760
46907 18763
46908 18764
46909 18767
46910 18764
46911 18762
46912 18765
46913 18766
46914 18769
46915 18766
46916 18764
46917 18767
46918 18768
46919 18771
46920 18768
46921 18766
46922 18769
46923 18770
46924 18773
46925 18770
46926 18768
46927 18771
46928 18772
46929 18775
46930 18772
46931 18770
46932 18773
46933 18774
46934 18777
46935 18774
46936 18772
46937 18775
46938 18776
46939 18779
46940 18776
46941 18774
46942 18777
46943 18778
46944 18781
46945 18778
46946 18776
46947 18779
46948 18780
46949 18783
46950 18780
46951 18778
46952 18781
46953 18782
46954 18785
46955 18782
46956 18780
46957 18783
46958 18784
46959 18787
46960 18784
46961 18782
46962 18785
46963 18786
46964 18789
46965 18786
46966 18784
46967 18787
46968 18788
46969 18791
46970 18788
46971 18786
46972 18789
46973 18790
46974 18793
46975 18790
46976 18788
46977 18791
46978 18792
46979 18795
46980 18792
46981 18790
46982 18793
46983 18794
46984 18797
46985 18794
46986 18792
46987 18795
46988 18796
46989 18799
46990 18796
46991 18794
46992 18797
46993 18798
46994 18801
46995 18798
46996 18796
46997 18799
46998 18800
46999 18803
47000 18800
47001 18798
47002 18801
47003 18802
47004 18805
47005 18802
47006 18800
47007 18803
47008 18804
47009 18807
47010 18804
47011 18802
47012 18805
47013 18806
47014 18809
47015 18806
47016 18804
47017 18807
47018 18808
47019 18811
47020 18808
47021 18806
47022 18809
47023 18810
47024 18813
47025 18810
47026 18808
47027 18811
47028 18812
47029 18815
47030 18812
47031 18810
47032 18813
47033 18814
47034 18817
47035 18814
47036 18812
47037 18815
47038 18816
47039 18819
47040 18816
47041 18814
47042 18817
47043 18818
47044 18821
47045 18818
47046 18816
47047 18819
47048 18820
47049 18823
47050 18820
47051 18818
47052 18821
47053 18822
47054 18825
47055 18822
47056 18820
47057 18823
47058 18824
47059 18827
47060 18824
47061 18822
47062 18825
47063 18826
47064 18829
47065 18826
47066 18824
47067 18827
47068 18828
47069 18831
47070 18828
47071 18826
47072 18829
47073 18830
47074 18833
47075 18830
47076 18828
47077 18831
47078 18832
47079 18835
47080 18832
47081 18830
47082 18833
47083 18834
47084 18837
47085 18834
47086 18832
47087 18835
47088 18836
47089 18839
47090 18836
47091 18834
47092 18837
47093 18838
47094 18841
47095 18838
47096 18836
47097 18839
47098 18840
47099 18843
47100 18840
47101 18838
47102 18841
47103 18842
47104 18845
47105 18842
47106 18840
47107 18843
47108 18844
47109 18847
47110 18844
47111 18842
47112 18845
47113 18846
47114 18849
47115 18846
47116 18844
47117 18847
47118 18848
47119 18851
47120 18848
47121 18846
47122 18849
47123 18850
47124 18853
47125 18850
47126 18848
47127 18851
47128 18852
47129 18855
47130 18852
47131 18850
47132 18853
47133 18854
47134 18857
47135 18854
47136 18852
47137 18855
47138 18856
47139 18859
47140 18856
47141 18854
47142 18857
47143 18858
47144 18861
47145 18858
47146 18856
47147 18859
47148 18860
47149 18863
47150 18860
47151 18858
47152 18861
47153 18862
47154 18865
47155 18862
47156 18860
47157 18863
47158 18864
47159 18867
47160 18864
47161 18862
47162 18865
47163 18866
47164 18869
47165 18866
47166 18864
47167 18867
47168 18868
47169 18871
47170 18868
47171 18866
47172 18869
47173 18870
47174 18873
47175 18870
47176 18868
47177 18871
47178 18872
47179 18875
47180 18872
47181 18870
47182 18873
47183 18874
47184 18877
47185 18874
47186 18872
47187 18875
47188 18876
47189 18879
47190 18876
47191 18874
47192 18877
47193 18878
47194 18881
47195 18878
47196 18876
47197 18879
47198 18880
47199 18883
47200 18880
47201 18878
47202 18881
47203 18882
47204 18885
47205 18882
47206 18880
47207 18883
47208 18884
47209 18887
47210 18884
47211 18882
47212 18885
47213 18886
47214 18889
47215 18886
47216 18884
47217 18887
47218 18888
47219 18891
47220 18888
47221 18886
47222 18889
47223 18890
47224 18893
47225 18890
47226 18888
47227 18891
47228 18892
47229 18895
47230 18892
47231 18890
47232 18893
47233 18894
47234 18897
47235 18894
47236 18892
47237 18895
47238 18896
47239 18899
47240 18896
47241 18894
47242 18897
47243 18898
47244 18901
47245 18898
47246 18896
47247 18899
47248 18900
47249 18903
47250 18900
47251 18898
47252 18901
47253 18902
47254 18905
47255 18902
47256 18900
47257 18903
47258 18904
47259 18907
47260 18904
47261 18902
47262 18905
47263 18906
47264 18909
47265 18906
47266 18904
47267 18907
47268 18908
47269 18911
47270 18908
47271 18906
47272 18909
47273 18910
47274 18913
47275 18910
47276 18908
47277 18911
47278 18912
47279 18915
47280 18912
47281 18910
47282 18913
47283 18914
47284 18917
47285 18914
47286 18912
47287 18915
47288 18916
47289 18919
47290 18916
47291 18914
47292 18917
47293 18918
47294 18921
47295 18918
47296 18916
47297 18919
47298 18920
47299 18923
47300 18920
47301 18918
47302 18921
47303 18922
47304 18925
47305 18922
47306 18920
47307 18923
47308 18924
47309 18927
47310 18924
47311 18922
47312 18925
47313 18926
47314 18929
47315 18926
47316 18924
47317 18927
47318 18928
47319 18931
47320 18928
47321 18926
47322 18929
47323 18930
47324 18933
47325 18930
47326 18928
47327 18931
47328 18932
47329 18935
47330 18932
47331 18930
47332 18933
47333 18934
47334 18937
47335 18934
47336 18932
47337 18935
47338 18936
47339 18939
47340 18936
47341 18934
47342 18937
47343 18938
47344 18941
47345 18938
47346 18936
47347 18939
47348 18940
47349 18943
47350 18940
47351 18938
47352 18941
47353 18942
47354 18945
47355 18942
47356 18940
47357 18943
47358 18944
47359 18947
47360 18944
47361 18942
47362 18945
47363 18946
47364 18949
47365 18946
47366 18944
47367 18947
47368 18948
47369 18951
47370 18948
47371 18946
47372 18949
47373 18950
47374 18953
47375 18950
47376 18948
47377 18951
47378 18952
47379 18955
47380 18952
47381 18950
47382 18953
47383 18954
47384 18957
47385 18954
47386 18952
47387 18955
47388 18956
47389 18959
47390 18956
47391 18954
47392 18957
47393 18958
47394 18961
47395 18958
47396 18956
47397 18959
47398 18960
47399 18963
47400 18960
47401 18958
47402 18961
47403 18962
47404 18965
47405 18962
47406 18960
47407 18963
47408 18964
47409 18967
47410 18964
47411 18962
47412 18965
47413 18966
47414 18969
47415 18966
47416 18964
47417 18967
47418 18968
47419 18971
47420 18968
47421 18966
47422 18969
47423 18970
47424 18973
47425 18970
47426 18968
47427 18971
47428 18972
47429 18975
47430 18972
47431 18970
47432 18973
47433 18974
47434 18977
47435 18974
47436 18972
47437 18975
47438 18976
47439 18979
47440 18976
47441 18974
47442 18977
47443 18978
47444 18981
47445 18978
47446 18976
47447 18979
47448 18980
47449 18983
47450 18980
47451 18978
47452 18981
47453 18982
47454 18985
47455 18982
47456 18980
47457 18983
47458 18984
47459 18987
47460 18984
47461 18982
47462 18985
47463 18986
47464 18989
47465 18986
47466 18984
47467 18987
47468 18988
47469 18991
47470 18988
47471 18986
47472 18989
47473 18990
47474 18993
47475 18990
47476 18988
47477 18991
47478 18992
47479 18995
47480 18992
47481 18990
47482 18993
47483 18994
47484 18997
47485 18994
47486 18992
47487 18995
47488 18996
47489 18999
47490 18996
47491 18994
47492 18997
47493 18998
47494 19001
47495 18998
47496 18996
47497 18999
47498 19000
47499 19003
47500 19000
47501 18998
47502 19001
47503 19002
47504 19005
47505 19002
47506 19000
47507 19003
47508 19004
47509 19007
47510 19004
47511 19002
47512 19005
47513 19006
47514 19009
47515 19006
47516 19004
47517 19007
47518 19008
47519 19011
47520 19008
47521 19006
47522 19009
47523 19010
47524 19013
47525 19010
47526 19008
47527 19011
47528 19012
47529 19015
47530 19012
47531 19010
47532 19013
47533 19014
47534 19017
47535 19014
47536 19012
47537 19015
47538 19016
47539 19019
47540 19016
47541 19014
47542 19017
47543 19018
47544 19021
47545 19018
47546 19016
47547 19019
47548 19020
47549 19023
47550 19020
47551 19018
47552 19021
47553 19022
47554 19025
47555 19022
47556 19020
47557 19023
47558 19024
47559 19027
47560 19024
47561 19022
47562 19025
47563 19026
47564 19029
47565 19026
47566 19024
47567 19027
47568 19028
47569 19031
47570 19028
47571 19026
47572 19029
47573 19030
47574 19033
47575 19030
47576 19028
47577 19031
47578 19032
47579 19035
47580 19032
47581 19030
47582 19033
47583 19034
47584 19037
47585 19034
47586 19032
47587 19035
47588 19036
47589 19039
47590 19036
47591 19034
47592 19037
47593 19038
47594 19041
47595 19038
47596 19036
47597 19039
47598 19040
47599 19043
47600 19040
47601 19038
47602 19041
47603 19042
47604 19045
47605 19042
47606 19040
47607 19043
47608 19044
47609 19047
47610 19044
47611 19042
47612 19045
47613 19046
47614 19049
47615 19046
47616 19044
47617 19047
47618 19048
47619 19051
47620 19048
47621 19046
47622 19049
47623 19050
47624 19053
47625 19050
47626 19048
47627 19051
47628 19052
47629 19055
47630 19052
47631 19050
47632 19053
47633 19054
47634 19057
47635 19054
47636 19052
47637 19055
47638 19056
47639 19059
47640 19056
47641 19054
47642 19057
47643 19058
47644 19061
47645 19058
47646 19056
47647 19059
47648 19060
47649 19063
47650 19060
47651 19058
47652 19061
47653 19062
47654 19065
47655 19062
47656 19060
47657 19063
47658 19064
47659 19067
47660 19064
47661 19062
47662 19065
47663 19066
47664 19069
47665 19066
47666 19064
47667 19067
47668 19068
47669 19071
47670 19068
47671 19066
47672 19069
47673 19070
47674 19073
47675 19070
47676 19068
47677 19071
47678 19072
47679 19075
47680 19072
47681 19070
47682 19073
47683 19074
47684 19077
47685 19074
47686 19072
47687 19075
47688 19076
47689 19079
47690 19076
47691 19074
47692 19077
47693 19078
47694 19081
47695 19078
47696 19076
47697 19079
47698 19080
47699 19083
47700 19080
47701 19078
47702 19081
47703 19082
47704 19085
47705 19082
47706 19080
47707 19083
47708 19084
47709 19087
47710 19084
47711 19082
47712 19085
47713 19086
47714 19089
47715 19086
47716 19084
47717 19087
47718 19088
47719 19091
47720 19088
47721 19086
47722 19089
47723 19090
47724 19093
47725 19090
47726 19088
47727 19091
47728 19092
47729 19095
47730 19092
47731 19090
47732 19093
47733 19094
47734 19097
47735 19094
47736 19092
47737 19095
47738 19096
47739 19099
47740 19096
47741 19094
47742 19097
47743 19098
47744 19101
47745 19098
47746 19096
47747 19099
47748 19100
47749 19103
47750 19100
47751 19098
47752 19101
47753 19102
47754 19105
47755 19102
47756 19100
47757 19103
47758 19104
47759 19107
47760 19104
47761 19102
47762 19105
47763 19106
47764 19109
47765 19106
47766 19104
47767 19107
47768 19108
47769 19111
47770 19108
47771 19106
47772 19109
47773 19110
47774 19113
47775 19110
47776 19108
47777 19111
47778 19112
47779 19115
47780 19112
47781 19110
47782 19113
47783 19114
47784 19117
47785 19114
47786 19112
47787 19115
47788 19116
47789 19119
47790 19116
47791 19114
47792 19117
47793 19118
47794 19121
47795 19118
47796 19116
47797 19119
47798 19120
47799 19123
47800 19120
47801 19118
47802 19121
47803 19122
47804 19125
47805 19122
47806 19120
47807 19123
47808 19124
47809 19127
47810 19124
47811 19122
47812 19125
47813 19126
47814 19129
47815 19126
47816 19124
47817 19127
47818 19128
47819 19131
47820 19128
47821 19126
47822 19129
47823 19130
47824 19133
47825 19130
47826 19128
47827 19131
47828 19132
47829 19135
47830 19132
47831 19130
47832 19133
47833 19134
47834 19137
47835 19134
47836 19132
47837 19135
47838 19136
47839 19139
47840 19136
47841 19134
47842 19137
47843 19138
47844 19141
47845 19138
47846 19136
47847 19139
47848 19140
47849 19143
47850 19140
47851 19138
47852 19141
47853 19142
47854 19145
47855 19142
47856 19140
47857 19143
47858 19144
47859 19147
47860 19144
47861 19142
47862 19145
47863 19146
47864 19149
47865 19146
47866 19144
47867 19147
47868 19148
47869 19151
47870 19148
47871 19146
47872 19149
47873 19150
47874 19153
47875 19150
47876 19148
47877 19151
47878 19152
47879 19155
47880 19152
47881 19150
47882 19153
47883 19154
47884 19157
47885 19154
47886 19152
47887 19155
47888 19156
47889 19159
47890 19156
47891 19154
47892 19157
47893 19158
47894 19161
47895 19158
47896 19156
47897 19159
47898 19160
47899 19163
47900 19160
47901 19158
47902 19161
47903 19162
47904 19165
47905 19162
47906 19160
47907 19163
47908 19164
47909 19167
47910 19164
47911 19162
47912 19165
47913 19166
47914 19169
47915 19166
47916 19164
47917 19167
47918 19168
47919 19171
47920 19168
47921 19166
47922 19169
47923 19170
47924 19173
47925 19170
47926 19168
47927 19171
47928 19172
47929 19175
47930 19172
47931 19170
47932 19173
47933 19174
47934 19177
47935 19174
47936 19172
47937 19175
47938 19176
47939 19179
47940 19176
47941 19174
47942 19177
47943 19178
47944 19181
47945 19178
47946 19176
47947 19179
47948 19180
47949 19183
47950 19180
47951 19178
47952 19181
47953 19182
47954 19185
47955 19182
47956 19180
47957 19183
47958 19184
47959 19187
47960 19184
47961 19182
47962 19185
47963 19186
47964 19189
47965 19186
47966 19184
47967 19187
47968 19188
47969 19191
47970 19188
47971 19186
47972 19189
47973 19190
47974 19193
47975 19190
47976 19188
47977 19191
47978 19192
47979 19195
47980 19192
47981 19190
47982 19193
47983 19194
47984 19197
47985 19194
47986 19192
47987 19195
47988 19196
47989 19199
47990 19196
47991 19194
47992 19197
47993 19198
47994 19201
47995 19198
47996 19196
47997 19199
47998 19200
47999 19203
48000 19200
48001 19198
48002 19201
48003 19202
48004 19205
48005 19202
48006 19200
48007 19203
48008 19204
48009 19207
48010 19204
48011 19202
48012 19205
48013 19206
48014 19209
48015 19206
48016 19204
48017 19207
48018 19208
48019 19211
48020 19208
48021 19206
48022 19209
48023 19210
48024 19213
48025 19210
48026 19208
48027 19211
48028 19212
48029 19215
48030 19212
48031 19210
48032 19213
48033 19214
48034 19217
48035 19214
48036 19212
48037 19215
48038 19216
48039 19219
48040 19216
48041 19214
48042 19217
48043 19218
48044 19221
48045 19218
48046 19216
48047 19219
48048 19220
48049 19223
48050 19220
48051 19218
48052 19221
48053 19222
48054 19225
48055 19222
48056 19220
48057 19223
48058 19224
48059 19227
48060 19224
48061 19222
48062 19225
48063 19226
48064 19229
48065 19226
48066 19224
48067 19227
48068 19228
48069 19231
48070 19228
48071 19226
48072 19229
48073 19230
48074 19233
48075 19230
48076 19228
48077 19231
48078 19232
48079 19235
48080 19232
48081 19230
48082 19233
48083 19234
48084 19237
48085 19234
48086 19232
48087 19235
48088 19236
48089 19239
48090 19236
48091 19234
48092 19237
48093 19238
48094 19241
48095 19238
48096 19236
48097 19239
48098 19240
48099 19243
48100 19240
48101 19238
48102 19241
48103 19242
48104 19245
48105 19242
48106 19240
48107 19243
48108 19244
48109 19247
48110 19244
48111 19242
48112 19245
48113 19246
48114 19249
48115 19246
48116 19244
48117 19247
48118 19248
48119 19251
48120 19248
48121 19246
48122 19249
48123 19250
48124 19253
48125 19250
48126 19248
48127 19251
48128 19252
48129 19255
48130 19252
48131 19250
48132 19253
48133 19254
48134 19257
48135 19254
48136 19252
48137 19255
48138 19256
48139 19259
48140 19256
48141 19254
48142 19257
48143 19258
48144 19261
48145 19258
48146 19256
48147 19259
48148 19260
48149 19263
48150 19260
48151 19258
48152 19261
48153 19262
48154 19265
48155 19262
48156 19260
48157 19263
48158 19264
48159 19267
48160 19264
48161 19262
48162 19265
48163 19266
48164 19269
48165 19266
48166 19264
48167 19267
48168 19268
48169 19271
48170 19268
48171 19266
48172 19269
48173 19270
48174 19273
48175 19270
48176 19268
48177 19271
48178 19272
48179 19275
48180 19272
48181 19270
48182 19273
48183 19274
48184 19277
48185 19274
48186 19272
48187 19275
48188 19276
48189 19279
48190 19276
48191 19274
48192 19277
48193 19278
48194 19281
48195 19278
48196 19276
48197 19279
48198 19280
48199 19283
48200 19280
48201 19278
48202 19281
48203 19282
48204 19285
48205 19282
48206 19280
48207 19283
48208 19284
48209 19287
48210 19284
48211 19282
48212 19285
48213 19286
48214 19289
48215 19286
48216 19284
48217 19287
48218 19288
48219 19291
48220 19288
48221 19286
48222 19289
48223 19290
48224 19293
48225 19290
48226 19288
48227 19291
48228 19292
48229 19295
48230 19292
48231 19290
48232 19293
48233 19294
48234 19297
48235 19294
48236 19292
48237 19295
48238 19296
48239 19299
48240 19296
48241 19294
48242 19297
48243 19298
48244 19301
48245 19298
48246 19296
48247 19299
48248 19300
48249 19303
48250 19300
48251 19298
48252 19301
48253 19302
48254 19305
48255 19302
48256 19300
48257 19303
48258 19304
48259 19307
48260 19304
48261 19302
48262 19305
48263 19306
48264 19309
48265 19306
48266 19304
48267 19307
48268 19308
48269 19311
48270 19308
48271 19306
48272 19309
48273 19310
48274 19313
48275 19310
48276 19308
48277 19311
48278 19312
48279 19315
48280 19312
48281 19310
48282 19313
48283 19314
48284 19317
48285 19314
48286 19312
48287 19315
48288 19316
48289 19319
48290 19316
48291 19314
48292 19317
48293 19318
48294 19321
48295 19318
48296 19316
48297 19319
48298 19320
48299 19323
48300 19320
48301 19318
48302 19321
48303 19322
48304 19325
48305 19322
48306 19320
48307 19323
48308 19324
48309 19327
48310 19324
48311 19322
48312 19325
48313 19326
48314 19329
48315 19326
48316 19324
48317 19327
48318 19328
48319 19331
48320 19328
48321 19326
48322 19329
48323 19330
48324 19333
48325 19330
48326 19328
48327 19331
48328 19332
48329 19335
48330 19332
48331 19330
48332 19333
48333 19334
48334 19337
48335 19334
48336 19332
48337 19335
48338 19336
48339 19339
48340 19336
48341 19334
48342 19337
48343 19338
48344 19341
48345 19338
48346 19336
48347 19339
48348 19340
48349 19343
48350 19340
48351 19338
48352 19341
48353 19342
48354 19345
48355 19342
48356 19340
48357 19343
48358 19344
48359 19347
48360 19344
48361 19342
48362 19345
48363 19346
48364 19349
48365 19346
48366 19344
48367 19347
48368 19348
48369 19351
48370 19348
48371 19346
48372 19349
48373 19350
48374 19353
48375 19350
48376 19348
48377 19351
48378 19352
48379 19355
48380 19352
48381 19350
48382 19353
48383 19354
48384 19357
48385 19354
48386 19352
48387 19355
48388 19356
48389 19359
48390 19356
48391 19354
48392 19357
48393 19358
48394 19361
48395 19358
48396 19356
48397 19359
48398 19360
48399 19363
48400 19360
48401 19358
48402 19361
48403 19362
48404 19365
48405 19362
48406 19360
48407 19363
48408 19364
48409 19367
48410 19364
48411 19362
48412 19365
48413 19366
48414 19369
48415 19366
48416 19364
48417 19367
48418 19368
48419 19371
48420 19368
48421 19366
48422 19369
48423 19370
48424 19373
48425 19370
48426 19368
48427 19371
48428 19372
48429 19375
48430 19372
48431 19370
48432 19373
48433 19374
48434 19377
48435 19374
48436 19372
48437 19375
48438 19376
48439 19379
48440 19376
48441 19374
48442 19377
48443 19378
48444 19381
48445 19378
48446 19376
48447 19379
48448 19380
48449 19383
48450 19380
48451 19378
48452 19381
48453 19382
48454 19385
48455 19382
48456 19380
48457 19383
48458 19384
48459 19387
48460 19384
48461 19382
48462 19385
48463 19386
48464 19389
48465 19386
48466 19384
48467 19387
48468 19388
48469 19391
48470 19388
48471 19386
48472 19389
48473 19390
48474 19393
48475 19390
48476 19388
48477 19391
48478 19392
48479 19395
48480 19392
48481 19390
48482 19393
48483 19394
48484 19397
48485 19394
48486 19392
48487 19395
48488 19396
48489 19399
48490 19396
48491 19394
48492 19397
48493 19398
48494 19401
48495 19398
48496 19396
48497 19399
48498 19400
48499 19403
48500 19400
48501 19398
48502 19401
48503 19402
48504 19405
48505 19402
48506 19400
48507 19403
48508 19404
48509 19407
48510 19404
48511 19402
48512 19405
48513 19406
48514 19409
48515 19406
48516 19404
48517 19407
48518 19408
48519 19411
48520 19408
48521 19406
48522 19409
48523 19410
48524 19413
48525 19410
48526 19408
48527 19411
48528 19412
48529 19415
48530 19412
48531 19410
48532 19413
48533 19414
48534 19417
48535 19414
48536 19412
48537 19415
48538 19416
48539 19419
48540 19416
48541 19414
48542 19417
48543 19418
48544 19421
48545 19418
48546 19416
48547 19419
48548 19420
48549 19423
48550 19420
48551 19418
48552 19421
48553 19422
48554 19425
48555 19422
48556 19420
48557 19423
48558 19424
48559 19427
48560 19424
48561 19422
48562 19425
48563 19426
48564 19429
48565 19426
48566 19424
48567 19427
48568 19428
48569 19431
48570 19428
48571 19426
48572 19429
48573 19430
48574 19433
48575 19430
48576 19428
48577 19431
48578 19432
48579 19435
48580 19432
48581 19430
48582 19433
48583 19434
48584 19437
48585 19434
48586 19432
48587 19435
48588 19436
48589 19439
48590 19436
48591 19434
48592 19437
48593 19438
48594 19441
48595 19438
48596 19436
48597 19439
48598 19440
48599 19443
48600 19440
48601 19438
48602 19441
48603 19442
48604 19445
48605 19442
48606 19440
48607 19443
48608 19444
48609 19447
48610 19444
48611 19442
48612 19445
48613 19446
48614 19449
48615 19446
48616 19444
48617 19447
48618 19448
48619 19451
48620 19448
48621 19446
48622 19449
48623 19450
48624 19453
48625 19450
48626 19448
48627 19451
48628 19452
48629 19455
48630 19452
48631 19450
48632 19453
48633 19454
48634 19457
48635 19454
48636 19452
48637 19455
48638 19456
48639 19459
48640 19456
48641 19454
48642 19457
48643 19458
48644 19461
48645 19458
48646 19456
48647 19459
48648 19460
48649 19463
48650 19460
48651 19458
48652 19461
48653 19462
48654 19465
48655 19462
48656 19460
48657 19463
48658 19464
48659 19467
48660 19464
48661 19462
48662 19465
48663 19466
48664 19469
48665 19466
48666 19464
48667 19467
48668 19468
48669 19471
48670 19468
48671 19466
48672 19469
48673 19470
48674 19473
48675 19470
48676 19468
48677 19471
48678 19472
48679 19475
48680 19472
48681 19470
48682 19473
48683 19474
48684 19477
48685 19474
48686 19472
48687 19475
48688 19476
48689 19479
48690 19476
48691 19474
48692 19477
48693 19478
48694 19481
48695 19478
48696 19476
48697 19479
48698 19480
48699 19483
48700 19480
48701 19478
48702 19481
48703 19482
48704 19485
48705 19482
48706 19480
48707 19483
48708 19484
48709 19487
48710 19484
48711 19482
48712 19485
48713 19486
48714 19489
48715 19486
48716 19484
48717 19487
48718 19488
48719 19491
48720 19488
48721 19486
48722 19489
48723 19490
48724 19493
48725 19490
48726 19488
48727 19491
48728 19492
48729 19495
48730 19492
48731 19490
48732 19493
48733 19494
48734 19497
48735 19494
48736 19492
48737 19495
48738 19496
48739 19499
48740 19496
48741 19494
48742 19497
48743 19498
48744 19501
48745 19498
48746 19496
48747 19499
48748 19500
48749 19503
48750 19500
48751 19498
48752 19501
48753 19502
48754 19505
48755 19502
48756 19500
48757 19503
48758 19504
48759 19507
48760 19504
48761 19502
48762 19505
48763 19506
48764 19509
48765 19506
48766 19504
48767 19507
48768 19508
48769 19511
48770 19508
48771 19506
48772 19509
48773 19510
48774 19513
48775 19510
48776 19508
48777 19511
48778 19512
48779 19515
48780 19512
48781 19510
48782 19513
48783 19514
48784 19517
48785 19514
48786 19512
48787 19515
48788 19516
48789 19519
48790 19516
48791 19514
48792 19517
48793 19518
48794 19521
48795 19518
48796 19516
48797 19519
48798 19520
48799 19523
48800 19520
48801 19518
48802 19521
48803 19522
48804 19525
48805 19522
48806 19520
48807 19523
48808 19524
48809 19527
48810 19524
48811 19522
48812 19525
48813 19526
48814 19529
48815 19526
48816 19524
48817 19527
48818 19528
48819 19531
48820 19528
48821 19526
48822 19529
48823 19530
48824 19533
48825 19530
48826 19528
48827 19531
48828 19532
48829 19535
48830 19532
48831 19530
48832 19533
48833 19534
48834 19537
48835 19534
48836 19532
48837 19535
48838 19536
48839 19539
48840 19536
48841 19534
48842 19537
48843 19538
48844 19541
48845 19538
48846 19536
48847 19539
48848 19540
48849 19543
48850 19540
48851 19538
48852 19541
48853 19542
48854 19545
48855 19542
48856 19540
48857 19543
48858 19544
48859 19547
48860 19544
48861 19542
48862 19545
48863 19546
48864 19549
48865 19546
48866 19544
48867 19547
48868 19548
48869 19551
48870 19548
48871 19546
48872 19549
48873 19550
48874 19553
48875 19550
48876 19548
48877 19551
48878 19552
48879 19555
48880 19552
48881 19550
48882 19553
48883 19554
48884 19557
48885 19554
48886 19552
48887 19555
48888 19556
48889 19559
48890 19556
48891 19554
48892 19557
48893 19558
48894 19561
48895 19558
48896 19556
48897 19559
48898 19560
48899 19563
48900 19560
48901 19558
48902 19561
48903 19562
48904 19565
48905 19562
48906 19560
48907 19563
48908 19564
48909 19567
48910 19564
48911 19562
48912 19565
48913 19566
48914 19569
48915 19566
48916 19564
48917 19567
48918 19568
48919 19571
48920 19568
48921 19566
48922 19569
48923 19570
48924 19573
48925 19570
48926 19568
48927 19571
48928 19572
48929 19575
48930 19572
48931 19570
48932 19573
48933 19574
48934 19577
48935 19574
48936 19572
48937 19575
48938 19576
48939 19579
48940 19576
48941 19574
48942 19577
48943 19578
48944 19581
48945 19578
48946 19576
48947 19579
48948 19580
48949 19583
48950 19580
48951 19578
48952 19581
48953 19582
48954 19585
48955 19582
48956 19580
48957 19583
48958 19584
48959 19587
48960 19584
48961 19582
48962 19585
48963 19586
48964 19589
48965 19586
48966 19584
48967 19587
48968 19588
48969 19591
48970 19588
48971 19586
48972 19589
48973 19590
48974 19593
48975 19590
48976 19588
48977 19591
48978 19592
48979 19595
48980 19592
48981 19590
48982 19593
48983 19594
48984 19597
48985 19594
48986 19592
48987 19595
48988 19596
48989 19599
48990 19596
48991 19594
48992 19597
48993 19598
48994 19601
48995 19598
48996 19596
48997 19599
48998 19600
48999 19603
49000 19600
49001 19598
49002 19601
49003 19602
49004 19605
49005 19602
49006 19600
49007 19603
49008 19604
49009 19607
49010 19604
49011 19602
49012 19605
49013 19606
49014 19609
49015 19606
49016 19604
49017 19607
49018 19608
49019 19611
49020 19608
49021 19606
49022 19609
49023 19610
49024 19613
49025 19610
49026 19608
49027 19611
49028 19612
49029 19615
49030 19612
49031 19610
49032 19613
49033 19614
49034 19617
49035 19614
49036 19612
49037 19615
49038 19616
49039 19619
49040 19616
49041 19614
49042 19617
49043 19618
49044 19621
49045 19618
49046 19616
49047 19619
49048 19620
49049 19623
49050 19620
49051 19618
49052 19621
49053 19622
49054 19625
49055 19622
49056 19620
49057 19623
49058 19624
49059 19627
49060 19624
49061 19622
49062 19625
49063 19626
49064 19629
49065 19626
49066 19624
49067 19627
49068 19628
49069 19631
49070 19628
49071 19626
49072 19629
49073 19630
49074 19633
49075 19630
49076 19628
49077 19631
49078 19632
49079 19635
49080 19632
49081 19630
49082 19633
49083 19634
49084 19637
49085 19634
49086 19632
49087 19635
49088 19636
49089 19639
49090 19636
49091 19634
49092 19637
49093 19638
49094 19641
49095 19638
49096 19636
49097 19639
49098 19640
49099 19643
49100 19640
49101 19638
49102 19641
49103 19642
49104 19645
49105 19642
49106 19640
49107 19643
49108 19644
49109 19647
49110 19644
49111 19642
49112 19645
49113 19646
49114 19649
49115 19646
49116 19644
49117 19647
49118 19648
49119 19651
49120 19648
49121 19646
49122 19649
49123 19650
49124 19653
49125 19650
49126 19648
49127 19651
49128 19652
49129 19655
49130 19652
49131 19650
49132 19653
49133 19654
49134 19657
49135 19654
49136 19652
49137 19655
49138 19656
49139 19659
49140 19656
49141 19654
49142 19657
49143 19658
49144 19661
49145 19658
49146 19656
49147 19659
49148 19660
49149 19663
49150 19660
49151 19658
49152 19661
49153 19662
49154 19665
49155 19662
49156 19660
49157 19663
49158 19664
49159 19667
49160 19664
49161 19662
49162 19665
49163 19666
49164 19669
49165 19666
49166 19664
49167 19667
49168 19668
49169 19671
49170 19668
49171 19666
49172 19669
49173 19670
49174 19673
49175 19670
49176 19668
49177 19671
49178 19672
49179 19675
49180 19672
49181 19670
49182 19673
49183 19674
49184 19677
49185 19674
49186 19672
49187 19675
49188 19676
49189 19679
49190 19676
49191 19674
49192 19677
49193 19678
49194 19681
49195 19678
49196 19676
49197 19679
49198 19680
49199 19683
49200 19680
49201 19678
49202 19681
49203 19682
49204 19685
49205 19682
49206 19680
49207 19683
49208 19684
49209 19687
49210 19684
49211 19682
49212 19685
49213 19686
49214 19689
49215 19686
49216 19684
49217 19687
49218 19688
49219 19691
49220 19688
49221 19686
49222 19689
49223 19690
49224 19693
49225 19690
49226 19688
49227 19691
49228 19692
49229 19695
49230 19692
49231 19690
49232 19693
49233 19694
49234 19697
49235 19694
49236 19692
49237 19695
49238 19696
49239 19699
49240 19696
49241 19694
49242 19697
49243 19698
49244 19701
49245 19698
49246 19696
49247 19699
49248 19700
49249 19703
49250 19700
49251 19698
49252 19701
49253 19702
49254 19705
49255 19702
49256 19700
49257 19703
49258 19704
49259 19707
49260 19704
49261 19702
49262 19705
49263 19706
49264 19709
49265 19706
49266 19704
49267 19707
49268 19708
49269 19711
49270 19708
49271 19706
49272 19709
49273 19710
49274 19713
49275 19710
49276 19708
49277 19711
49278 19712
49279 19715
49280 19712
49281 19710
49282 19713
49283 19714
49284 19717
49285 19714
49286 19712
49287 19715
49288 19716
49289 19719
49290 19716
49291 19714
49292 19717
49293 19718
49294 19721
49295 19718
49296 19716
49297 19719
49298 19720
49299 19723
49300 19720
49301 19718
49302 19721
49303 19722
49304 19725
49305 19722
49306 19720
49307 19723
49308 19724
49309 19727
49310 19724
49311 19722
49312 19725
49313 19726
49314 19729
49315 19726
49316 19724
49317 19727
49318 19728
49319 19731
49320 19728
49321 19726
49322 19729
49323 19730
49324 19733
49325 19730
49326 19728
49327 19731
49328 19732
49329 19735
49330 19732
49331 19730
49332 19733
49333 19734
49334 19737
49335 19734
49336 19732
49337 19735
49338 19736
49339 19739
49340 19736
49341 19734
49342 19737
49343 19738
49344 19741
49345 19738
49346 19736
49347 19739
49348 19740
49349 19743
49350 19740
49351 19738
49352 19741
49353 19742
49354 19745
49355 19742
49356 19740
49357 19743
49358 19744
49359 19747
49360 19744
49361 19742
49362 19745
49363 19746
49364 19749
49365 19746
49366 19744
49367 19747
49368 19748
49369 19751
49370 19748
49371 19746
49372 19749
49373 19750
49374 19753
49375 19750
49376 19748
49377 19751
49378 19752
49379 19755
49380 19752
49381 19750
49382 19753
49383 19754
49384 19757
49385 19754
49386 19752
49387 19755
49388 19756
49389 19759
49390 19756
49391 19754
49392 19757
49393 19758
49394 19761
49395 19758
49396 19756
49397 19759
49398 19760
49399 19763
49400 19760
49401 19758
49402 19761
49403 19762
49404 19765
49405 19762
49406 19760
49407 19763
49408 19764
49409 19767
49410 19764
49411 19762
49412 19765
49413 19766
49414 19769
49415 19766
49416 19764
49417 19767
49418 19768
49419 19771
49420 19768
49421 19766
49422 19769
49423 19770
49424 19773
49425 19770
49426 19768
49427 19771
49428 19772
49429 19775
49430 19772
49431 19770
49432 19773
49433 19774
49434 19777
49435 19774
49436 19772
49437 19775
49438 19776
49439 19779
49440 19776
49441 19774
49442 19777
49443 19778
49444 19781
49445 19778
49446 19776
49447 19779
49448 19780
49449 19783
49450 19780
49451 19778
49452 19781
49453 19782
49454 19785
49455 19782
49456 19780
49457 19783
49458 19784
49459 19787
49460 19784
49461 19782
49462 19785
49463 19786
49464 19789
49465 19786
49466 19784
49467 19787
49468 19788
49469 19791
49470 19788
49471 19786
49472 19789
49473 19790
49474 19793
49475 19790
49476 19788
49477 19791
49478 19792
49479 19795
49480 19792
49481 19790
49482 19793
49483 19794
49484 19797
49485 19794
49486 19792
49487 19795
49488 19796
49489 19799
49490 19796
49491 19794
49492 19797
49493 19798
49494 19801
49495 19798
49496 19796
49497 19799
49498 19800
49499 19803
49500 19800
49501 19798
49502 19801
49503 19802
49504 19805
49505 19802
49506 19800
49507 19803
49508 19804
49509 19807
49510 19804
49511 19802
49512 19805
49513 19806
49514 19809
49515 19806
49516 19804
49517 19807
49518 19808
49519 19811
49520 19808
49521 19806
49522 19809
49523 19810
49524 19813
49525 19810
49526 19808
49527 19811
49528 19812
49529 19815
49530 19812
49531 19810
49532 19813
49533 19814
49534 19817
49535 19814
49536 19812
49537 19815
49538 19816
49539 19819
49540 19816
49541 19814
49542 19817
49543 19818
49544 19821
49545 19818
49546 19816
49547 19819
49548 19820
49549 19823
49550 19820
49551 19818
49552 19821
49553 19822
49554 19825
49555 19822
49556 19820
49557 19823
49558 19824
49559 19827
49560 19824
49561 19822
49562 19825
49563 19826
49564 19829
49565 19826
49566 19824
49567 19827
49568 19828
49569 19831
49570 19828
49571 19826
49572 19829
49573 19830
49574 19833
49575 19830
49576 19828
49577 19831
49578 19832
49579 19835
49580 19832
49581 19830
49582 19833
49583 19834
49584 19837
49585 19834
49586 19832
49587 19835
49588 19836
49589 19839
49590 19836
49591 19834
49592 19837
49593 19838
49594 19841
49595 19838
49596 19836
49597 19839
49598 19840
49599 19843
49600 19840
49601 19838
49602 19841
49603 19842
49604 19845
49605 19842
49606 19840
49607 19843
49608 19844
49609 19847
49610 19844
49611 19842
49612 19845
49613 19846
49614 19849
49615 19846
49616 19844
49617 19847
49618 19848
49619 19851
49620 19848
49621 19846
49622 19849
49623 19850
49624 19853
49625 19850
49626 19848
49627 19851
49628 19852
49629 19855
49630 19852
49631 19850
49632 19853
49633 19854
49634 19857
49635 19854
49636 19852
49637 19855
49638 19856
49639 19859
49640 19856
49641 19854
49642 19857
49643 19858
49644 19861
49645 19858
49646 19856
49647 19859
49648 19860
49649 19863
49650 19860
49651 19858
49652 19861
49653 19862
49654 19865
49655 19862
49656 19860
49657 19863
49658 19864
49659 19867
49660 19864
49661 19862
49662 19865
49663 19866
49664 19869
49665 19866
49666 19864
49667 19867
49668 19868
49669 19871
49670 19868
49671 19866
49672 19869
49673 19870
49674 19873
49675 19870
49676 19868
49677 19871
49678 19872
49679 19875
49680 19872
49681 19870
49682 19873
49683 19874
49684 19877
49685 19874
49686 19872
49687 19875
49688 19876
49689 19879
49690 19876
49691 19874
49692 19877
49693 19878
49694 19881
49695 19878
49696 19876
49697 19879
49698 19880
49699 19883
49700 19880
49701 19878
49702 19881
49703 19882
49704 19885
49705 19882
49706 19880
49707 19883
49708 19884
49709 19887
49710 19884
49711 19882
49712 19885
49713 19886
49714 19889
49715 19886
49716 19884
49717 19887
49718 19888
49719 19891
49720 19888
49721 19886
49722 19889
49723 19890
49724 19893
49725 19890
49726 19888
49727 19891
49728 19892
49729 19895
49730 19892
49731 19890
49732 19893
49733 19894
49734 19897
49735 19894
49736 19892
49737 19895
49738 19896
49739 19899
49740 19896
49741 19894
49742 19897
49743 19898
49744 19901
49745 19898
49746 19896
49747 19899
49748 19900
49749 19903
49750 19900
49751 19898
49752 19901
49753 19902
49754 19905
49755 19902
49756 19900
49757 19903
49758 19904
49759 19907
49760 19904
49761 19902
49762 19905
49763 19906
49764 19909
49765 19906
49766 19904
49767 19907
49768 19908
49769 19911
49770 19908
49771 19906
49772 19909
49773 19910
49774 19913
49775 19910
49776 19908
49777 19911
49778 19912
49779 19915
49780 19912
49781 19910
49782 19913
49783 19914
49784 19917
49785 19914
49786 19912
49787 19915
49788 19916
49789 19919
49790 19916
49791 19914
49792 19917
49793 19918
49794 19921
49795 19918
49796 19916
49797 19919
49798 19920
49799 19923
49800 19920
49801 19918
49802 19921
49803 19922
49804 19925
49805 19922
49806 19920
49807 19923
49808 19924
49809 19927
49810 19924
49811 19922
49812 19925
49813 19926
49814 19929
49815 19926
49816 19924
49817 19927
49818 19928
49819 19931
49820 19928
49821 19926
49822 19929
49823 19930
49824 19933
49825 19930
49826 19928
49827 19931
49828 19932
49829 19935
49830 19932
49831 19930
49832 19933
49833 19934
49834 19937
49835 19934
49836 19932
49837 19935
49838 19936
49839 19939
49840 19936
49841 19934
49842 19937
49843 19938
49844 19941
49845 19938
49846 19936
49847 19939
49848 19940
49849 19943
49850 19940
49851 19938
49852 19941
49853 19942
49854 19945
49855 19942
49856 19940
49857 19943
49858 19944
49859 19947
49860 19944
49861 19942
49862 19945
49863 19946
49864 19949
49865 19946
49866 19944
49867 19947
49868 19948
49869 19951
49870 19948
49871 19946
49872 19949
49873 19950
49874 19953
49875 19950
49876 19948
49877 19951
49878 19952
49879 19955
49880 19952
49881 19950
49882 19953
49883 19954
49884 19957
49885 19954
49886 19952
49887 19955
49888 19956
49889 19959
49890 19956
49891 19954
49892 19957
49893 19958
49894 19961
49895 19958
49896 19956
49897 19959
49898 19960
49899 19963
49900 19960
49901 19958
49902 19961
49903 19962
49904 19965
49905 19962
49906 19960
49907 19963
49908 19964
49909 19967
49910 19964
49911 19962
49912 19965
49913 19966
49914 19969
49915 19966
49916 19964
49917 19967
49918 19968
49919 19971
49920 19968
49921 19966
49922 19969
49923 19970
49924 19973
49925 19970
49926 19968
49927 19971
49928 19972
49929 19975
49930 19972
49931 19970
49932 19973
49933 19974
49934 19977
49935 19974
49936 19972
49937 19975
49938 19976
49939 19979
49940 19976
49941 19974
49942 19977
49943 19978
49944 19981
49945 19978
49946 19976
49947 19979
49948 19980
49949 19983
49950 19980
49951 19978
49952 19981
49953 19982
49954 19985
49955 19982
49956 19980
49957 19983
49958 19984
49959 19987
49960 19984
49961 19982
49962 19985
49963 19986
49964 19989
49965 19986
49966 19984
49967 19987
49968 19988
49969 19991
49970 19988
49971 19986
49972 19989
49973 19990
49974 19993
49975 19990
49976 19988
49977 19991
49978 19992
49979 19995
49980 19992
49981 19990
49982 19993
49983 19994
49984 19997
49985 19994
49986 19992
49987 19995
49988 19996
49989 19999
49990 19996
49991 19994
49992 19997
49993 19998
49994 20001
49995 19998
49996 19996
49997 19999
49998 20000
49999 20003
Negative cycle: none
Execution time: 392904 ms
