Algorithm: Floyd-Warshall
Distance matrix:
0 -2 1 2 5 2 0 3 4 7 4 2 5 6 9 6 4 7 8 11 8 6 9 10 13 10 8 11 12 15 12 10 13 14 17 14 12 15 16 19 16 14 17 18 21 18 16 19 20 23 20 18 21 22 25 22 20 23 24 27 24 22 25 26 29 26 24 27 28 31 28 26 29 30 33 30 28 31 32 35 32 30 33 34 37 34 32 35 36 39 36 34 37 38 41 38 36 39 40 43 40 38 41 42 45 42 40 43 44 47 44 42 45 46 49 46 44 47 48 51 48 46 49 50 53 50 48 51 52 55 52 50 53 54 57 54 52 55 56 59 56 54 57 58 61 58 56 59 60 63 60 58 61 62 65 62 60 63 64 67 64 62 65 66 69 66 64 67 68 71 68 66 69 70 73 70 68 71 72 75 72 70 73 74 77 74 72 75 76 79 76 74 77 78 81 78 76 79 80 83 80 78 81 82 85 82 80 83 84 87 84 82 85 86 89 86 84 87 88 91 88 86 89 90 93 90 88 91 92 95 92 90 93 94 97 94 92 95 96 99 96 94 97 98 101 98 96 99 100 103 100 98 101 102 105 102 100 103 104 107 104 102 105 106 109 106 104 107 108 111 108 106 109 110 113 110 108 111 112 115 112 110 113 114 117 114 112 115 116 119 116 114 117 118 121 118 116 119 120 123 120 118 121 122 125 122 120 123 124 127 124 122 125 126 129 126 124 127 128 131 128 126 129 130 133 130 128 131 132 135 132 130 133 134 137 134 132 135 136 139 136 134 137 138 141 138 136 139 140 143 140 138 141 142 145 142 140 143 144 147 144 142 145 146 149 146 144 147 148 151 148 146 149 150 153 150 148 151 152 155 152 150 153 154 157 154 152 155 156 159 156 154 157 158 161 158 156 159 160 163 160 158 161 162 165 162 160 163 164 167 164 162 165 166 169 166 164 167 168 171 168 166 169 170 173 170 168 171 172 175 172 170 173 174 177 174 172 175 176 179 176 174 177 178 181 178 176 179 180 183 180 178 181 182 185 182 180 183 184 187 184 182 185 186 189 186 184 187 188 191 188 186 189 190 193 190 188 191 192 195 192 190 193 194 197 194 192 195 196 199 196 194 197 198 201 198 196 199 200 203
INF 0 3 4 7 8 2 5 6 9 10 4 7 8 11 12 6 9 10 13 14 8 11 12 15 16 10 13 14 17 18 12 15 16 19 20 14 17 18 21 22 16 19 20 23 24 18 21 22 25 26 20 23 24 27 28 22 25 26 29 30 24 27 28 31 32 26 29 30 33 34 28 31 32 35 36 30 33 34 37 38 32 35 36 39 40 34 37 38 41 42 36 39 40 43 44 38 41 42 45 46 40 43 44 47 48 42 45 46 49 50 44 47 48 51 52 46 49 50 53 54 48 51 52 55 56 50 53 54 57 58 52 55 56 59 60 54 57 58 61 62 56 59 60 63 64 58 61 62 65 66 60 63 64 67 68 62 65 66 69 70 64 67 68 71 72 66 69 70 73 74 68 71 72 75 76 70 73 74 77 78 72 75 76 79 80 74 77 78 81 82 76 79 80 83 84 78 81 82 85 86 80 83 84 87 88 82 85 86 89 90 84 87 88 91 92 86 89 90 93 94 88 91 92 95 96 90 93 94 97 98 92 95 96 99 100 94 97 98 101 102 96 99 100 103 104 98 101 102 105 106 100 103 104 107 108 102 105 106 109 110 104 107 108 111 112 106 109 110 113 114 108 111 112 115 116 110 113 114 117 118 112 115 116 119 120 114 117 118 121 122 116 119 120 123 124 118 121 122 125 126 120 123 124 127 128 122 125 126 129 130 124 127 128 131 132 126 129 130 133 134 128 131 132 135 136 130 133 134 137 138 132 135 136 139 140 134 137 138 141 142 136 139 140 143 144 138 141 142 145 146 140 143 144 147 148 142 145 146 149 150 144 147 148 151 152 146 149 150 153 154 148 151 152 155 156 150 153 154 157 158 152 155 156 159 160 154 157 158 161 162 156 159 160 163 164 158 161 162 165 166 160 163 164 167 168 162 165 166 169 170 164 167 168 171 172 166 169 170 173 174 168 171 172 175 176 170 173 174 177 178 172 175 176 179 180 174 177 178 181 182 176 179 180 183 184 178 181 182 185 186 180 183 184 187 188 182 185 186 189 190 184 187 188 191 192 186 189 190 193 194 188 191 192 195 196 190 193 194 197 198 192 195 196 199 200 194 197 198 201 202 196 199 200 203 204 198 201 202 205
INF INF 0 3 4 7 5 2 5 6 9 7 4 7 8 11 9 6 9 10 13 11 8 11 12 15 13 10 13 14 17 15 12 15 16 19 17 14 17 18 21 19 16 19 20 23 21 18 21 22 25 23 20 23 24 27 25 22 25 26 29 27 24 27 28 31 29 26 29 30 33 31 28 31 32 35 33 30 33 34 37 35 32 35 36 39 37 34 37 38 41 39 36 39 40 43 41 38 41 42 45 43 40 43 44 47 45 42 45 46 49 47 44 47 48 51 49 46 49 50 53 51 48 51 52 55 53 50 53 54 57 55 52 55 56 59 57 54 57 58 61 59 56 59 60 63 61 58 61 62 65 63 60 63 64 67 65 62 65 66 69 67 64 67 68 71 69 66 69 70 73 71 68 71 72 75 73 70 73 74 77 75 72 75 76 79 77 74 77 78 81 79 76 79 80 83 81 78 81 82 85 83 80 83 84 87 85 82 85 86 89 87 84 87 88 91 89 86 89 90 93 91 88 91 92 95 93 90 93 94 97 95 92 95 96 99 97 94 97 98 101 99 96 99 100 103 101 98 101 102 105 103 100 103 104 107 105 102 105 106 109 107 104 107 108 111 109 106 109 110 113 111 108 111 112 115 113 110 113 114 117 115 112 115 116 119 117 114 117 118 121 119 116 119 120 123 121 118 121 122 125 123 120 123 124 127 125 122 125 126 129 127 124 127 128 131 129 126 129 130 133 131 128 131 132 135 133 130 133 134 137 135 132 135 136 139 137 134 137 138 141 139 136 139 140 143 141 138 141 142 145 143 140 143 144 147 145 142 145 146 149 147 144 147 148 151 149 146 149 150 153 151 148 151 152 155 153 150 153 154 157 155 152 155 156 159 157 154 157 158 161 159 156 159 160 163 161 158 161 162 165 163 160 163 164 167 165 162 165 166 169 167 164 167 168 171 169 166 169 170 173 171 168 171 172 175 173 170 173 174 177 175 172 175 176 179 177 174 177 178 181 179 176 179 180 183 181 178 181 182 185 183 180 183 184 187 185 182 185 186 189 187 184 187 188 191 189 186 189 190 193 191 188 191 192 195 193 190 193 194 197 195 192 195 196 199 197 194 197 198 201 199 196 199 200 203 201 198 201 202
INF INF INF 0 3 4 2 5 2 5 6 4 7 4 7 8 6 9 6 9 10 8 11 8 11 12 10 13 10 13 14 12 15 12 15 16 14 17 14 17 18 16 19 16 19 20 18 21 18 21 22 20 23 20 23 24 22 25 22 25 26 24 27 24 27 28 26 29 26 29 30 28 31 28 31 32 30 33 30 33 34 32 35 32 35 36 34 37 34 37 38 36 39 36 39 40 38 41 38 41 42 40 43 40 43 44 42 45 42 45 46 44 47 44 47 48 46 49 46 49 50 48 51 48 51 52 50 53 50 53 54 52 55 52 55 56 54 57 54 57 58 56 59 56 59 60 58 61 58 61 62 60 63 60 63 64 62 65 62 65 66 64 67 64 67 68 66 69 66 69 70 68 71 68 71 72 70 73 70 73 74 72 75 72 75 76 74 77 74 77 78 76 79 76 79 80 78 81 78 81 82 80 83 80 83 84 82 85 82 85 86 84 87 84 87 88 86 89 86 89 90 88 91 88 91 92 90 93 90 93 94 92 95 92 95 96 94 97 94 97 98 96 99 96 99 100 98 101 98 101 102 100 103 100 103 104 102 105 102 105 106 104 107 104 107 108 106 109 106 109 110 108 111 108 111 112 110 113 110 113 114 112 115 112 115 116 114 117 114 117 118 116 119 116 119 120 118 121 118 121 122 120 123 120 123 124 122 125 122 125 126 124 127 124 127 128 126 129 126 129 130 128 131 128 131 132 130 133 130 133 134 132 135 132 135 136 134 137 134 137 138 136 139 136 139 140 138 141 138 141 142 140 143 140 143 144 142 145 142 145 146 144 147 144 147 148 146 149 146 149 150 148 151 148 151 152 150 153 150 153 154 152 155 152 155 156 154 157 154 157 158 156 159 156 159 160 158 161 158 161 162 160 163 160 163 164 162 165 162 165 166 164 167 164 167 168 166 169 166 169 170 168 171 168 171 172 170 173 170 173 174 172 175 172 175 176 174 177 174 177 178 176 179 176 179 180 178 181 178 181 182 180 183 180 183 184 182 185 182 185 186 184 187 184 187 188 186 189 186 189 190 188 191 188 191 192 190 193 190 193 194 192 195 192 195 196 194 197 194 197 198 196 199 196 199 200 198 201 198 201
INF INF INF INF 0 3 1 4 5 2 5 3 6 7 4 7 5 8 9 6 9 7 10 11 8 11 9 12 13 10 13 11 14 15 12 15 13 16 17 14 17 15 18 19 16 19 17 20 21 18 21 19 22 23 20 23 21 24 25 22 25 23 26 27 24 27 25 28 29 26 29 27 30 31 28 31 29 32 33 30 33 31 34 35 32 35 33 36 37 34 37 35 38 39 36 39 37 40 41 38 41 39 42 43 40 43 41 44 45 42 45 43 46 47 44 47 45 48 49 46 49 47 50 51 48 51 49 52 53 50 53 51 54 55 52 55 53 56 57 54 57 55 58 59 56 59 57 60 61 58 61 59 62 63 60 63 61 64 65 62 65 63 66 67 64 67 65 68 69 66 69 67 70 71 68 71 69 72 73 70 73 71 74 75 72 75 73 76 77 74 77 75 78 79 76 79 77 80 81 78 81 79 82 83 80 83 81 84 85 82 85 83 86 87 84 87 85 88 89 86 89 87 90 91 88 91 89 92 93 90 93 91 94 95 92 95 93 96 97 94 97 95 98 99 96 99 97 100 101 98 101 99 102 103 100 103 101 104 105 102 105 103 106 107 104 107 105 108 109 106 109 107 110 111 108 111 109 112 113 110 113 111 114 115 112 115 113 116 117 114 117 115 118 119 116 119 117 120 121 118 121 119 122 123 120 123 121 124 125 122 125 123 126 127 124 127 125 128 129 126 129 127 130 131 128 131 129 132 133 130 133 131 134 135 132 135 133 136 137 134 137 135 138 139 136 139 137 140 141 138 141 139 142 143 140 143 141 144 145 142 145 143 146 147 144 147 145 148 149 146 149 147 150 151 148 151 149 152 153 150 153 151 154 155 152 155 153 156 157 154 157 155 158 159 156 159 157 160 161 158 161 159 162 163 160 163 161 164 165 162 165 163 166 167 164 167 165 168 169 166 169 167 170 171 168 171 169 172 173 170 173 171 174 175 172 175 173 176 177 174 177 175 178 179 176 179 177 180 181 178 181 179 182 183 180 183 181 184 185 182 185 183 186 187 184 187 185 188 189 186 189 187 190 191 188 191 189 192 193 190 193 191 194 195 192 195 193 196 197 194 197 195 198 199 196 199 197 200 201 198
INF INF INF INF INF 0 -2 1 2 5 2 0 3 4 7 4 2 5 6 9 6 4 7 8 11 8 6 9 10 13 10 8 11 12 15 12 10 13 14 17 14 12 15 16 19 16 14 17 18 21 18 16 19 20 23 20 18 21 22 25 22 20 23 24 27 24 22 25 26 29 26 24 27 28 31 28 26 29 30 33 30 28 31 32 35 32 30 33 34 37 34 32 35 36 39 36 34 37 38 41 38 36 39 40 43 40 38 41 42 45 42 40 43 44 47 44 42 45 46 49 46 44 47 48 51 48 46 49 50 53 50 48 51 52 55 52 50 53 54 57 54 52 55 56 59 56 54 57 58 61 58 56 59 60 63 60 58 61 62 65 62 60 63 64 67 64 62 65 66 69 66 64 67 68 71 68 66 69 70 73 70 68 71 72 75 72 70 73 74 77 74 72 75 76 79 76 74 77 78 81 78 76 79 80 83 80 78 81 82 85 82 80 83 84 87 84 82 85 86 89 86 84 87 88 91 88 86 89 90 93 90 88 91 92 95 92 90 93 94 97 94 92 95 96 99 96 94 97 98 101 98 96 99 100 103 100 98 101 102 105 102 100 103 104 107 104 102 105 106 109 106 104 107 108 111 108 106 109 110 113 110 108 111 112 115 112 110 113 114 117 114 112 115 116 119 116 114 117 118 121 118 116 119 120 123 120 118 121 122 125 122 120 123 124 127 124 122 125 126 129 126 124 127 128 131 128 126 129 130 133 130 128 131 132 135 132 130 133 134 137 134 132 135 136 139 136 134 137 138 141 138 136 139 140 143 140 138 141 142 145 142 140 143 144 147 144 142 145 146 149 146 144 147 148 151 148 146 149 150 153 150 148 151 152 155 152 150 153 154 157 154 152 155 156 159 156 154 157 158 161 158 156 159 160 163 160 158 161 162 165 162 160 163 164 167 164 162 165 166 169 166 164 167 168 171 168 166 169 170 173 170 168 171 172 175 172 170 173 174 177 174 172 175 176 179 176 174 177 178 181 178 176 179 180 183 180 178 181 182 185 182 180 183 184 187 184 182 185 186 189 186 184 187 188 191 188 186 189 190 193 190 188 191 192 195 192 190 193 194 197 194 192 195 196 199 196 194 197 198 201
INF INF INF INF INF INF 0 3 4 7 8 2 5 6 9 10 4 7 8 11 12 6 9 10 13 14 8 11 12 15 16 10 13 14 17 18 12 15 16 19 20 14 17 18 21 22 16 19 20 23 24 18 21 22 25 26 20 23 24 27 28 22 25 26 29 30 24 27 28 31 32 26 29 30 33 34 28 31 32 35 36 30 33 34 37 38 32 35 36 39 40 34 37 38 41 42 36 39 40 43 44 38 41 42 45 46 40 43 44 47 48 42 45 46 49 50 44 47 48 51 52 46 49 50 53 54 48 51 52 55 56 50 53 54 57 58 52 55 56 59 60 54 57 58 61 62 56 59 60 63 64 58 61 62 65 66 60 63 64 67 68 62 65 66 69 70 64 67 68 71 72 66 69 70 73 74 68 71 72 75 76 70 73 74 77 78 72 75 76 79 80 74 77 78 81 82 76 79 80 83 84 78 81 82 85 86 80 83 84 87 88 82 85 86 89 90 84 87 88 91 92 86 89 90 93 94 88 91 92 95 96 90 93 94 97 98 92 95 96 99 100 94 97 98 101 102 96 99 100 103 104 98 101 102 105 106 100 103 104 107 108 102 105 106 109 110 104 107 108 111 112 106 109 110 113 114 108 111 112 115 116 110 113 114 117 118 112 115 116 119 120 114 117 118 121 122 116 119 120 123 124 118 121 122 125 126 120 123 124 127 128 122 125 126 129 130 124 127 128 131 132 126 129 130 133 134 128 131 132 135 136 130 133 134 137 138 132 135 136 139 140 134 137 138 141 142 136 139 140 143 144 138 141 142 145 146 140 143 144 147 148 142 145 146 149 150 144 147 148 151 152 146 149 150 153 154 148 151 152 155 156 150 153 154 157 158 152 155 156 159 160 154 157 158 161 162 156 159 160 163 164 158 161 162 165 166 160 163 164 167 168 162 165 166 169 170 164 167 168 171 172 166 169 170 173 174 168 171 172 175 176 170 173 174 177 178 172 175 176 179 180 174 177 178 181 182 176 179 180 183 184 178 181 182 185 186 180 183 184 187 188 182 185 186 189 190 184 187 188 191 192 186 189 190 193 194 188 191 192 195 196 190 193 194 197 198 192 195 196 199 200 194 197 198 201 202 196 199 200 203
INF INF INF INF INF INF INF 0 3 4 7 5 2 5 6 9 7 4 7 8 11 9 6 9 10 13 11 8 11 12 15 13 10 13 14 17 15 12 15 16 19 17 14 17 18 21 19 16 19 20 23 21 18 21 22 25 23 20 23 24 27 25 22 25 26 29 27 24 27 28 31 29 26 29 30 33 31 28 31 32 35 33 30 33 34 37 35 32 35 36 39 37 34 37 38 41 39 36 39 40 43 41 38 41 42 45 43 40 43 44 47 45 42 45 46 49 47 44 47 48 51 49 46 49 50 53 51 48 51 52 55 53 50 53 54 57 55 52 55 56 59 57 54 57 58 61 59 56 59 60 63 61 58 61 62 65 63 60 63 64 67 65 62 65 66 69 67 64 67 68 71 69 66 69 70 73 71 68 71 72 75 73 70 73 74 77 75 72 75 76 79 77 74 77 78 81 79 76 79 80 83 81 78 81 82 85 83 80 83 84 87 85 82 85 86 89 87 84 87 88 91 89 86 89 90 93 91 88 91 92 95 93 90 93 94 97 95 92 95 96 99 97 94 97 98 101 99 96 99 100 103 101 98 101 102 105 103 100 103 104 107 105 102 105 106 109 107 104 107 108 111 109 106 109 110 113 111 108 111 112 115 113 110 113 114 117 115 112 115 116 119 117 114 117 118 121 119 116 119 120 123 121 118 121 122 125 123 120 123 124 127 125 122 125 126 129 127 124 127 128 131 129 126 129 130 133 131 128 131 132 135 133 130 133 134 137 135 132 135 136 139 137 134 137 138 141 139 136 139 140 143 141 138 141 142 145 143 140 143 144 147 145 142 145 146 149 147 144 147 148 151 149 146 149 150 153 151 148 151 152 155 153 150 153 154 157 155 152 155 156 159 157 154 157 158 161 159 156 159 160 163 161 158 161 162 165 163 160 163 164 167 165 162 165 166 169 167 164 167 168 171 169 166 169 170 173 171 168 171 172 175 173 170 173 174 177 175 172 175 176 179 177 174 177 178 181 179 176 179 180 183 181 178 181 182 185 183 180 183 184 187 185 182 185 186 189 187 184 187 188 191 189 186 189 190 193 191 188 191 192 195 193 190 193 194 197 195 192 195 196 199 197 194 197 198 201 199 196 199 200
INF INF INF INF INF INF INF INF 0 3 4 2 5 2 5 6 4 7 4 7 8 6 9 6 9 10 8 11 8 11 12 10 13 10 13 14 12 15 12 15 16 14 17 14 17 18 16 19 16 19 20 18 21 18 21 22 20 23 20 23 24 22 25 22 25 26 24 27 24 27 28 26 29 26 29 30 28 31 28 31 32 30 33 30 33 34 32 35 32 35 36 34 37 34 37 38 36 39 36 39 40 38 41 38 41 42 40 43 40 43 44 42 45 42 45 46 44 47 44 47 48 46 49 46 49 50 48 51 48 51 52 50 53 50 53 54 52 55 52 55 56 54 57 54 57 58 56 59 56 59 60 58 61 58 61 62 60 63 60 63 64 62 65 62 65 66 64 67 64 67 68 66 69 66 69 70 68 71 68 71 72 70 73 70 73 74 72 75 72 75 76 74 77 74 77 78 76 79 76 79 80 78 81 78 81 82 80 83 80 83 84 82 85 82 85 86 84 87 84 87 88 86 89 86 89 90 88 91 88 91 92 90 93 90 93 94 92 95 92 95 96 94 97 94 97 98 96 99 96 99 100 98 101 98 101 102 100 103 100 103 104 102 105 102 105 106 104 107 104 107 108 106 109 106 109 110 108 111 108 111 112 110 113 110 113 114 112 115 112 115 116 114 117 114 117 118 116 119 116 119 120 118 121 118 121 122 120 123 120 123 124 122 125 122 125 126 124 127 124 127 128 126 129 126 129 130 128 131 128 131 132 130 133 130 133 134 132 135 132 135 136 134 137 134 137 138 136 139 136 139 140 138 141 138 141 142 140 143 140 143 144 142 145 142 145 146 144 147 144 147 148 146 149 146 149 150 148 151 148 151 152 150 153 150 153 154 152 155 152 155 156 154 157 154 157 158 156 159 156 159 160 158 161 158 161 162 160 163 160 163 164 162 165 162 165 166 164 167 164 167 168 166 169 166 169 170 168 171 168 171 172 170 173 170 173 174 172 175 172 175 176 174 177 174 177 178 176 179 176 179 180 178 181 178 181 182 180 183 180 183 184 182 185 182 185 186 184 187 184 187 188 186 189 186 189 190 188 191 188 191 192 190 193 190 193 194 192 195 192 195 196 194 197 194 197 198 196 199 196 199
INF INF INF INF INF INF INF INF INF 0 3 1 4 5 2 5 3 6 7 4 7 5 8 9 6 9 7 10 11 8 11 9 12 13 10 13 11 14 15 12 15 13 16 17 14 17 15 18 19 16 19 17 20 21 18 21 19 22 23 20 23 21 24 25 22 25 23 26 27 24 27 25 28 29 26 29 27 30 31 28 31 29 32 33 30 33 31 34 35 32 35 33 36 37 34 37 35 38 39 36 39 37 40 41 38 41 39 42 43 40 43 41 44 45 42 45 43 46 47 44 47 45 48 49 46 49 47 50 51 48 51 49 52 53 50 53 51 54 55 52 55 53 56 57 54 57 55 58 59 56 59 57 60 61 58 61 59 62 63 60 63 61 64 65 62 65 63 66 67 64 67 65 68 69 66 69 67 70 71 68 71 69 72 73 70 73 71 74 75 72 75 73 76 77 74 77 75 78 79 76 79 77 80 81 78 81 79 82 83 80 83 81 84 85 82 85 83 86 87 84 87 85 88 89 86 89 87 90 91 88 91 89 92 93 90 93 91 94 95 92 95 93 96 97 94 97 95 98 99 96 99 97 100 101 98 101 99 102 103 100 103 101 104 105 102 105 103 106 107 104 107 105 108 109 106 109 107 110 111 108 111 109 112 113 110 113 111 114 115 112 115 113 116 117 114 117 115 118 119 116 119 117 120 121 118 121 119 122 123 120 123 121 124 125 122 125 123 126 127 124 127 125 128 129 126 129 127 130 131 128 131 129 132 133 130 133 131 134 135 132 135 133 136 137 134 137 135 138 139 136 139 137 140 141 138 141 139 142 143 140 143 141 144 145 142 145 143 146 147 144 147 145 148 149 146 149 147 150 151 148 151 149 152 153 150 153 151 154 155 152 155 153 156 157 154 157 155 158 159 156 159 157 160 161 158 161 159 162 163 160 163 161 164 165 162 165 163 166 167 164 167 165 168 169 166 169 167 170 171 168 171 169 172 173 170 173 171 174 175 172 175 173 176 177 174 177 175 178 179 176 179 177 180 181 178 181 179 182 183 180 183 181 184 185 182 185 183 186 187 184 187 185 188 189 186 189 187 190 191 188 191 189 192 193 190 193 191 194 195 192 195 193 196 197 194 197 195 198 199 196
INF INF INF INF INF INF INF INF INF INF 0 -2 1 2 5 2 0 3 4 7 4 2 5 6 9 6 4 7 8 11 8 6 9 10 13 10 8 11 12 15 12 10 13 14 17 14 12 15 16 19 16 14 17 18 21 18 16 19 20 23 20 18 21 22 25 22 20 23 24 27 24 22 25 26 29 26 24 27 28 31 28 26 29 30 33 30 28 31 32 35 32 30 33 34 37 34 32 35 36 39 36 34 37 38 41 38 36 39 40 43 40 38 41 42 45 42 40 43 44 47 44 42 45 46 49 46 44 47 48 51 48 46 49 50 53 50 48 51 52 55 52 50 53 54 57 54 52 55 56 59 56 54 57 58 61 58 56 59 60 63 60 58 61 62 65 62 60 63 64 67 64 62 65 66 69 66 64 67 68 71 68 66 69 70 73 70 68 71 72 75 72 70 73 74 77 74 72 75 76 79 76 74 77 78 81 78 76 79 80 83 80 78 81 82 85 82 80 83 84 87 84 82 85 86 89 86 84 87 88 91 88 86 89 90 93 90 88 91 92 95 92 90 93 94 97 94 92 95 96 99 96 94 97 98 101 98 96 99 100 103 100 98 101 102 105 102 100 103 104 107 104 102 105 106 109 106 104 107 108 111 108 106 109 110 113 110 108 111 112 115 112 110 113 114 117 114 112 115 116 119 116 114 117 118 121 118 116 119 120 123 120 118 121 122 125 122 120 123 124 127 124 122 125 126 129 126 124 127 128 131 128 126 129 130 133 130 128 131 132 135 132 130 133 134 137 134 132 135 136 139 136 134 137 138 141 138 136 139 140 143 140 138 141 142 145 142 140 143 144 147 144 142 145 146 149 146 144 147 148 151 148 146 149 150 153 150 148 151 152 155 152 150 153 154 157 154 152 155 156 159 156 154 157 158 161 158 156 159 160 163 160 158 161 162 165 162 160 163 164 167 164 162 165 166 169 166 164 167 168 171 168 166 169 170 173 170 168 171 172 175 172 170 173 174 177 174 172 175 176 179 176 174 177 178 181 178 176 179 180 183 180 178 181 182 185 182 180 183 184 187 184 182 185 186 189 186 184 187 188 191 188 186 189 190 193 190 188 191 192 195 192 190 193 194 197 194 192 195 196 199
INF INF INF INF INF INF INF INF INF INF INF 0 3 4 7 8 2 5 6 9 10 4 7 8 11 12 6 9 10 13 14 8 11 12 15 16 10 13 14 17 18 12 15 16 19 20 14 17 18 21 22 16 19 20 23 24 18 21 22 25 26 20 23 24 27 28 22 25 26 29 30 24 27 28 31 32 26 29 30 33 34 28 31 32 35 36 30 33 34 37 38 32 35 36 39 40 34 37 38 41 42 36 39 40 43 44 38 41 42 45 46 40 43 44 47 48 42 45 46 49 50 44 47 48 51 52 46 49 50 53 54 48 51 52 55 56 50 53 54 57 58 52 55 56 59 60 54 57 58 61 62 56 59 60 63 64 58 61 62 65 66 60 63 64 67 68 62 65 66 69 70 64 67 68 71 72 66 69 70 73 74 68 71 72 75 76 70 73 74 77 78 72 75 76 79 80 74 77 78 81 82 76 79 80 83 84 78 81 82 85 86 80 83 84 87 88 82 85 86 89 90 84 87 88 91 92 86 89 90 93 94 88 91 92 95 96 90 93 94 97 98 92 95 96 99 100 94 97 98 101 102 96 99 100 103 104 98 101 102 105 106 100 103 104 107 108 102 105 106 109 110 104 107 108 111 112 106 109 110 113 114 108 111 112 115 116 110 113 114 117 118 112 115 116 119 120 114 117 118 121 122 116 119 120 123 124 118 121 122 125 126 120 123 124 127 128 122 125 126 129 130 124 127 128 131 132 126 129 130 133 134 128 131 132 135 136 130 133 134 137 138 132 135 136 139 140 134 137 138 141 142 136 139 140 143 144 138 141 142 145 146 140 143 144 147 148 142 145 146 149 150 144 147 148 151 152 146 149 150 153 154 148 151 152 155 156 150 153 154 157 158 152 155 156 159 160 154 157 158 161 162 156 159 160 163 164 158 161 162 165 166 160 163 164 167 168 162 165 166 169 170 164 167 168 171 172 166 169 170 173 174 168 171 172 175 176 170 173 174 177 178 172 175 176 179 180 174 177 178 181 182 176 179 180 183 184 178 181 182 185 186 180 183 184 187 188 182 185 186 189 190 184 187 188 191 192 186 189 190 193 194 188 191 192 195 196 190 193 194 197 198 192 195 196 199 200 194 197 198 201
INF INF INF INF INF INF INF INF INF INF INF INF 0 3 4 7 5 2 5 6 9 7 4 7 8 11 9 6 9 10 13 11 8 11 12 15 13 10 13 14 17 15 12 15 16 19 17 14 17 18 21 19 16 19 20 23 21 18 21 22 25 23 20 23 24 27 25 22 25 26 29 27 24 27 28 31 29 26 29 30 33 31 28 31 32 35 33 30 33 34 37 35 32 35 36 39 37 34 37 38 41 39 36 39 40 43 41 38 41 42 45 43 40 43 44 47 45 42 45 46 49 47 44 47 48 51 49 46 49 50 53 51 48 51 52 55 53 50 53 54 57 55 52 55 56 59 57 54 57 58 61 59 56 59 60 63 61 58 61 62 65 63 60 63 64 67 65 62 65 66 69 67 64 67 68 71 69 66 69 70 73 71 68 71 72 75 73 70 73 74 77 75 72 75 76 79 77 74 77 78 81 79 76 79 80 83 81 78 81 82 85 83 80 83 84 87 85 82 85 86 89 87 84 87 88 91 89 86 89 90 93 91 88 91 92 95 93 90 93 94 97 95 92 95 96 99 97 94 97 98 101 99 96 99 100 103 101 98 101 102 105 103 100 103 104 107 105 102 105 106 109 107 104 107 108 111 109 106 109 110 113 111 108 111 112 115 113 110 113 114 117 115 112 115 116 119 117 114 117 118 121 119 116 119 120 123 121 118 121 122 125 123 120 123 124 127 125 122 125 126 129 127 124 127 128 131 129 126 129 130 133 131 128 131 132 135 133 130 133 134 137 135 132 135 136 139 137 134 137 138 141 139 136 139 140 143 141 138 141 142 145 143 140 143 144 147 145 142 145 146 149 147 144 147 148 151 149 146 149 150 153 151 148 151 152 155 153 150 153 154 157 155 152 155 156 159 157 154 157 158 161 159 156 159 160 163 161 158 161 162 165 163 160 163 164 167 165 162 165 166 169 167 164 167 168 171 169 166 169 170 173 171 168 171 172 175 173 170 173 174 177 175 172 175 176 179 177 174 177 178 181 179 176 179 180 183 181 178 181 182 185 183 180 183 184 187 185 182 185 186 189 187 184 187 188 191 189 186 189 190 193 191 188 191 192 195 193 190 193 194 197 195 192 195 196 199 197 194 197 198
INF INF INF INF INF INF INF INF INF INF INF INF INF 0 3 4 2 5 2 5 6 4 7 4 7 8 6 9 6 9 10 8 11 8 11 12 10 13 10 13 14 12 15 12 15 16 14 17 14 17 18 16 19 16 19 20 18 21 18 21 22 20 23 20 23 24 22 25 22 25 26 24 27 24 27 28 26 29 26 29 30 28 31 28 31 32 30 33 30 33 34 32 35 32 35 36 34 37 34 37 38 36 39 36 39 40 38 41 38 41 42 40 43 40 43 44 42 45 42 45 46 44 47 44 47 48 46 49 46 49 50 48 51 48 51 52 50 53 50 53 54 52 55 52 55 56 54 57 54 57 58 56 59 56 59 60 58 61 58 61 62 60 63 60 63 64 62 65 62 65 66 64 67 64 67 68 66 69 66 69 70 68 71 68 71 72 70 73 70 73 74 72 75 72 75 76 74 77 74 77 78 76 79 76 79 80 78 81 78 81 82 80 83 80 83 84 82 85 82 85 86 84 87 84 87 88 86 89 86 89 90 88 91 88 91 92 90 93 90 93 94 92 95 92 95 96 94 97 94 97 98 96 99 96 99 100 98 101 98 101 102 100 103 100 103 104 102 105 102 105 106 104 107 104 107 108 106 109 106 109 110 108 111 108 111 112 110 113 110 113 114 112 115 112 115 116 114 117 114 117 118 116 119 116 119 120 118 121 118 121 122 120 123 120 123 124 122 125 122 125 126 124 127 124 127 128 126 129 126 129 130 128 131 128 131 132 130 133 130 133 134 132 135 132 135 136 134 137 134 137 138 136 139 136 139 140 138 141 138 141 142 140 143 140 143 144 142 145 142 145 146 144 147 144 147 148 146 149 146 149 150 148 151 148 151 152 150 153 150 153 154 152 155 152 155 156 154 157 154 157 158 156 159 156 159 160 158 161 158 161 162 160 163 160 163 164 162 165 162 165 166 164 167 164 167 168 166 169 166 169 170 168 171 168 171 172 170 173 170 173 174 172 175 172 175 176 174 177 174 177 178 176 179 176 179 180 178 181 178 181 182 180 183 180 183 184 182 185 182 185 186 184 187 184 187 188 186 189 186 189 190 188 191 188 191 192 190 193 190 193 194 192 195 192 195 196 194 197 194 197
INF INF INF INF INF INF INF INF INF INF INF INF INF INF 0 3 1 4 5 2 5 3 6 7 4 7 5 8 9 6 9 7 10 11 8 11 9 12 13 10 13 11 14 15 12 15 13 16 17 14 17 15 18 19 16 19 17 20 21 18 21 19 22 23 20 23 21 24 25 22 25 23 26 27 24 27 25 28 29 26 29 27 30 31 28 31 29 32 33 30 33 31 34 35 32 35 33 36 37 34 37 35 38 39 36 39 37 40 41 38 41 39 42 43 40 43 41 44 45 42 45 43 46 47 44 47 45 48 49 46 49 47 50 51 48 51 49 52 53 50 53 51 54 55 52 55 53 56 57 54 57 55 58 59 56 59 57 60 61 58 61 59 62 63 60 63 61 64 65 62 65 63 66 67 64 67 65 68 69 66 69 67 70 71 68 71 69 72 73 70 73 71 74 75 72 75 73 76 77 74 77 75 78 79 76 79 77 80 81 78 81 79 82 83 80 83 81 84 85 82 85 83 86 87 84 87 85 88 89 86 89 87 90 91 88 91 89 92 93 90 93 91 94 95 92 95 93 96 97 94 97 95 98 99 96 99 97 100 101 98 101 99 102 103 100 103 101 104 105 102 105 103 106 107 104 107 105 108 109 106 109 107 110 111 108 111 109 112 113 110 113 111 114 115 112 115 113 116 117 114 117 115 118 119 116 119 117 120 121 118 121 119 122 123 120 123 121 124 125 122 125 123 126 127 124 127 125 128 129 126 129 127 130 131 128 131 129 132 133 130 133 131 134 135 132 135 133 136 137 134 137 135 138 139 136 139 137 140 141 138 141 139 142 143 140 143 141 144 145 142 145 143 146 147 144 147 145 148 149 146 149 147 150 151 148 151 149 152 153 150 153 151 154 155 152 155 153 156 157 154 157 155 158 159 156 159 157 160 161 158 161 159 162 163 160 163 161 164 165 162 165 163 166 167 164 167 165 168 169 166 169 167 170 171 168 171 169 172 173 170 173 171 174 175 172 175 173 176 177 174 177 175 178 179 176 179 177 180 181 178 181 179 182 183 180 183 181 184 185 182 185 183 186 187 184 187 185 188 189 186 189 187 190 191 188 191 189 192 193 190 193 191 194 195 192 195 193 196 197 194
INF INF INF INF INF INF INF INF INF INF INF INF INF INF INF 0 -2 1 2 5 2 0 3 4 7 4 2 5 6 9 6 4 7 8 11 8 6 9 10 13 10 8 11 12 15 12 10 13 14 17 14 12 15 16 19 16 14 17 18 21 18 16 19 20 23 20 18 21 22 25 22 20 23 24 27 24 22 25 26 29 26 24 27 28 31 28 26 29 30 33 30 28 31 32 35 32 30 33 34 37 34 32 35 36 39 36 34 37 38 41 38 36 39 40 43 40 38 41 42 45 42 40 43 44 47 44 42 45 46 49 46 44 47 48 51 48 46 49 50 53 50 48 51 52 55 52 50 53 54 57 54 52 55 56 59 56 54 57 58 61 58 56 59 60 63 60 58 61 62 65 62 60 63 64 67 64 62 65 66 69 66 64 67 68 71 68 66 69 70 73 70 68 71 72 75 72 70 73 74 77 74 72 75 76 79 76 74 77 78 81 78 76 79 80 83 80 78 81 82 85 82 80 83 84 87 84 82 85 86 89 86 84 87 88 91 88 86 89 90 93 90 88 91 92 95 92 90 93 94 97 94 92 95 96 99 96 94 97 98 101 98 96 99 100 103 100 98 101 102 105 102 100 103 104 107 104 102 105 106 109 106 104 107 108 111 108 106 109 110 113 110 108 111 112 115 112 110 113 114 117 114 112 115 116 119 116 114 117 118 121 118 116 119 120 123 120 118 121 122 125 122 120 123 124 127 124 122 125 126 129 126 124 127 128 131 128 126 129 130 133 130 128 131 132 135 132 130 133 134 137 134 132 135 136 139 136 134 137 138 141 138 136 139 140 143 140 138 141 142 145 142 140 143 144 147 144 142 145 146 149 146 144 147 148 151 148 146 149 150 153 150 148 151 152 155 152 150 153 154 157 154 152 155 156 159 156 154 157 158 161 158 156 159 160 163 160 158 161 162 165 162 160 163 164 167 164 162 165 166 169 166 164 167 168 171 168 166 169 170 173 170 168 171 172 175 172 170 173 174 177 174 172 175 176 179 176 174 177 178 181 178 176 179 180 183 180 178 181 182 185 182 180 183 184 187 184 182 185 186 189 186 184 187 188 191 188 186 189 190 193 190 188 191 192 195 192 190 193 194 197
INF INF INF INF INF INF INF INF INF INF INF INF INF INF INF INF 0 3 4 7 8 2 5 6 9 10 4 7 8 11 12 6 9 10 13 14 8 11 12 15 16 10 13 14 17 18 12 15 16 19 20 14 17 18 21 22 16 19 20 23 24 18 21 22 25 26 20 23 24 27 28 22 25 26 29 30 24 27 28 31 32 26 29 30 33 34 28 31 32 35 36 30 33 34 37 38 32 35 36 39 40 34 37 38 41 42 36 39 40 43 44 38 41 42 45 46 40 43 44 47 48 42 45 46 49 50 44 47 48 51 52 46 49 50 53 54 48 51 52 55 56 50 53 54 57 58 52 55 56 59 60 54 57 58 61 62 56 59 60 63 64 58 61 62 65 66 60 63 64 67 68 62 65 66 69 70 64 67 68 71 72 66 69 70 73 74 68 71 72 75 76 70 73 74 77 78 72 75 76 79 80 74 77 78 81 82 76 79 80 83 84 78 81 82 85 86 80 83 84 87 88 82 85 86 89 90 84 87 88 91 92 86 89 90 93 94 88 91 92 95 96 90 93 94 97 98 92 95 96 99 100 94 97 98 101 102 96 99 100 103 104 98 101 102 105 106 100 103 104 107 108 102 105 106 109 110 104 107 108 111 112 106 109 110 113 114 108 111 112 115 116 110 113 114 117 118 112 115 116 119 120 114 117 118 121 122 116 119 120 123 124 118 121 122 125 126 120 123 124 127 128 122 125 126 129 130 124 127 128 131 132 126 129 130 133 134 128 131 132 135 136 130 133 134 137 138 132 135 136 139 140 134 137 138 141 142 136 139 140 143 144 138 141 142 145 146 140 143 144 147 148 142 145 146 149 150 144 147 148 151 152 146 149 150 153 154 148 151 152 155 156 150 153 154 157 158 152 155 156 159 160 154 157 158 161 162 156 159 160 163 164 158 161 162 165 166 160 163 164 167 168 162 165 166 169 170 164 167 168 171 172 166 169 170 173 174 168 171 172 175 176 170 173 174 177 178 172 175 176 179 180 174 177 178 181 182 176 179 180 183 184 178 181 182 185 186 180 183 184 187 188 182 185 186 189 190 184 187 188 191 192 186 189 190 193 194 188 191 192 195 196 190 193 194 197 198 192 195 196 199
INF INF INF INF INF INF INF INF INF INF INF INF INF INF INF INF INF 0 3 4 7 5 2 5 6 9 7 4 7 8 11 9 6 9 10 13 11 8 11 12 15 13 10 13 14 17 15 12 15 16 19 17 14 17 18 21 19 16 19 20 23 21 18 21 22 25 23 20 23 24 27 25 22 25 26 29 27 24 27 28 31 29 26 29 30 33 31 28 31 32 35 33 30 33 34 37 35 32 35 36 39 37 34 37 38 41 39 36 39 40 43 41 38 41 42 45 43 40 43 44 47 45 42 45 46 49 47 44 47 48 51 49 46 49 50 53 51 48 51 52 55 53 50 53 54 57 55 52 55 56 59 57 54 57 58 61 59 56 59 60 63 61 58 61 62 65 63 60 63 64 67 65 62 65 66 69 67 64 67 68 71 69 66 69 70 73 71 68 71 72 75 73 70 73 74 77 75 72 75 76 79 77 74 77 78 81 79 76 79 80 83 81 78 81 82 85 83 80 83 84 87 85 82 85 86 89 87 84 87 88 91 89 86 89 90 93 91 88 91 92 95 93 90 93 94 97 95 92 95 96 99 97 94 97 98 101 99 96 99 100 103 101 98 101 102 105 103 100 103 104 107 105 102 105 106 109 107 104 107 108 111 109 106 109 110 113 111 108 111 112 115 113 110 113 114 117 115 112 115 116 119 117 114 117 118 121 119 116 119 120 123 121 118 121 122 125 123 120 123 124 127 125 122 125 126 129 127 124 127 128 131 129 126 129 130 133 131 128 131 132 135 133 130 133 134 137 135 132 135 136 139 137 134 137 138 141 139 136 139 140 143 141 138 141 142 145 143 140 143 144 147 145 142 145 146 149 147 144 147 148 151 149 146 149 150 153 151 148 151 152 155 153 150 153 154 157 155 152 155 156 159 157 154 157 158 161 159 156 159 160 163 161 158 161 162 165 163 160 163 164 167 165 162 165 166 169 167 164 167 168 171 169 166 169 170 173 171 168 171 172 175 173 170 173 174 177 175 172 175 176 179 177 174 177 178 181 179 176 179 180 183 181 178 181 182 185 183 180 183 184 187 185 182 185 186 189 187 184 187 188 191 189 186 189 190 193 191 188 191 192 195 193 190 193 194 197 195 192 195 196
INF INF INF INF INF INF INF INF INF INF INF INF INF INF INF INF INF INF 0 3 4 2 5 2 5 6 4 7 4 7 8 6 9 6 9 10 8 11 8 11 12 10 13 10 13 14 12 15 12 15 16 14 17 14 17 18 16 19 16 19 20 18 21 18 21 22 20 23 20 23 24 22 25 22 25 26 24 27 24 27 28 26 29 26 29 30 28 31 28 31 32 30 33 30 33 34 32 35 32 35 36 34 37 34 37 38 36 39 36 39 40 38 41 38 41 42 40 43 40 43 44 42 45 42 45 46 44 47 44 47 48 46 49 46 49 50 48 51 48 51 52 50 53 50 53 54 52 55 52 55 56 54 57 54 57 58 56 59 56 59 60 58 61 58 61 62 60 63 60 63 64 62 65 62 65 66 64 67 64 67 68 66 69 66 69 70 68 71 68 71 72 70 73 70 73 74 72 75 72 75 76 74 77 74 77 78 76 79 76 79 80 78 81 78 81 82 80 83 80 83 84 82 85 82 85 86 84 87 84 87 88 86 89 86 89 90 88 91 88 91 92 90 93 90 93 94 92 95 92 95 96 94 97 94 97 98 96 99 96 99 100 98 101 98 101 102 100 103 100 103 104 102 105 102 105 106 104 107 104 107 108 106 109 106 109 110 108 111 108 111 112 110 113 110 113 114 112 115 112 115 116 114 117 114 117 118 116 119 116 119 120 118 121 118 121 122 120 123 120 123 124 122 125 122 125 126 124 127 124 127 128 126 129 126 129 130 128 131 128 131 132 130 133 130 133 134 132 135 132 135 136 134 137 134 137 138 136 139 136 139 140 138 141 138 141 142 140 143 140 143 144 142 145 142 145 146 144 147 144 147 148 146 149 146 149 150 148 151 148 151 152 150 153 150 153 154 152 155 152 155 156 154 157 154 157 158 156 159 156 159 160 158 161 158 161 162 160 163 160 163 164 162 165 162 165 166 164 167 164 167 168 166 169 166 169 170 168 171 168 171 172 170 173 170 173 174 172 175 172 175 176 174 177 174 177 178 176 179 176 179 180 178 181 178 181 182 180 183 180 183 184 182 185 182 185 186 184 187 184 187 188 186 189 186 189 190 188 191 188 191 192 190 193 190 193 194 192 195 192 195
INF INF INF INF INF INF INF INF INF INF INF INF INF INF INF INF INF INF INF 0 3 1 4 5 2 5 3 6 7 4 7 5 8 9 6 9 7 10 11 8 11 9 12 13 10 13 11 14 15 12 15 13 16 17 14 17 15 18 19 16 19 17 20 21 18 21 19 22 23 20 23 21 24 25 22 25 23 26 27 24 27 25 28 29 26 29 27 30 31 28 31 29 32 33 30 33 31 34 35 32 35 33 36 37 34 37 35 38 39 36 39 37 40 41 38 41 39 42 43 40 43 41 44 45 42 45 43 46 47 44 47 45 48 49 46 49 47 50 51 48 51 49 52 53 50 53 51 54 55 52 55 53 56 57 54 57 55 58 59 56 59 57 60 61 58 61 59 62 63 60 63 61 64 65 62 65 63 66 67 64 67 65 68 69 66 69 67 70 71 68 71 69 72 73 70 73 71 74 75 72 75 73 76 77 74 77 75 78 79 76 79 77 80 81 78 81 79 82 83 80 83 81 84 85 82 85 83 86 87 84 87 85 88 89 86 89 87 90 91 88 91 89 92 93 90 93 91 94 95 92 95 93 96 97 94 97 95 98 99 96 99 97 100 101 98 101 99 102 103 100 103 101 104 105 102 105 103 106 107 104 107 105 108 109 106 109 107 110 111 108 111 109 112 113 110 113 111 114 115 112 115 113 116 117 114 117 115 118 119 116 119 117 120 121 118 121 119 122 123 120 123 121 124 125 122 125 123 126 127 124 127 125 128 129 126 129 127 130 131 128 131 129 132 133 130 133 131 134 135 132 135 133 136 137 134 137 135 138 139 136 139 137 140 141 138 141 139 142 143 140 143 141 144 145 142 145 143 146 147 144 147 145 148 149 146 149 147 150 151 148 151 149 152 153 150 153 151 154 155 152 155 153 156 157 154 157 155 158 159 156 159 157 160 161 158 161 159 162 163 160 163 161 164 165 162 165 163 166 167 164 167 165 168 169 166 169 167 170 171 168 171 169 172 173 170 173 171 174 175 172 175 173 176 177 174 177 175 178 179 176 179 177 180 181 178 181 179 182 183 180 183 181 184 185 182 185 183 186 187 184 187 185 188 189 186 189 187 190 191 188 191 189 192 193 190 193 191 194 195 192
INF INF INF INF INF INF INF INF INF INF INF INF INF INF INF INF INF INF INF INF 0 -2 1 2 5 2 0 3 4 7 4 2 5 6 9 6 4 7 8 11 8 6 9 10 13 10 8 11 12 15 12 10 13 14 17 14 12 15 16 19 16 14 17 18 21 18 16 19 20 23 20 18 21 22 25 22 20 23 24 27 24 22 25 26 29 26 24 27 28 31 28 26 29 30 33 30 28 31 32 35 32 30 33 34 37 34 32 35 36 39 36 34 37 38 41 38 36 39 40 43 40 38 41 42 45 42 40 43 44 47 44 42 45 46 49 46 44 47 48 51 48 46 49 50 53 50 48 51 52 55 52 50 53 54 57 54 52 55 56 59 56 54 57 58 61 58 56 59 60 63 60 58 61 62 65 62 60 63 64 67 64 62 65 66 69 66 64 67 68 71 68 66 69 70 73 70 68 71 72 75 72 70 73 74 77 74 72 75 76 79 76 74 77 78 81 78 76 79 80 83 80 78 81 82 85 82 80 83 84 87 84 82 85 86 89 86 84 87 88 91 88 86 89 90 93 90 88 91 92 95 92 90 93 94 97 94 92 95 96 99 96 94 97 98 101 98 96 99 100 103 100 98 101 102 105 102 100 103 104 107 104 102 105 106 109 106 104 107 108 111 108 106 109 110 113 110 108 111 112 115 112 110 113 114 117 114 112 115 116 119 116 114 117 118 121 118 116 119 120 123 120 118 121 122 125 122 120 123 124 127 124 122 125 126 129 126 124 127 128 131 128 126 129 130 133 130 128 131 132 135 132 130 133 134 137 134 132 135 136 139 136 134 137 138 141 138 136 139 140 143 140 138 141 142 145 142 140 143 144 147 144 142 145 146 149 146 144 147 148 151 148 146 149 150 153 150 148 151 152 155 152 150 153 154 157 154 152 155 156 159 156 154 157 158 161 158 156 159 160 163 160 158 161 162 165 162 160 163 164 167 164 162 165 166 169 166 164 167 168 171 168 166 169 170 173 170 168 171 172 175 172 170 173 174 177 174 172 175 176 179 176 174 177 178 181 178 176 179 180 183 180 178 181 182 185 182 180 183 184 187 184 182 185 186 189 186 184 187 188 191 188 186 189 190 193 190 188 191 192 195
INF INF INF INF INF INF INF INF INF INF INF INF INF INF INF INF INF INF INF INF INF 0 3 4 7 8 2 5 6 9 10 4 7 8 11 12 6 9 10 13 14 8 11 12 15 16 10 13 14 17 18 12 15 16 19 20 14 17 18 21 22 16 19 20 23 24 18 21 22 25 26 20 23 24 27 28 22 25 26 29 30 24 27 28 31 32 26 29 30 33 34 28 31 32 35 36 30 33 34 37 38 32 35 36 39 40 34 37 38 41 42 36 39 40 43 44 38 41 42 45 46 40 43 44 47 48 42 45 46 49 50 44 47 48 51 52 46 49 50 53 54 48 51 52 55 56 50 53 54 57 58 52 55 56 59 60 54 57 58 61 62 56 59 60 63 64 58 61 62 65 66 60 63 64 67 68 62 65 66 69 70 64 67 68 71 72 66 69 70 73 74 68 71 72 75 76 70 73 74 77 78 72 75 76 79 80 74 77 78 81 82 76 79 80 83 84 78 81 82 85 86 80 83 84 87 88 82 85 86 89 90 84 87 88 91 92 86 89 90 93 94 88 91 92 95 96 90 93 94 97 98 92 95 96 99 100 94 97 98 101 102 96 99 100 103 104 98 101 102 105 106 100 103 104 107 108 102 105 106 109 110 104 107 108 111 112 106 109 110 113 114 108 111 112 115 116 110 113 114 117 118 112 115 116 119 120 114 117 118 121 122 116 119 120 123 124 118 121 122 125 126 120 123 124 127 128 122 125 126 129 130 124 127 128 131 132 126 129 130 133 134 128 131 132 135 136 130 133 134 137 138 132 135 136 139 140 134 137 138 141 142 136 139 140 143 144 138 141 142 145 146 140 143 144 147 148 142 145 146 149 150 144 147 148 151 152 146 149 150 153 154 148 151 152 155 156 150 153 154 157 158 152 155 156 159 160 154 157 158 161 162 156 159 160 163 164 158 161 162 165 166 160 163 164 167 168 162 165 166 169 170 164 167 168 171 172 166 169 170 173 174 168 171 172 175 176 170 173 174 177 178 172 175 176 179 180 174 177 178 181 182 176 179 180 183 184 178 181 182 185 186 180 183 184 187 188 182 185 186 189 190 184 187 188 191 192 186 189 190 193 194 188 191 192 195 196 190 193 194 197
INF INF INF INF INF INF INF INF INF INF INF INF INF INF INF INF INF INF INF INF INF INF 0 3 4 7 5 2 5 6 9 7 4 7 8 11 9 6 9 10 13 11 8 11 12 15 13 10 13 14 17 15 12 15 16 19 17 14 17 18 21 19 16 19 20 23 21 18 21 22 25 23 20 23 24 27 25 22 25 26 29 27 24 27 28 31 29 26 29 30 33 31 28 31 32 35 33 30 33 34 37 35 32 35 36 39 37 34 37 38 41 39 36 39 40 43 41 38 41 42 45 43 40 43 44 47 45 42 45 46 49 47 44 47 48 51 49 46 49 50 53 51 48 51 52 55 53 50 53 54 57 55 52 55 56 59 57 54 57 58 61 59 56 59 60 63 61 58 61 62 65 63 60 63 64 67 65 62 65 66 69 67 64 67 68 71 69 66 69 70 73 71 68 71 72 75 73 70 73 74 77 75 72 75 76 79 77 74 77 78 81 79 76 79 80 83 81 78 81 82 85 83 80 83 84 87 85 82 85 86 89 87 84 87 88 91 89 86 89 90 93 91 88 91 92 95 93 90 93 94 97 95 92 95 96 99 97 94 97 98 101 99 96 99 100 103 101 98 101 102 105 103 100 103 104 107 105 102 105 106 109 107 104 107 108 111 109 106 109 110 113 111 108 111 112 115 113 110 113 114 117 115 112 115 116 119 117 114 117 118 121 119 116 119 120 123 121 118 121 122 125 123 120 123 124 127 125 122 125 126 129 127 124 127 128 131 129 126 129 130 133 131 128 131 132 135 133 130 133 134 137 135 132 135 136 139 137 134 137 138 141 139 136 139 140 143 141 138 141 142 145 143 140 143 144 147 145 142 145 146 149 147 144 147 148 151 149 146 149 150 153 151 148 151 152 155 153 150 153 154 157 155 152 155 156 159 157 154 157 158 161 159 156 159 160 163 161 158 161 162 165 163 160 163 164 167 165 162 165 166 169 167 164 167 168 171 169 166 169 170 173 171 168 171 172 175 173 170 173 174 177 175 172 175 176 179 177 174 177 178 181 179 176 179 180 183 181 178 181 182 185 183 180 183 184 187 185 182 185 186 189 187 184 187 188 191 189 186 189 190 193 191 188 191 192 195 193 190 193 194
INF INF INF INF INF INF INF INF INF INF INF INF INF INF INF INF INF INF INF INF INF INF INF 0 3 4 2 5 2 5 6 4 7 4 7 8 6 9 6 9 10 8 11 8 11 12 10 13 10 13 14 12 15 12 15 16 14 17 14 17 18 16 19 16 19 20 18 21 18 21 22 20 23 20 23 24 22 25 22 25 26 24 27 24 27 28 26 29 26 29 30 28 31 28 31 32 30 33 30 33 34 32 35 32 35 36 34 37 34 37 38 36 39 36 39 40 38 41 38 41 42 40 43 40 43 44 42 45 42 45 46 44 47 44 47 48 46 49 46 49 50 48 51 48 51 52 50 53 50 53 54 52 55 52 55 56 54 57 54 57 58 56 59 56 59 60 58 61 58 61 62 60 63 60 63 64 62 65 62 65 66 64 67 64 67 68 66 69 66 69 70 68 71 68 71 72 70 73 70 73 74 72 75 72 75 76 74 77 74 77 78 76 79 76 79 80 78 81 78 81 82 80 83 80 83 84 82 85 82 85 86 84 87 84 87 88 86 89 86 89 90 88 91 88 91 92 90 93 90 93 94 92 95 92 95 96 94 97 94 97 98 96 99 96 99 100 98 101 98 101 102 100 103 100 103 104 102 105 102 105 106 104 107 104 107 108 106 109 106 109 110 108 111 108 111 112 110 113 110 113 114 112 115 112 115 116 114 117 114 117 118 116 119 116 119 120 118 121 118 121 122 120 123 120 123 124 122 125 122 125 126 124 127 124 127 128 126 129 126 129 130 128 131 128 131 132 130 133 130 133 134 132 135 132 135 136 134 137 134 137 138 136 139 136 139 140 138 141 138 141 142 140 143 140 143 144 142 145 142 145 146 144 147 144 147 148 146 149 146 149 150 148 151 148 151 152 150 153 150 153 154 152 155 152 155 156 154 157 154 157 158 156 159 156 159 160 158 161 158 161 162 160 163 160 163 164 162 165 162 165 166 164 167 164 167 168 166 169 166 169 170 168 171 168 171 172 170 173 170 173 174 172 175 172 175 176 174 177 174 177 178 176 179 176 179 180 178 181 178 181 182 180 183 180 183 184 182 185 182 185 186 184 187 184 187 188 186 189 186 189 190 188 191 188 191 192 190 193 190 193
INF INF INF INF INF INF INF INF INF INF INF INF INF INF INF INF INF INF INF INF INF INF INF INF 0 3 1 4 5 2 5 3 6 7 4 7 5 8 9 6 9 7 10 11 8 11 9 12 13 10 13 11 14 15 12 15 13 16 17 14 17 15 18 19 16 19 17 20 21 18 21 19 22 23 20 23 21 24 25 22 25 23 26 27 24 27 25 28 29 26 29 27 30 31 28 31 29 32 33 30 33 31 34 35 32 35 33 36 37 34 37 35 38 39 36 39 37 40 41 38 41 39 42 43 40 43 41 44 45 42 45 43 46 47 44 47 45 48 49 46 49 47 50 51 48 51 49 52 53 50 53 51 54 55 52 55 53 56 57 54 57 55 58 59 56 59 57 60 61 58 61 59 62 63 60 63 61 64 65 62 65 63 66 67 64 67 65 68 69 66 69 67 70 71 68 71 69 72 73 70 73 71 74 75 72 75 73 76 77 74 77 75 78 79 76 79 77 80 81 78 81 79 82 83 80 83 81 84 85 82 85 83 86 87 84 87 85 88 89 86 89 87 90 91 88 91 89 92 93 90 93 91 94 95 92 95 93 96 97 94 97 95 98 99 96 99 97 100 101 98 101 99 102 103 100 103 101 104 105 102 105 103 106 107 104 107 105 108 109 106 109 107 110 111 108 111 109 112 113 110 113 111 114 115 112 115 113 116 117 114 117 115 118 119 116 119 117 120 121 118 121 119 122 123 120 123 121 124 125 122 125 123 126 127 124 127 125 128 129 126 129 127 130 131 128 131 129 132 133 130 133 131 134 135 132 135 133 136 137 134 137 135 138 139 136 139 137 140 141 138 141 139 142 143 140 143 141 144 145 142 145 143 146 147 144 147 145 148 149 146 149 147 150 151 148 151 149 152 153 150 153 151 154 155 152 155 153 156 157 154 157 155 158 159 156 159 157 160 161 158 161 159 162 163 160 163 161 164 165 162 165 163 166 167 164 167 165 168 169 166 169 167 170 171 168 171 169 172 173 170 173 171 174 175 172 175 173 176 177 174 177 175 178 179 176 179 177 180 181 178 181 179 182 183 180 183 181 184 185 182 185 183 186 187 184 187 185 188 189 186 189 187 190 191 188 191 189 192 193 190
INF INF INF INF INF INF INF INF INF INF INF INF INF INF INF INF INF INF INF INF INF INF INF INF INF 0 -2 1 2 5 2 0 3 4 7 4 2 5 6 9 6 4 7 8 11 8 6 9 10 13 10 8 11 12 15 12 10 13 14 17 14 12 15 16 19 16 14 17 18 21 18 16 19 20 23 20 18 21 22 25 22 20 23 24 27 24 22 25 26 29 26 24 27 28 31 28 26 29 30 33 30 28 31 32 35 32 30 33 34 37 34 32 35 36 39 36 34 37 38 41 38 36 39 40 43 40 38 41 42 45 42 40 43 44 47 44 42 45 46 49 46 44 47 48 51 48 46 49 50 53 50 48 51 52 55 52 50 53 54 57 54 52 55 56 59 56 54 57 58 61 58 56 59 60 63 60 58 61 62 65 62 60 63 64 67 64 62 65 66 69 66 64 67 68 71 68 66 69 70 73 70 68 71 72 75 72 70 73 74 77 74 72 75 76 79 76 74 77 78 81 78 76 79 80 83 80 78 81 82 85 82 80 83 84 87 84 82 85 86 89 86 84 87 88 91 88 86 89 90 93 90 88 91 92 95 92 90 93 94 97 94 92 95 96 99 96 94 97 98 101 98 96 99 100 103 100 98 101 102 105 102 100 103 104 107 104 102 105 106 109 106 104 107 108 111 108 106 109 110 113 110 108 111 112 115 112 110 113 114 117 114 112 115 116 119 116 114 117 118 121 118 116 119 120 123 120 118 121 122 125 122 120 123 124 127 124 122 125 126 129 126 124 127 128 131 128 126 129 130 133 130 128 131 132 135 132 130 133 134 137 134 132 135 136 139 136 134 137 138 141 138 136 139 140 143 140 138 141 142 145 142 140 143 144 147 144 142 145 146 149 146 144 147 148 151 148 146 149 150 153 150 148 151 152 155 152 150 153 154 157 154 152 155 156 159 156 154 157 158 161 158 156 159 160 163 160 158 161 162 165 162 160 163 164 167 164 162 165 166 169 166 164 167 168 171 168 166 169 170 173 170 168 171 172 175 172 170 173 174 177 174 172 175 176 179 176 174 177 178 181 178 176 179 180 183 180 178 181 182 185 182 180 183 184 187 184 182 185 186 189 186 184 187 188 191 188 186 189 190 193
INF INF INF INF INF INF INF INF INF INF INF INF INF INF INF INF INF INF INF INF INF INF INF INF INF INF 0 3 4 7 8 2 5 6 9 10 4 7 8 11 12 6 9 10 13 14 8 11 12 15 16 10 13 14 17 18 12 15 16 19 20 14 17 18 21 22 16 19 20 23 24 18 21 22 25 26 20 23 24 27 28 22 25 26 29 30 24 27 28 31 32 26 29 30 33 34 28 31 32 35 36 30 33 34 37 38 32 35 36 39 40 34 37 38 41 42 36 39 40 43 44 38 41 42 45 46 40 43 44 47 48 42 45 46 49 50 44 47 48 51 52 46 49 50 53 54 48 51 52 55 56 50 53 54 57 58 52 55 56 59 60 54 57 58 61 62 56 59 60 63 64 58 61 62 65 66 60 63 64 67 68 62 65 66 69 70 64 67 68 71 72 66 69 70 73 74 68 71 72 75 76 70 73 74 77 78 72 75 76 79 80 74 77 78 81 82 76 79 80 83 84 78 81 82 85 86 80 83 84 87 88 82 85 86 89 90 84 87 88 91 92 86 89 90 93 94 88 91 92 95 96 90 93 94 97 98 92 95 96 99 100 94 97 98 101 102 96 99 100 103 104 98 101 102 105 106 100 103 104 107 108 102 105 106 109 110 104 107 108 111 112 106 109 110 113 114 108 111 112 115 116 110 113 114 117 118 112 115 116 119 120 114 117 118 121 122 116 119 120 123 124 118 121 122 125 126 120 123 124 127 128 122 125 126 129 130 124 127 128 131 132 126 129 130 133 134 128 131 132 135 136 130 133 134 137 138 132 135 136 139 140 134 137 138 141 142 136 139 140 143 144 138 141 142 145 146 140 143 144 147 148 142 145 146 149 150 144 147 148 151 152 146 149 150 153 154 148 151 152 155 156 150 153 154 157 158 152 155 156 159 160 154 157 158 161 162 156 159 160 163 164 158 161 162 165 166 160 163 164 167 168 162 165 166 169 170 164 167 168 171 172 166 169 170 173 174 168 171 172 175 176 170 173 174 177 178 172 175 176 179 180 174 177 178 181 182 176 179 180 183 184 178 181 182 185 186 180 183 184 187 188 182 185 186 189 190 184 187 188 191 192 186 189 190 193 194 188 191 192 195
INF INF INF INF INF INF INF INF INF INF INF INF INF INF INF INF INF INF INF INF INF INF INF INF INF INF INF 0 3 4 7 5 2 5 6 9 7 4 7 8 11 9 6 9 10 13 11 8 11 12 15 13 10 13 14 17 15 12 15 16 19 17 14 17 18 21 19 16 19 20 23 21 18 21 22 25 23 20 23 24 27 25 22 25 26 29 27 24 27 28 31 29 26 29 30 33 31 28 31 32 35 33 30 33 34 37 35 32 35 36 39 37 34 37 38 41 39 36 39 40 43 41 38 41 42 45 43 40 43 44 47 45 42 45 46 49 47 44 47 48 51 49 46 49 50 53 51 48 51 52 55 53 50 53 54 57 55 52 55 56 59 57 54 57 58 61 59 56 59 60 63 61 58 61 62 65 63 60 63 64 67 65 62 65 66 69 67 64 67 68 71 69 66 69 70 73 71 68 71 72 75 73 70 73 74 77 75 72 75 76 79 77 74 77 78 81 79 76 79 80 83 81 78 81 82 85 83 80 83 84 87 85 82 85 86 89 87 84 87 88 91 89 86 89 90 93 91 88 91 92 95 93 90 93 94 97 95 92 95 96 99 97 94 97 98 101 99 96 99 100 103 101 98 101 102 105 103 100 103 104 107 105 102 105 106 109 107 104 107 108 111 109 106 109 110 113 111 108 111 112 115 113 110 113 114 117 115 112 115 116 119 117 114 117 118 121 119 116 119 120 123 121 118 121 122 125 123 120 123 124 127 125 122 125 126 129 127 124 127 128 131 129 126 129 130 133 131 128 131 132 135 133 130 133 134 137 135 132 135 136 139 137 134 137 138 141 139 136 139 140 143 141 138 141 142 145 143 140 143 144 147 145 142 145 146 149 147 144 147 148 151 149 146 149 150 153 151 148 151 152 155 153 150 153 154 157 155 152 155 156 159 157 154 157 158 161 159 156 159 160 163 161 158 161 162 165 163 160 163 164 167 165 162 165 166 169 167 164 167 168 171 169 166 169 170 173 171 168 171 172 175 173 170 173 174 177 175 172 175 176 179 177 174 177 178 181 179 176 179 180 183 181 178 181 182 185 183 180 183 184 187 185 182 185 186 189 187 184 187 188 191 189 186 189 190 193 191 188 191 192
INF INF INF INF INF INF INF INF INF INF INF INF INF INF INF INF INF INF INF INF INF INF INF INF INF INF INF INF 0 3 4 2 5 2 5 6 4 7 4 7 8 6 9 6 9 10 8 11 8 11 12 10 13 10 13 14 12 15 12 15 16 14 17 14 17 18 16 19 16 19 20 18 21 18 21 22 20 23 20 23 24 22 25 22 25 26 24 27 24 27 28 26 29 26 29 30 28 31 28 31 32 30 33 30 33 34 32 35 32 35 36 34 37 34 37 38 36 39 36 39 40 38 41 38 41 42 40 43 40 43 44 42 45 42 45 46 44 47 44 47 48 46 49 46 49 50 48 51 48 51 52 50 53 50 53 54 52 55 52 55 56 54 57 54 57 58 56 59 56 59 60 58 61 58 61 62 60 63 60 63 64 62 65 62 65 66 64 67 64 67 68 66 69 66 69 70 68 71 68 71 72 70 73 70 73 74 72 75 72 75 76 74 77 74 77 78 76 79 76 79 80 78 81 78 81 82 80 83 80 83 84 82 85 82 85 86 84 87 84 87 88 86 89 86 89 90 88 91 88 91 92 90 93 90 93 94 92 95 92 95 96 94 97 94 97 98 96 99 96 99 100 98 101 98 101 102 100 103 100 103 104 102 105 102 105 106 104 107 104 107 108 106 109 106 109 110 108 111 108 111 112 110 113 110 113 114 112 115 112 115 116 114 117 114 117 118 116 119 116 119 120 118 121 118 121 122 120 123 120 123 124 122 125 122 125 126 124 127 124 127 128 126 129 126 129 130 128 131 128 131 132 130 133 130 133 134 132 135 132 135 136 134 137 134 137 138 136 139 136 139 140 138 141 138 141 142 140 143 140 143 144 142 145 142 145 146 144 147 144 147 148 146 149 146 149 150 148 151 148 151 152 150 153 150 153 154 152 155 152 155 156 154 157 154 157 158 156 159 156 159 160 158 161 158 161 162 160 163 160 163 164 162 165 162 165 166 164 167 164 167 168 166 169 166 169 170 168 171 168 171 172 170 173 170 173 174 172 175 172 175 176 174 177 174 177 178 176 179 176 179 180 178 181 178 181 182 180 183 180 183 184 182 185 182 185 186 184 187 184 187 188 186 189 186 189 190 188 191 188 191
INF INF INF INF INF INF INF INF INF INF INF INF INF INF INF INF INF INF INF INF INF INF INF INF INF INF INF INF INF 0 3 1 4 5 2 5 3 6 7 4 7 5 8 9 6 9 7 10 11 8 11 9 12 13 10 13 11 14 15 12 15 13 16 17 14 17 15 18 19 16 19 17 20 21 18 21 19 22 23 20 23 21 24 25 22 25 23 26 27 24 27 25 28 29 26 29 27 30 31 28 31 29 32 33 30 33 31 34 35 32 35 33 36 37 34 37 35 38 39 36 39 37 40 41 38 41 39 42 43 40 43 41 44 45 42 45 43 46 47 44 47 45 48 49 46 49 47 50 51 48 51 49 52 53 50 53 51 54 55 52 55 53 56 57 54 57 55 58 59 56 59 57 60 61 58 61 59 62 63 60 63 61 64 65 62 65 63 66 67 64 67 65 68 69 66 69 67 70 71 68 71 69 72 73 70 73 71 74 75 72 75 73 76 77 74 77 75 78 79 76 79 77 80 81 78 81 79 82 83 80 83 81 84 85 82 85 83 86 87 84 87 85 88 89 86 89 87 90 91 88 91 89 92 93 90 93 91 94 95 92 95 93 96 97 94 97 95 98 99 96 99 97 100 101 98 101 99 102 103 100 103 101 104 105 102 105 103 106 107 104 107 105 108 109 106 109 107 110 111 108 111 109 112 113 110 113 111 114 115 112 115 113 116 117 114 117 115 118 119 116 119 117 120 121 118 121 119 122 123 120 123 121 124 125 122 125 123 126 127 124 127 125 128 129 126 129 127 130 131 128 131 129 132 133 130 133 131 134 135 132 135 133 136 137 134 137 135 138 139 136 139 137 140 141 138 141 139 142 143 140 143 141 144 145 142 145 143 146 147 144 147 145 148 149 146 149 147 150 151 148 151 149 152 153 150 153 151 154 155 152 155 153 156 157 154 157 155 158 159 156 159 157 160 161 158 161 159 162 163 160 163 161 164 165 162 165 163 166 167 164 167 165 168 169 166 169 167 170 171 168 171 169 172 173 170 173 171 174 175 172 175 173 176 177 174 177 175 178 179 176 179 177 180 181 178 181 179 182 183 180 183 181 184 185 182 185 183 186 187 184 187 185 188 189 186 189 187 190 191 188
INF INF INF INF INF INF INF INF INF INF INF INF INF INF INF INF INF INF INF INF INF INF INF INF INF INF INF INF INF INF 0 -2 1 2 5 2 0 3 4 7 4 2 5 6 9 6 4 7 8 11 8 6 9 10 13 10 8 11 12 15 12 10 13 14 17 14 12 15 16 19 16 14 17 18 21 18 16 19 20 23 20 18 21 22 25 22 20 23 24 27 24 22 25 26 29 26 24 27 28 31 28 26 29 30 33 30 28 31 32 35 32 30 33 34 37 34 32 35 36 39 36 34 37 38 41 38 36 39 40 43 40 38 41 42 45 42 40 43 44 47 44 42 45 46 49 46 44 47 48 51 48 46 49 50 53 50 48 51 52 55 52 50 53 54 57 54 52 55 56 59 56 54 57 58 61 58 56 59 60 63 60 58 61 62 65 62 60 63 64 67 64 62 65 66 69 66 64 67 68 71 68 66 69 70 73 70 68 71 72 75 72 70 73 74 77 74 72 75 76 79 76 74 77 78 81 78 76 79 80 83 80 78 81 82 85 82 80 83 84 87 84 82 85 86 89 86 84 87 88 91 88 86 89 90 93 90 88 91 92 95 92 90 93 94 97 94 92 95 96 99 96 94 97 98 101 98 96 99 100 103 100 98 101 102 105 102 100 103 104 107 104 102 105 106 109 106 104 107 108 111 108 106 109 110 113 110 108 111 112 115 112 110 113 114 117 114 112 115 116 119 116 114 117 118 121 118 116 119 120 123 120 118 121 122 125 122 120 123 124 127 124 122 125 126 129 126 124 127 128 131 128 126 129 130 133 130 128 131 132 135 132 130 133 134 137 134 132 135 136 139 136 134 137 138 141 138 136 139 140 143 140 138 141 142 145 142 140 143 144 147 144 142 145 146 149 146 144 147 148 151 148 146 149 150 153 150 148 151 152 155 152 150 153 154 157 154 152 155 156 159 156 154 157 158 161 158 156 159 160 163 160 158 161 162 165 162 160 163 164 167 164 162 165 166 169 166 164 167 168 171 168 166 169 170 173 170 168 171 172 175 172 170 173 174 177 174 172 175 176 179 176 174 177 178 181 178 176 179 180 183 180 178 181 182 185 182 180 183 184 187 184 182 185 186 189 186 184 187 188 191
INF INF INF INF INF INF INF INF INF INF INF INF INF INF INF INF INF INF INF INF INF INF INF INF INF INF INF INF INF INF INF 0 3 4 7 8 2 5 6 9 10 4 7 8 11 12 6 9 10 13 14 8 11 12 15 16 10 13 14 17 18 12 15 16 19 20 14 17 18 21 22 16 19 20 23 24 18 21 22 25 26 20 23 24 27 28 22 25 26 29 30 24 27 28 31 32 26 29 30 33 34 28 31 32 35 36 30 33 34 37 38 32 35 36 39 40 34 37 38 41 42 36 39 40 43 44 38 41 42 45 46 40 43 44 47 48 42 45 46 49 50 44 47 48 51 52 46 49 50 53 54 48 51 52 55 56 50 53 54 57 58 52 55 56 59 60 54 57 58 61 62 56 59 60 63 64 58 61 62 65 66 60 63 64 67 68 62 65 66 69 70 64 67 68 71 72 66 69 70 73 74 68 71 72 75 76 70 73 74 77 78 72 75 76 79 80 74 77 78 81 82 76 79 80 83 84 78 81 82 85 86 80 83 84 87 88 82 85 86 89 90 84 87 88 91 92 86 89 90 93 94 88 91 92 95 96 90 93 94 97 98 92 95 96 99 100 94 97 98 101 102 96 99 100 103 104 98 101 102 105 106 100 103 104 107 108 102 105 106 109 110 104 107 108 111 112 106 109 110 113 114 108 111 112 115 116 110 113 114 117 118 112 115 116 119 120 114 117 118 121 122 116 119 120 123 124 118 121 122 125 126 120 123 124 127 128 122 125 126 129 130 124 127 128 131 132 126 129 130 133 134 128 131 132 135 136 130 133 134 137 138 132 135 136 139 140 134 137 138 141 142 136 139 140 143 144 138 141 142 145 146 140 143 144 147 148 142 145 146 149 150 144 147 148 151 152 146 149 150 153 154 148 151 152 155 156 150 153 154 157 158 152 155 156 159 160 154 157 158 161 162 156 159 160 163 164 158 161 162 165 166 160 163 164 167 168 162 165 166 169 170 164 167 168 171 172 166 169 170 173 174 168 171 172 175 176 170 173 174 177 178 172 175 176 179 180 174 177 178 181 182 176 179 180 183 184 178 181 182 185 186 180 183 184 187 188 182 185 186 189 190 184 187 188 191 192 186 189 190 193
INF INF INF INF INF INF INF INF INF INF INF INF INF INF INF INF INF INF INF INF INF INF INF INF INF INF INF INF INF INF INF INF 0 3 4 7 5 2 5 6 9 7 4 7 8 11 9 6 9 10 13 11 8 11 12 15 13 10 13 14 17 15 12 15 16 19 17 14 17 18 21 19 16 19 20 23 21 18 21 22 25 23 20 23 24 27 25 22 25 26 29 27 24 27 28 31 29 26 29 30 33 31 28 31 32 35 33 30 33 34 37 35 32 35 36 39 37 34 37 38 41 39 36 39 40 43 41 38 41 42 45 43 40 43 44 47 45 42 45 46 49 47 44 47 48 51 49 46 49 50 53 51 48 51 52 55 53 50 53 54 57 55 52 55 56 59 57 54 57 58 61 59 56 59 60 63 61 58 61 62 65 63 60 63 64 67 65 62 65 66 69 67 64 67 68 71 69 66 69 70 73 71 68 71 72 75 73 70 73 74 77 75 72 75 76 79 77 74 77 78 81 79 76 79 80 83 81 78 81 82 85 83 80 83 84 87 85 82 85 86 89 87 84 87 88 91 89 86 89 90 93 91 88 91 92 95 93 90 93 94 97 95 92 95 96 99 97 94 97 98 101 99 96 99 100 103 101 98 101 102 105 103 100 103 104 107 105 102 105 106 109 107 104 107 108 111 109 106 109 110 113 111 108 111 112 115 113 110 113 114 117 115 112 115 116 119 117 114 117 118 121 119 116 119 120 123 121 118 121 122 125 123 120 123 124 127 125 122 125 126 129 127 124 127 128 131 129 126 129 130 133 131 128 131 132 135 133 130 133 134 137 135 132 135 136 139 137 134 137 138 141 139 136 139 140 143 141 138 141 142 145 143 140 143 144 147 145 142 145 146 149 147 144 147 148 151 149 146 149 150 153 151 148 151 152 155 153 150 153 154 157 155 152 155 156 159 157 154 157 158 161 159 156 159 160 163 161 158 161 162 165 163 160 163 164 167 165 162 165 166 169 167 164 167 168 171 169 166 169 170 173 171 168 171 172 175 173 170 173 174 177 175 172 175 176 179 177 174 177 178 181 179 176 179 180 183 181 178 181 182 185 183 180 183 184 187 185 182 185 186 189 187 184 187 188 191 189 186 189 190
INF INF INF INF INF INF INF INF INF INF INF INF INF INF INF INF INF INF INF INF INF INF INF INF INF INF INF INF INF INF INF INF INF 0 3 4 2 5 2 5 6 4 7 4 7 8 6 9 6 9 10 8 11 8 11 12 10 13 10 13 14 12 15 12 15 16 14 17 14 17 18 16 19 16 19 20 18 21 18 21 22 20 23 20 23 24 22 25 22 25 26 24 27 24 27 28 26 29 26 29 30 28 31 28 31 32 30 33 30 33 34 32 35 32 35 36 34 37 34 37 38 36 39 36 39 40 38 41 38 41 42 40 43 40 43 44 42 45 42 45 46 44 47 44 47 48 46 49 46 49 50 48 51 48 51 52 50 53 50 53 54 52 55 52 55 56 54 57 54 57 58 56 59 56 59 60 58 61 58 61 62 60 63 60 63 64 62 65 62 65 66 64 67 64 67 68 66 69 66 69 70 68 71 68 71 72 70 73 70 73 74 72 75 72 75 76 74 77 74 77 78 76 79 76 79 80 78 81 78 81 82 80 83 80 83 84 82 85 82 85 86 84 87 84 87 88 86 89 86 89 90 88 91 88 91 92 90 93 90 93 94 92 95 92 95 96 94 97 94 97 98 96 99 96 99 100 98 101 98 101 102 100 103 100 103 104 102 105 102 105 106 104 107 104 107 108 106 109 106 109 110 108 111 108 111 112 110 113 110 113 114 112 115 112 115 116 114 117 114 117 118 116 119 116 119 120 118 121 118 121 122 120 123 120 123 124 122 125 122 125 126 124 127 124 127 128 126 129 126 129 130 128 131 128 131 132 130 133 130 133 134 132 135 132 135 136 134 137 134 137 138 136 139 136 139 140 138 141 138 141 142 140 143 140 143 144 142 145 142 145 146 144 147 144 147 148 146 149 146 149 150 148 151 148 151 152 150 153 150 153 154 152 155 152 155 156 154 157 154 157 158 156 159 156 159 160 158 161 158 161 162 160 163 160 163 164 162 165 162 165 166 164 167 164 167 168 166 169 166 169 170 168 171 168 171 172 170 173 170 173 174 172 175 172 175 176 174 177 174 177 178 176 179 176 179 180 178 181 178 181 182 180 183 180 183 184 182 185 182 185 186 184 187 184 187 188 186 189 186 189
INF INF INF INF INF INF INF INF INF INF INF INF INF INF INF INF INF INF INF INF INF INF INF INF INF INF INF INF INF INF INF INF INF INF 0 3 1 4 5 2 5 3 6 7 4 7 5 8 9 6 9 7 10 11 8 11 9 12 13 10 13 11 14 15 12 15 13 16 17 14 17 15 18 19 16 19 17 20 21 18 21 19 22 23 20 23 21 24 25 22 25 23 26 27 24 27 25 28 29 26 29 27 30 31 28 31 29 32 33 30 33 31 34 35 32 35 33 36 37 34 37 35 38 39 36 39 37 40 41 38 41 39 42 43 40 43 41 44 45 42 45 43 46 47 44 47 45 48 49 46 49 47 50 51 48 51 49 52 53 50 53 51 54 55 52 55 53 56 57 54 57 55 58 59 56 59 57 60 61 58 61 59 62 63 60 63 61 64 65 62 65 63 66 67 64 67 65 68 69 66 69 67 70 71 68 71 69 72 73 70 73 71 74 75 72 75 73 76 77 74 77 75 78 79 76 79 77 80 81 78 81 79 82 83 80 83 81 84 85 82 85 83 86 87 84 87 85 88 89 86 89 87 90 91 88 91 89 92 93 90 93 91 94 95 92 95 93 96 97 94 97 95 98 99 96 99 97 100 101 98 101 99 102 103 100 103 101 104 105 102 105 103 106 107 104 107 105 108 109 106 109 107 110 111 108 111 109 112 113 110 113 111 114 115 112 115 113 116 117 114 117 115 118 119 116 119 117 120 121 118 121 119 122 123 120 123 121 124 125 122 125 123 126 127 124 127 125 128 129 126 129 127 130 131 128 131 129 132 133 130 133 131 134 135 132 135 133 136 137 134 137 135 138 139 136 139 137 140 141 138 141 139 142 143 140 143 141 144 145 142 145 143 146 147 144 147 145 148 149 146 149 147 150 151 148 151 149 152 153 150 153 151 154 155 152 155 153 156 157 154 157 155 158 159 156 159 157 160 161 158 161 159 162 163 160 163 161 164 165 162 165 163 166 167 164 167 165 168 169 166 169 167 170 171 168 171 169 172 173 170 173 171 174 175 172 175 173 176 177 174 177 175 178 179 176 179 177 180 181 178 181 179 182 183 180 183 181 184 185 182 185 183 186 187 184 187 185 188 189 186
INF INF INF INF INF INF INF INF INF INF INF INF INF INF INF INF INF INF INF INF INF INF INF INF INF INF INF INF INF INF INF INF INF INF INF 0 -2 1 2 5 2 0 3 4 7 4 2 5 6 9 6 4 7 8 11 8 6 9 10 13 10 8 11 12 15 12 10 13 14 17 14 12 15 16 19 16 14 17 18 21 18 16 19 20 23 20 18 21 22 25 22 20 23 24 27 24 22 25 26 29 26 24 27 28 31 28 26 29 30 33 30 28 31 32 35 32 30 33 34 37 34 32 35 36 39 36 34 37 38 41 38 36 39 40 43 40 38 41 42 45 42 40 43 44 47 44 42 45 46 49 46 44 47 48 51 48 46 49 50 53 50 48 51 52 55 52 50 53 54 57 54 52 55 56 59 56 54 57 58 61 58 56 59 60 63 60 58 61 62 65 62 60 63 64 67 64 62 65 66 69 66 64 67 68 71 68 66 69 70 73 70 68 71 72 75 72 70 73 74 77 74 72 75 76 79 76 74 77 78 81 78 76 79 80 83 80 78 81 82 85 82 80 83 84 87 84 82 85 86 89 86 84 87 88 91 88 86 89 90 93 90 88 91 92 95 92 90 93 94 97 94 92 95 96 99 96 94 97 98 101 98 96 99 100 103 100 98 101 102 105 102 100 103 104 107 104 102 105 106 109 106 104 107 108 111 108 106 109 110 113 110 108 111 112 115 112 110 113 114 117 114 112 115 116 119 116 114 117 118 121 118 116 119 120 123 120 118 121 122 125 122 120 123 124 127 124 122 125 126 129 126 124 127 128 131 128 126 129 130 133 130 128 131 132 135 132 130 133 134 137 134 132 135 136 139 136 134 137 138 141 138 136 139 140 143 140 138 141 142 145 142 140 143 144 147 144 142 145 146 149 146 144 147 148 151 148 146 149 150 153 150 148 151 152 155 152 150 153 154 157 154 152 155 156 159 156 154 157 158 161 158 156 159 160 163 160 158 161 162 165 162 160 163 164 167 164 162 165 166 169 166 164 167 168 171 168 166 169 170 173 170 168 171 172 175 172 170 173 174 177 174 172 175 176 179 176 174 177 178 181 178 176 179 180 183 180 178 181 182 185 182 180 183 184 187 184 182 185 186 189
INF INF INF INF INF INF INF INF INF INF INF INF INF INF INF INF INF INF INF INF INF INF INF INF INF INF INF INF INF INF INF INF INF INF INF INF 0 3 4 7 8 2 5 6 9 10 4 7 8 11 12 6 9 10 13 14 8 11 12 15 16 10 13 14 17 18 12 15 16 19 20 14 17 18 21 22 16 19 20 23 24 18 21 22 25 26 20 23 24 27 28 22 25 26 29 30 24 27 28 31 32 26 29 30 33 34 28 31 32 35 36 30 33 34 37 38 32 35 36 39 40 34 37 38 41 42 36 39 40 43 44 38 41 42 45 46 40 43 44 47 48 42 45 46 49 50 44 47 48 51 52 46 49 50 53 54 48 51 52 55 56 50 53 54 57 58 52 55 56 59 60 54 57 58 61 62 56 59 60 63 64 58 61 62 65 66 60 63 64 67 68 62 65 66 69 70 64 67 68 71 72 66 69 70 73 74 68 71 72 75 76 70 73 74 77 78 72 75 76 79 80 74 77 78 81 82 76 79 80 83 84 78 81 82 85 86 80 83 84 87 88 82 85 86 89 90 84 87 88 91 92 86 89 90 93 94 88 91 92 95 96 90 93 94 97 98 92 95 96 99 100 94 97 98 101 102 96 99 100 103 104 98 101 102 105 106 100 103 104 107 108 102 105 106 109 110 104 107 108 111 112 106 109 110 113 114 108 111 112 115 116 110 113 114 117 118 112 115 116 119 120 114 117 118 121 122 116 119 120 123 124 118 121 122 125 126 120 123 124 127 128 122 125 126 129 130 124 127 128 131 132 126 129 130 133 134 128 131 132 135 136 130 133 134 137 138 132 135 136 139 140 134 137 138 141 142 136 139 140 143 144 138 141 142 145 146 140 143 144 147 148 142 145 146 149 150 144 147 148 151 152 146 149 150 153 154 148 151 152 155 156 150 153 154 157 158 152 155 156 159 160 154 157 158 161 162 156 159 160 163 164 158 161 162 165 166 160 163 164 167 168 162 165 166 169 170 164 167 168 171 172 166 169 170 173 174 168 171 172 175 176 170 173 174 177 178 172 175 176 179 180 174 177 178 181 182 176 179 180 183 184 178 181 182 185 186 180 183 184 187 188 182 185 186 189 190 184 187 188 191
INF INF INF INF INF INF INF INF INF INF INF INF INF INF INF INF INF INF INF INF INF INF INF INF INF INF INF INF INF INF INF INF INF INF INF INF INF 0 3 4 7 5 2 5 6 9 7 4 7 8 11 9 6 9 10 13 11 8 11 12 15 13 10 13 14 17 15 12 15 16 19 17 14 17 18 21 19 16 19 20 23 21 18 21 22 25 23 20 23 24 27 25 22 25 26 29 27 24 27 28 31 29 26 29 30 33 31 28 31 32 35 33 30 33 34 37 35 32 35 36 39 37 34 37 38 41 39 36 39 40 43 41 38 41 42 45 43 40 43 44 47 45 42 45 46 49 47 44 47 48 51 49 46 49 50 53 51 48 51 52 55 53 50 53 54 57 55 52 55 56 59 57 54 57 58 61 59 56 59 60 63 61 58 61 62 65 63 60 63 64 67 65 62 65 66 69 67 64 67 68 71 69 66 69 70 73 71 68 71 72 75 73 70 73 74 77 75 72 75 76 79 77 74 77 78 81 79 76 79 80 83 81 78 81 82 85 83 80 83 84 87 85 82 85 86 89 87 84 87 88 91 89 86 89 90 93 91 88 91 92 95 93 90 93 94 97 95 92 95 96 99 97 94 97 98 101 99 96 99 100 103 101 98 101 102 105 103 100 103 104 107 105 102 105 106 109 107 104 107 108 111 109 106 109 110 113 111 108 111 112 115 113 110 113 114 117 115 112 115 116 119 117 114 117 118 121 119 116 119 120 123 121 118 121 122 125 123 120 123 124 127 125 122 125 126 129 127 124 127 128 131 129 126 129 130 133 131 128 131 132 135 133 130 133 134 137 135 132 135 136 139 137 134 137 138 141 139 136 139 140 143 141 138 141 142 145 143 140 143 144 147 145 142 145 146 149 147 144 147 148 151 149 146 149 150 153 151 148 151 152 155 153 150 153 154 157 155 152 155 156 159 157 154 157 158 161 159 156 159 160 163 161 158 161 162 165 163 160 163 164 167 165 162 165 166 169 167 164 167 168 171 169 166 169 170 173 171 168 171 172 175 173 170 173 174 177 175 172 175 176 179 177 174 177 178 181 179 176 179 180 183 181 178 181 182 185 183 180 183 184 187 185 182 185 186 189 187 184 187 188
INF INF INF INF INF INF INF INF INF INF INF INF INF INF INF INF INF INF INF INF INF INF INF INF INF INF INF INF INF INF INF INF INF INF INF INF INF INF 0 3 4 2 5 2 5 6 4 7 4 7 8 6 9 6 9 10 8 11 8 11 12 10 13 10 13 14 12 15 12 15 16 14 17 14 17 18 16 19 16 19 20 18 21 18 21 22 20 23 20 23 24 22 25 22 25 26 24 27 24 27 28 26 29 26 29 30 28 31 28 31 32 30 33 30 33 34 32 35 32 35 36 34 37 34 37 38 36 39 36 39 40 38 41 38 41 42 40 43 40 43 44 42 45 42 45 46 44 47 44 47 48 46 49 46 49 50 48 51 48 51 52 50 53 50 53 54 52 55 52 55 56 54 57 54 57 58 56 59 56 59 60 58 61 58 61 62 60 63 60 63 64 62 65 62 65 66 64 67 64 67 68 66 69 66 69 70 68 71 68 71 72 70 73 70 73 74 72 75 72 75 76 74 77 74 77 78 76 79 76 79 80 78 81 78 81 82 80 83 80 83 84 82 85 82 85 86 84 87 84 87 88 86 89 86 89 90 88 91 88 91 92 90 93 90 93 94 92 95 92 95 96 94 97 94 97 98 96 99 96 99 100 98 101 98 101 102 100 103 100 103 104 102 105 102 105 106 104 107 104 107 108 106 109 106 109 110 108 111 108 111 112 110 113 110 113 114 112 115 112 115 116 114 117 114 117 118 116 119 116 119 120 118 121 118 121 122 120 123 120 123 124 122 125 122 125 126 124 127 124 127 128 126 129 126 129 130 128 131 128 131 132 130 133 130 133 134 132 135 132 135 136 134 137 134 137 138 136 139 136 139 140 138 141 138 141 142 140 143 140 143 144 142 145 142 145 146 144 147 144 147 148 146 149 146 149 150 148 151 148 151 152 150 153 150 153 154 152 155 152 155 156 154 157 154 157 158 156 159 156 159 160 158 161 158 161 162 160 163 160 163 164 162 165 162 165 166 164 167 164 167 168 166 169 166 169 170 168 171 168 171 172 170 173 170 173 174 172 175 172 175 176 174 177 174 177 178 176 179 176 179 180 178 181 178 181 182 180 183 180 183 184 182 185 182 185 186 184 187 184 187
INF INF INF INF INF INF INF INF INF INF INF INF INF INF INF INF INF INF INF INF INF INF INF INF INF INF INF INF INF INF INF INF INF INF INF INF INF INF INF 0 3 1 4 5 2 5 3 6 7 4 7 5 8 9 6 9 7 10 11 8 11 9 12 13 10 13 11 14 15 12 15 13 16 17 14 17 15 18 19 16 19 17 20 21 18 21 19 22 23 20 23 21 24 25 22 25 23 26 27 24 27 25 28 29 26 29 27 30 31 28 31 29 32 33 30 33 31 34 35 32 35 33 36 37 34 37 35 38 39 36 39 37 40 41 38 41 39 42 43 40 43 41 44 45 42 45 43 46 47 44 47 45 48 49 46 49 47 50 51 48 51 49 52 53 50 53 51 54 55 52 55 53 56 57 54 57 55 58 59 56 59 57 60 61 58 61 59 62 63 60 63 61 64 65 62 65 63 66 67 64 67 65 68 69 66 69 67 70 71 68 71 69 72 73 70 73 71 74 75 72 75 73 76 77 74 77 75 78 79 76 79 77 80 81 78 81 79 82 83 80 83 81 84 85 82 85 83 86 87 84 87 85 88 89 86 89 87 90 91 88 91 89 92 93 90 93 91 94 95 92 95 93 96 97 94 97 95 98 99 96 99 97 100 101 98 101 99 102 103 100 103 101 104 105 102 105 103 106 107 104 107 105 108 109 106 109 107 110 111 108 111 109 112 113 110 113 111 114 115 112 115 113 116 117 114 117 115 118 119 116 119 117 120 121 118 121 119 122 123 120 123 121 124 125 122 125 123 126 127 124 127 125 128 129 126 129 127 130 131 128 131 129 132 133 130 133 131 134 135 132 135 133 136 137 134 137 135 138 139 136 139 137 140 141 138 141 139 142 143 140 143 141 144 145 142 145 143 146 147 144 147 145 148 149 146 149 147 150 151 148 151 149 152 153 150 153 151 154 155 152 155 153 156 157 154 157 155 158 159 156 159 157 160 161 158 161 159 162 163 160 163 161 164 165 162 165 163 166 167 164 167 165 168 169 166 169 167 170 171 168 171 169 172 173 170 173 171 174 175 172 175 173 176 177 174 177 175 178 179 176 179 177 180 181 178 181 179 182 183 180 183 181 184 185 182 185 183 186 187 184
INF INF INF INF INF INF INF INF INF INF INF INF INF INF INF INF INF INF INF INF INF INF INF INF INF INF INF INF INF INF INF INF INF INF INF INF INF INF INF INF 0 -2 1 2 5 2 0 3 4 7 4 2 5 6 9 6 4 7 8 11 8 6 9 10 13 10 8 11 12 15 12 10 13 14 17 14 12 15 16 19 16 14 17 18 21 18 16 19 20 23 20 18 21 22 25 22 20 23 24 27 24 22 25 26 29 26 24 27 28 31 28 26 29 30 33 30 28 31 32 35 32 30 33 34 37 34 32 35 36 39 36 34 37 38 41 38 36 39 40 43 40 38 41 42 45 42 40 43 44 47 44 42 45 46 49 46 44 47 48 51 48 46 49 50 53 50 48 51 52 55 52 50 53 54 57 54 52 55 56 59 56 54 57 58 61 58 56 59 60 63 60 58 61 62 65 62 60 63 64 67 64 62 65 66 69 66 64 67 68 71 68 66 69 70 73 70 68 71 72 75 72 70 73 74 77 74 72 75 76 79 76 74 77 78 81 78 76 79 80 83 80 78 81 82 85 82 80 83 84 87 84 82 85 86 89 86 84 87 88 91 88 86 89 90 93 90 88 91 92 95 92 90 93 94 97 94 92 95 96 99 96 94 97 98 101 98 96 99 100 103 100 98 101 102 105 102 100 103 104 107 104 102 105 106 109 106 104 107 108 111 108 106 109 110 113 110 108 111 112 115 112 110 113 114 117 114 112 115 116 119 116 114 117 118 121 118 116 119 120 123 120 118 121 122 125 122 120 123 124 127 124 122 125 126 129 126 124 127 128 131 128 126 129 130 133 130 128 131 132 135 132 130 133 134 137 134 132 135 136 139 136 134 137 138 141 138 136 139 140 143 140 138 141 142 145 142 140 143 144 147 144 142 145 146 149 146 144 147 148 151 148 146 149 150 153 150 148 151 152 155 152 150 153 154 157 154 152 155 156 159 156 154 157 158 161 158 156 159 160 163 160 158 161 162 165 162 160 163 164 167 164 162 165 166 169 166 164 167 168 171 168 166 169 170 173 170 168 171 172 175 172 170 173 174 177 174 172 175 176 179 176 174 177 178 181 178 176 179 180 183 180 178 181 182 185 182 180 183 184 187
INF INF INF INF INF INF INF INF INF INF INF INF INF INF INF INF INF INF INF INF INF INF INF INF INF INF INF INF INF INF INF INF INF INF INF INF INF INF INF INF INF 0 3 4 7 8 2 5 6 9 10 4 7 8 11 12 6 9 10 13 14 8 11 12 15 16 10 13 14 17 18 12 15 16 19 20 14 17 18 21 22 16 19 20 23 24 18 21 22 25 26 20 23 24 27 28 22 25 26 29 30 24 27 28 31 32 26 29 30 33 34 28 31 32 35 36 30 33 34 37 38 32 35 36 39 40 34 37 38 41 42 36 39 40 43 44 38 41 42 45 46 40 43 44 47 48 42 45 46 49 50 44 47 48 51 52 46 49 50 53 54 48 51 52 55 56 50 53 54 57 58 52 55 56 59 60 54 57 58 61 62 56 59 60 63 64 58 61 62 65 66 60 63 64 67 68 62 65 66 69 70 64 67 68 71 72 66 69 70 73 74 68 71 72 75 76 70 73 74 77 78 72 75 76 79 80 74 77 78 81 82 76 79 80 83 84 78 81 82 85 86 80 83 84 87 88 82 85 86 89 90 84 87 88 91 92 86 89 90 93 94 88 91 92 95 96 90 93 94 97 98 92 95 96 99 100 94 97 98 101 102 96 99 100 103 104 98 101 102 105 106 100 103 104 107 108 102 105 106 109 110 104 107 108 111 112 106 109 110 113 114 108 111 112 115 116 110 113 114 117 118 112 115 116 119 120 114 117 118 121 122 116 119 120 123 124 118 121 122 125 126 120 123 124 127 128 122 125 126 129 130 124 127 128 131 132 126 129 130 133 134 128 131 132 135 136 130 133 134 137 138 132 135 136 139 140 134 137 138 141 142 136 139 140 143 144 138 141 142 145 146 140 143 144 147 148 142 145 146 149 150 144 147 148 151 152 146 149 150 153 154 148 151 152 155 156 150 153 154 157 158 152 155 156 159 160 154 157 158 161 162 156 159 160 163 164 158 161 162 165 166 160 163 164 167 168 162 165 166 169 170 164 167 168 171 172 166 169 170 173 174 168 171 172 175 176 170 173 174 177 178 172 175 176 179 180 174 177 178 181 182 176 179 180 183 184 178 181 182 185 186 180 183 184 187 188 182 185 186 189
INF INF INF INF INF INF INF INF INF INF INF INF INF INF INF INF INF INF INF INF INF INF INF INF INF INF INF INF INF INF INF INF INF INF INF INF INF INF INF INF INF INF 0 3 4 7 5 2 5 6 9 7 4 7 8 11 9 6 9 10 13 11 8 11 12 15 13 10 13 14 17 15 12 15 16 19 17 14 17 18 21 19 16 19 20 23 21 18 21 22 25 23 20 23 24 27 25 22 25 26 29 27 24 27 28 31 29 26 29 30 33 31 28 31 32 35 33 30 33 34 37 35 32 35 36 39 37 34 37 38 41 39 36 39 40 43 41 38 41 42 45 43 40 43 44 47 45 42 45 46 49 47 44 47 48 51 49 46 49 50 53 51 48 51 52 55 53 50 53 54 57 55 52 55 56 59 57 54 57 58 61 59 56 59 60 63 61 58 61 62 65 63 60 63 64 67 65 62 65 66 69 67 64 67 68 71 69 66 69 70 73 71 68 71 72 75 73 70 73 74 77 75 72 75 76 79 77 74 77 78 81 79 76 79 80 83 81 78 81 82 85 83 80 83 84 87 85 82 85 86 89 87 84 87 88 91 89 86 89 90 93 91 88 91 92 95 93 90 93 94 97 95 92 95 96 99 97 94 97 98 101 99 96 99 100 103 101 98 101 102 105 103 100 103 104 107 105 102 105 106 109 107 104 107 108 111 109 106 109 110 113 111 108 111 112 115 113 110 113 114 117 115 112 115 116 119 117 114 117 118 121 119 116 119 120 123 121 118 121 122 125 123 120 123 124 127 125 122 125 126 129 127 124 127 128 131 129 126 129 130 133 131 128 131 132 135 133 130 133 134 137 135 132 135 136 139 137 134 137 138 141 139 136 139 140 143 141 138 141 142 145 143 140 143 144 147 145 142 145 146 149 147 144 147 148 151 149 146 149 150 153 151 148 151 152 155 153 150 153 154 157 155 152 155 156 159 157 154 157 158 161 159 156 159 160 163 161 158 161 162 165 163 160 163 164 167 165 162 165 166 169 167 164 167 168 171 169 166 169 170 173 171 168 171 172 175 173 170 173 174 177 175 172 175 176 179 177 174 177 178 181 179 176 179 180 183 181 178 181 182 185 183 180 183 184 187 185 182 185 186
INF INF INF INF INF INF INF INF INF INF INF INF INF INF INF INF INF INF INF INF INF INF INF INF INF INF INF INF INF INF INF INF INF INF INF INF INF INF INF INF INF INF INF 0 3 4 2 5 2 5 6 4 7 4 7 8 6 9 6 9 10 8 11 8 11 12 10 13 10 13 14 12 15 12 15 16 14 17 14 17 18 16 19 16 19 20 18 21 18 21 22 20 23 20 23 24 22 25 22 25 26 24 27 24 27 28 26 29 26 29 30 28 31 28 31 32 30 33 30 33 34 32 35 32 35 36 34 37 34 37 38 36 39 36 39 40 38 41 38 41 42 40 43 40 43 44 42 45 42 45 46 44 47 44 47 48 46 49 46 49 50 48 51 48 51 52 50 53 50 53 54 52 55 52 55 56 54 57 54 57 58 56 59 56 59 60 58 61 58 61 62 60 63 60 63 64 62 65 62 65 66 64 67 64 67 68 66 69 66 69 70 68 71 68 71 72 70 73 70 73 74 72 75 72 75 76 74 77 74 77 78 76 79 76 79 80 78 81 78 81 82 80 83 80 83 84 82 85 82 85 86 84 87 84 87 88 86 89 86 89 90 88 91 88 91 92 90 93 90 93 94 92 95 92 95 96 94 97 94 97 98 96 99 96 99 100 98 101 98 101 102 100 103 100 103 104 102 105 102 105 106 104 107 104 107 108 106 109 106 109 110 108 111 108 111 112 110 113 110 113 114 112 115 112 115 116 114 117 114 117 118 116 119 116 119 120 118 121 118 121 122 120 123 120 123 124 122 125 122 125 126 124 127 124 127 128 126 129 126 129 130 128 131 128 131 132 130 133 130 133 134 132 135 132 135 136 134 137 134 137 138 136 139 136 139 140 138 141 138 141 142 140 143 140 143 144 142 145 142 145 146 144 147 144 147 148 146 149 146 149 150 148 151 148 151 152 150 153 150 153 154 152 155 152 155 156 154 157 154 157 158 156 159 156 159 160 158 161 158 161 162 160 163 160 163 164 162 165 162 165 166 164 167 164 167 168 166 169 166 169 170 168 171 168 171 172 170 173 170 173 174 172 175 172 175 176 174 177 174 177 178 176 179 176 179 180 178 181 178 181 182 180 183 180 183 184 182 185 182 185
INF INF INF INF INF INF INF INF INF INF INF INF INF INF INF INF INF INF INF INF INF INF INF INF INF INF INF INF INF INF INF INF INF INF INF INF INF INF INF INF INF INF INF INF 0 3 1 4 5 2 5 3 6 7 4 7 5 8 9 6 9 7 10 11 8 11 9 12 13 10 13 11 14 15 12 15 13 16 17 14 17 15 18 19 16 19 17 20 21 18 21 19 22 23 20 23 21 24 25 22 25 23 26 27 24 27 25 28 29 26 29 27 30 31 28 31 29 32 33 30 33 31 34 35 32 35 33 36 37 34 37 35 38 39 36 39 37 40 41 38 41 39 42 43 40 43 41 44 45 42 45 43 46 47 44 47 45 48 49 46 49 47 50 51 48 51 49 52 53 50 53 51 54 55 52 55 53 56 57 54 57 55 58 59 56 59 57 60 61 58 61 59 62 63 60 63 61 64 65 62 65 63 66 67 64 67 65 68 69 66 69 67 70 71 68 71 69 72 73 70 73 71 74 75 72 75 73 76 77 74 77 75 78 79 76 79 77 80 81 78 81 79 82 83 80 83 81 84 85 82 85 83 86 87 84 87 85 88 89 86 89 87 90 91 88 91 89 92 93 90 93 91 94 95 92 95 93 96 97 94 97 95 98 99 96 99 97 100 101 98 101 99 102 103 100 103 101 104 105 102 105 103 106 107 104 107 105 108 109 106 109 107 110 111 108 111 109 112 113 110 113 111 114 115 112 115 113 116 117 114 117 115 118 119 116 119 117 120 121 118 121 119 122 123 120 123 121 124 125 122 125 123 126 127 124 127 125 128 129 126 129 127 130 131 128 131 129 132 133 130 133 131 134 135 132 135 133 136 137 134 137 135 138 139 136 139 137 140 141 138 141 139 142 143 140 143 141 144 145 142 145 143 146 147 144 147 145 148 149 146 149 147 150 151 148 151 149 152 153 150 153 151 154 155 152 155 153 156 157 154 157 155 158 159 156 159 157 160 161 158 161 159 162 163 160 163 161 164 165 162 165 163 166 167 164 167 165 168 169 166 169 167 170 171 168 171 169 172 173 170 173 171 174 175 172 175 173 176 177 174 177 175 178 179 176 179 177 180 181 178 181 179 182 183 180 183 181 184 185 182
INF INF INF INF INF INF INF INF INF INF INF INF INF INF INF INF INF INF INF INF INF INF INF INF INF INF INF INF INF INF INF INF INF INF INF INF INF INF INF INF INF INF INF INF INF 0 -2 1 2 5 2 0 3 4 7 4 2 5 6 9 6 4 7 8 11 8 6 9 10 13 10 8 11 12 15 12 10 13 14 17 14 12 15 16 19 16 14 17 18 21 18 16 19 20 23 20 18 21 22 25 22 20 23 24 27 24 22 25 26 29 26 24 27 28 31 28 26 29 30 33 30 28 31 32 35 32 30 33 34 37 34 32 35 36 39 36 34 37 38 41 38 36 39 40 43 40 38 41 42 45 42 40 43 44 47 44 42 45 46 49 46 44 47 48 51 48 46 49 50 53 50 48 51 52 55 52 50 53 54 57 54 52 55 56 59 56 54 57 58 61 58 56 59 60 63 60 58 61 62 65 62 60 63 64 67 64 62 65 66 69 66 64 67 68 71 68 66 69 70 73 70 68 71 72 75 72 70 73 74 77 74 72 75 76 79 76 74 77 78 81 78 76 79 80 83 80 78 81 82 85 82 80 83 84 87 84 82 85 86 89 86 84 87 88 91 88 86 89 90 93 90 88 91 92 95 92 90 93 94 97 94 92 95 96 99 96 94 97 98 101 98 96 99 100 103 100 98 101 102 105 102 100 103 104 107 104 102 105 106 109 106 104 107 108 111 108 106 109 110 113 110 108 111 112 115 112 110 113 114 117 114 112 115 116 119 116 114 117 118 121 118 116 119 120 123 120 118 121 122 125 122 120 123 124 127 124 122 125 126 129 126 124 127 128 131 128 126 129 130 133 130 128 131 132 135 132 130 133 134 137 134 132 135 136 139 136 134 137 138 141 138 136 139 140 143 140 138 141 142 145 142 140 143 144 147 144 142 145 146 149 146 144 147 148 151 148 146 149 150 153 150 148 151 152 155 152 150 153 154 157 154 152 155 156 159 156 154 157 158 161 158 156 159 160 163 160 158 161 162 165 162 160 163 164 167 164 162 165 166 169 166 164 167 168 171 168 166 169 170 173 170 168 171 172 175 172 170 173 174 177 174 172 175 176 179 176 174 177 178 181 178 176 179 180 183 180 178 181 182 185
INF INF INF INF INF INF INF INF INF INF INF INF INF INF INF INF INF INF INF INF INF INF INF INF INF INF INF INF INF INF INF INF INF INF INF INF INF INF INF INF INF INF INF INF INF INF 0 3 4 7 8 2 5 6 9 10 4 7 8 11 12 6 9 10 13 14 8 11 12 15 16 10 13 14 17 18 12 15 16 19 20 14 17 18 21 22 16 19 20 23 24 18 21 22 25 26 20 23 24 27 28 22 25 26 29 30 24 27 28 31 32 26 29 30 33 34 28 31 32 35 36 30 33 34 37 38 32 35 36 39 40 34 37 38 41 42 36 39 40 43 44 38 41 42 45 46 40 43 44 47 48 42 45 46 49 50 44 47 48 51 52 46 49 50 53 54 48 51 52 55 56 50 53 54 57 58 52 55 56 59 60 54 57 58 61 62 56 59 60 63 64 58 61 62 65 66 60 63 64 67 68 62 65 66 69 70 64 67 68 71 72 66 69 70 73 74 68 71 72 75 76 70 73 74 77 78 72 75 76 79 80 74 77 78 81 82 76 79 80 83 84 78 81 82 85 86 80 83 84 87 88 82 85 86 89 90 84 87 88 91 92 86 89 90 93 94 88 91 92 95 96 90 93 94 97 98 92 95 96 99 100 94 97 98 101 102 96 99 100 103 104 98 101 102 105 106 100 103 104 107 108 102 105 106 109 110 104 107 108 111 112 106 109 110 113 114 108 111 112 115 116 110 113 114 117 118 112 115 116 119 120 114 117 118 121 122 116 119 120 123 124 118 121 122 125 126 120 123 124 127 128 122 125 126 129 130 124 127 128 131 132 126 129 130 133 134 128 131 132 135 136 130 133 134 137 138 132 135 136 139 140 134 137 138 141 142 136 139 140 143 144 138 141 142 145 146 140 143 144 147 148 142 145 146 149 150 144 147 148 151 152 146 149 150 153 154 148 151 152 155 156 150 153 154 157 158 152 155 156 159 160 154 157 158 161 162 156 159 160 163 164 158 161 162 165 166 160 163 164 167 168 162 165 166 169 170 164 167 168 171 172 166 169 170 173 174 168 171 172 175 176 170 173 174 177 178 172 175 176 179 180 174 177 178 181 182 176 179 180 183 184 178 181 182 185 186 180 183 184 187
INF INF INF INF INF INF INF INF INF INF INF INF INF INF INF INF INF INF INF INF INF INF INF INF INF INF INF INF INF INF INF INF INF INF INF INF INF INF INF INF INF INF INF INF INF INF INF 0 3 4 7 5 2 5 6 9 7 4 7 8 11 9 6 9 10 13 11 8 11 12 15 13 10 13 14 17 15 12 15 16 19 17 14 17 18 21 19 16 19 20 23 21 18 21 22 25 23 20 23 24 27 25 22 25 26 29 27 24 27 28 31 29 26 29 30 33 31 28 31 32 35 33 30 33 34 37 35 32 35 36 39 37 34 37 38 41 39 36 39 40 43 41 38 41 42 45 43 40 43 44 47 45 42 45 46 49 47 44 47 48 51 49 46 49 50 53 51 48 51 52 55 53 50 53 54 57 55 52 55 56 59 57 54 57 58 61 59 56 59 60 63 61 58 61 62 65 63 60 63 64 67 65 62 65 66 69 67 64 67 68 71 69 66 69 70 73 71 68 71 72 75 73 70 73 74 77 75 72 75 76 79 77 74 77 78 81 79 76 79 80 83 81 78 81 82 85 83 80 83 84 87 85 82 85 86 89 87 84 87 88 91 89 86 89 90 93 91 88 91 92 95 93 90 93 94 97 95 92 95 96 99 97 94 97 98 101 99 96 99 100 103 101 98 101 102 105 103 100 103 104 107 105 102 105 106 109 107 104 107 108 111 109 106 109 110 113 111 108 111 112 115 113 110 113 114 117 115 112 115 116 119 117 114 117 118 121 119 116 119 120 123 121 118 121 122 125 123 120 123 124 127 125 122 125 126 129 127 124 127 128 131 129 126 129 130 133 131 128 131 132 135 133 130 133 134 137 135 132 135 136 139 137 134 137 138 141 139 136 139 140 143 141 138 141 142 145 143 140 143 144 147 145 142 145 146 149 147 144 147 148 151 149 146 149 150 153 151 148 151 152 155 153 150 153 154 157 155 152 155 156 159 157 154 157 158 161 159 156 159 160 163 161 158 161 162 165 163 160 163 164 167 165 162 165 166 169 167 164 167 168 171 169 166 169 170 173 171 168 171 172 175 173 170 173 174 177 175 172 175 176 179 177 174 177 178 181 179 176 179 180 183 181 178 181 182 185 183 180 183 184
INF INF INF INF INF INF INF INF INF INF INF INF INF INF INF INF INF INF INF INF INF INF INF INF INF INF INF INF INF INF INF INF INF INF INF INF INF INF INF INF INF INF INF INF INF INF INF INF 0 3 4 2 5 2 5 6 4 7 4 7 8 6 9 6 9 10 8 11 8 11 12 10 13 10 13 14 12 15 12 15 16 14 17 14 17 18 16 19 16 19 20 18 21 18 21 22 20 23 20 23 24 22 25 22 25 26 24 27 24 27 28 26 29 26 29 30 28 31 28 31 32 30 33 30 33 34 32 35 32 35 36 34 37 34 37 38 36 39 36 39 40 38 41 38 41 42 40 43 40 43 44 42 45 42 45 46 44 47 44 47 48 46 49 46 49 50 48 51 48 51 52 50 53 50 53 54 52 55 52 55 56 54 57 54 57 58 56 59 56 59 60 58 61 58 61 62 60 63 60 63 64 62 65 62 65 66 64 67 64 67 68 66 69 66 69 70 68 71 68 71 72 70 73 70 73 74 72 75 72 75 76 74 77 74 77 78 76 79 76 79 80 78 81 78 81 82 80 83 80 83 84 82 85 82 85 86 84 87 84 87 88 86 89 86 89 90 88 91 88 91 92 90 93 90 93 94 92 95 92 95 96 94 97 94 97 98 96 99 96 99 100 98 101 98 101 102 100 103 100 103 104 102 105 102 105 106 104 107 104 107 108 106 109 106 109 110 108 111 108 111 112 110 113 110 113 114 112 115 112 115 116 114 117 114 117 118 116 119 116 119 120 118 121 118 121 122 120 123 120 123 124 122 125 122 125 126 124 127 124 127 128 126 129 126 129 130 128 131 128 131 132 130 133 130 133 134 132 135 132 135 136 134 137 134 137 138 136 139 136 139 140 138 141 138 141 142 140 143 140 143 144 142 145 142 145 146 144 147 144 147 148 146 149 146 149 150 148 151 148 151 152 150 153 150 153 154 152 155 152 155 156 154 157 154 157 158 156 159 156 159 160 158 161 158 161 162 160 163 160 163 164 162 165 162 165 166 164 167 164 167 168 166 169 166 169 170 168 171 168 171 172 170 173 170 173 174 172 175 172 175 176 174 177 174 177 178 176 179 176 179 180 178 181 178 181 182 180 183 180 183
INF INF INF INF INF INF INF INF INF INF INF INF INF INF INF INF INF INF INF INF INF INF INF INF INF INF INF INF INF INF INF INF INF INF INF INF INF INF INF INF INF INF INF INF INF INF INF INF INF 0 3 1 4 5 2 5 3 6 7 4 7 5 8 9 6 9 7 10 11 8 11 9 12 13 10 13 11 14 15 12 15 13 16 17 14 17 15 18 19 16 19 17 20 21 18 21 19 22 23 20 23 21 24 25 22 25 23 26 27 24 27 25 28 29 26 29 27 30 31 28 31 29 32 33 30 33 31 34 35 32 35 33 36 37 34 37 35 38 39 36 39 37 40 41 38 41 39 42 43 40 43 41 44 45 42 45 43 46 47 44 47 45 48 49 46 49 47 50 51 48 51 49 52 53 50 53 51 54 55 52 55 53 56 57 54 57 55 58 59 56 59 57 60 61 58 61 59 62 63 60 63 61 64 65 62 65 63 66 67 64 67 65 68 69 66 69 67 70 71 68 71 69 72 73 70 73 71 74 75 72 75 73 76 77 74 77 75 78 79 76 79 77 80 81 78 81 79 82 83 80 83 81 84 85 82 85 83 86 87 84 87 85 88 89 86 89 87 90 91 88 91 89 92 93 90 93 91 94 95 92 95 93 96 97 94 97 95 98 99 96 99 97 100 101 98 101 99 102 103 100 103 101 104 105 102 105 103 106 107 104 107 105 108 109 106 109 107 110 111 108 111 109 112 113 110 113 111 114 115 112 115 113 116 117 114 117 115 118 119 116 119 117 120 121 118 121 119 122 123 120 123 121 124 125 122 125 123 126 127 124 127 125 128 129 126 129 127 130 131 128 131 129 132 133 130 133 131 134 135 132 135 133 136 137 134 137 135 138 139 136 139 137 140 141 138 141 139 142 143 140 143 141 144 145 142 145 143 146 147 144 147 145 148 149 146 149 147 150 151 148 151 149 152 153 150 153 151 154 155 152 155 153 156 157 154 157 155 158 159 156 159 157 160 161 158 161 159 162 163 160 163 161 164 165 162 165 163 166 167 164 167 165 168 169 166 169 167 170 171 168 171 169 172 173 170 173 171 174 175 172 175 173 176 177 174 177 175 178 179 176 179 177 180 181 178 181 179 182 183 180
INF INF INF INF INF INF INF INF INF INF INF INF INF INF INF INF INF INF INF INF INF INF INF INF INF INF INF INF INF INF INF INF INF INF INF INF INF INF INF INF INF INF INF INF INF INF INF INF INF INF 0 -2 1 2 5 2 0 3 4 7 4 2 5 6 9 6 4 7 8 11 8 6 9 10 13 10 8 11 12 15 12 10 13 14 17 14 12 15 16 19 16 14 17 18 21 18 16 19 20 23 20 18 21 22 25 22 20 23 24 27 24 22 25 26 29 26 24 27 28 31 28 26 29 30 33 30 28 31 32 35 32 30 33 34 37 34 32 35 36 39 36 34 37 38 41 38 36 39 40 43 40 38 41 42 45 42 40 43 44 47 44 42 45 46 49 46 44 47 48 51 48 46 49 50 53 50 48 51 52 55 52 50 53 54 57 54 52 55 56 59 56 54 57 58 61 58 56 59 60 63 60 58 61 62 65 62 60 63 64 67 64 62 65 66 69 66 64 67 68 71 68 66 69 70 73 70 68 71 72 75 72 70 73 74 77 74 72 75 76 79 76 74 77 78 81 78 76 79 80 83 80 78 81 82 85 82 80 83 84 87 84 82 85 86 89 86 84 87 88 91 88 86 89 90 93 90 88 91 92 95 92 90 93 94 97 94 92 95 96 99 96 94 97 98 101 98 96 99 100 103 100 98 101 102 105 102 100 103 104 107 104 102 105 106 109 106 104 107 108 111 108 106 109 110 113 110 108 111 112 115 112 110 113 114 117 114 112 115 116 119 116 114 117 118 121 118 116 119 120 123 120 118 121 122 125 122 120 123 124 127 124 122 125 126 129 126 124 127 128 131 128 126 129 130 133 130 128 131 132 135 132 130 133 134 137 134 132 135 136 139 136 134 137 138 141 138 136 139 140 143 140 138 141 142 145 142 140 143 144 147 144 142 145 146 149 146 144 147 148 151 148 146 149 150 153 150 148 151 152 155 152 150 153 154 157 154 152 155 156 159 156 154 157 158 161 158 156 159 160 163 160 158 161 162 165 162 160 163 164 167 164 162 165 166 169 166 164 167 168 171 168 166 169 170 173 170 168 171 172 175 172 170 173 174 177 174 172 175 176 179 176 174 177 178 181 178 176 179 180 183
INF INF INF INF INF INF INF INF INF INF INF INF INF INF INF INF INF INF INF INF INF INF INF INF INF INF INF INF INF INF INF INF INF INF INF INF INF INF INF INF INF INF INF INF INF INF INF INF INF INF INF 0 3 4 7 8 2 5 6 9 10 4 7 8 11 12 6 9 10 13 14 8 11 12 15 16 10 13 14 17 18 12 15 16 19 20 14 17 18 21 22 16 19 20 23 24 18 21 22 25 26 20 23 24 27 28 22 25 26 29 30 24 27 28 31 32 26 29 30 33 34 28 31 32 35 36 30 33 34 37 38 32 35 36 39 40 34 37 38 41 42 36 39 40 43 44 38 41 42 45 46 40 43 44 47 48 42 45 46 49 50 44 47 48 51 52 46 49 50 53 54 48 51 52 55 56 50 53 54 57 58 52 55 56 59 60 54 57 58 61 62 56 59 60 63 64 58 61 62 65 66 60 63 64 67 68 62 65 66 69 70 64 67 68 71 72 66 69 70 73 74 68 71 72 75 76 70 73 74 77 78 72 75 76 79 80 74 77 78 81 82 76 79 80 83 84 78 81 82 85 86 80 83 84 87 88 82 85 86 89 90 84 87 88 91 92 86 89 90 93 94 88 91 92 95 96 90 93 94 97 98 92 95 96 99 100 94 97 98 101 102 96 99 100 103 104 98 101 102 105 106 100 103 104 107 108 102 105 106 109 110 104 107 108 111 112 106 109 110 113 114 108 111 112 115 116 110 113 114 117 118 112 115 116 119 120 114 117 118 121 122 116 119 120 123 124 118 121 122 125 126 120 123 124 127 128 122 125 126 129 130 124 127 128 131 132 126 129 130 133 134 128 131 132 135 136 130 133 134 137 138 132 135 136 139 140 134 137 138 141 142 136 139 140 143 144 138 141 142 145 146 140 143 144 147 148 142 145 146 149 150 144 147 148 151 152 146 149 150 153 154 148 151 152 155 156 150 153 154 157 158 152 155 156 159 160 154 157 158 161 162 156 159 160 163 164 158 161 162 165 166 160 163 164 167 168 162 165 166 169 170 164 167 168 171 172 166 169 170 173 174 168 171 172 175 176 170 173 174 177 178 172 175 176 179 180 174 177 178 181 182 176 179 180 183 184 178 181 182 185
INF INF INF INF INF INF INF INF INF INF INF INF INF INF INF INF INF INF INF INF INF INF INF INF INF INF INF INF INF INF INF INF INF INF INF INF INF INF INF INF INF INF INF INF INF INF INF INF INF INF INF INF 0 3 4 7 5 2 5 6 9 7 4 7 8 11 9 6 9 10 13 11 8 11 12 15 13 10 13 14 17 15 12 15 16 19 17 14 17 18 21 19 16 19 20 23 21 18 21 22 25 23 20 23 24 27 25 22 25 26 29 27 24 27 28 31 29 26 29 30 33 31 28 31 32 35 33 30 33 34 37 35 32 35 36 39 37 34 37 38 41 39 36 39 40 43 41 38 41 42 45 43 40 43 44 47 45 42 45 46 49 47 44 47 48 51 49 46 49 50 53 51 48 51 52 55 53 50 53 54 57 55 52 55 56 59 57 54 57 58 61 59 56 59 60 63 61 58 61 62 65 63 60 63 64 67 65 62 65 66 69 67 64 67 68 71 69 66 69 70 73 71 68 71 72 75 73 70 73 74 77 75 72 75 76 79 77 74 77 78 81 79 76 79 80 83 81 78 81 82 85 83 80 83 84 87 85 82 85 86 89 87 84 87 88 91 89 86 89 90 93 91 88 91 92 95 93 90 93 94 97 95 92 95 96 99 97 94 97 98 101 99 96 99 100 103 101 98 101 102 105 103 100 103 104 107 105 102 105 106 109 107 104 107 108 111 109 106 109 110 113 111 108 111 112 115 113 110 113 114 117 115 112 115 116 119 117 114 117 118 121 119 116 119 120 123 121 118 121 122 125 123 120 123 124 127 125 122 125 126 129 127 124 127 128 131 129 126 129 130 133 131 128 131 132 135 133 130 133 134 137 135 132 135 136 139 137 134 137 138 141 139 136 139 140 143 141 138 141 142 145 143 140 143 144 147 145 142 145 146 149 147 144 147 148 151 149 146 149 150 153 151 148 151 152 155 153 150 153 154 157 155 152 155 156 159 157 154 157 158 161 159 156 159 160 163 161 158 161 162 165 163 160 163 164 167 165 162 165 166 169 167 164 167 168 171 169 166 169 170 173 171 168 171 172 175 173 170 173 174 177 175 172 175 176 179 177 174 177 178 181 179 176 179 180 183 181 178 181 182
INF INF INF INF INF INF INF INF INF INF INF INF INF INF INF INF INF INF INF INF INF INF INF INF INF INF INF INF INF INF INF INF INF INF INF INF INF INF INF INF INF INF INF INF INF INF INF INF INF INF INF INF INF 0 3 4 2 5 2 5 6 4 7 4 7 8 6 9 6 9 10 8 11 8 11 12 10 13 10 13 14 12 15 12 15 16 14 17 14 17 18 16 19 16 19 20 18 21 18 21 22 20 23 20 23 24 22 25 22 25 26 24 27 24 27 28 26 29 26 29 30 28 31 28 31 32 30 33 30 33 34 32 35 32 35 36 34 37 34 37 38 36 39 36 39 40 38 41 38 41 42 40 43 40 43 44 42 45 42 45 46 44 47 44 47 48 46 49 46 49 50 48 51 48 51 52 50 53 50 53 54 52 55 52 55 56 54 57 54 57 58 56 59 56 59 60 58 61 58 61 62 60 63 60 63 64 62 65 62 65 66 64 67 64 67 68 66 69 66 69 70 68 71 68 71 72 70 73 70 73 74 72 75 72 75 76 74 77 74 77 78 76 79 76 79 80 78 81 78 81 82 80 83 80 83 84 82 85 82 85 86 84 87 84 87 88 86 89 86 89 90 88 91 88 91 92 90 93 90 93 94 92 95 92 95 96 94 97 94 97 98 96 99 96 99 100 98 101 98 101 102 100 103 100 103 104 102 105 102 105 106 104 107 104 107 108 106 109 106 109 110 108 111 108 111 112 110 113 110 113 114 112 115 112 115 116 114 117 114 117 118 116 119 116 119 120 118 121 118 121 122 120 123 120 123 124 122 125 122 125 126 124 127 124 127 128 126 129 126 129 130 128 131 128 131 132 130 133 130 133 134 132 135 132 135 136 134 137 134 137 138 136 139 136 139 140 138 141 138 141 142 140 143 140 143 144 142 145 142 145 146 144 147 144 147 148 146 149 146 149 150 148 151 148 151 152 150 153 150 153 154 152 155 152 155 156 154 157 154 157 158 156 159 156 159 160 158 161 158 161 162 160 163 160 163 164 162 165 162 165 166 164 167 164 167 168 166 169 166 169 170 168 171 168 171 172 170 173 170 173 174 172 175 172 175 176 174 177 174 177 178 176 179 176 179 180 178 181 178 181
INF INF INF INF INF INF INF INF INF INF INF INF INF INF INF INF INF INF INF INF INF INF INF INF INF INF INF INF INF INF INF INF INF INF INF INF INF INF INF INF INF INF INF INF INF INF INF INF INF INF INF INF INF INF 0 3 1 4 5 2 5 3 6 7 4 7 5 8 9 6 9 7 10 11 8 11 9 12 13 10 13 11 14 15 12 15 13 16 17 14 17 15 18 19 16 19 17 20 21 18 21 19 22 23 20 23 21 24 25 22 25 23 26 27 24 27 25 28 29 26 29 27 30 31 28 31 29 32 33 30 33 31 34 35 32 35 33 36 37 34 37 35 38 39 36 39 37 40 41 38 41 39 42 43 40 43 41 44 45 42 45 43 46 47 44 47 45 48 49 46 49 47 50 51 48 51 49 52 53 50 53 51 54 55 52 55 53 56 57 54 57 55 58 59 56 59 57 60 61 58 61 59 62 63 60 63 61 64 65 62 65 63 66 67 64 67 65 68 69 66 69 67 70 71 68 71 69 72 73 70 73 71 74 75 72 75 73 76 77 74 77 75 78 79 76 79 77 80 81 78 81 79 82 83 80 83 81 84 85 82 85 83 86 87 84 87 85 88 89 86 89 87 90 91 88 91 89 92 93 90 93 91 94 95 92 95 93 96 97 94 97 95 98 99 96 99 97 100 101 98 101 99 102 103 100 103 101 104 105 102 105 103 106 107 104 107 105 108 109 106 109 107 110 111 108 111 109 112 113 110 113 111 114 115 112 115 113 116 117 114 117 115 118 119 116 119 117 120 121 118 121 119 122 123 120 123 121 124 125 122 125 123 126 127 124 127 125 128 129 126 129 127 130 131 128 131 129 132 133 130 133 131 134 135 132 135 133 136 137 134 137 135 138 139 136 139 137 140 141 138 141 139 142 143 140 143 141 144 145 142 145 143 146 147 144 147 145 148 149 146 149 147 150 151 148 151 149 152 153 150 153 151 154 155 152 155 153 156 157 154 157 155 158 159 156 159 157 160 161 158 161 159 162 163 160 163 161 164 165 162 165 163 166 167 164 167 165 168 169 166 169 167 170 171 168 171 169 172 173 170 173 171 174 175 172 175 173 176 177 174 177 175 178 179 176 179 177 180 181 178
INF INF INF INF INF INF INF INF INF INF INF INF INF INF INF INF INF INF INF INF INF INF INF INF INF INF INF INF INF INF INF INF INF INF INF INF INF INF INF INF INF INF INF INF INF INF INF INF INF INF INF INF INF INF INF 0 -2 1 2 5 2 0 3 4 7 4 2 5 6 9 6 4 7 8 11 8 6 9 10 13 10 8 11 12 15 12 10 13 14 17 14 12 15 16 19 16 14 17 18 21 18 16 19 20 23 20 18 21 22 25 22 20 23 24 27 24 22 25 26 29 26 24 27 28 31 28 26 29 30 33 30 28 31 32 35 32 30 33 34 37 34 32 35 36 39 36 34 37 38 41 38 36 39 40 43 40 38 41 42 45 42 40 43 44 47 44 42 45 46 49 46 44 47 48 51 48 46 49 50 53 50 48 51 52 55 52 50 53 54 57 54 52 55 56 59 56 54 57 58 61 58 56 59 60 63 60 58 61 62 65 62 60 63 64 67 64 62 65 66 69 66 64 67 68 71 68 66 69 70 73 70 68 71 72 75 72 70 73 74 77 74 72 75 76 79 76 74 77 78 81 78 76 79 80 83 80 78 81 82 85 82 80 83 84 87 84 82 85 86 89 86 84 87 88 91 88 86 89 90 93 90 88 91 92 95 92 90 93 94 97 94 92 95 96 99 96 94 97 98 101 98 96 99 100 103 100 98 101 102 105 102 100 103 104 107 104 102 105 106 109 106 104 107 108 111 108 106 109 110 113 110 108 111 112 115 112 110 113 114 117 114 112 115 116 119 116 114 117 118 121 118 116 119 120 123 120 118 121 122 125 122 120 123 124 127 124 122 125 126 129 126 124 127 128 131 128 126 129 130 133 130 128 131 132 135 132 130 133 134 137 134 132 135 136 139 136 134 137 138 141 138 136 139 140 143 140 138 141 142 145 142 140 143 144 147 144 142 145 146 149 146 144 147 148 151 148 146 149 150 153 150 148 151 152 155 152 150 153 154 157 154 152 155 156 159 156 154 157 158 161 158 156 159 160 163 160 158 161 162 165 162 160 163 164 167 164 162 165 166 169 166 164 167 168 171 168 166 169 170 173 170 168 171 172 175 172 170 173 174 177 174 172 175 176 179 176 174 177 178 181
INF INF INF INF INF INF INF INF INF INF INF INF INF INF INF INF INF INF INF INF INF INF INF INF INF INF INF INF INF INF INF INF INF INF INF INF INF INF INF INF INF INF INF INF INF INF INF INF INF INF INF INF INF INF INF INF 0 3 4 7 8 2 5 6 9 10 4 7 8 11 12 6 9 10 13 14 8 11 12 15 16 10 13 14 17 18 12 15 16 19 20 14 17 18 21 22 16 19 20 23 24 18 21 22 25 26 20 23 24 27 28 22 25 26 29 30 24 27 28 31 32 26 29 30 33 34 28 31 32 35 36 30 33 34 37 38 32 35 36 39 40 34 37 38 41 42 36 39 40 43 44 38 41 42 45 46 40 43 44 47 48 42 45 46 49 50 44 47 48 51 52 46 49 50 53 54 48 51 52 55 56 50 53 54 57 58 52 55 56 59 60 54 57 58 61 62 56 59 60 63 64 58 61 62 65 66 60 63 64 67 68 62 65 66 69 70 64 67 68 71 72 66 69 70 73 74 68 71 72 75 76 70 73 74 77 78 72 75 76 79 80 74 77 78 81 82 76 79 80 83 84 78 81 82 85 86 80 83 84 87 88 82 85 86 89 90 84 87 88 91 92 86 89 90 93 94 88 91 92 95 96 90 93 94 97 98 92 95 96 99 100 94 97 98 101 102 96 99 100 103 104 98 101 102 105 106 100 103 104 107 108 102 105 106 109 110 104 107 108 111 112 106 109 110 113 114 108 111 112 115 116 110 113 114 117 118 112 115 116 119 120 114 117 118 121 122 116 119 120 123 124 118 121 122 125 126 120 123 124 127 128 122 125 126 129 130 124 127 128 131 132 126 129 130 133 134 128 131 132 135 136 130 133 134 137 138 132 135 136 139 140 134 137 138 141 142 136 139 140 143 144 138 141 142 145 146 140 143 144 147 148 142 145 146 149 150 144 147 148 151 152 146 149 150 153 154 148 151 152 155 156 150 153 154 157 158 152 155 156 159 160 154 157 158 161 162 156 159 160 163 164 158 161 162 165 166 160 163 164 167 168 162 165 166 169 170 164 167 168 171 172 166 169 170 173 174 168 171 172 175 176 170 173 174 177 178 172 175 176 179 180 174 177 178 181 182 176 179 180 183
INF INF INF INF INF INF INF INF INF INF INF INF INF INF INF INF INF INF INF INF INF INF INF INF INF INF INF INF INF INF INF INF INF INF INF INF INF INF INF INF INF INF INF INF INF INF INF INF INF INF INF INF INF INF INF INF INF 0 3 4 7 5 2 5 6 9 7 4 7 8 11 9 6 9 10 13 11 8 11 12 15 13 10 13 14 17 15 12 15 16 19 17 14 17 18 21 19 16 19 20 23 21 18 21 22 25 23 20 23 24 27 25 22 25 26 29 27 24 27 28 31 29 26 29 30 33 31 28 31 32 35 33 30 33 34 37 35 32 35 36 39 37 34 37 38 41 39 36 39 40 43 41 38 41 42 45 43 40 43 44 47 45 42 45 46 49 47 44 47 48 51 49 46 49 50 53 51 48 51 52 55 53 50 53 54 57 55 52 55 56 59 57 54 57 58 61 59 56 59 60 63 61 58 61 62 65 63 60 63 64 67 65 62 65 66 69 67 64 67 68 71 69 66 69 70 73 71 68 71 72 75 73 70 73 74 77 75 72 75 76 79 77 74 77 78 81 79 76 79 80 83 81 78 81 82 85 83 80 83 84 87 85 82 85 86 89 87 84 87 88 91 89 86 89 90 93 91 88 91 92 95 93 90 93 94 97 95 92 95 96 99 97 94 97 98 101 99 96 99 100 103 101 98 101 102 105 103 100 103 104 107 105 102 105 106 109 107 104 107 108 111 109 106 109 110 113 111 108 111 112 115 113 110 113 114 117 115 112 115 116 119 117 114 117 118 121 119 116 119 120 123 121 118 121 122 125 123 120 123 124 127 125 122 125 126 129 127 124 127 128 131 129 126 129 130 133 131 128 131 132 135 133 130 133 134 137 135 132 135 136 139 137 134 137 138 141 139 136 139 140 143 141 138 141 142 145 143 140 143 144 147 145 142 145 146 149 147 144 147 148 151 149 146 149 150 153 151 148 151 152 155 153 150 153 154 157 155 152 155 156 159 157 154 157 158 161 159 156 159 160 163 161 158 161 162 165 163 160 163 164 167 165 162 165 166 169 167 164 167 168 171 169 166 169 170 173 171 168 171 172 175 173 170 173 174 177 175 172 175 176 179 177 174 177 178 181 179 176 179 180
INF INF INF INF INF INF INF INF INF INF INF INF INF INF INF INF INF INF INF INF INF INF INF INF INF INF INF INF INF INF INF INF INF INF INF INF INF INF INF INF INF INF INF INF INF INF INF INF INF INF INF INF INF INF INF INF INF INF 0 3 4 2 5 2 5 6 4 7 4 7 8 6 9 6 9 10 8 11 8 11 12 10 13 10 13 14 12 15 12 15 16 14 17 14 17 18 16 19 16 19 20 18 21 18 21 22 20 23 20 23 24 22 25 22 25 26 24 27 24 27 28 26 29 26 29 30 28 31 28 31 32 30 33 30 33 34 32 35 32 35 36 34 37 34 37 38 36 39 36 39 40 38 41 38 41 42 40 43 40 43 44 42 45 42 45 46 44 47 44 47 48 46 49 46 49 50 48 51 48 51 52 50 53 50 53 54 52 55 52 55 56 54 57 54 57 58 56 59 56 59 60 58 61 58 61 62 60 63 60 63 64 62 65 62 65 66 64 67 64 67 68 66 69 66 69 70 68 71 68 71 72 70 73 70 73 74 72 75 72 75 76 74 77 74 77 78 76 79 76 79 80 78 81 78 81 82 80 83 80 83 84 82 85 82 85 86 84 87 84 87 88 86 89 86 89 90 88 91 88 91 92 90 93 90 93 94 92 95 92 95 96 94 97 94 97 98 96 99 96 99 100 98 101 98 101 102 100 103 100 103 104 102 105 102 105 106 104 107 104 107 108 106 109 106 109 110 108 111 108 111 112 110 113 110 113 114 112 115 112 115 116 114 117 114 117 118 116 119 116 119 120 118 121 118 121 122 120 123 120 123 124 122 125 122 125 126 124 127 124 127 128 126 129 126 129 130 128 131 128 131 132 130 133 130 133 134 132 135 132 135 136 134 137 134 137 138 136 139 136 139 140 138 141 138 141 142 140 143 140 143 144 142 145 142 145 146 144 147 144 147 148 146 149 146 149 150 148 151 148 151 152 150 153 150 153 154 152 155 152 155 156 154 157 154 157 158 156 159 156 159 160 158 161 158 161 162 160 163 160 163 164 162 165 162 165 166 164 167 164 167 168 166 169 166 169 170 168 171 168 171 172 170 173 170 173 174 172 175 172 175 176 174 177 174 177 178 176 179 176 179
INF INF INF INF INF INF INF INF INF INF INF INF INF INF INF INF INF INF INF INF INF INF INF INF INF INF INF INF INF INF INF INF INF INF INF INF INF INF INF INF INF INF INF INF INF INF INF INF INF INF INF INF INF INF INF INF INF INF INF 0 3 1 4 5 2 5 3 6 7 4 7 5 8 9 6 9 7 10 11 8 11 9 12 13 10 13 11 14 15 12 15 13 16 17 14 17 15 18 19 16 19 17 20 21 18 21 19 22 23 20 23 21 24 25 22 25 23 26 27 24 27 25 28 29 26 29 27 30 31 28 31 29 32 33 30 33 31 34 35 32 35 33 36 37 34 37 35 38 39 36 39 37 40 41 38 41 39 42 43 40 43 41 44 45 42 45 43 46 47 44 47 45 48 49 46 49 47 50 51 48 51 49 52 53 50 53 51 54 55 52 55 53 56 57 54 57 55 58 59 56 59 57 60 61 58 61 59 62 63 60 63 61 64 65 62 65 63 66 67 64 67 65 68 69 66 69 67 70 71 68 71 69 72 73 70 73 71 74 75 72 75 73 76 77 74 77 75 78 79 76 79 77 80 81 78 81 79 82 83 80 83 81 84 85 82 85 83 86 87 84 87 85 88 89 86 89 87 90 91 88 91 89 92 93 90 93 91 94 95 92 95 93 96 97 94 97 95 98 99 96 99 97 100 101 98 101 99 102 103 100 103 101 104 105 102 105 103 106 107 104 107 105 108 109 106 109 107 110 111 108 111 109 112 113 110 113 111 114 115 112 115 113 116 117 114 117 115 118 119 116 119 117 120 121 118 121 119 122 123 120 123 121 124 125 122 125 123 126 127 124 127 125 128 129 126 129 127 130 131 128 131 129 132 133 130 133 131 134 135 132 135 133 136 137 134 137 135 138 139 136 139 137 140 141 138 141 139 142 143 140 143 141 144 145 142 145 143 146 147 144 147 145 148 149 146 149 147 150 151 148 151 149 152 153 150 153 151 154 155 152 155 153 156 157 154 157 155 158 159 156 159 157 160 161 158 161 159 162 163 160 163 161 164 165 162 165 163 166 167 164 167 165 168 169 166 169 167 170 171 168 171 169 172 173 170 173 171 174 175 172 175 173 176 177 174 177 175 178 179 176
INF INF INF INF INF INF INF INF INF INF INF INF INF INF INF INF INF INF INF INF INF INF INF INF INF INF INF INF INF INF INF INF INF INF INF INF INF INF INF INF INF INF INF INF INF INF INF INF INF INF INF INF INF INF INF INF INF INF INF INF 0 -2 1 2 5 2 0 3 4 7 4 2 5 6 9 6 4 7 8 11 8 6 9 10 13 10 8 11 12 15 12 10 13 14 17 14 12 15 16 19 16 14 17 18 21 18 16 19 20 23 20 18 21 22 25 22 20 23 24 27 24 22 25 26 29 26 24 27 28 31 28 26 29 30 33 30 28 31 32 35 32 30 33 34 37 34 32 35 36 39 36 34 37 38 41 38 36 39 40 43 40 38 41 42 45 42 40 43 44 47 44 42 45 46 49 46 44 47 48 51 48 46 49 50 53 50 48 51 52 55 52 50 53 54 57 54 52 55 56 59 56 54 57 58 61 58 56 59 60 63 60 58 61 62 65 62 60 63 64 67 64 62 65 66 69 66 64 67 68 71 68 66 69 70 73 70 68 71 72 75 72 70 73 74 77 74 72 75 76 79 76 74 77 78 81 78 76 79 80 83 80 78 81 82 85 82 80 83 84 87 84 82 85 86 89 86 84 87 88 91 88 86 89 90 93 90 88 91 92 95 92 90 93 94 97 94 92 95 96 99 96 94 97 98 101 98 96 99 100 103 100 98 101 102 105 102 100 103 104 107 104 102 105 106 109 106 104 107 108 111 108 106 109 110 113 110 108 111 112 115 112 110 113 114 117 114 112 115 116 119 116 114 117 118 121 118 116 119 120 123 120 118 121 122 125 122 120 123 124 127 124 122 125 126 129 126 124 127 128 131 128 126 129 130 133 130 128 131 132 135 132 130 133 134 137 134 132 135 136 139 136 134 137 138 141 138 136 139 140 143 140 138 141 142 145 142 140 143 144 147 144 142 145 146 149 146 144 147 148 151 148 146 149 150 153 150 148 151 152 155 152 150 153 154 157 154 152 155 156 159 156 154 157 158 161 158 156 159 160 163 160 158 161 162 165 162 160 163 164 167 164 162 165 166 169 166 164 167 168 171 168 166 169 170 173 170 168 171 172 175 172 170 173 174 177 174 172 175 176 179
INF INF INF INF INF INF INF INF INF INF INF INF INF INF INF INF INF INF INF INF INF INF INF INF INF INF INF INF INF INF INF INF INF INF INF INF INF INF INF INF INF INF INF INF INF INF INF INF INF INF INF INF INF INF INF INF INF INF INF INF INF 0 3 4 7 8 2 5 6 9 10 4 7 8 11 12 6 9 10 13 14 8 11 12 15 16 10 13 14 17 18 12 15 16 19 20 14 17 18 21 22 16 19 20 23 24 18 21 22 25 26 20 23 24 27 28 22 25 26 29 30 24 27 28 31 32 26 29 30 33 34 28 31 32 35 36 30 33 34 37 38 32 35 36 39 40 34 37 38 41 42 36 39 40 43 44 38 41 42 45 46 40 43 44 47 48 42 45 46 49 50 44 47 48 51 52 46 49 50 53 54 48 51 52 55 56 50 53 54 57 58 52 55 56 59 60 54 57 58 61 62 56 59 60 63 64 58 61 62 65 66 60 63 64 67 68 62 65 66 69 70 64 67 68 71 72 66 69 70 73 74 68 71 72 75 76 70 73 74 77 78 72 75 76 79 80 74 77 78 81 82 76 79 80 83 84 78 81 82 85 86 80 83 84 87 88 82 85 86 89 90 84 87 88 91 92 86 89 90 93 94 88 91 92 95 96 90 93 94 97 98 92 95 96 99 100 94 97 98 101 102 96 99 100 103 104 98 101 102 105 106 100 103 104 107 108 102 105 106 109 110 104 107 108 111 112 106 109 110 113 114 108 111 112 115 116 110 113 114 117 118 112 115 116 119 120 114 117 118 121 122 116 119 120 123 124 118 121 122 125 126 120 123 124 127 128 122 125 126 129 130 124 127 128 131 132 126 129 130 133 134 128 131 132 135 136 130 133 134 137 138 132 135 136 139 140 134 137 138 141 142 136 139 140 143 144 138 141 142 145 146 140 143 144 147 148 142 145 146 149 150 144 147 148 151 152 146 149 150 153 154 148 151 152 155 156 150 153 154 157 158 152 155 156 159 160 154 157 158 161 162 156 159 160 163 164 158 161 162 165 166 160 163 164 167 168 162 165 166 169 170 164 167 168 171 172 166 169 170 173 174 168 171 172 175 176 170 173 174 177 178 172 175 176 179 180 174 177 178 181
INF INF INF INF INF INF INF INF INF INF INF INF INF INF INF INF INF INF INF INF INF INF INF INF INF INF INF INF INF INF INF INF INF INF INF INF INF INF INF INF INF INF INF INF INF INF INF INF INF INF INF INF INF INF INF INF INF INF INF INF INF INF 0 3 4 7 5 2 5 6 9 7 4 7 8 11 9 6 9 10 13 11 8 11 12 15 13 10 13 14 17 15 12 15 16 19 17 14 17 18 21 19 16 19 20 23 21 18 21 22 25 23 20 23 24 27 25 22 25 26 29 27 24 27 28 31 29 26 29 30 33 31 28 31 32 35 33 30 33 34 37 35 32 35 36 39 37 34 37 38 41 39 36 39 40 43 41 38 41 42 45 43 40 43 44 47 45 42 45 46 49 47 44 47 48 51 49 46 49 50 53 51 48 51 52 55 53 50 53 54 57 55 52 55 56 59 57 54 57 58 61 59 56 59 60 63 61 58 61 62 65 63 60 63 64 67 65 62 65 66 69 67 64 67 68 71 69 66 69 70 73 71 68 71 72 75 73 70 73 74 77 75 72 75 76 79 77 74 77 78 81 79 76 79 80 83 81 78 81 82 85 83 80 83 84 87 85 82 85 86 89 87 84 87 88 91 89 86 89 90 93 91 88 91 92 95 93 90 93 94 97 95 92 95 96 99 97 94 97 98 101 99 96 99 100 103 101 98 101 102 105 103 100 103 104 107 105 102 105 106 109 107 104 107 108 111 109 106 109 110 113 111 108 111 112 115 113 110 113 114 117 115 112 115 116 119 117 114 117 118 121 119 116 119 120 123 121 118 121 122 125 123 120 123 124 127 125 122 125 126 129 127 124 127 128 131 129 126 129 130 133 131 128 131 132 135 133 130 133 134 137 135 132 135 136 139 137 134 137 138 141 139 136 139 140 143 141 138 141 142 145 143 140 143 144 147 145 142 145 146 149 147 144 147 148 151 149 146 149 150 153 151 148 151 152 155 153 150 153 154 157 155 152 155 156 159 157 154 157 158 161 159 156 159 160 163 161 158 161 162 165 163 160 163 164 167 165 162 165 166 169 167 164 167 168 171 169 166 169 170 173 171 168 171 172 175 173 170 173 174 177 175 172 175 176 179 177 174 177 178
INF INF INF INF INF INF INF INF INF INF INF INF INF INF INF INF INF INF INF INF INF INF INF INF INF INF INF INF INF INF INF INF INF INF INF INF INF INF INF INF INF INF INF INF INF INF INF INF INF INF INF INF INF INF INF INF INF INF INF INF INF INF INF 0 3 4 2 5 2 5 6 4 7 4 7 8 6 9 6 9 10 8 11 8 11 12 10 13 10 13 14 12 15 12 15 16 14 17 14 17 18 16 19 16 19 20 18 21 18 21 22 20 23 20 23 24 22 25 22 25 26 24 27 24 27 28 26 29 26 29 30 28 31 28 31 32 30 33 30 33 34 32 35 32 35 36 34 37 34 37 38 36 39 36 39 40 38 41 38 41 42 40 43 40 43 44 42 45 42 45 46 44 47 44 47 48 46 49 46 49 50 48 51 48 51 52 50 53 50 53 54 52 55 52 55 56 54 57 54 57 58 56 59 56 59 60 58 61 58 61 62 60 63 60 63 64 62 65 62 65 66 64 67 64 67 68 66 69 66 69 70 68 71 68 71 72 70 73 70 73 74 72 75 72 75 76 74 77 74 77 78 76 79 76 79 80 78 81 78 81 82 80 83 80 83 84 82 85 82 85 86 84 87 84 87 88 86 89 86 89 90 88 91 88 91 92 90 93 90 93 94 92 95 92 95 96 94 97 94 97 98 96 99 96 99 100 98 101 98 101 102 100 103 100 103 104 102 105 102 105 106 104 107 104 107 108 106 109 106 109 110 108 111 108 111 112 110 113 110 113 114 112 115 112 115 116 114 117 114 117 118 116 119 116 119 120 118 121 118 121 122 120 123 120 123 124 122 125 122 125 126 124 127 124 127 128 126 129 126 129 130 128 131 128 131 132 130 133 130 133 134 132 135 132 135 136 134 137 134 137 138 136 139 136 139 140 138 141 138 141 142 140 143 140 143 144 142 145 142 145 146 144 147 144 147 148 146 149 146 149 150 148 151 148 151 152 150 153 150 153 154 152 155 152 155 156 154 157 154 157 158 156 159 156 159 160 158 161 158 161 162 160 163 160 163 164 162 165 162 165 166 164 167 164 167 168 166 169 166 169 170 168 171 168 171 172 170 173 170 173 174 172 175 172 175 176 174 177 174 177
INF INF INF INF INF INF INF INF INF INF INF INF INF INF INF INF INF INF INF INF INF INF INF INF INF INF INF INF INF INF INF INF INF INF INF INF INF INF INF INF INF INF INF INF INF INF INF INF INF INF INF INF INF INF INF INF INF INF INF INF INF INF INF INF 0 3 1 4 5 2 5 3 6 7 4 7 5 8 9 6 9 7 10 11 8 11 9 12 13 10 13 11 14 15 12 15 13 16 17 14 17 15 18 19 16 19 17 20 21 18 21 19 22 23 20 23 21 24 25 22 25 23 26 27 24 27 25 28 29 26 29 27 30 31 28 31 29 32 33 30 33 31 34 35 32 35 33 36 37 34 37 35 38 39 36 39 37 40 41 38 41 39 42 43 40 43 41 44 45 42 45 43 46 47 44 47 45 48 49 46 49 47 50 51 48 51 49 52 53 50 53 51 54 55 52 55 53 56 57 54 57 55 58 59 56 59 57 60 61 58 61 59 62 63 60 63 61 64 65 62 65 63 66 67 64 67 65 68 69 66 69 67 70 71 68 71 69 72 73 70 73 71 74 75 72 75 73 76 77 74 77 75 78 79 76 79 77 80 81 78 81 79 82 83 80 83 81 84 85 82 85 83 86 87 84 87 85 88 89 86 89 87 90 91 88 91 89 92 93 90 93 91 94 95 92 95 93 96 97 94 97 95 98 99 96 99 97 100 101 98 101 99 102 103 100 103 101 104 105 102 105 103 106 107 104 107 105 108 109 106 109 107 110 111 108 111 109 112 113 110 113 111 114 115 112 115 113 116 117 114 117 115 118 119 116 119 117 120 121 118 121 119 122 123 120 123 121 124 125 122 125 123 126 127 124 127 125 128 129 126 129 127 130 131 128 131 129 132 133 130 133 131 134 135 132 135 133 136 137 134 137 135 138 139 136 139 137 140 141 138 141 139 142 143 140 143 141 144 145 142 145 143 146 147 144 147 145 148 149 146 149 147 150 151 148 151 149 152 153 150 153 151 154 155 152 155 153 156 157 154 157 155 158 159 156 159 157 160 161 158 161 159 162 163 160 163 161 164 165 162 165 163 166 167 164 167 165 168 169 166 169 167 170 171 168 171 169 172 173 170 173 171 174 175 172 175 173 176 177 174
INF INF INF INF INF INF INF INF INF INF INF INF INF INF INF INF INF INF INF INF INF INF INF INF INF INF INF INF INF INF INF INF INF INF INF INF INF INF INF INF INF INF INF INF INF INF INF INF INF INF INF INF INF INF INF INF INF INF INF INF INF INF INF INF INF 0 -2 1 2 5 2 0 3 4 7 4 2 5 6 9 6 4 7 8 11 8 6 9 10 13 10 8 11 12 15 12 10 13 14 17 14 12 15 16 19 16 14 17 18 21 18 16 19 20 23 20 18 21 22 25 22 20 23 24 27 24 22 25 26 29 26 24 27 28 31 28 26 29 30 33 30 28 31 32 35 32 30 33 34 37 34 32 35 36 39 36 34 37 38 41 38 36 39 40 43 40 38 41 42 45 42 40 43 44 47 44 42 45 46 49 46 44 47 48 51 48 46 49 50 53 50 48 51 52 55 52 50 53 54 57 54 52 55 56 59 56 54 57 58 61 58 56 59 60 63 60 58 61 62 65 62 60 63 64 67 64 62 65 66 69 66 64 67 68 71 68 66 69 70 73 70 68 71 72 75 72 70 73 74 77 74 72 75 76 79 76 74 77 78 81 78 76 79 80 83 80 78 81 82 85 82 80 83 84 87 84 82 85 86 89 86 84 87 88 91 88 86 89 90 93 90 88 91 92 95 92 90 93 94 97 94 92 95 96 99 96 94 97 98 101 98 96 99 100 103 100 98 101 102 105 102 100 103 104 107 104 102 105 106 109 106 104 107 108 111 108 106 109 110 113 110 108 111 112 115 112 110 113 114 117 114 112 115 116 119 116 114 117 118 121 118 116 119 120 123 120 118 121 122 125 122 120 123 124 127 124 122 125 126 129 126 124 127 128 131 128 126 129 130 133 130 128 131 132 135 132 130 133 134 137 134 132 135 136 139 136 134 137 138 141 138 136 139 140 143 140 138 141 142 145 142 140 143 144 147 144 142 145 146 149 146 144 147 148 151 148 146 149 150 153 150 148 151 152 155 152 150 153 154 157 154 152 155 156 159 156 154 157 158 161 158 156 159 160 163 160 158 161 162 165 162 160 163 164 167 164 162 165 166 169 166 164 167 168 171 168 166 169 170 173 170 168 171 172 175 172 170 173 174 177
INF INF INF INF INF INF INF INF INF INF INF INF INF INF INF INF INF INF INF INF INF INF INF INF INF INF INF INF INF INF INF INF INF INF INF INF INF INF INF INF INF INF INF INF INF INF INF INF INF INF INF INF INF INF INF INF INF INF INF INF INF INF INF INF INF INF 0 3 4 7 8 2 5 6 9 10 4 7 8 11 12 6 9 10 13 14 8 11 12 15 16 10 13 14 17 18 12 15 16 19 20 14 17 18 21 22 16 19 20 23 24 18 21 22 25 26 20 23 24 27 28 22 25 26 29 30 24 27 28 31 32 26 29 30 33 34 28 31 32 35 36 30 33 34 37 38 32 35 36 39 40 34 37 38 41 42 36 39 40 43 44 38 41 42 45 46 40 43 44 47 48 42 45 46 49 50 44 47 48 51 52 46 49 50 53 54 48 51 52 55 56 50 53 54 57 58 52 55 56 59 60 54 57 58 61 62 56 59 60 63 64 58 61 62 65 66 60 63 64 67 68 62 65 66 69 70 64 67 68 71 72 66 69 70 73 74 68 71 72 75 76 70 73 74 77 78 72 75 76 79 80 74 77 78 81 82 76 79 80 83 84 78 81 82 85 86 80 83 84 87 88 82 85 86 89 90 84 87 88 91 92 86 89 90 93 94 88 91 92 95 96 90 93 94 97 98 92 95 96 99 100 94 97 98 101 102 96 99 100 103 104 98 101 102 105 106 100 103 104 107 108 102 105 106 109 110 104 107 108 111 112 106 109 110 113 114 108 111 112 115 116 110 113 114 117 118 112 115 116 119 120 114 117 118 121 122 116 119 120 123 124 118 121 122 125 126 120 123 124 127 128 122 125 126 129 130 124 127 128 131 132 126 129 130 133 134 128 131 132 135 136 130 133 134 137 138 132 135 136 139 140 134 137 138 141 142 136 139 140 143 144 138 141 142 145 146 140 143 144 147 148 142 145 146 149 150 144 147 148 151 152 146 149 150 153 154 148 151 152 155 156 150 153 154 157 158 152 155 156 159 160 154 157 158 161 162 156 159 160 163 164 158 161 162 165 166 160 163 164 167 168 162 165 166 169 170 164 167 168 171 172 166 169 170 173 174 168 171 172 175 176 170 173 174 177 178 172 175 176 179
INF INF INF INF INF INF INF INF INF INF INF INF INF INF INF INF INF INF INF INF INF INF INF INF INF INF INF INF INF INF INF INF INF INF INF INF INF INF INF INF INF INF INF INF INF INF INF INF INF INF INF INF INF INF INF INF INF INF INF INF INF INF INF INF INF INF INF 0 3 4 7 5 2 5 6 9 7 4 7 8 11 9 6 9 10 13 11 8 11 12 15 13 10 13 14 17 15 12 15 16 19 17 14 17 18 21 19 16 19 20 23 21 18 21 22 25 23 20 23 24 27 25 22 25 26 29 27 24 27 28 31 29 26 29 30 33 31 28 31 32 35 33 30 33 34 37 35 32 35 36 39 37 34 37 38 41 39 36 39 40 43 41 38 41 42 45 43 40 43 44 47 45 42 45 46 49 47 44 47 48 51 49 46 49 50 53 51 48 51 52 55 53 50 53 54 57 55 52 55 56 59 57 54 57 58 61 59 56 59 60 63 61 58 61 62 65 63 60 63 64 67 65 62 65 66 69 67 64 67 68 71 69 66 69 70 73 71 68 71 72 75 73 70 73 74 77 75 72 75 76 79 77 74 77 78 81 79 76 79 80 83 81 78 81 82 85 83 80 83 84 87 85 82 85 86 89 87 84 87 88 91 89 86 89 90 93 91 88 91 92 95 93 90 93 94 97 95 92 95 96 99 97 94 97 98 101 99 96 99 100 103 101 98 101 102 105 103 100 103 104 107 105 102 105 106 109 107 104 107 108 111 109 106 109 110 113 111 108 111 112 115 113 110 113 114 117 115 112 115 116 119 117 114 117 118 121 119 116 119 120 123 121 118 121 122 125 123 120 123 124 127 125 122 125 126 129 127 124 127 128 131 129 126 129 130 133 131 128 131 132 135 133 130 133 134 137 135 132 135 136 139 137 134 137 138 141 139 136 139 140 143 141 138 141 142 145 143 140 143 144 147 145 142 145 146 149 147 144 147 148 151 149 146 149 150 153 151 148 151 152 155 153 150 153 154 157 155 152 155 156 159 157 154 157 158 161 159 156 159 160 163 161 158 161 162 165 163 160 163 164 167 165 162 165 166 169 167 164 167 168 171 169 166 169 170 173 171 168 171 172 175 173 170 173 174 177 175 172 175 176
INF INF INF INF INF INF INF INF INF INF INF INF INF INF INF INF INF INF INF INF INF INF INF INF INF INF INF INF INF INF INF INF INF INF INF INF INF INF INF INF INF INF INF INF INF INF INF INF INF INF INF INF INF INF INF INF INF INF INF INF INF INF INF INF INF INF INF INF 0 3 4 2 5 2 5 6 4 7 4 7 8 6 9 6 9 10 8 11 8 11 12 10 13 10 13 14 12 15 12 15 16 14 17 14 17 18 16 19 16 19 20 18 21 18 21 22 20 23 20 23 24 22 25 22 25 26 24 27 24 27 28 26 29 26 29 30 28 31 28 31 32 30 33 30 33 34 32 35 32 35 36 34 37 34 37 38 36 39 36 39 40 38 41 38 41 42 40 43 40 43 44 42 45 42 45 46 44 47 44 47 48 46 49 46 49 50 48 51 48 51 52 50 53 50 53 54 52 55 52 55 56 54 57 54 57 58 56 59 56 59 60 58 61 58 61 62 60 63 60 63 64 62 65 62 65 66 64 67 64 67 68 66 69 66 69 70 68 71 68 71 72 70 73 70 73 74 72 75 72 75 76 74 77 74 77 78 76 79 76 79 80 78 81 78 81 82 80 83 80 83 84 82 85 82 85 86 84 87 84 87 88 86 89 86 89 90 88 91 88 91 92 90 93 90 93 94 92 95 92 95 96 94 97 94 97 98 96 99 96 99 100 98 101 98 101 102 100 103 100 103 104 102 105 102 105 106 104 107 104 107 108 106 109 106 109 110 108 111 108 111 112 110 113 110 113 114 112 115 112 115 116 114 117 114 117 118 116 119 116 119 120 118 121 118 121 122 120 123 120 123 124 122 125 122 125 126 124 127 124 127 128 126 129 126 129 130 128 131 128 131 132 130 133 130 133 134 132 135 132 135 136 134 137 134 137 138 136 139 136 139 140 138 141 138 141 142 140 143 140 143 144 142 145 142 145 146 144 147 144 147 148 146 149 146 149 150 148 151 148 151 152 150 153 150 153 154 152 155 152 155 156 154 157 154 157 158 156 159 156 159 160 158 161 158 161 162 160 163 160 163 164 162 165 162 165 166 164 167 164 167 168 166 169 166 169 170 168 171 168 171 172 170 173 170 173 174 172 175 172 175
INF INF INF INF INF INF INF INF INF INF INF INF INF INF INF INF INF INF INF INF INF INF INF INF INF INF INF INF INF INF INF INF INF INF INF INF INF INF INF INF INF INF INF INF INF INF INF INF INF INF INF INF INF INF INF INF INF INF INF INF INF INF INF INF INF INF INF INF INF 0 3 1 4 5 2 5 3 6 7 4 7 5 8 9 6 9 7 10 11 8 11 9 12 13 10 13 11 14 15 12 15 13 16 17 14 17 15 18 19 16 19 17 20 21 18 21 19 22 23 20 23 21 24 25 22 25 23 26 27 24 27 25 28 29 26 29 27 30 31 28 31 29 32 33 30 33 31 34 35 32 35 33 36 37 34 37 35 38 39 36 39 37 40 41 38 41 39 42 43 40 43 41 44 45 42 45 43 46 47 44 47 45 48 49 46 49 47 50 51 48 51 49 52 53 50 53 51 54 55 52 55 53 56 57 54 57 55 58 59 56 59 57 60 61 58 61 59 62 63 60 63 61 64 65 62 65 63 66 67 64 67 65 68 69 66 69 67 70 71 68 71 69 72 73 70 73 71 74 75 72 75 73 76 77 74 77 75 78 79 76 79 77 80 81 78 81 79 82 83 80 83 81 84 85 82 85 83 86 87 84 87 85 88 89 86 89 87 90 91 88 91 89 92 93 90 93 91 94 95 92 95 93 96 97 94 97 95 98 99 96 99 97 100 101 98 101 99 102 103 100 103 101 104 105 102 105 103 106 107 104 107 105 108 109 106 109 107 110 111 108 111 109 112 113 110 113 111 114 115 112 115 113 116 117 114 117 115 118 119 116 119 117 120 121 118 121 119 122 123 120 123 121 124 125 122 125 123 126 127 124 127 125 128 129 126 129 127 130 131 128 131 129 132 133 130 133 131 134 135 132 135 133 136 137 134 137 135 138 139 136 139 137 140 141 138 141 139 142 143 140 143 141 144 145 142 145 143 146 147 144 147 145 148 149 146 149 147 150 151 148 151 149 152 153 150 153 151 154 155 152 155 153 156 157 154 157 155 158 159 156 159 157 160 161 158 161 159 162 163 160 163 161 164 165 162 165 163 166 167 164 167 165 168 169 166 169 167 170 171 168 171 169 172 173 170 173 171 174 175 172
INF INF INF INF INF INF INF INF INF INF INF INF INF INF INF INF INF INF INF INF INF INF INF INF INF INF INF INF INF INF INF INF INF INF INF INF INF INF INF INF INF INF INF INF INF INF INF INF INF INF INF INF INF INF INF INF INF INF INF INF INF INF INF INF INF INF INF INF INF INF 0 -2 1 2 5 2 0 3 4 7 4 2 5 6 9 6 4 7 8 11 8 6 9 10 13 10 8 11 12 15 12 10 13 14 17 14 12 15 16 19 16 14 17 18 21 18 16 19 20 23 20 18 21 22 25 22 20 23 24 27 24 22 25 26 29 26 24 27 28 31 28 26 29 30 33 30 28 31 32 35 32 30 33 34 37 34 32 35 36 39 36 34 37 38 41 38 36 39 40 43 40 38 41 42 45 42 40 43 44 47 44 42 45 46 49 46 44 47 48 51 48 46 49 50 53 50 48 51 52 55 52 50 53 54 57 54 52 55 56 59 56 54 57 58 61 58 56 59 60 63 60 58 61 62 65 62 60 63 64 67 64 62 65 66 69 66 64 67 68 71 68 66 69 70 73 70 68 71 72 75 72 70 73 74 77 74 72 75 76 79 76 74 77 78 81 78 76 79 80 83 80 78 81 82 85 82 80 83 84 87 84 82 85 86 89 86 84 87 88 91 88 86 89 90 93 90 88 91 92 95 92 90 93 94 97 94 92 95 96 99 96 94 97 98 101 98 96 99 100 103 100 98 101 102 105 102 100 103 104 107 104 102 105 106 109 106 104 107 108 111 108 106 109 110 113 110 108 111 112 115 112 110 113 114 117 114 112 115 116 119 116 114 117 118 121 118 116 119 120 123 120 118 121 122 125 122 120 123 124 127 124 122 125 126 129 126 124 127 128 131 128 126 129 130 133 130 128 131 132 135 132 130 133 134 137 134 132 135 136 139 136 134 137 138 141 138 136 139 140 143 140 138 141 142 145 142 140 143 144 147 144 142 145 146 149 146 144 147 148 151 148 146 149 150 153 150 148 151 152 155 152 150 153 154 157 154 152 155 156 159 156 154 157 158 161 158 156 159 160 163 160 158 161 162 165 162 160 163 164 167 164 162 165 166 169 166 164 167 168 171 168 166 169 170 173 170 168 171 172 175
INF INF INF INF INF INF INF INF INF INF INF INF INF INF INF INF INF INF INF INF INF INF INF INF INF INF INF INF INF INF INF INF INF INF INF INF INF INF INF INF INF INF INF INF INF INF INF INF INF INF INF INF INF INF INF INF INF INF INF INF INF INF INF INF INF INF INF INF INF INF INF 0 3 4 7 8 2 5 6 9 10 4 7 8 11 12 6 9 10 13 14 8 11 12 15 16 10 13 14 17 18 12 15 16 19 20 14 17 18 21 22 16 19 20 23 24 18 21 22 25 26 20 23 24 27 28 22 25 26 29 30 24 27 28 31 32 26 29 30 33 34 28 31 32 35 36 30 33 34 37 38 32 35 36 39 40 34 37 38 41 42 36 39 40 43 44 38 41 42 45 46 40 43 44 47 48 42 45 46 49 50 44 47 48 51 52 46 49 50 53 54 48 51 52 55 56 50 53 54 57 58 52 55 56 59 60 54 57 58 61 62 56 59 60 63 64 58 61 62 65 66 60 63 64 67 68 62 65 66 69 70 64 67 68 71 72 66 69 70 73 74 68 71 72 75 76 70 73 74 77 78 72 75 76 79 80 74 77 78 81 82 76 79 80 83 84 78 81 82 85 86 80 83 84 87 88 82 85 86 89 90 84 87 88 91 92 86 89 90 93 94 88 91 92 95 96 90 93 94 97 98 92 95 96 99 100 94 97 98 101 102 96 99 100 103 104 98 101 102 105 106 100 103 104 107 108 102 105 106 109 110 104 107 108 111 112 106 109 110 113 114 108 111 112 115 116 110 113 114 117 118 112 115 116 119 120 114 117 118 121 122 116 119 120 123 124 118 121 122 125 126 120 123 124 127 128 122 125 126 129 130 124 127 128 131 132 126 129 130 133 134 128 131 132 135 136 130 133 134 137 138 132 135 136 139 140 134 137 138 141 142 136 139 140 143 144 138 141 142 145 146 140 143 144 147 148 142 145 146 149 150 144 147 148 151 152 146 149 150 153 154 148 151 152 155 156 150 153 154 157 158 152 155 156 159 160 154 157 158 161 162 156 159 160 163 164 158 161 162 165 166 160 163 164 167 168 162 165 166 169 170 164 167 168 171 172 166 169 170 173 174 168 171 172 175 176 170 173 174 177
INF INF INF INF INF INF INF INF INF INF INF INF INF INF INF INF INF INF INF INF INF INF INF INF INF INF INF INF INF INF INF INF INF INF INF INF INF INF INF INF INF INF INF INF INF INF INF INF INF INF INF INF INF INF INF INF INF INF INF INF INF INF INF INF INF INF INF INF INF INF INF INF 0 3 4 7 5 2 5 6 9 7 4 7 8 11 9 6 9 10 13 11 8 11 12 15 13 10 13 14 17 15 12 15 16 19 17 14 17 18 21 19 16 19 20 23 21 18 21 22 25 23 20 23 24 27 25 22 25 26 29 27 24 27 28 31 29 26 29 30 33 31 28 31 32 35 33 30 33 34 37 35 32 35 36 39 37 34 37 38 41 39 36 39 40 43 41 38 41 42 45 43 40 43 44 47 45 42 45 46 49 47 44 47 48 51 49 46 49 50 53 51 48 51 52 55 53 50 53 54 57 55 52 55 56 59 57 54 57 58 61 59 56 59 60 63 61 58 61 62 65 63 60 63 64 67 65 62 65 66 69 67 64 67 68 71 69 66 69 70 73 71 68 71 72 75 73 70 73 74 77 75 72 75 76 79 77 74 77 78 81 79 76 79 80 83 81 78 81 82 85 83 80 83 84 87 85 82 85 86 89 87 84 87 88 91 89 86 89 90 93 91 88 91 92 95 93 90 93 94 97 95 92 95 96 99 97 94 97 98 101 99 96 99 100 103 101 98 101 102 105 103 100 103 104 107 105 102 105 106 109 107 104 107 108 111 109 106 109 110 113 111 108 111 112 115 113 110 113 114 117 115 112 115 116 119 117 114 117 118 121 119 116 119 120 123 121 118 121 122 125 123 120 123 124 127 125 122 125 126 129 127 124 127 128 131 129 126 129 130 133 131 128 131 132 135 133 130 133 134 137 135 132 135 136 139 137 134 137 138 141 139 136 139 140 143 141 138 141 142 145 143 140 143 144 147 145 142 145 146 149 147 144 147 148 151 149 146 149 150 153 151 148 151 152 155 153 150 153 154 157 155 152 155 156 159 157 154 157 158 161 159 156 159 160 163 161 158 161 162 165 163 160 163 164 167 165 162 165 166 169 167 164 167 168 171 169 166 169 170 173 171 168 171 172 175 173 170 173 174
INF INF INF INF INF INF INF INF INF INF INF INF INF INF INF INF INF INF INF INF INF INF INF INF INF INF INF INF INF INF INF INF INF INF INF INF INF INF INF INF INF INF INF INF INF INF INF INF INF INF INF INF INF INF INF INF INF INF INF INF INF INF INF INF INF INF INF INF INF INF INF INF INF 0 3 4 2 5 2 5 6 4 7 4 7 8 6 9 6 9 10 8 11 8 11 12 10 13 10 13 14 12 15 12 15 16 14 17 14 17 18 16 19 16 19 20 18 21 18 21 22 20 23 20 23 24 22 25 22 25 26 24 27 24 27 28 26 29 26 29 30 28 31 28 31 32 30 33 30 33 34 32 35 32 35 36 34 37 34 37 38 36 39 36 39 40 38 41 38 41 42 40 43 40 43 44 42 45 42 45 46 44 47 44 47 48 46 49 46 49 50 48 51 48 51 52 50 53 50 53 54 52 55 52 55 56 54 57 54 57 58 56 59 56 59 60 58 61 58 61 62 60 63 60 63 64 62 65 62 65 66 64 67 64 67 68 66 69 66 69 70 68 71 68 71 72 70 73 70 73 74 72 75 72 75 76 74 77 74 77 78 76 79 76 79 80 78 81 78 81 82 80 83 80 83 84 82 85 82 85 86 84 87 84 87 88 86 89 86 89 90 88 91 88 91 92 90 93 90 93 94 92 95 92 95 96 94 97 94 97 98 96 99 96 99 100 98 101 98 101 102 100 103 100 103 104 102 105 102 105 106 104 107 104 107 108 106 109 106 109 110 108 111 108 111 112 110 113 110 113 114 112 115 112 115 116 114 117 114 117 118 116 119 116 119 120 118 121 118 121 122 120 123 120 123 124 122 125 122 125 126 124 127 124 127 128 126 129 126 129 130 128 131 128 131 132 130 133 130 133 134 132 135 132 135 136 134 137 134 137 138 136 139 136 139 140 138 141 138 141 142 140 143 140 143 144 142 145 142 145 146 144 147 144 147 148 146 149 146 149 150 148 151 148 151 152 150 153 150 153 154 152 155 152 155 156 154 157 154 157 158 156 159 156 159 160 158 161 158 161 162 160 163 160 163 164 162 165 162 165 166 164 167 164 167 168 166 169 166 169 170 168 171 168 171 172 170 173 170 173
INF INF INF INF INF INF INF INF INF INF INF INF INF INF INF INF INF INF INF INF INF INF INF INF INF INF INF INF INF INF INF INF INF INF INF INF INF INF INF INF INF INF INF INF INF INF INF INF INF INF INF INF INF INF INF INF INF INF INF INF INF INF INF INF INF INF INF INF INF INF INF INF INF INF 0 3 1 4 5 2 5 3 6 7 4 7 5 8 9 6 9 7 10 11 8 11 9 12 13 10 13 11 14 15 12 15 13 16 17 14 17 15 18 19 16 19 17 20 21 18 21 19 22 23 20 23 21 24 25 22 25 23 26 27 24 27 25 28 29 26 29 27 30 31 28 31 29 32 33 30 33 31 34 35 32 35 33 36 37 34 37 35 38 39 36 39 37 40 41 38 41 39 42 43 40 43 41 44 45 42 45 43 46 47 44 47 45 48 49 46 49 47 50 51 48 51 49 52 53 50 53 51 54 55 52 55 53 56 57 54 57 55 58 59 56 59 57 60 61 58 61 59 62 63 60 63 61 64 65 62 65 63 66 67 64 67 65 68 69 66 69 67 70 71 68 71 69 72 73 70 73 71 74 75 72 75 73 76 77 74 77 75 78 79 76 79 77 80 81 78 81 79 82 83 80 83 81 84 85 82 85 83 86 87 84 87 85 88 89 86 89 87 90 91 88 91 89 92 93 90 93 91 94 95 92 95 93 96 97 94 97 95 98 99 96 99 97 100 101 98 101 99 102 103 100 103 101 104 105 102 105 103 106 107 104 107 105 108 109 106 109 107 110 111 108 111 109 112 113 110 113 111 114 115 112 115 113 116 117 114 117 115 118 119 116 119 117 120 121 118 121 119 122 123 120 123 121 124 125 122 125 123 126 127 124 127 125 128 129 126 129 127 130 131 128 131 129 132 133 130 133 131 134 135 132 135 133 136 137 134 137 135 138 139 136 139 137 140 141 138 141 139 142 143 140 143 141 144 145 142 145 143 146 147 144 147 145 148 149 146 149 147 150 151 148 151 149 152 153 150 153 151 154 155 152 155 153 156 157 154 157 155 158 159 156 159 157 160 161 158 161 159 162 163 160 163 161 164 165 162 165 163 166 167 164 167 165 168 169 166 169 167 170 171 168 171 169 172 173 170
INF INF INF INF INF INF INF INF INF INF INF INF INF INF INF INF INF INF INF INF INF INF INF INF INF INF INF INF INF INF INF INF INF INF INF INF INF INF INF INF INF INF INF INF INF INF INF INF INF INF INF INF INF INF INF INF INF INF INF INF INF INF INF INF INF INF INF INF INF INF INF INF INF INF INF 0 -2 1 2 5 2 0 3 4 7 4 2 5 6 9 6 4 7 8 11 8 6 9 10 13 10 8 11 12 15 12 10 13 14 17 14 12 15 16 19 16 14 17 18 21 18 16 19 20 23 20 18 21 22 25 22 20 23 24 27 24 22 25 26 29 26 24 27 28 31 28 26 29 30 33 30 28 31 32 35 32 30 33 34 37 34 32 35 36 39 36 34 37 38 41 38 36 39 40 43 40 38 41 42 45 42 40 43 44 47 44 42 45 46 49 46 44 47 48 51 48 46 49 50 53 50 48 51 52 55 52 50 53 54 57 54 52 55 56 59 56 54 57 58 61 58 56 59 60 63 60 58 61 62 65 62 60 63 64 67 64 62 65 66 69 66 64 67 68 71 68 66 69 70 73 70 68 71 72 75 72 70 73 74 77 74 72 75 76 79 76 74 77 78 81 78 76 79 80 83 80 78 81 82 85 82 80 83 84 87 84 82 85 86 89 86 84 87 88 91 88 86 89 90 93 90 88 91 92 95 92 90 93 94 97 94 92 95 96 99 96 94 97 98 101 98 96 99 100 103 100 98 101 102 105 102 100 103 104 107 104 102 105 106 109 106 104 107 108 111 108 106 109 110 113 110 108 111 112 115 112 110 113 114 117 114 112 115 116 119 116 114 117 118 121 118 116 119 120 123 120 118 121 122 125 122 120 123 124 127 124 122 125 126 129 126 124 127 128 131 128 126 129 130 133 130 128 131 132 135 132 130 133 134 137 134 132 135 136 139 136 134 137 138 141 138 136 139 140 143 140 138 141 142 145 142 140 143 144 147 144 142 145 146 149 146 144 147 148 151 148 146 149 150 153 150 148 151 152 155 152 150 153 154 157 154 152 155 156 159 156 154 157 158 161 158 156 159 160 163 160 158 161 162 165 162 160 163 164 167 164 162 165 166 169 166 164 167 168 171 168 166 169 170 173
INF INF INF INF INF INF INF INF INF INF INF INF INF INF INF INF INF INF INF INF INF INF INF INF INF INF INF INF INF INF INF INF INF INF INF INF INF INF INF INF INF INF INF INF INF INF INF INF INF INF INF INF INF INF INF INF INF INF INF INF INF INF INF INF INF INF INF INF INF INF INF INF INF INF INF INF 0 3 4 7 8 2 5 6 9 10 4 7 8 11 12 6 9 10 13 14 8 11 12 15 16 10 13 14 17 18 12 15 16 19 20 14 17 18 21 22 16 19 20 23 24 18 21 22 25 26 20 23 24 27 28 22 25 26 29 30 24 27 28 31 32 26 29 30 33 34 28 31 32 35 36 30 33 34 37 38 32 35 36 39 40 34 37 38 41 42 36 39 40 43 44 38 41 42 45 46 40 43 44 47 48 42 45 46 49 50 44 47 48 51 52 46 49 50 53 54 48 51 52 55 56 50 53 54 57 58 52 55 56 59 60 54 57 58 61 62 56 59 60 63 64 58 61 62 65 66 60 63 64 67 68 62 65 66 69 70 64 67 68 71 72 66 69 70 73 74 68 71 72 75 76 70 73 74 77 78 72 75 76 79 80 74 77 78 81 82 76 79 80 83 84 78 81 82 85 86 80 83 84 87 88 82 85 86 89 90 84 87 88 91 92 86 89 90 93 94 88 91 92 95 96 90 93 94 97 98 92 95 96 99 100 94 97 98 101 102 96 99 100 103 104 98 101 102 105 106 100 103 104 107 108 102 105 106 109 110 104 107 108 111 112 106 109 110 113 114 108 111 112 115 116 110 113 114 117 118 112 115 116 119 120 114 117 118 121 122 116 119 120 123 124 118 121 122 125 126 120 123 124 127 128 122 125 126 129 130 124 127 128 131 132 126 129 130 133 134 128 131 132 135 136 130 133 134 137 138 132 135 136 139 140 134 137 138 141 142 136 139 140 143 144 138 141 142 145 146 140 143 144 147 148 142 145 146 149 150 144 147 148 151 152 146 149 150 153 154 148 151 152 155 156 150 153 154 157 158 152 155 156 159 160 154 157 158 161 162 156 159 160 163 164 158 161 162 165 166 160 163 164 167 168 162 165 166 169 170 164 167 168 171 172 166 169 170 173 174 168 171 172 175
INF INF INF INF INF INF INF INF INF INF INF INF INF INF INF INF INF INF INF INF INF INF INF INF INF INF INF INF INF INF INF INF INF INF INF INF INF INF INF INF INF INF INF INF INF INF INF INF INF INF INF INF INF INF INF INF INF INF INF INF INF INF INF INF INF INF INF INF INF INF INF INF INF INF INF INF INF 0 3 4 7 5 2 5 6 9 7 4 7 8 11 9 6 9 10 13 11 8 11 12 15 13 10 13 14 17 15 12 15 16 19 17 14 17 18 21 19 16 19 20 23 21 18 21 22 25 23 20 23 24 27 25 22 25 26 29 27 24 27 28 31 29 26 29 30 33 31 28 31 32 35 33 30 33 34 37 35 32 35 36 39 37 34 37 38 41 39 36 39 40 43 41 38 41 42 45 43 40 43 44 47 45 42 45 46 49 47 44 47 48 51 49 46 49 50 53 51 48 51 52 55 53 50 53 54 57 55 52 55 56 59 57 54 57 58 61 59 56 59 60 63 61 58 61 62 65 63 60 63 64 67 65 62 65 66 69 67 64 67 68 71 69 66 69 70 73 71 68 71 72 75 73 70 73 74 77 75 72 75 76 79 77 74 77 78 81 79 76 79 80 83 81 78 81 82 85 83 80 83 84 87 85 82 85 86 89 87 84 87 88 91 89 86 89 90 93 91 88 91 92 95 93 90 93 94 97 95 92 95 96 99 97 94 97 98 101 99 96 99 100 103 101 98 101 102 105 103 100 103 104 107 105 102 105 106 109 107 104 107 108 111 109 106 109 110 113 111 108 111 112 115 113 110 113 114 117 115 112 115 116 119 117 114 117 118 121 119 116 119 120 123 121 118 121 122 125 123 120 123 124 127 125 122 125 126 129 127 124 127 128 131 129 126 129 130 133 131 128 131 132 135 133 130 133 134 137 135 132 135 136 139 137 134 137 138 141 139 136 139 140 143 141 138 141 142 145 143 140 143 144 147 145 142 145 146 149 147 144 147 148 151 149 146 149 150 153 151 148 151 152 155 153 150 153 154 157 155 152 155 156 159 157 154 157 158 161 159 156 159 160 163 161 158 161 162 165 163 160 163 164 167 165 162 165 166 169 167 164 167 168 171 169 166 169 170 173 171 168 171 172
INF INF INF INF INF INF INF INF INF INF INF INF INF INF INF INF INF INF INF INF INF INF INF INF INF INF INF INF INF INF INF INF INF INF INF INF INF INF INF INF INF INF INF INF INF INF INF INF INF INF INF INF INF INF INF INF INF INF INF INF INF INF INF INF INF INF INF INF INF INF INF INF INF INF INF INF INF INF 0 3 4 2 5 2 5 6 4 7 4 7 8 6 9 6 9 10 8 11 8 11 12 10 13 10 13 14 12 15 12 15 16 14 17 14 17 18 16 19 16 19 20 18 21 18 21 22 20 23 20 23 24 22 25 22 25 26 24 27 24 27 28 26 29 26 29 30 28 31 28 31 32 30 33 30 33 34 32 35 32 35 36 34 37 34 37 38 36 39 36 39 40 38 41 38 41 42 40 43 40 43 44 42 45 42 45 46 44 47 44 47 48 46 49 46 49 50 48 51 48 51 52 50 53 50 53 54 52 55 52 55 56 54 57 54 57 58 56 59 56 59 60 58 61 58 61 62 60 63 60 63 64 62 65 62 65 66 64 67 64 67 68 66 69 66 69 70 68 71 68 71 72 70 73 70 73 74 72 75 72 75 76 74 77 74 77 78 76 79 76 79 80 78 81 78 81 82 80 83 80 83 84 82 85 82 85 86 84 87 84 87 88 86 89 86 89 90 88 91 88 91 92 90 93 90 93 94 92 95 92 95 96 94 97 94 97 98 96 99 96 99 100 98 101 98 101 102 100 103 100 103 104 102 105 102 105 106 104 107 104 107 108 106 109 106 109 110 108 111 108 111 112 110 113 110 113 114 112 115 112 115 116 114 117 114 117 118 116 119 116 119 120 118 121 118 121 122 120 123 120 123 124 122 125 122 125 126 124 127 124 127 128 126 129 126 129 130 128 131 128 131 132 130 133 130 133 134 132 135 132 135 136 134 137 134 137 138 136 139 136 139 140 138 141 138 141 142 140 143 140 143 144 142 145 142 145 146 144 147 144 147 148 146 149 146 149 150 148 151 148 151 152 150 153 150 153 154 152 155 152 155 156 154 157 154 157 158 156 159 156 159 160 158 161 158 161 162 160 163 160 163 164 162 165 162 165 166 164 167 164 167 168 166 169 166 169 170 168 171 168 171
INF INF INF INF INF INF INF INF INF INF INF INF INF INF INF INF INF INF INF INF INF INF INF INF INF INF INF INF INF INF INF INF INF INF INF INF INF INF INF INF INF INF INF INF INF INF INF INF INF INF INF INF INF INF INF INF INF INF INF INF INF INF INF INF INF INF INF INF INF INF INF INF INF INF INF INF INF INF INF 0 3 1 4 5 2 5 3 6 7 4 7 5 8 9 6 9 7 10 11 8 11 9 12 13 10 13 11 14 15 12 15 13 16 17 14 17 15 18 19 16 19 17 20 21 18 21 19 22 23 20 23 21 24 25 22 25 23 26 27 24 27 25 28 29 26 29 27 30 31 28 31 29 32 33 30 33 31 34 35 32 35 33 36 37 34 37 35 38 39 36 39 37 40 41 38 41 39 42 43 40 43 41 44 45 42 45 43 46 47 44 47 45 48 49 46 49 47 50 51 48 51 49 52 53 50 53 51 54 55 52 55 53 56 57 54 57 55 58 59 56 59 57 60 61 58 61 59 62 63 60 63 61 64 65 62 65 63 66 67 64 67 65 68 69 66 69 67 70 71 68 71 69 72 73 70 73 71 74 75 72 75 73 76 77 74 77 75 78 79 76 79 77 80 81 78 81 79 82 83 80 83 81 84 85 82 85 83 86 87 84 87 85 88 89 86 89 87 90 91 88 91 89 92 93 90 93 91 94 95 92 95 93 96 97 94 97 95 98 99 96 99 97 100 101 98 101 99 102 103 100 103 101 104 105 102 105 103 106 107 104 107 105 108 109 106 109 107 110 111 108 111 109 112 113 110 113 111 114 115 112 115 113 116 117 114 117 115 118 119 116 119 117 120 121 118 121 119 122 123 120 123 121 124 125 122 125 123 126 127 124 127 125 128 129 126 129 127 130 131 128 131 129 132 133 130 133 131 134 135 132 135 133 136 137 134 137 135 138 139 136 139 137 140 141 138 141 139 142 143 140 143 141 144 145 142 145 143 146 147 144 147 145 148 149 146 149 147 150 151 148 151 149 152 153 150 153 151 154 155 152 155 153 156 157 154 157 155 158 159 156 159 157 160 161 158 161 159 162 163 160 163 161 164 165 162 165 163 166 167 164 167 165 168 169 166 169 167 170 171 168
INF INF INF INF INF INF INF INF INF INF INF INF INF INF INF INF INF INF INF INF INF INF INF INF INF INF INF INF INF INF INF INF INF INF INF INF INF INF INF INF INF INF INF INF INF INF INF INF INF INF INF INF INF INF INF INF INF INF INF INF INF INF INF INF INF INF INF INF INF INF INF INF INF INF INF INF INF INF INF INF 0 -2 1 2 5 2 0 3 4 7 4 2 5 6 9 6 4 7 8 11 8 6 9 10 13 10 8 11 12 15 12 10 13 14 17 14 12 15 16 19 16 14 17 18 21 18 16 19 20 23 20 18 21 22 25 22 20 23 24 27 24 22 25 26 29 26 24 27 28 31 28 26 29 30 33 30 28 31 32 35 32 30 33 34 37 34 32 35 36 39 36 34 37 38 41 38 36 39 40 43 40 38 41 42 45 42 40 43 44 47 44 42 45 46 49 46 44 47 48 51 48 46 49 50 53 50 48 51 52 55 52 50 53 54 57 54 52 55 56 59 56 54 57 58 61 58 56 59 60 63 60 58 61 62 65 62 60 63 64 67 64 62 65 66 69 66 64 67 68 71 68 66 69 70 73 70 68 71 72 75 72 70 73 74 77 74 72 75 76 79 76 74 77 78 81 78 76 79 80 83 80 78 81 82 85 82 80 83 84 87 84 82 85 86 89 86 84 87 88 91 88 86 89 90 93 90 88 91 92 95 92 90 93 94 97 94 92 95 96 99 96 94 97 98 101 98 96 99 100 103 100 98 101 102 105 102 100 103 104 107 104 102 105 106 109 106 104 107 108 111 108 106 109 110 113 110 108 111 112 115 112 110 113 114 117 114 112 115 116 119 116 114 117 118 121 118 116 119 120 123 120 118 121 122 125 122 120 123 124 127 124 122 125 126 129 126 124 127 128 131 128 126 129 130 133 130 128 131 132 135 132 130 133 134 137 134 132 135 136 139 136 134 137 138 141 138 136 139 140 143 140 138 141 142 145 142 140 143 144 147 144 142 145 146 149 146 144 147 148 151 148 146 149 150 153 150 148 151 152 155 152 150 153 154 157 154 152 155 156 159 156 154 157 158 161 158 156 159 160 163 160 158 161 162 165 162 160 163 164 167 164 162 165 166 169 166 164 167 168 171
INF INF INF INF INF INF INF INF INF INF INF INF INF INF INF INF INF INF INF INF INF INF INF INF INF INF INF INF INF INF INF INF INF INF INF INF INF INF INF INF INF INF INF INF INF INF INF INF INF INF INF INF INF INF INF INF INF INF INF INF INF INF INF INF INF INF INF INF INF INF INF INF INF INF INF INF INF INF INF INF INF 0 3 4 7 8 2 5 6 9 10 4 7 8 11 12 6 9 10 13 14 8 11 12 15 16 10 13 14 17 18 12 15 16 19 20 14 17 18 21 22 16 19 20 23 24 18 21 22 25 26 20 23 24 27 28 22 25 26 29 30 24 27 28 31 32 26 29 30 33 34 28 31 32 35 36 30 33 34 37 38 32 35 36 39 40 34 37 38 41 42 36 39 40 43 44 38 41 42 45 46 40 43 44 47 48 42 45 46 49 50 44 47 48 51 52 46 49 50 53 54 48 51 52 55 56 50 53 54 57 58 52 55 56 59 60 54 57 58 61 62 56 59 60 63 64 58 61 62 65 66 60 63 64 67 68 62 65 66 69 70 64 67 68 71 72 66 69 70 73 74 68 71 72 75 76 70 73 74 77 78 72 75 76 79 80 74 77 78 81 82 76 79 80 83 84 78 81 82 85 86 80 83 84 87 88 82 85 86 89 90 84 87 88 91 92 86 89 90 93 94 88 91 92 95 96 90 93 94 97 98 92 95 96 99 100 94 97 98 101 102 96 99 100 103 104 98 101 102 105 106 100 103 104 107 108 102 105 106 109 110 104 107 108 111 112 106 109 110 113 114 108 111 112 115 116 110 113 114 117 118 112 115 116 119 120 114 117 118 121 122 116 119 120 123 124 118 121 122 125 126 120 123 124 127 128 122 125 126 129 130 124 127 128 131 132 126 129 130 133 134 128 131 132 135 136 130 133 134 137 138 132 135 136 139 140 134 137 138 141 142 136 139 140 143 144 138 141 142 145 146 140 143 144 147 148 142 145 146 149 150 144 147 148 151 152 146 149 150 153 154 148 151 152 155 156 150 153 154 157 158 152 155 156 159 160 154 157 158 161 162 156 159 160 163 164 158 161 162 165 166 160 163 164 167 168 162 165 166 169 170 164 167 168 171 172 166 169 170 173
INF INF INF INF INF INF INF INF INF INF INF INF INF INF INF INF INF INF INF INF INF INF INF INF INF INF INF INF INF INF INF INF INF INF INF INF INF INF INF INF INF INF INF INF INF INF INF INF INF INF INF INF INF INF INF INF INF INF INF INF INF INF INF INF INF INF INF INF INF INF INF INF INF INF INF INF INF INF INF INF INF INF 0 3 4 7 5 2 5 6 9 7 4 7 8 11 9 6 9 10 13 11 8 11 12 15 13 10 13 14 17 15 12 15 16 19 17 14 17 18 21 19 16 19 20 23 21 18 21 22 25 23 20 23 24 27 25 22 25 26 29 27 24 27 28 31 29 26 29 30 33 31 28 31 32 35 33 30 33 34 37 35 32 35 36 39 37 34 37 38 41 39 36 39 40 43 41 38 41 42 45 43 40 43 44 47 45 42 45 46 49 47 44 47 48 51 49 46 49 50 53 51 48 51 52 55 53 50 53 54 57 55 52 55 56 59 57 54 57 58 61 59 56 59 60 63 61 58 61 62 65 63 60 63 64 67 65 62 65 66 69 67 64 67 68 71 69 66 69 70 73 71 68 71 72 75 73 70 73 74 77 75 72 75 76 79 77 74 77 78 81 79 76 79 80 83 81 78 81 82 85 83 80 83 84 87 85 82 85 86 89 87 84 87 88 91 89 86 89 90 93 91 88 91 92 95 93 90 93 94 97 95 92 95 96 99 97 94 97 98 101 99 96 99 100 103 101 98 101 102 105 103 100 103 104 107 105 102 105 106 109 107 104 107 108 111 109 106 109 110 113 111 108 111 112 115 113 110 113 114 117 115 112 115 116 119 117 114 117 118 121 119 116 119 120 123 121 118 121 122 125 123 120 123 124 127 125 122 125 126 129 127 124 127 128 131 129 126 129 130 133 131 128 131 132 135 133 130 133 134 137 135 132 135 136 139 137 134 137 138 141 139 136 139 140 143 141 138 141 142 145 143 140 143 144 147 145 142 145 146 149 147 144 147 148 151 149 146 149 150 153 151 148 151 152 155 153 150 153 154 157 155 152 155 156 159 157 154 157 158 161 159 156 159 160 163 161 158 161 162 165 163 160 163 164 167 165 162 165 166 169 167 164 167 168 171 169 166 169 170
INF INF INF INF INF INF INF INF INF INF INF INF INF INF INF INF INF INF INF INF INF INF INF INF INF INF INF INF INF INF INF INF INF INF INF INF INF INF INF INF INF INF INF INF INF INF INF INF INF INF INF INF INF INF INF INF INF INF INF INF INF INF INF INF INF INF INF INF INF INF INF INF INF INF INF INF INF INF INF INF INF INF INF 0 3 4 2 5 2 5 6 4 7 4 7 8 6 9 6 9 10 8 11 8 11 12 10 13 10 13 14 12 15 12 15 16 14 17 14 17 18 16 19 16 19 20 18 21 18 21 22 20 23 20 23 24 22 25 22 25 26 24 27 24 27 28 26 29 26 29 30 28 31 28 31 32 30 33 30 33 34 32 35 32 35 36 34 37 34 37 38 36 39 36 39 40 38 41 38 41 42 40 43 40 43 44 42 45 42 45 46 44 47 44 47 48 46 49 46 49 50 48 51 48 51 52 50 53 50 53 54 52 55 52 55 56 54 57 54 57 58 56 59 56 59 60 58 61 58 61 62 60 63 60 63 64 62 65 62 65 66 64 67 64 67 68 66 69 66 69 70 68 71 68 71 72 70 73 70 73 74 72 75 72 75 76 74 77 74 77 78 76 79 76 79 80 78 81 78 81 82 80 83 80 83 84 82 85 82 85 86 84 87 84 87 88 86 89 86 89 90 88 91 88 91 92 90 93 90 93 94 92 95 92 95 96 94 97 94 97 98 96 99 96 99 100 98 101 98 101 102 100 103 100 103 104 102 105 102 105 106 104 107 104 107 108 106 109 106 109 110 108 111 108 111 112 110 113 110 113 114 112 115 112 115 116 114 117 114 117 118 116 119 116 119 120 118 121 118 121 122 120 123 120 123 124 122 125 122 125 126 124 127 124 127 128 126 129 126 129 130 128 131 128 131 132 130 133 130 133 134 132 135 132 135 136 134 137 134 137 138 136 139 136 139 140 138 141 138 141 142 140 143 140 143 144 142 145 142 145 146 144 147 144 147 148 146 149 146 149 150 148 151 148 151 152 150 153 150 153 154 152 155 152 155 156 154 157 154 157 158 156 159 156 159 160 158 161 158 161 162 160 163 160 163 164 162 165 162 165 166 164 167 164 167 168 166 169 166 169
INF INF INF INF INF INF INF INF INF INF INF INF INF INF INF INF INF INF INF INF INF INF INF INF INF INF INF INF INF INF INF INF INF INF INF INF INF INF INF INF INF INF INF INF INF INF INF INF INF INF INF INF INF INF INF INF INF INF INF INF INF INF INF INF INF INF INF INF INF INF INF INF INF INF INF INF INF INF INF INF INF INF INF INF 0 3 1 4 5 2 5 3 6 7 4 7 5 8 9 6 9 7 10 11 8 11 9 12 13 10 13 11 14 15 12 15 13 16 17 14 17 15 18 19 16 19 17 20 21 18 21 19 22 23 20 23 21 24 25 22 25 23 26 27 24 27 25 28 29 26 29 27 30 31 28 31 29 32 33 30 33 31 34 35 32 35 33 36 37 34 37 35 38 39 36 39 37 40 41 38 41 39 42 43 40 43 41 44 45 42 45 43 46 47 44 47 45 48 49 46 49 47 50 51 48 51 49 52 53 50 53 51 54 55 52 55 53 56 57 54 57 55 58 59 56 59 57 60 61 58 61 59 62 63 60 63 61 64 65 62 65 63 66 67 64 67 65 68 69 66 69 67 70 71 68 71 69 72 73 70 73 71 74 75 72 75 73 76 77 74 77 75 78 79 76 79 77 80 81 78 81 79 82 83 80 83 81 84 85 82 85 83 86 87 84 87 85 88 89 86 89 87 90 91 88 91 89 92 93 90 93 91 94 95 92 95 93 96 97 94 97 95 98 99 96 99 97 100 101 98 101 99 102 103 100 103 101 104 105 102 105 103 106 107 104 107 105 108 109 106 109 107 110 111 108 111 109 112 113 110 113 111 114 115 112 115 113 116 117 114 117 115 118 119 116 119 117 120 121 118 121 119 122 123 120 123 121 124 125 122 125 123 126 127 124 127 125 128 129 126 129 127 130 131 128 131 129 132 133 130 133 131 134 135 132 135 133 136 137 134 137 135 138 139 136 139 137 140 141 138 141 139 142 143 140 143 141 144 145 142 145 143 146 147 144 147 145 148 149 146 149 147 150 151 148 151 149 152 153 150 153 151 154 155 152 155 153 156 157 154 157 155 158 159 156 159 157 160 161 158 161 159 162 163 160 163 161 164 165 162 165 163 166 167 164 167 165 168 169 166
INF INF INF INF INF INF INF INF INF INF INF INF INF INF INF INF INF INF INF INF INF INF INF INF INF INF INF INF INF INF INF INF INF INF INF INF INF INF INF INF INF INF INF INF INF INF INF INF INF INF INF INF INF INF INF INF INF INF INF INF INF INF INF INF INF INF INF INF INF INF INF INF INF INF INF INF INF INF INF INF INF INF INF INF INF 0 -2 1 2 5 2 0 3 4 7 4 2 5 6 9 6 4 7 8 11 8 6 9 10 13 10 8 11 12 15 12 10 13 14 17 14 12 15 16 19 16 14 17 18 21 18 16 19 20 23 20 18 21 22 25 22 20 23 24 27 24 22 25 26 29 26 24 27 28 31 28 26 29 30 33 30 28 31 32 35 32 30 33 34 37 34 32 35 36 39 36 34 37 38 41 38 36 39 40 43 40 38 41 42 45 42 40 43 44 47 44 42 45 46 49 46 44 47 48 51 48 46 49 50 53 50 48 51 52 55 52 50 53 54 57 54 52 55 56 59 56 54 57 58 61 58 56 59 60 63 60 58 61 62 65 62 60 63 64 67 64 62 65 66 69 66 64 67 68 71 68 66 69 70 73 70 68 71 72 75 72 70 73 74 77 74 72 75 76 79 76 74 77 78 81 78 76 79 80 83 80 78 81 82 85 82 80 83 84 87 84 82 85 86 89 86 84 87 88 91 88 86 89 90 93 90 88 91 92 95 92 90 93 94 97 94 92 95 96 99 96 94 97 98 101 98 96 99 100 103 100 98 101 102 105 102 100 103 104 107 104 102 105 106 109 106 104 107 108 111 108 106 109 110 113 110 108 111 112 115 112 110 113 114 117 114 112 115 116 119 116 114 117 118 121 118 116 119 120 123 120 118 121 122 125 122 120 123 124 127 124 122 125 126 129 126 124 127 128 131 128 126 129 130 133 130 128 131 132 135 132 130 133 134 137 134 132 135 136 139 136 134 137 138 141 138 136 139 140 143 140 138 141 142 145 142 140 143 144 147 144 142 145 146 149 146 144 147 148 151 148 146 149 150 153 150 148 151 152 155 152 150 153 154 157 154 152 155 156 159 156 154 157 158 161 158 156 159 160 163 160 158 161 162 165 162 160 163 164 167 164 162 165 166 169
INF INF INF INF INF INF INF INF INF INF INF INF INF INF INF INF INF INF INF INF INF INF INF INF INF INF INF INF INF INF INF INF INF INF INF INF INF INF INF INF INF INF INF INF INF INF INF INF INF INF INF INF INF INF INF INF INF INF INF INF INF INF INF INF INF INF INF INF INF INF INF INF INF INF INF INF INF INF INF INF INF INF INF INF INF INF 0 3 4 7 8 2 5 6 9 10 4 7 8 11 12 6 9 10 13 14 8 11 12 15 16 10 13 14 17 18 12 15 16 19 20 14 17 18 21 22 16 19 20 23 24 18 21 22 25 26 20 23 24 27 28 22 25 26 29 30 24 27 28 31 32 26 29 30 33 34 28 31 32 35 36 30 33 34 37 38 32 35 36 39 40 34 37 38 41 42 36 39 40 43 44 38 41 42 45 46 40 43 44 47 48 42 45 46 49 50 44 47 48 51 52 46 49 50 53 54 48 51 52 55 56 50 53 54 57 58 52 55 56 59 60 54 57 58 61 62 56 59 60 63 64 58 61 62 65 66 60 63 64 67 68 62 65 66 69 70 64 67 68 71 72 66 69 70 73 74 68 71 72 75 76 70 73 74 77 78 72 75 76 79 80 74 77 78 81 82 76 79 80 83 84 78 81 82 85 86 80 83 84 87 88 82 85 86 89 90 84 87 88 91 92 86 89 90 93 94 88 91 92 95 96 90 93 94 97 98 92 95 96 99 100 94 97 98 101 102 96 99 100 103 104 98 101 102 105 106 100 103 104 107 108 102 105 106 109 110 104 107 108 111 112 106 109 110 113 114 108 111 112 115 116 110 113 114 117 118 112 115 116 119 120 114 117 118 121 122 116 119 120 123 124 118 121 122 125 126 120 123 124 127 128 122 125 126 129 130 124 127 128 131 132 126 129 130 133 134 128 131 132 135 136 130 133 134 137 138 132 135 136 139 140 134 137 138 141 142 136 139 140 143 144 138 141 142 145 146 140 143 144 147 148 142 145 146 149 150 144 147 148 151 152 146 149 150 153 154 148 151 152 155 156 150 153 154 157 158 152 155 156 159 160 154 157 158 161 162 156 159 160 163 164 158 161 162 165 166 160 163 164 167 168 162 165 166 169 170 164 167 168 171
INF INF INF INF INF INF INF INF INF INF INF INF INF INF INF INF INF INF INF INF INF INF INF INF INF INF INF INF INF INF INF INF INF INF INF INF INF INF INF INF INF INF INF INF INF INF INF INF INF INF INF INF INF INF INF INF INF INF INF INF INF INF INF INF INF INF INF INF INF INF INF INF INF INF INF INF INF INF INF INF INF INF INF INF INF INF INF 0 3 4 7 5 2 5 6 9 7 4 7 8 11 9 6 9 10 13 11 8 11 12 15 13 10 13 14 17 15 12 15 16 19 17 14 17 18 21 19 16 19 20 23 21 18 21 22 25 23 20 23 24 27 25 22 25 26 29 27 24 27 28 31 29 26 29 30 33 31 28 31 32 35 33 30 33 34 37 35 32 35 36 39 37 34 37 38 41 39 36 39 40 43 41 38 41 42 45 43 40 43 44 47 45 42 45 46 49 47 44 47 48 51 49 46 49 50 53 51 48 51 52 55 53 50 53 54 57 55 52 55 56 59 57 54 57 58 61 59 56 59 60 63 61 58 61 62 65 63 60 63 64 67 65 62 65 66 69 67 64 67 68 71 69 66 69 70 73 71 68 71 72 75 73 70 73 74 77 75 72 75 76 79 77 74 77 78 81 79 76 79 80 83 81 78 81 82 85 83 80 83 84 87 85 82 85 86 89 87 84 87 88 91 89 86 89 90 93 91 88 91 92 95 93 90 93 94 97 95 92 95 96 99 97 94 97 98 101 99 96 99 100 103 101 98 101 102 105 103 100 103 104 107 105 102 105 106 109 107 104 107 108 111 109 106 109 110 113 111 108 111 112 115 113 110 113 114 117 115 112 115 116 119 117 114 117 118 121 119 116 119 120 123 121 118 121 122 125 123 120 123 124 127 125 122 125 126 129 127 124 127 128 131 129 126 129 130 133 131 128 131 132 135 133 130 133 134 137 135 132 135 136 139 137 134 137 138 141 139 136 139 140 143 141 138 141 142 145 143 140 143 144 147 145 142 145 146 149 147 144 147 148 151 149 146 149 150 153 151 148 151 152 155 153 150 153 154 157 155 152 155 156 159 157 154 157 158 161 159 156 159 160 163 161 158 161 162 165 163 160 163 164 167 165 162 165 166 169 167 164 167 168
INF INF INF INF INF INF INF INF INF INF INF INF INF INF INF INF INF INF INF INF INF INF INF INF INF INF INF INF INF INF INF INF INF INF INF INF INF INF INF INF INF INF INF INF INF INF INF INF INF INF INF INF INF INF INF INF INF INF INF INF INF INF INF INF INF INF INF INF INF INF INF INF INF INF INF INF INF INF INF INF INF INF INF INF INF INF INF INF 0 3 4 2 5 2 5 6 4 7 4 7 8 6 9 6 9 10 8 11 8 11 12 10 13 10 13 14 12 15 12 15 16 14 17 14 17 18 16 19 16 19 20 18 21 18 21 22 20 23 20 23 24 22 25 22 25 26 24 27 24 27 28 26 29 26 29 30 28 31 28 31 32 30 33 30 33 34 32 35 32 35 36 34 37 34 37 38 36 39 36 39 40 38 41 38 41 42 40 43 40 43 44 42 45 42 45 46 44 47 44 47 48 46 49 46 49 50 48 51 48 51 52 50 53 50 53 54 52 55 52 55 56 54 57 54 57 58 56 59 56 59 60 58 61 58 61 62 60 63 60 63 64 62 65 62 65 66 64 67 64 67 68 66 69 66 69 70 68 71 68 71 72 70 73 70 73 74 72 75 72 75 76 74 77 74 77 78 76 79 76 79 80 78 81 78 81 82 80 83 80 83 84 82 85 82 85 86 84 87 84 87 88 86 89 86 89 90 88 91 88 91 92 90 93 90 93 94 92 95 92 95 96 94 97 94 97 98 96 99 96 99 100 98 101 98 101 102 100 103 100 103 104 102 105 102 105 106 104 107 104 107 108 106 109 106 109 110 108 111 108 111 112 110 113 110 113 114 112 115 112 115 116 114 117 114 117 118 116 119 116 119 120 118 121 118 121 122 120 123 120 123 124 122 125 122 125 126 124 127 124 127 128 126 129 126 129 130 128 131 128 131 132 130 133 130 133 134 132 135 132 135 136 134 137 134 137 138 136 139 136 139 140 138 141 138 141 142 140 143 140 143 144 142 145 142 145 146 144 147 144 147 148 146 149 146 149 150 148 151 148 151 152 150 153 150 153 154 152 155 152 155 156 154 157 154 157 158 156 159 156 159 160 158 161 158 161 162 160 163 160 163 164 162 165 162 165 166 164 167 164 167
INF INF INF INF INF INF INF INF INF INF INF INF INF INF INF INF INF INF INF INF INF INF INF INF INF INF INF INF INF INF INF INF INF INF INF INF INF INF INF INF INF INF INF INF INF INF INF INF INF INF INF INF INF INF INF INF INF INF INF INF INF INF INF INF INF INF INF INF INF INF INF INF INF INF INF INF INF INF INF INF INF INF INF INF INF INF INF INF INF 0 3 1 4 5 2 5 3 6 7 4 7 5 8 9 6 9 7 10 11 8 11 9 12 13 10 13 11 14 15 12 15 13 16 17 14 17 15 18 19 16 19 17 20 21 18 21 19 22 23 20 23 21 24 25 22 25 23 26 27 24 27 25 28 29 26 29 27 30 31 28 31 29 32 33 30 33 31 34 35 32 35 33 36 37 34 37 35 38 39 36 39 37 40 41 38 41 39 42 43 40 43 41 44 45 42 45 43 46 47 44 47 45 48 49 46 49 47 50 51 48 51 49 52 53 50 53 51 54 55 52 55 53 56 57 54 57 55 58 59 56 59 57 60 61 58 61 59 62 63 60 63 61 64 65 62 65 63 66 67 64 67 65 68 69 66 69 67 70 71 68 71 69 72 73 70 73 71 74 75 72 75 73 76 77 74 77 75 78 79 76 79 77 80 81 78 81 79 82 83 80 83 81 84 85 82 85 83 86 87 84 87 85 88 89 86 89 87 90 91 88 91 89 92 93 90 93 91 94 95 92 95 93 96 97 94 97 95 98 99 96 99 97 100 101 98 101 99 102 103 100 103 101 104 105 102 105 103 106 107 104 107 105 108 109 106 109 107 110 111 108 111 109 112 113 110 113 111 114 115 112 115 113 116 117 114 117 115 118 119 116 119 117 120 121 118 121 119 122 123 120 123 121 124 125 122 125 123 126 127 124 127 125 128 129 126 129 127 130 131 128 131 129 132 133 130 133 131 134 135 132 135 133 136 137 134 137 135 138 139 136 139 137 140 141 138 141 139 142 143 140 143 141 144 145 142 145 143 146 147 144 147 145 148 149 146 149 147 150 151 148 151 149 152 153 150 153 151 154 155 152 155 153 156 157 154 157 155 158 159 156 159 157 160 161 158 161 159 162 163 160 163 161 164 165 162 165 163 166 167 164
INF INF INF INF INF INF INF INF INF INF INF INF INF INF INF INF INF INF INF INF INF INF INF INF INF INF INF INF INF INF INF INF INF INF INF INF INF INF INF INF INF INF INF INF INF INF INF INF INF INF INF INF INF INF INF INF INF INF INF INF INF INF INF INF INF INF INF INF INF INF INF INF INF INF INF INF INF INF INF INF INF INF INF INF INF INF INF INF INF INF 0 -2 1 2 5 2 0 3 4 7 4 2 5 6 9 6 4 7 8 11 8 6 9 10 13 10 8 11 12 15 12 10 13 14 17 14 12 15 16 19 16 14 17 18 21 18 16 19 20 23 20 18 21 22 25 22 20 23 24 27 24 22 25 26 29 26 24 27 28 31 28 26 29 30 33 30 28 31 32 35 32 30 33 34 37 34 32 35 36 39 36 34 37 38 41 38 36 39 40 43 40 38 41 42 45 42 40 43 44 47 44 42 45 46 49 46 44 47 48 51 48 46 49 50 53 50 48 51 52 55 52 50 53 54 57 54 52 55 56 59 56 54 57 58 61 58 56 59 60 63 60 58 61 62 65 62 60 63 64 67 64 62 65 66 69 66 64 67 68 71 68 66 69 70 73 70 68 71 72 75 72 70 73 74 77 74 72 75 76 79 76 74 77 78 81 78 76 79 80 83 80 78 81 82 85 82 80 83 84 87 84 82 85 86 89 86 84 87 88 91 88 86 89 90 93 90 88 91 92 95 92 90 93 94 97 94 92 95 96 99 96 94 97 98 101 98 96 99 100 103 100 98 101 102 105 102 100 103 104 107 104 102 105 106 109 106 104 107 108 111 108 106 109 110 113 110 108 111 112 115 112 110 113 114 117 114 112 115 116 119 116 114 117 118 121 118 116 119 120 123 120 118 121 122 125 122 120 123 124 127 124 122 125 126 129 126 124 127 128 131 128 126 129 130 133 130 128 131 132 135 132 130 133 134 137 134 132 135 136 139 136 134 137 138 141 138 136 139 140 143 140 138 141 142 145 142 140 143 144 147 144 142 145 146 149 146 144 147 148 151 148 146 149 150 153 150 148 151 152 155 152 150 153 154 157 154 152 155 156 159 156 154 157 158 161 158 156 159 160 163 160 158 161 162 165 162 160 163 164 167
INF INF INF INF INF INF INF INF INF INF INF INF INF INF INF INF INF INF INF INF INF INF INF INF INF INF INF INF INF INF INF INF INF INF INF INF INF INF INF INF INF INF INF INF INF INF INF INF INF INF INF INF INF INF INF INF INF INF INF INF INF INF INF INF INF INF INF INF INF INF INF INF INF INF INF INF INF INF INF INF INF INF INF INF INF INF INF INF INF INF INF 0 3 4 7 8 2 5 6 9 10 4 7 8 11 12 6 9 10 13 14 8 11 12 15 16 10 13 14 17 18 12 15 16 19 20 14 17 18 21 22 16 19 20 23 24 18 21 22 25 26 20 23 24 27 28 22 25 26 29 30 24 27 28 31 32 26 29 30 33 34 28 31 32 35 36 30 33 34 37 38 32 35 36 39 40 34 37 38 41 42 36 39 40 43 44 38 41 42 45 46 40 43 44 47 48 42 45 46 49 50 44 47 48 51 52 46 49 50 53 54 48 51 52 55 56 50 53 54 57 58 52 55 56 59 60 54 57 58 61 62 56 59 60 63 64 58 61 62 65 66 60 63 64 67 68 62 65 66 69 70 64 67 68 71 72 66 69 70 73 74 68 71 72 75 76 70 73 74 77 78 72 75 76 79 80 74 77 78 81 82 76 79 80 83 84 78 81 82 85 86 80 83 84 87 88 82 85 86 89 90 84 87 88 91 92 86 89 90 93 94 88 91 92 95 96 90 93 94 97 98 92 95 96 99 100 94 97 98 101 102 96 99 100 103 104 98 101 102 105 106 100 103 104 107 108 102 105 106 109 110 104 107 108 111 112 106 109 110 113 114 108 111 112 115 116 110 113 114 117 118 112 115 116 119 120 114 117 118 121 122 116 119 120 123 124 118 121 122 125 126 120 123 124 127 128 122 125 126 129 130 124 127 128 131 132 126 129 130 133 134 128 131 132 135 136 130 133 134 137 138 132 135 136 139 140 134 137 138 141 142 136 139 140 143 144 138 141 142 145 146 140 143 144 147 148 142 145 146 149 150 144 147 148 151 152 146 149 150 153 154 148 151 152 155 156 150 153 154 157 158 152 155 156 159 160 154 157 158 161 162 156 159 160 163 164 158 161 162 165 166 160 163 164 167 168 162 165 166 169
INF INF INF INF INF INF INF INF INF INF INF INF INF INF INF INF INF INF INF INF INF INF INF INF INF INF INF INF INF INF INF INF INF INF INF INF INF INF INF INF INF INF INF INF INF INF INF INF INF INF INF INF INF INF INF INF INF INF INF INF INF INF INF INF INF INF INF INF INF INF INF INF INF INF INF INF INF INF INF INF INF INF INF INF INF INF INF INF INF INF INF INF 0 3 4 7 5 2 5 6 9 7 4 7 8 11 9 6 9 10 13 11 8 11 12 15 13 10 13 14 17 15 12 15 16 19 17 14 17 18 21 19 16 19 20 23 21 18 21 22 25 23 20 23 24 27 25 22 25 26 29 27 24 27 28 31 29 26 29 30 33 31 28 31 32 35 33 30 33 34 37 35 32 35 36 39 37 34 37 38 41 39 36 39 40 43 41 38 41 42 45 43 40 43 44 47 45 42 45 46 49 47 44 47 48 51 49 46 49 50 53 51 48 51 52 55 53 50 53 54 57 55 52 55 56 59 57 54 57 58 61 59 56 59 60 63 61 58 61 62 65 63 60 63 64 67 65 62 65 66 69 67 64 67 68 71 69 66 69 70 73 71 68 71 72 75 73 70 73 74 77 75 72 75 76 79 77 74 77 78 81 79 76 79 80 83 81 78 81 82 85 83 80 83 84 87 85 82 85 86 89 87 84 87 88 91 89 86 89 90 93 91 88 91 92 95 93 90 93 94 97 95 92 95 96 99 97 94 97 98 101 99 96 99 100 103 101 98 101 102 105 103 100 103 104 107 105 102 105 106 109 107 104 107 108 111 109 106 109 110 113 111 108 111 112 115 113 110 113 114 117 115 112 115 116 119 117 114 117 118 121 119 116 119 120 123 121 118 121 122 125 123 120 123 124 127 125 122 125 126 129 127 124 127 128 131 129 126 129 130 133 131 128 131 132 135 133 130 133 134 137 135 132 135 136 139 137 134 137 138 141 139 136 139 140 143 141 138 141 142 145 143 140 143 144 147 145 142 145 146 149 147 144 147 148 151 149 146 149 150 153 151 148 151 152 155 153 150 153 154 157 155 152 155 156 159 157 154 157 158 161 159 156 159 160 163 161 158 161 162 165 163 160 163 164 167 165 162 165 166
INF INF INF INF INF INF INF INF INF INF INF INF INF INF INF INF INF INF INF INF INF INF INF INF INF INF INF INF INF INF INF INF INF INF INF INF INF INF INF INF INF INF INF INF INF INF INF INF INF INF INF INF INF INF INF INF INF INF INF INF INF INF INF INF INF INF INF INF INF INF INF INF INF INF INF INF INF INF INF INF INF INF INF INF INF INF INF INF INF INF INF INF INF 0 3 4 2 5 2 5 6 4 7 4 7 8 6 9 6 9 10 8 11 8 11 12 10 13 10 13 14 12 15 12 15 16 14 17 14 17 18 16 19 16 19 20 18 21 18 21 22 20 23 20 23 24 22 25 22 25 26 24 27 24 27 28 26 29 26 29 30 28 31 28 31 32 30 33 30 33 34 32 35 32 35 36 34 37 34 37 38 36 39 36 39 40 38 41 38 41 42 40 43 40 43 44 42 45 42 45 46 44 47 44 47 48 46 49 46 49 50 48 51 48 51 52 50 53 50 53 54 52 55 52 55 56 54 57 54 57 58 56 59 56 59 60 58 61 58 61 62 60 63 60 63 64 62 65 62 65 66 64 67 64 67 68 66 69 66 69 70 68 71 68 71 72 70 73 70 73 74 72 75 72 75 76 74 77 74 77 78 76 79 76 79 80 78 81 78 81 82 80 83 80 83 84 82 85 82 85 86 84 87 84 87 88 86 89 86 89 90 88 91 88 91 92 90 93 90 93 94 92 95 92 95 96 94 97 94 97 98 96 99 96 99 100 98 101 98 101 102 100 103 100 103 104 102 105 102 105 106 104 107 104 107 108 106 109 106 109 110 108 111 108 111 112 110 113 110 113 114 112 115 112 115 116 114 117 114 117 118 116 119 116 119 120 118 121 118 121 122 120 123 120 123 124 122 125 122 125 126 124 127 124 127 128 126 129 126 129 130 128 131 128 131 132 130 133 130 133 134 132 135 132 135 136 134 137 134 137 138 136 139 136 139 140 138 141 138 141 142 140 143 140 143 144 142 145 142 145 146 144 147 144 147 148 146 149 146 149 150 148 151 148 151 152 150 153 150 153 154 152 155 152 155 156 154 157 154 157 158 156 159 156 159 160 158 161 158 161 162 160 163 160 163 164 162 165 162 165
INF INF INF INF INF INF INF INF INF INF INF INF INF INF INF INF INF INF INF INF INF INF INF INF INF INF INF INF INF INF INF INF INF INF INF INF INF INF INF INF INF INF INF INF INF INF INF INF INF INF INF INF INF INF INF INF INF INF INF INF INF INF INF INF INF INF INF INF INF INF INF INF INF INF INF INF INF INF INF INF INF INF INF INF INF INF INF INF INF INF INF INF INF INF 0 3 1 4 5 2 5 3 6 7 4 7 5 8 9 6 9 7 10 11 8 11 9 12 13 10 13 11 14 15 12 15 13 16 17 14 17 15 18 19 16 19 17 20 21 18 21 19 22 23 20 23 21 24 25 22 25 23 26 27 24 27 25 28 29 26 29 27 30 31 28 31 29 32 33 30 33 31 34 35 32 35 33 36 37 34 37 35 38 39 36 39 37 40 41 38 41 39 42 43 40 43 41 44 45 42 45 43 46 47 44 47 45 48 49 46 49 47 50 51 48 51 49 52 53 50 53 51 54 55 52 55 53 56 57 54 57 55 58 59 56 59 57 60 61 58 61 59 62 63 60 63 61 64 65 62 65 63 66 67 64 67 65 68 69 66 69 67 70 71 68 71 69 72 73 70 73 71 74 75 72 75 73 76 77 74 77 75 78 79 76 79 77 80 81 78 81 79 82 83 80 83 81 84 85 82 85 83 86 87 84 87 85 88 89 86 89 87 90 91 88 91 89 92 93 90 93 91 94 95 92 95 93 96 97 94 97 95 98 99 96 99 97 100 101 98 101 99 102 103 100 103 101 104 105 102 105 103 106 107 104 107 105 108 109 106 109 107 110 111 108 111 109 112 113 110 113 111 114 115 112 115 113 116 117 114 117 115 118 119 116 119 117 120 121 118 121 119 122 123 120 123 121 124 125 122 125 123 126 127 124 127 125 128 129 126 129 127 130 131 128 131 129 132 133 130 133 131 134 135 132 135 133 136 137 134 137 135 138 139 136 139 137 140 141 138 141 139 142 143 140 143 141 144 145 142 145 143 146 147 144 147 145 148 149 146 149 147 150 151 148 151 149 152 153 150 153 151 154 155 152 155 153 156 157 154 157 155 158 159 156 159 157 160 161 158 161 159 162 163 160 163 161 164 165 162
INF INF INF INF INF INF INF INF INF INF INF INF INF INF INF INF INF INF INF INF INF INF INF INF INF INF INF INF INF INF INF INF INF INF INF INF INF INF INF INF INF INF INF INF INF INF INF INF INF INF INF INF INF INF INF INF INF INF INF INF INF INF INF INF INF INF INF INF INF INF INF INF INF INF INF INF INF INF INF INF INF INF INF INF INF INF INF INF INF INF INF INF INF INF INF 0 -2 1 2 5 2 0 3 4 7 4 2 5 6 9 6 4 7 8 11 8 6 9 10 13 10 8 11 12 15 12 10 13 14 17 14 12 15 16 19 16 14 17 18 21 18 16 19 20 23 20 18 21 22 25 22 20 23 24 27 24 22 25 26 29 26 24 27 28 31 28 26 29 30 33 30 28 31 32 35 32 30 33 34 37 34 32 35 36 39 36 34 37 38 41 38 36 39 40 43 40 38 41 42 45 42 40 43 44 47 44 42 45 46 49 46 44 47 48 51 48 46 49 50 53 50 48 51 52 55 52 50 53 54 57 54 52 55 56 59 56 54 57 58 61 58 56 59 60 63 60 58 61 62 65 62 60 63 64 67 64 62 65 66 69 66 64 67 68 71 68 66 69 70 73 70 68 71 72 75 72 70 73 74 77 74 72 75 76 79 76 74 77 78 81 78 76 79 80 83 80 78 81 82 85 82 80 83 84 87 84 82 85 86 89 86 84 87 88 91 88 86 89 90 93 90 88 91 92 95 92 90 93 94 97 94 92 95 96 99 96 94 97 98 101 98 96 99 100 103 100 98 101 102 105 102 100 103 104 107 104 102 105 106 109 106 104 107 108 111 108 106 109 110 113 110 108 111 112 115 112 110 113 114 117 114 112 115 116 119 116 114 117 118 121 118 116 119 120 123 120 118 121 122 125 122 120 123 124 127 124 122 125 126 129 126 124 127 128 131 128 126 129 130 133 130 128 131 132 135 132 130 133 134 137 134 132 135 136 139 136 134 137 138 141 138 136 139 140 143 140 138 141 142 145 142 140 143 144 147 144 142 145 146 149 146 144 147 148 151 148 146 149 150 153 150 148 151 152 155 152 150 153 154 157 154 152 155 156 159 156 154 157 158 161 158 156 159 160 163 160 158 161 162 165
INF INF INF INF INF INF INF INF INF INF INF INF INF INF INF INF INF INF INF INF INF INF INF INF INF INF INF INF INF INF INF INF INF INF INF INF INF INF INF INF INF INF INF INF INF INF INF INF INF INF INF INF INF INF INF INF INF INF INF INF INF INF INF INF INF INF INF INF INF INF INF INF INF INF INF INF INF INF INF INF INF INF INF INF INF INF INF INF INF INF INF INF INF INF INF INF 0 3 4 7 8 2 5 6 9 10 4 7 8 11 12 6 9 10 13 14 8 11 12 15 16 10 13 14 17 18 12 15 16 19 20 14 17 18 21 22 16 19 20 23 24 18 21 22 25 26 20 23 24 27 28 22 25 26 29 30 24 27 28 31 32 26 29 30 33 34 28 31 32 35 36 30 33 34 37 38 32 35 36 39 40 34 37 38 41 42 36 39 40 43 44 38 41 42 45 46 40 43 44 47 48 42 45 46 49 50 44 47 48 51 52 46 49 50 53 54 48 51 52 55 56 50 53 54 57 58 52 55 56 59 60 54 57 58 61 62 56 59 60 63 64 58 61 62 65 66 60 63 64 67 68 62 65 66 69 70 64 67 68 71 72 66 69 70 73 74 68 71 72 75 76 70 73 74 77 78 72 75 76 79 80 74 77 78 81 82 76 79 80 83 84 78 81 82 85 86 80 83 84 87 88 82 85 86 89 90 84 87 88 91 92 86 89 90 93 94 88 91 92 95 96 90 93 94 97 98 92 95 96 99 100 94 97 98 101 102 96 99 100 103 104 98 101 102 105 106 100 103 104 107 108 102 105 106 109 110 104 107 108 111 112 106 109 110 113 114 108 111 112 115 116 110 113 114 117 118 112 115 116 119 120 114 117 118 121 122 116 119 120 123 124 118 121 122 125 126 120 123 124 127 128 122 125 126 129 130 124 127 128 131 132 126 129 130 133 134 128 131 132 135 136 130 133 134 137 138 132 135 136 139 140 134 137 138 141 142 136 139 140 143 144 138 141 142 145 146 140 143 144 147 148 142 145 146 149 150 144 147 148 151 152 146 149 150 153 154 148 151 152 155 156 150 153 154 157 158 152 155 156 159 160 154 157 158 161 162 156 159 160 163 164 158 161 162 165 166 160 163 164 167
INF INF INF INF INF INF INF INF INF INF INF INF INF INF INF INF INF INF INF INF INF INF INF INF INF INF INF INF INF INF INF INF INF INF INF INF INF INF INF INF INF INF INF INF INF INF INF INF INF INF INF INF INF INF INF INF INF INF INF INF INF INF INF INF INF INF INF INF INF INF INF INF INF INF INF INF INF INF INF INF INF INF INF INF INF INF INF INF INF INF INF INF INF INF INF INF INF 0 3 4 7 5 2 5 6 9 7 4 7 8 11 9 6 9 10 13 11 8 11 12 15 13 10 13 14 17 15 12 15 16 19 17 14 17 18 21 19 16 19 20 23 21 18 21 22 25 23 20 23 24 27 25 22 25 26 29 27 24 27 28 31 29 26 29 30 33 31 28 31 32 35 33 30 33 34 37 35 32 35 36 39 37 34 37 38 41 39 36 39 40 43 41 38 41 42 45 43 40 43 44 47 45 42 45 46 49 47 44 47 48 51 49 46 49 50 53 51 48 51 52 55 53 50 53 54 57 55 52 55 56 59 57 54 57 58 61 59 56 59 60 63 61 58 61 62 65 63 60 63 64 67 65 62 65 66 69 67 64 67 68 71 69 66 69 70 73 71 68 71 72 75 73 70 73 74 77 75 72 75 76 79 77 74 77 78 81 79 76 79 80 83 81 78 81 82 85 83 80 83 84 87 85 82 85 86 89 87 84 87 88 91 89 86 89 90 93 91 88 91 92 95 93 90 93 94 97 95 92 95 96 99 97 94 97 98 101 99 96 99 100 103 101 98 101 102 105 103 100 103 104 107 105 102 105 106 109 107 104 107 108 111 109 106 109 110 113 111 108 111 112 115 113 110 113 114 117 115 112 115 116 119 117 114 117 118 121 119 116 119 120 123 121 118 121 122 125 123 120 123 124 127 125 122 125 126 129 127 124 127 128 131 129 126 129 130 133 131 128 131 132 135 133 130 133 134 137 135 132 135 136 139 137 134 137 138 141 139 136 139 140 143 141 138 141 142 145 143 140 143 144 147 145 142 145 146 149 147 144 147 148 151 149 146 149 150 153 151 148 151 152 155 153 150 153 154 157 155 152 155 156 159 157 154 157 158 161 159 156 159 160 163 161 158 161 162 165 163 160 163 164
INF INF INF INF INF INF INF INF INF INF INF INF INF INF INF INF INF INF INF INF INF INF INF INF INF INF INF INF INF INF INF INF INF INF INF INF INF INF INF INF INF INF INF INF INF INF INF INF INF INF INF INF INF INF INF INF INF INF INF INF INF INF INF INF INF INF INF INF INF INF INF INF INF INF INF INF INF INF INF INF INF INF INF INF INF INF INF INF INF INF INF INF INF INF INF INF INF INF 0 3 4 2 5 2 5 6 4 7 4 7 8 6 9 6 9 10 8 11 8 11 12 10 13 10 13 14 12 15 12 15 16 14 17 14 17 18 16 19 16 19 20 18 21 18 21 22 20 23 20 23 24 22 25 22 25 26 24 27 24 27 28 26 29 26 29 30 28 31 28 31 32 30 33 30 33 34 32 35 32 35 36 34 37 34 37 38 36 39 36 39 40 38 41 38 41 42 40 43 40 43 44 42 45 42 45 46 44 47 44 47 48 46 49 46 49 50 48 51 48 51 52 50 53 50 53 54 52 55 52 55 56 54 57 54 57 58 56 59 56 59 60 58 61 58 61 62 60 63 60 63 64 62 65 62 65 66 64 67 64 67 68 66 69 66 69 70 68 71 68 71 72 70 73 70 73 74 72 75 72 75 76 74 77 74 77 78 76 79 76 79 80 78 81 78 81 82 80 83 80 83 84 82 85 82 85 86 84 87 84 87 88 86 89 86 89 90 88 91 88 91 92 90 93 90 93 94 92 95 92 95 96 94 97 94 97 98 96 99 96 99 100 98 101 98 101 102 100 103 100 103 104 102 105 102 105 106 104 107 104 107 108 106 109 106 109 110 108 111 108 111 112 110 113 110 113 114 112 115 112 115 116 114 117 114 117 118 116 119 116 119 120 118 121 118 121 122 120 123 120 123 124 122 125 122 125 126 124 127 124 127 128 126 129 126 129 130 128 131 128 131 132 130 133 130 133 134 132 135 132 135 136 134 137 134 137 138 136 139 136 139 140 138 141 138 141 142 140 143 140 143 144 142 145 142 145 146 144 147 144 147 148 146 149 146 149 150 148 151 148 151 152 150 153 150 153 154 152 155 152 155 156 154 157 154 157 158 156 159 156 159 160 158 161 158 161 162 160 163 160 163
INF INF INF INF INF INF INF INF INF INF INF INF INF INF INF INF INF INF INF INF INF INF INF INF INF INF INF INF INF INF INF INF INF INF INF INF INF INF INF INF INF INF INF INF INF INF INF INF INF INF INF INF INF INF INF INF INF INF INF INF INF INF INF INF INF INF INF INF INF INF INF INF INF INF INF INF INF INF INF INF INF INF INF INF INF INF INF INF INF INF INF INF INF INF INF INF INF INF INF 0 3 1 4 5 2 5 3 6 7 4 7 5 8 9 6 9 7 10 11 8 11 9 12 13 10 13 11 14 15 12 15 13 16 17 14 17 15 18 19 16 19 17 20 21 18 21 19 22 23 20 23 21 24 25 22 25 23 26 27 24 27 25 28 29 26 29 27 30 31 28 31 29 32 33 30 33 31 34 35 32 35 33 36 37 34 37 35 38 39 36 39 37 40 41 38 41 39 42 43 40 43 41 44 45 42 45 43 46 47 44 47 45 48 49 46 49 47 50 51 48 51 49 52 53 50 53 51 54 55 52 55 53 56 57 54 57 55 58 59 56 59 57 60 61 58 61 59 62 63 60 63 61 64 65 62 65 63 66 67 64 67 65 68 69 66 69 67 70 71 68 71 69 72 73 70 73 71 74 75 72 75 73 76 77 74 77 75 78 79 76 79 77 80 81 78 81 79 82 83 80 83 81 84 85 82 85 83 86 87 84 87 85 88 89 86 89 87 90 91 88 91 89 92 93 90 93 91 94 95 92 95 93 96 97 94 97 95 98 99 96 99 97 100 101 98 101 99 102 103 100 103 101 104 105 102 105 103 106 107 104 107 105 108 109 106 109 107 110 111 108 111 109 112 113 110 113 111 114 115 112 115 113 116 117 114 117 115 118 119 116 119 117 120 121 118 121 119 122 123 120 123 121 124 125 122 125 123 126 127 124 127 125 128 129 126 129 127 130 131 128 131 129 132 133 130 133 131 134 135 132 135 133 136 137 134 137 135 138 139 136 139 137 140 141 138 141 139 142 143 140 143 141 144 145 142 145 143 146 147 144 147 145 148 149 146 149 147 150 151 148 151 149 152 153 150 153 151 154 155 152 155 153 156 157 154 157 155 158 159 156 159 157 160 161 158 161 159 162 163 160
INF INF INF INF INF INF INF INF INF INF INF INF INF INF INF INF INF INF INF INF INF INF INF INF INF INF INF INF INF INF INF INF INF INF INF INF INF INF INF INF INF INF INF INF INF INF INF INF INF INF INF INF INF INF INF INF INF INF INF INF INF INF INF INF INF INF INF INF INF INF INF INF INF INF INF INF INF INF INF INF INF INF INF INF INF INF INF INF INF INF INF INF INF INF INF INF INF INF INF INF 0 -2 1 2 5 2 0 3 4 7 4 2 5 6 9 6 4 7 8 11 8 6 9 10 13 10 8 11 12 15 12 10 13 14 17 14 12 15 16 19 16 14 17 18 21 18 16 19 20 23 20 18 21 22 25 22 20 23 24 27 24 22 25 26 29 26 24 27 28 31 28 26 29 30 33 30 28 31 32 35 32 30 33 34 37 34 32 35 36 39 36 34 37 38 41 38 36 39 40 43 40 38 41 42 45 42 40 43 44 47 44 42 45 46 49 46 44 47 48 51 48 46 49 50 53 50 48 51 52 55 52 50 53 54 57 54 52 55 56 59 56 54 57 58 61 58 56 59 60 63 60 58 61 62 65 62 60 63 64 67 64 62 65 66 69 66 64 67 68 71 68 66 69 70 73 70 68 71 72 75 72 70 73 74 77 74 72 75 76 79 76 74 77 78 81 78 76 79 80 83 80 78 81 82 85 82 80 83 84 87 84 82 85 86 89 86 84 87 88 91 88 86 89 90 93 90 88 91 92 95 92 90 93 94 97 94 92 95 96 99 96 94 97 98 101 98 96 99 100 103 100 98 101 102 105 102 100 103 104 107 104 102 105 106 109 106 104 107 108 111 108 106 109 110 113 110 108 111 112 115 112 110 113 114 117 114 112 115 116 119 116 114 117 118 121 118 116 119 120 123 120 118 121 122 125 122 120 123 124 127 124 122 125 126 129 126 124 127 128 131 128 126 129 130 133 130 128 131 132 135 132 130 133 134 137 134 132 135 136 139 136 134 137 138 141 138 136 139 140 143 140 138 141 142 145 142 140 143 144 147 144 142 145 146 149 146 144 147 148 151 148 146 149 150 153 150 148 151 152 155 152 150 153 154 157 154 152 155 156 159 156 154 157 158 161 158 156 159 160 163
INF INF INF INF INF INF INF INF INF INF INF INF INF INF INF INF INF INF INF INF INF INF INF INF INF INF INF INF INF INF INF INF INF INF INF INF INF INF INF INF INF INF INF INF INF INF INF INF INF INF INF INF INF INF INF INF INF INF INF INF INF INF INF INF INF INF INF INF INF INF INF INF INF INF INF INF INF INF INF INF INF INF INF INF INF INF INF INF INF INF INF INF INF INF INF INF INF INF INF INF INF 0 3 4 7 8 2 5 6 9 10 4 7 8 11 12 6 9 10 13 14 8 11 12 15 16 10 13 14 17 18 12 15 16 19 20 14 17 18 21 22 16 19 20 23 24 18 21 22 25 26 20 23 24 27 28 22 25 26 29 30 24 27 28 31 32 26 29 30 33 34 28 31 32 35 36 30 33 34 37 38 32 35 36 39 40 34 37 38 41 42 36 39 40 43 44 38 41 42 45 46 40 43 44 47 48 42 45 46 49 50 44 47 48 51 52 46 49 50 53 54 48 51 52 55 56 50 53 54 57 58 52 55 56 59 60 54 57 58 61 62 56 59 60 63 64 58 61 62 65 66 60 63 64 67 68 62 65 66 69 70 64 67 68 71 72 66 69 70 73 74 68 71 72 75 76 70 73 74 77 78 72 75 76 79 80 74 77 78 81 82 76 79 80 83 84 78 81 82 85 86 80 83 84 87 88 82 85 86 89 90 84 87 88 91 92 86 89 90 93 94 88 91 92 95 96 90 93 94 97 98 92 95 96 99 100 94 97 98 101 102 96 99 100 103 104 98 101 102 105 106 100 103 104 107 108 102 105 106 109 110 104 107 108 111 112 106 109 110 113 114 108 111 112 115 116 110 113 114 117 118 112 115 116 119 120 114 117 118 121 122 116 119 120 123 124 118 121 122 125 126 120 123 124 127 128 122 125 126 129 130 124 127 128 131 132 126 129 130 133 134 128 131 132 135 136 130 133 134 137 138 132 135 136 139 140 134 137 138 141 142 136 139 140 143 144 138 141 142 145 146 140 143 144 147 148 142 145 146 149 150 144 147 148 151 152 146 149 150 153 154 148 151 152 155 156 150 153 154 157 158 152 155 156 159 160 154 157 158 161 162 156 159 160 163 164 158 161 162 165
INF INF INF INF INF INF INF INF INF INF INF INF INF INF INF INF INF INF INF INF INF INF INF INF INF INF INF INF INF INF INF INF INF INF INF INF INF INF INF INF INF INF INF INF INF INF INF INF INF INF INF INF INF INF INF INF INF INF INF INF INF INF INF INF INF INF INF INF INF INF INF INF INF INF INF INF INF INF INF INF INF INF INF INF INF INF INF INF INF INF INF INF INF INF INF INF INF INF INF INF INF INF 0 3 4 7 5 2 5 6 9 7 4 7 8 11 9 6 9 10 13 11 8 11 12 15 13 10 13 14 17 15 12 15 16 19 17 14 17 18 21 19 16 19 20 23 21 18 21 22 25 23 20 23 24 27 25 22 25 26 29 27 24 27 28 31 29 26 29 30 33 31 28 31 32 35 33 30 33 34 37 35 32 35 36 39 37 34 37 38 41 39 36 39 40 43 41 38 41 42 45 43 40 43 44 47 45 42 45 46 49 47 44 47 48 51 49 46 49 50 53 51 48 51 52 55 53 50 53 54 57 55 52 55 56 59 57 54 57 58 61 59 56 59 60 63 61 58 61 62 65 63 60 63 64 67 65 62 65 66 69 67 64 67 68 71 69 66 69 70 73 71 68 71 72 75 73 70 73 74 77 75 72 75 76 79 77 74 77 78 81 79 76 79 80 83 81 78 81 82 85 83 80 83 84 87 85 82 85 86 89 87 84 87 88 91 89 86 89 90 93 91 88 91 92 95 93 90 93 94 97 95 92 95 96 99 97 94 97 98 101 99 96 99 100 103 101 98 101 102 105 103 100 103 104 107 105 102 105 106 109 107 104 107 108 111 109 106 109 110 113 111 108 111 112 115 113 110 113 114 117 115 112 115 116 119 117 114 117 118 121 119 116 119 120 123 121 118 121 122 125 123 120 123 124 127 125 122 125 126 129 127 124 127 128 131 129 126 129 130 133 131 128 131 132 135 133 130 133 134 137 135 132 135 136 139 137 134 137 138 141 139 136 139 140 143 141 138 141 142 145 143 140 143 144 147 145 142 145 146 149 147 144 147 148 151 149 146 149 150 153 151 148 151 152 155 153 150 153 154 157 155 152 155 156 159 157 154 157 158 161 159 156 159 160 163 161 158 161 162
INF INF INF INF INF INF INF INF INF INF INF INF INF INF INF INF INF INF INF INF INF INF INF INF INF INF INF INF INF INF INF INF INF INF INF INF INF INF INF INF INF INF INF INF INF INF INF INF INF INF INF INF INF INF INF INF INF INF INF INF INF INF INF INF INF INF INF INF INF INF INF INF INF INF INF INF INF INF INF INF INF INF INF INF INF INF INF INF INF INF INF INF INF INF INF INF INF INF INF INF INF INF INF 0 3 4 2 5 2 5 6 4 7 4 7 8 6 9 6 9 10 8 11 8 11 12 10 13 10 13 14 12 15 12 15 16 14 17 14 17 18 16 19 16 19 20 18 21 18 21 22 20 23 20 23 24 22 25 22 25 26 24 27 24 27 28 26 29 26 29 30 28 31 28 31 32 30 33 30 33 34 32 35 32 35 36 34 37 34 37 38 36 39 36 39 40 38 41 38 41 42 40 43 40 43 44 42 45 42 45 46 44 47 44 47 48 46 49 46 49 50 48 51 48 51 52 50 53 50 53 54 52 55 52 55 56 54 57 54 57 58 56 59 56 59 60 58 61 58 61 62 60 63 60 63 64 62 65 62 65 66 64 67 64 67 68 66 69 66 69 70 68 71 68 71 72 70 73 70 73 74 72 75 72 75 76 74 77 74 77 78 76 79 76 79 80 78 81 78 81 82 80 83 80 83 84 82 85 82 85 86 84 87 84 87 88 86 89 86 89 90 88 91 88 91 92 90 93 90 93 94 92 95 92 95 96 94 97 94 97 98 96 99 96 99 100 98 101 98 101 102 100 103 100 103 104 102 105 102 105 106 104 107 104 107 108 106 109 106 109 110 108 111 108 111 112 110 113 110 113 114 112 115 112 115 116 114 117 114 117 118 116 119 116 119 120 118 121 118 121 122 120 123 120 123 124 122 125 122 125 126 124 127 124 127 128 126 129 126 129 130 128 131 128 131 132 130 133 130 133 134 132 135 132 135 136 134 137 134 137 138 136 139 136 139 140 138 141 138 141 142 140 143 140 143 144 142 145 142 145 146 144 147 144 147 148 146 149 146 149 150 148 151 148 151 152 150 153 150 153 154 152 155 152 155 156 154 157 154 157 158 156 159 156 159 160 158 161 158 161
INF INF INF INF INF INF INF INF INF INF INF INF INF INF INF INF INF INF INF INF INF INF INF INF INF INF INF INF INF INF INF INF INF INF INF INF INF INF INF INF INF INF INF INF INF INF INF INF INF INF INF INF INF INF INF INF INF INF INF INF INF INF INF INF INF INF INF INF INF INF INF INF INF INF INF INF INF INF INF INF INF INF INF INF INF INF INF INF INF INF INF INF INF INF INF INF INF INF INF INF INF INF INF INF 0 3 1 4 5 2 5 3 6 7 4 7 5 8 9 6 9 7 10 11 8 11 9 12 13 10 13 11 14 15 12 15 13 16 17 14 17 15 18 19 16 19 17 20 21 18 21 19 22 23 20 23 21 24 25 22 25 23 26 27 24 27 25 28 29 26 29 27 30 31 28 31 29 32 33 30 33 31 34 35 32 35 33 36 37 34 37 35 38 39 36 39 37 40 41 38 41 39 42 43 40 43 41 44 45 42 45 43 46 47 44 47 45 48 49 46 49 47 50 51 48 51 49 52 53 50 53 51 54 55 52 55 53 56 57 54 57 55 58 59 56 59 57 60 61 58 61 59 62 63 60 63 61 64 65 62 65 63 66 67 64 67 65 68 69 66 69 67 70 71 68 71 69 72 73 70 73 71 74 75 72 75 73 76 77 74 77 75 78 79 76 79 77 80 81 78 81 79 82 83 80 83 81 84 85 82 85 83 86 87 84 87 85 88 89 86 89 87 90 91 88 91 89 92 93 90 93 91 94 95 92 95 93 96 97 94 97 95 98 99 96 99 97 100 101 98 101 99 102 103 100 103 101 104 105 102 105 103 106 107 104 107 105 108 109 106 109 107 110 111 108 111 109 112 113 110 113 111 114 115 112 115 113 116 117 114 117 115 118 119 116 119 117 120 121 118 121 119 122 123 120 123 121 124 125 122 125 123 126 127 124 127 125 128 129 126 129 127 130 131 128 131 129 132 133 130 133 131 134 135 132 135 133 136 137 134 137 135 138 139 136 139 137 140 141 138 141 139 142 143 140 143 141 144 145 142 145 143 146 147 144 147 145 148 149 146 149 147 150 151 148 151 149 152 153 150 153 151 154 155 152 155 153 156 157 154 157 155 158 159 156 159 157 160 161 158
INF INF INF INF INF INF INF INF INF INF INF INF INF INF INF INF INF INF INF INF INF INF INF INF INF INF INF INF INF INF INF INF INF INF INF INF INF INF INF INF INF INF INF INF INF INF INF INF INF INF INF INF INF INF INF INF INF INF INF INF INF INF INF INF INF INF INF INF INF INF INF INF INF INF INF INF INF INF INF INF INF INF INF INF INF INF INF INF INF INF INF INF INF INF INF INF INF INF INF INF INF INF INF INF INF 0 -2 1 2 5 2 0 3 4 7 4 2 5 6 9 6 4 7 8 11 8 6 9 10 13 10 8 11 12 15 12 10 13 14 17 14 12 15 16 19 16 14 17 18 21 18 16 19 20 23 20 18 21 22 25 22 20 23 24 27 24 22 25 26 29 26 24 27 28 31 28 26 29 30 33 30 28 31 32 35 32 30 33 34 37 34 32 35 36 39 36 34 37 38 41 38 36 39 40 43 40 38 41 42 45 42 40 43 44 47 44 42 45 46 49 46 44 47 48 51 48 46 49 50 53 50 48 51 52 55 52 50 53 54 57 54 52 55 56 59 56 54 57 58 61 58 56 59 60 63 60 58 61 62 65 62 60 63 64 67 64 62 65 66 69 66 64 67 68 71 68 66 69 70 73 70 68 71 72 75 72 70 73 74 77 74 72 75 76 79 76 74 77 78 81 78 76 79 80 83 80 78 81 82 85 82 80 83 84 87 84 82 85 86 89 86 84 87 88 91 88 86 89 90 93 90 88 91 92 95 92 90 93 94 97 94 92 95 96 99 96 94 97 98 101 98 96 99 100 103 100 98 101 102 105 102 100 103 104 107 104 102 105 106 109 106 104 107 108 111 108 106 109 110 113 110 108 111 112 115 112 110 113 114 117 114 112 115 116 119 116 114 117 118 121 118 116 119 120 123 120 118 121 122 125 122 120 123 124 127 124 122 125 126 129 126 124 127 128 131 128 126 129 130 133 130 128 131 132 135 132 130 133 134 137 134 132 135 136 139 136 134 137 138 141 138 136 139 140 143 140 138 141 142 145 142 140 143 144 147 144 142 145 146 149 146 144 147 148 151 148 146 149 150 153 150 148 151 152 155 152 150 153 154 157 154 152 155 156 159 156 154 157 158 161
INF INF INF INF INF INF INF INF INF INF INF INF INF INF INF INF INF INF INF INF INF INF INF INF INF INF INF INF INF INF INF INF INF INF INF INF INF INF INF INF INF INF INF INF INF INF INF INF INF INF INF INF INF INF INF INF INF INF INF INF INF INF INF INF INF INF INF INF INF INF INF INF INF INF INF INF INF INF INF INF INF INF INF INF INF INF INF INF INF INF INF INF INF INF INF INF INF INF INF INF INF INF INF INF INF INF 0 3 4 7 8 2 5 6 9 10 4 7 8 11 12 6 9 10 13 14 8 11 12 15 16 10 13 14 17 18 12 15 16 19 20 14 17 18 21 22 16 19 20 23 24 18 21 22 25 26 20 23 24 27 28 22 25 26 29 30 24 27 28 31 32 26 29 30 33 34 28 31 32 35 36 30 33 34 37 38 32 35 36 39 40 34 37 38 41 42 36 39 40 43 44 38 41 42 45 46 40 43 44 47 48 42 45 46 49 50 44 47 48 51 52 46 49 50 53 54 48 51 52 55 56 50 53 54 57 58 52 55 56 59 60 54 57 58 61 62 56 59 60 63 64 58 61 62 65 66 60 63 64 67 68 62 65 66 69 70 64 67 68 71 72 66 69 70 73 74 68 71 72 75 76 70 73 74 77 78 72 75 76 79 80 74 77 78 81 82 76 79 80 83 84 78 81 82 85 86 80 83 84 87 88 82 85 86 89 90 84 87 88 91 92 86 89 90 93 94 88 91 92 95 96 90 93 94 97 98 92 95 96 99 100 94 97 98 101 102 96 99 100 103 104 98 101 102 105 106 100 103 104 107 108 102 105 106 109 110 104 107 108 111 112 106 109 110 113 114 108 111 112 115 116 110 113 114 117 118 112 115 116 119 120 114 117 118 121 122 116 119 120 123 124 118 121 122 125 126 120 123 124 127 128 122 125 126 129 130 124 127 128 131 132 126 129 130 133 134 128 131 132 135 136 130 133 134 137 138 132 135 136 139 140 134 137 138 141 142 136 139 140 143 144 138 141 142 145 146 140 143 144 147 148 142 145 146 149 150 144 147 148 151 152 146 149 150 153 154 148 151 152 155 156 150 153 154 157 158 152 155 156 159 160 154 157 158 161 162 156 159 160 163
INF INF INF INF INF INF INF INF INF INF INF INF INF INF INF INF INF INF INF INF INF INF INF INF INF INF INF INF INF INF INF INF INF INF INF INF INF INF INF INF INF INF INF INF INF INF INF INF INF INF INF INF INF INF INF INF INF INF INF INF INF INF INF INF INF INF INF INF INF INF INF INF INF INF INF INF INF INF INF INF INF INF INF INF INF INF INF INF INF INF INF INF INF INF INF INF INF INF INF INF INF INF INF INF INF INF INF 0 3 4 7 5 2 5 6 9 7 4 7 8 11 9 6 9 10 13 11 8 11 12 15 13 10 13 14 17 15 12 15 16 19 17 14 17 18 21 19 16 19 20 23 21 18 21 22 25 23 20 23 24 27 25 22 25 26 29 27 24 27 28 31 29 26 29 30 33 31 28 31 32 35 33 30 33 34 37 35 32 35 36 39 37 34 37 38 41 39 36 39 40 43 41 38 41 42 45 43 40 43 44 47 45 42 45 46 49 47 44 47 48 51 49 46 49 50 53 51 48 51 52 55 53 50 53 54 57 55 52 55 56 59 57 54 57 58 61 59 56 59 60 63 61 58 61 62 65 63 60 63 64 67 65 62 65 66 69 67 64 67 68 71 69 66 69 70 73 71 68 71 72 75 73 70 73 74 77 75 72 75 76 79 77 74 77 78 81 79 76 79 80 83 81 78 81 82 85 83 80 83 84 87 85 82 85 86 89 87 84 87 88 91 89 86 89 90 93 91 88 91 92 95 93 90 93 94 97 95 92 95 96 99 97 94 97 98 101 99 96 99 100 103 101 98 101 102 105 103 100 103 104 107 105 102 105 106 109 107 104 107 108 111 109 106 109 110 113 111 108 111 112 115 113 110 113 114 117 115 112 115 116 119 117 114 117 118 121 119 116 119 120 123 121 118 121 122 125 123 120 123 124 127 125 122 125 126 129 127 124 127 128 131 129 126 129 130 133 131 128 131 132 135 133 130 133 134 137 135 132 135 136 139 137 134 137 138 141 139 136 139 140 143 141 138 141 142 145 143 140 143 144 147 145 142 145 146 149 147 144 147 148 151 149 146 149 150 153 151 148 151 152 155 153 150 153 154 157 155 152 155 156 159 157 154 157 158 161 159 156 159 160
INF INF INF INF INF INF INF INF INF INF INF INF INF INF INF INF INF INF INF INF INF INF INF INF INF INF INF INF INF INF INF INF INF INF INF INF INF INF INF INF INF INF INF INF INF INF INF INF INF INF INF INF INF INF INF INF INF INF INF INF INF INF INF INF INF INF INF INF INF INF INF INF INF INF INF INF INF INF INF INF INF INF INF INF INF INF INF INF INF INF INF INF INF INF INF INF INF INF INF INF INF INF INF INF INF INF INF INF 0 3 4 2 5 2 5 6 4 7 4 7 8 6 9 6 9 10 8 11 8 11 12 10 13 10 13 14 12 15 12 15 16 14 17 14 17 18 16 19 16 19 20 18 21 18 21 22 20 23 20 23 24 22 25 22 25 26 24 27 24 27 28 26 29 26 29 30 28 31 28 31 32 30 33 30 33 34 32 35 32 35 36 34 37 34 37 38 36 39 36 39 40 38 41 38 41 42 40 43 40 43 44 42 45 42 45 46 44 47 44 47 48 46 49 46 49 50 48 51 48 51 52 50 53 50 53 54 52 55 52 55 56 54 57 54 57 58 56 59 56 59 60 58 61 58 61 62 60 63 60 63 64 62 65 62 65 66 64 67 64 67 68 66 69 66 69 70 68 71 68 71 72 70 73 70 73 74 72 75 72 75 76 74 77 74 77 78 76 79 76 79 80 78 81 78 81 82 80 83 80 83 84 82 85 82 85 86 84 87 84 87 88 86 89 86 89 90 88 91 88 91 92 90 93 90 93 94 92 95 92 95 96 94 97 94 97 98 96 99 96 99 100 98 101 98 101 102 100 103 100 103 104 102 105 102 105 106 104 107 104 107 108 106 109 106 109 110 108 111 108 111 112 110 113 110 113 114 112 115 112 115 116 114 117 114 117 118 116 119 116 119 120 118 121 118 121 122 120 123 120 123 124 122 125 122 125 126 124 127 124 127 128 126 129 126 129 130 128 131 128 131 132 130 133 130 133 134 132 135 132 135 136 134 137 134 137 138 136 139 136 139 140 138 141 138 141 142 140 143 140 143 144 142 145 142 145 146 144 147 144 147 148 146 149 146 149 150 148 151 148 151 152 150 153 150 153 154 152 155 152 155 156 154 157 154 157 158 156 159 156 159
INF INF INF INF INF INF INF INF INF INF INF INF INF INF INF INF INF INF INF INF INF INF INF INF INF INF INF INF INF INF INF INF INF INF INF INF INF INF INF INF INF INF INF INF INF INF INF INF INF INF INF INF INF INF INF INF INF INF INF INF INF INF INF INF INF INF INF INF INF INF INF INF INF INF INF INF INF INF INF INF INF INF INF INF INF INF INF INF INF INF INF INF INF INF INF INF INF INF INF INF INF INF INF INF INF INF INF INF INF 0 3 1 4 5 2 5 3 6 7 4 7 5 8 9 6 9 7 10 11 8 11 9 12 13 10 13 11 14 15 12 15 13 16 17 14 17 15 18 19 16 19 17 20 21 18 21 19 22 23 20 23 21 24 25 22 25 23 26 27 24 27 25 28 29 26 29 27 30 31 28 31 29 32 33 30 33 31 34 35 32 35 33 36 37 34 37 35 38 39 36 39 37 40 41 38 41 39 42 43 40 43 41 44 45 42 45 43 46 47 44 47 45 48 49 46 49 47 50 51 48 51 49 52 53 50 53 51 54 55 52 55 53 56 57 54 57 55 58 59 56 59 57 60 61 58 61 59 62 63 60 63 61 64 65 62 65 63 66 67 64 67 65 68 69 66 69 67 70 71 68 71 69 72 73 70 73 71 74 75 72 75 73 76 77 74 77 75 78 79 76 79 77 80 81 78 81 79 82 83 80 83 81 84 85 82 85 83 86 87 84 87 85 88 89 86 89 87 90 91 88 91 89 92 93 90 93 91 94 95 92 95 93 96 97 94 97 95 98 99 96 99 97 100 101 98 101 99 102 103 100 103 101 104 105 102 105 103 106 107 104 107 105 108 109 106 109 107 110 111 108 111 109 112 113 110 113 111 114 115 112 115 113 116 117 114 117 115 118 119 116 119 117 120 121 118 121 119 122 123 120 123 121 124 125 122 125 123 126 127 124 127 125 128 129 126 129 127 130 131 128 131 129 132 133 130 133 131 134 135 132 135 133 136 137 134 137 135 138 139 136 139 137 140 141 138 141 139 142 143 140 143 141 144 145 142 145 143 146 147 144 147 145 148 149 146 149 147 150 151 148 151 149 152 153 150 153 151 154 155 152 155 153 156 157 154 157 155 158 159 156
INF INF INF INF INF INF INF INF INF INF INF INF INF INF INF INF INF INF INF INF INF INF INF INF INF INF INF INF INF INF INF INF INF INF INF INF INF INF INF INF INF INF INF INF INF INF INF INF INF INF INF INF INF INF INF INF INF INF INF INF INF INF INF INF INF INF INF INF INF INF INF INF INF INF INF INF INF INF INF INF INF INF INF INF INF INF INF INF INF INF INF INF INF INF INF INF INF INF INF INF INF INF INF INF INF INF INF INF INF INF 0 -2 1 2 5 2 0 3 4 7 4 2 5 6 9 6 4 7 8 11 8 6 9 10 13 10 8 11 12 15 12 10 13 14 17 14 12 15 16 19 16 14 17 18 21 18 16 19 20 23 20 18 21 22 25 22 20 23 24 27 24 22 25 26 29 26 24 27 28 31 28 26 29 30 33 30 28 31 32 35 32 30 33 34 37 34 32 35 36 39 36 34 37 38 41 38 36 39 40 43 40 38 41 42 45 42 40 43 44 47 44 42 45 46 49 46 44 47 48 51 48 46 49 50 53 50 48 51 52 55 52 50 53 54 57 54 52 55 56 59 56 54 57 58 61 58 56 59 60 63 60 58 61 62 65 62 60 63 64 67 64 62 65 66 69 66 64 67 68 71 68 66 69 70 73 70 68 71 72 75 72 70 73 74 77 74 72 75 76 79 76 74 77 78 81 78 76 79 80 83 80 78 81 82 85 82 80 83 84 87 84 82 85 86 89 86 84 87 88 91 88 86 89 90 93 90 88 91 92 95 92 90 93 94 97 94 92 95 96 99 96 94 97 98 101 98 96 99 100 103 100 98 101 102 105 102 100 103 104 107 104 102 105 106 109 106 104 107 108 111 108 106 109 110 113 110 108 111 112 115 112 110 113 114 117 114 112 115 116 119 116 114 117 118 121 118 116 119 120 123 120 118 121 122 125 122 120 123 124 127 124 122 125 126 129 126 124 127 128 131 128 126 129 130 133 130 128 131 132 135 132 130 133 134 137 134 132 135 136 139 136 134 137 138 141 138 136 139 140 143 140 138 141 142 145 142 140 143 144 147 144 142 145 146 149 146 144 147 148 151 148 146 149 150 153 150 148 151 152 155 152 150 153 154 157 154 152 155 156 159
INF INF INF INF INF INF INF INF INF INF INF INF INF INF INF INF INF INF INF INF INF INF INF INF INF INF INF INF INF INF INF INF INF INF INF INF INF INF INF INF INF INF INF INF INF INF INF INF INF INF INF INF INF INF INF INF INF INF INF INF INF INF INF INF INF INF INF INF INF INF INF INF INF INF INF INF INF INF INF INF INF INF INF INF INF INF INF INF INF INF INF INF INF INF INF INF INF INF INF INF INF INF INF INF INF INF INF INF INF INF INF 0 3 4 7 8 2 5 6 9 10 4 7 8 11 12 6 9 10 13 14 8 11 12 15 16 10 13 14 17 18 12 15 16 19 20 14 17 18 21 22 16 19 20 23 24 18 21 22 25 26 20 23 24 27 28 22 25 26 29 30 24 27 28 31 32 26 29 30 33 34 28 31 32 35 36 30 33 34 37 38 32 35 36 39 40 34 37 38 41 42 36 39 40 43 44 38 41 42 45 46 40 43 44 47 48 42 45 46 49 50 44 47 48 51 52 46 49 50 53 54 48 51 52 55 56 50 53 54 57 58 52 55 56 59 60 54 57 58 61 62 56 59 60 63 64 58 61 62 65 66 60 63 64 67 68 62 65 66 69 70 64 67 68 71 72 66 69 70 73 74 68 71 72 75 76 70 73 74 77 78 72 75 76 79 80 74 77 78 81 82 76 79 80 83 84 78 81 82 85 86 80 83 84 87 88 82 85 86 89 90 84 87 88 91 92 86 89 90 93 94 88 91 92 95 96 90 93 94 97 98 92 95 96 99 100 94 97 98 101 102 96 99 100 103 104 98 101 102 105 106 100 103 104 107 108 102 105 106 109 110 104 107 108 111 112 106 109 110 113 114 108 111 112 115 116 110 113 114 117 118 112 115 116 119 120 114 117 118 121 122 116 119 120 123 124 118 121 122 125 126 120 123 124 127 128 122 125 126 129 130 124 127 128 131 132 126 129 130 133 134 128 131 132 135 136 130 133 134 137 138 132 135 136 139 140 134 137 138 141 142 136 139 140 143 144 138 141 142 145 146 140 143 144 147 148 142 145 146 149 150 144 147 148 151 152 146 149 150 153 154 148 151 152 155 156 150 153 154 157 158 152 155 156 159 160 154 157 158 161
INF INF INF INF INF INF INF INF INF INF INF INF INF INF INF INF INF INF INF INF INF INF INF INF INF INF INF INF INF INF INF INF INF INF INF INF INF INF INF INF INF INF INF INF INF INF INF INF INF INF INF INF INF INF INF INF INF INF INF INF INF INF INF INF INF INF INF INF INF INF INF INF INF INF INF INF INF INF INF INF INF INF INF INF INF INF INF INF INF INF INF INF INF INF INF INF INF INF INF INF INF INF INF INF INF INF INF INF INF INF INF INF 0 3 4 7 5 2 5 6 9 7 4 7 8 11 9 6 9 10 13 11 8 11 12 15 13 10 13 14 17 15 12 15 16 19 17 14 17 18 21 19 16 19 20 23 21 18 21 22 25 23 20 23 24 27 25 22 25 26 29 27 24 27 28 31 29 26 29 30 33 31 28 31 32 35 33 30 33 34 37 35 32 35 36 39 37 34 37 38 41 39 36 39 40 43 41 38 41 42 45 43 40 43 44 47 45 42 45 46 49 47 44 47 48 51 49 46 49 50 53 51 48 51 52 55 53 50 53 54 57 55 52 55 56 59 57 54 57 58 61 59 56 59 60 63 61 58 61 62 65 63 60 63 64 67 65 62 65 66 69 67 64 67 68 71 69 66 69 70 73 71 68 71 72 75 73 70 73 74 77 75 72 75 76 79 77 74 77 78 81 79 76 79 80 83 81 78 81 82 85 83 80 83 84 87 85 82 85 86 89 87 84 87 88 91 89 86 89 90 93 91 88 91 92 95 93 90 93 94 97 95 92 95 96 99 97 94 97 98 101 99 96 99 100 103 101 98 101 102 105 103 100 103 104 107 105 102 105 106 109 107 104 107 108 111 109 106 109 110 113 111 108 111 112 115 113 110 113 114 117 115 112 115 116 119 117 114 117 118 121 119 116 119 120 123 121 118 121 122 125 123 120 123 124 127 125 122 125 126 129 127 124 127 128 131 129 126 129 130 133 131 128 131 132 135 133 130 133 134 137 135 132 135 136 139 137 134 137 138 141 139 136 139 140 143 141 138 141 142 145 143 140 143 144 147 145 142 145 146 149 147 144 147 148 151 149 146 149 150 153 151 148 151 152 155 153 150 153 154 157 155 152 155 156 159 157 154 157 158
INF INF INF INF INF INF INF INF INF INF INF INF INF INF INF INF INF INF INF INF INF INF INF INF INF INF INF INF INF INF INF INF INF INF INF INF INF INF INF INF INF INF INF INF INF INF INF INF INF INF INF INF INF INF INF INF INF INF INF INF INF INF INF INF INF INF INF INF INF INF INF INF INF INF INF INF INF INF INF INF INF INF INF INF INF INF INF INF INF INF INF INF INF INF INF INF INF INF INF INF INF INF INF INF INF INF INF INF INF INF INF INF INF 0 3 4 2 5 2 5 6 4 7 4 7 8 6 9 6 9 10 8 11 8 11 12 10 13 10 13 14 12 15 12 15 16 14 17 14 17 18 16 19 16 19 20 18 21 18 21 22 20 23 20 23 24 22 25 22 25 26 24 27 24 27 28 26 29 26 29 30 28 31 28 31 32 30 33 30 33 34 32 35 32 35 36 34 37 34 37 38 36 39 36 39 40 38 41 38 41 42 40 43 40 43 44 42 45 42 45 46 44 47 44 47 48 46 49 46 49 50 48 51 48 51 52 50 53 50 53 54 52 55 52 55 56 54 57 54 57 58 56 59 56 59 60 58 61 58 61 62 60 63 60 63 64 62 65 62 65 66 64 67 64 67 68 66 69 66 69 70 68 71 68 71 72 70 73 70 73 74 72 75 72 75 76 74 77 74 77 78 76 79 76 79 80 78 81 78 81 82 80 83 80 83 84 82 85 82 85 86 84 87 84 87 88 86 89 86 89 90 88 91 88 91 92 90 93 90 93 94 92 95 92 95 96 94 97 94 97 98 96 99 96 99 100 98 101 98 101 102 100 103 100 103 104 102 105 102 105 106 104 107 104 107 108 106 109 106 109 110 108 111 108 111 112 110 113 110 113 114 112 115 112 115 116 114 117 114 117 118 116 119 116 119 120 118 121 118 121 122 120 123 120 123 124 122 125 122 125 126 124 127 124 127 128 126 129 126 129 130 128 131 128 131 132 130 133 130 133 134 132 135 132 135 136 134 137 134 137 138 136 139 136 139 140 138 141 138 141 142 140 143 140 143 144 142 145 142 145 146 144 147 144 147 148 146 149 146 149 150 148 151 148 151 152 150 153 150 153 154 152 155 152 155 156 154 157 154 157
INF INF INF INF INF INF INF INF INF INF INF INF INF INF INF INF INF INF INF INF INF INF INF INF INF INF INF INF INF INF INF INF INF INF INF INF INF INF INF INF INF INF INF INF INF INF INF INF INF INF INF INF INF INF INF INF INF INF INF INF INF INF INF INF INF INF INF INF INF INF INF INF INF INF INF INF INF INF INF INF INF INF INF INF INF INF INF INF INF INF INF INF INF INF INF INF INF INF INF INF INF INF INF INF INF INF INF INF INF INF INF INF INF INF 0 3 1 4 5 2 5 3 6 7 4 7 5 8 9 6 9 7 10 11 8 11 9 12 13 10 13 11 14 15 12 15 13 16 17 14 17 15 18 19 16 19 17 20 21 18 21 19 22 23 20 23 21 24 25 22 25 23 26 27 24 27 25 28 29 26 29 27 30 31 28 31 29 32 33 30 33 31 34 35 32 35 33 36 37 34 37 35 38 39 36 39 37 40 41 38 41 39 42 43 40 43 41 44 45 42 45 43 46 47 44 47 45 48 49 46 49 47 50 51 48 51 49 52 53 50 53 51 54 55 52 55 53 56 57 54 57 55 58 59 56 59 57 60 61 58 61 59 62 63 60 63 61 64 65 62 65 63 66 67 64 67 65 68 69 66 69 67 70 71 68 71 69 72 73 70 73 71 74 75 72 75 73 76 77 74 77 75 78 79 76 79 77 80 81 78 81 79 82 83 80 83 81 84 85 82 85 83 86 87 84 87 85 88 89 86 89 87 90 91 88 91 89 92 93 90 93 91 94 95 92 95 93 96 97 94 97 95 98 99 96 99 97 100 101 98 101 99 102 103 100 103 101 104 105 102 105 103 106 107 104 107 105 108 109 106 109 107 110 111 108 111 109 112 113 110 113 111 114 115 112 115 113 116 117 114 117 115 118 119 116 119 117 120 121 118 121 119 122 123 120 123 121 124 125 122 125 123 126 127 124 127 125 128 129 126 129 127 130 131 128 131 129 132 133 130 133 131 134 135 132 135 133 136 137 134 137 135 138 139 136 139 137 140 141 138 141 139 142 143 140 143 141 144 145 142 145 143 146 147 144 147 145 148 149 146 149 147 150 151 148 151 149 152 153 150 153 151 154 155 152 155 153 156 157 154
INF INF INF INF INF INF INF INF INF INF INF INF INF INF INF INF INF INF INF INF INF INF INF INF INF INF INF INF INF INF INF INF INF INF INF INF INF INF INF INF INF INF INF INF INF INF INF INF INF INF INF INF INF INF INF INF INF INF INF INF INF INF INF INF INF INF INF INF INF INF INF INF INF INF INF INF INF INF INF INF INF INF INF INF INF INF INF INF INF INF INF INF INF INF INF INF INF INF INF INF INF INF INF INF INF INF INF INF INF INF INF INF INF INF INF 0 -2 1 2 5 2 0 3 4 7 4 2 5 6 9 6 4 7 8 11 8 6 9 10 13 10 8 11 12 15 12 10 13 14 17 14 12 15 16 19 16 14 17 18 21 18 16 19 20 23 20 18 21 22 25 22 20 23 24 27 24 22 25 26 29 26 24 27 28 31 28 26 29 30 33 30 28 31 32 35 32 30 33 34 37 34 32 35 36 39 36 34 37 38 41 38 36 39 40 43 40 38 41 42 45 42 40 43 44 47 44 42 45 46 49 46 44 47 48 51 48 46 49 50 53 50 48 51 52 55 52 50 53 54 57 54 52 55 56 59 56 54 57 58 61 58 56 59 60 63 60 58 61 62 65 62 60 63 64 67 64 62 65 66 69 66 64 67 68 71 68 66 69 70 73 70 68 71 72 75 72 70 73 74 77 74 72 75 76 79 76 74 77 78 81 78 76 79 80 83 80 78 81 82 85 82 80 83 84 87 84 82 85 86 89 86 84 87 88 91 88 86 89 90 93 90 88 91 92 95 92 90 93 94 97 94 92 95 96 99 96 94 97 98 101 98 96 99 100 103 100 98 101 102 105 102 100 103 104 107 104 102 105 106 109 106 104 107 108 111 108 106 109 110 113 110 108 111 112 115 112 110 113 114 117 114 112 115 116 119 116 114 117 118 121 118 116 119 120 123 120 118 121 122 125 122 120 123 124 127 124 122 125 126 129 126 124 127 128 131 128 126 129 130 133 130 128 131 132 135 132 130 133 134 137 134 132 135 136 139 136 134 137 138 141 138 136 139 140 143 140 138 141 142 145 142 140 143 144 147 144 142 145 146 149 146 144 147 148 151 148 146 149 150 153 150 148 151 152 155 152 150 153 154 157
INF INF INF INF INF INF INF INF INF INF INF INF INF INF INF INF INF INF INF INF INF INF INF INF INF INF INF INF INF INF INF INF INF INF INF INF INF INF INF INF INF INF INF INF INF INF INF INF INF INF INF INF INF INF INF INF INF INF INF INF INF INF INF INF INF INF INF INF INF INF INF INF INF INF INF INF INF INF INF INF INF INF INF INF INF INF INF INF INF INF INF INF INF INF INF INF INF INF INF INF INF INF INF INF INF INF INF INF INF INF INF INF INF INF INF INF 0 3 4 7 8 2 5 6 9 10 4 7 8 11 12 6 9 10 13 14 8 11 12 15 16 10 13 14 17 18 12 15 16 19 20 14 17 18 21 22 16 19 20 23 24 18 21 22 25 26 20 23 24 27 28 22 25 26 29 30 24 27 28 31 32 26 29 30 33 34 28 31 32 35 36 30 33 34 37 38 32 35 36 39 40 34 37 38 41 42 36 39 40 43 44 38 41 42 45 46 40 43 44 47 48 42 45 46 49 50 44 47 48 51 52 46 49 50 53 54 48 51 52 55 56 50 53 54 57 58 52 55 56 59 60 54 57 58 61 62 56 59 60 63 64 58 61 62 65 66 60 63 64 67 68 62 65 66 69 70 64 67 68 71 72 66 69 70 73 74 68 71 72 75 76 70 73 74 77 78 72 75 76 79 80 74 77 78 81 82 76 79 80 83 84 78 81 82 85 86 80 83 84 87 88 82 85 86 89 90 84 87 88 91 92 86 89 90 93 94 88 91 92 95 96 90 93 94 97 98 92 95 96 99 100 94 97 98 101 102 96 99 100 103 104 98 101 102 105 106 100 103 104 107 108 102 105 106 109 110 104 107 108 111 112 106 109 110 113 114 108 111 112 115 116 110 113 114 117 118 112 115 116 119 120 114 117 118 121 122 116 119 120 123 124 118 121 122 125 126 120 123 124 127 128 122 125 126 129 130 124 127 128 131 132 126 129 130 133 134 128 131 132 135 136 130 133 134 137 138 132 135 136 139 140 134 137 138 141 142 136 139 140 143 144 138 141 142 145 146 140 143 144 147 148 142 145 146 149 150 144 147 148 151 152 146 149 150 153 154 148 151 152 155 156 150 153 154 157 158 152 155 156 159
INF INF INF INF INF INF INF INF INF INF INF INF INF INF INF INF INF INF INF INF INF INF INF INF INF INF INF INF INF INF INF INF INF INF INF INF INF INF INF INF INF INF INF INF INF INF INF INF INF INF INF INF INF INF INF INF INF INF INF INF INF INF INF INF INF INF INF INF INF INF INF INF INF INF INF INF INF INF INF INF INF INF INF INF INF INF INF INF INF INF INF INF INF INF INF INF INF INF INF INF INF INF INF INF INF INF INF INF INF INF INF INF INF INF INF INF INF 0 3 4 7 5 2 5 6 9 7 4 7 8 11 9 6 9 10 13 11 8 11 12 15 13 10 13 14 17 15 12 15 16 19 17 14 17 18 21 19 16 19 20 23 21 18 21 22 25 23 20 23 24 27 25 22 25 26 29 27 24 27 28 31 29 26 29 30 33 31 28 31 32 35 33 30 33 34 37 35 32 35 36 39 37 34 37 38 41 39 36 39 40 43 41 38 41 42 45 43 40 43 44 47 45 42 45 46 49 47 44 47 48 51 49 46 49 50 53 51 48 51 52 55 53 50 53 54 57 55 52 55 56 59 57 54 57 58 61 59 56 59 60 63 61 58 61 62 65 63 60 63 64 67 65 62 65 66 69 67 64 67 68 71 69 66 69 70 73 71 68 71 72 75 73 70 73 74 77 75 72 75 76 79 77 74 77 78 81 79 76 79 80 83 81 78 81 82 85 83 80 83 84 87 85 82 85 86 89 87 84 87 88 91 89 86 89 90 93 91 88 91 92 95 93 90 93 94 97 95 92 95 96 99 97 94 97 98 101 99 96 99 100 103 101 98 101 102 105 103 100 103 104 107 105 102 105 106 109 107 104 107 108 111 109 106 109 110 113 111 108 111 112 115 113 110 113 114 117 115 112 115 116 119 117 114 117 118 121 119 116 119 120 123 121 118 121 122 125 123 120 123 124 127 125 122 125 126 129 127 124 127 128 131 129 126 129 130 133 131 128 131 132 135 133 130 133 134 137 135 132 135 136 139 137 134 137 138 141 139 136 139 140 143 141 138 141 142 145 143 140 143 144 147 145 142 145 146 149 147 144 147 148 151 149 146 149 150 153 151 148 151 152 155 153 150 153 154 157 155 152 155 156
INF INF INF INF INF INF INF INF INF INF INF INF INF INF INF INF INF INF INF INF INF INF INF INF INF INF INF INF INF INF INF INF INF INF INF INF INF INF INF INF INF INF INF INF INF INF INF INF INF INF INF INF INF INF INF INF INF INF INF INF INF INF INF INF INF INF INF INF INF INF INF INF INF INF INF INF INF INF INF INF INF INF INF INF INF INF INF INF INF INF INF INF INF INF INF INF INF INF INF INF INF INF INF INF INF INF INF INF INF INF INF INF INF INF INF INF INF INF 0 3 4 2 5 2 5 6 4 7 4 7 8 6 9 6 9 10 8 11 8 11 12 10 13 10 13 14 12 15 12 15 16 14 17 14 17 18 16 19 16 19 20 18 21 18 21 22 20 23 20 23 24 22 25 22 25 26 24 27 24 27 28 26 29 26 29 30 28 31 28 31 32 30 33 30 33 34 32 35 32 35 36 34 37 34 37 38 36 39 36 39 40 38 41 38 41 42 40 43 40 43 44 42 45 42 45 46 44 47 44 47 48 46 49 46 49 50 48 51 48 51 52 50 53 50 53 54 52 55 52 55 56 54 57 54 57 58 56 59 56 59 60 58 61 58 61 62 60 63 60 63 64 62 65 62 65 66 64 67 64 67 68 66 69 66 69 70 68 71 68 71 72 70 73 70 73 74 72 75 72 75 76 74 77 74 77 78 76 79 76 79 80 78 81 78 81 82 80 83 80 83 84 82 85 82 85 86 84 87 84 87 88 86 89 86 89 90 88 91 88 91 92 90 93 90 93 94 92 95 92 95 96 94 97 94 97 98 96 99 96 99 100 98 101 98 101 102 100 103 100 103 104 102 105 102 105 106 104 107 104 107 108 106 109 106 109 110 108 111 108 111 112 110 113 110 113 114 112 115 112 115 116 114 117 114 117 118 116 119 116 119 120 118 121 118 121 122 120 123 120 123 124 122 125 122 125 126 124 127 124 127 128 126 129 126 129 130 128 131 128 131 132 130 133 130 133 134 132 135 132 135 136 134 137 134 137 138 136 139 136 139 140 138 141 138 141 142 140 143 140 143 144 142 145 142 145 146 144 147 144 147 148 146 149 146 149 150 148 151 148 151 152 150 153 150 153 154 152 155 152 155
INF INF INF INF INF INF INF INF INF INF INF INF INF INF INF INF INF INF INF INF INF INF INF INF INF INF INF INF INF INF INF INF INF INF INF INF INF INF INF INF INF INF INF INF INF INF INF INF INF INF INF INF INF INF INF INF INF INF INF INF INF INF INF INF INF INF INF INF INF INF INF INF INF INF INF INF INF INF INF INF INF INF INF INF INF INF INF INF INF INF INF INF INF INF INF INF INF INF INF INF INF INF INF INF INF INF INF INF INF INF INF INF INF INF INF INF INF INF INF 0 3 1 4 5 2 5 3 6 7 4 7 5 8 9 6 9 7 10 11 8 11 9 12 13 10 13 11 14 15 12 15 13 16 17 14 17 15 18 19 16 19 17 20 21 18 21 19 22 23 20 23 21 24 25 22 25 23 26 27 24 27 25 28 29 26 29 27 30 31 28 31 29 32 33 30 33 31 34 35 32 35 33 36 37 34 37 35 38 39 36 39 37 40 41 38 41 39 42 43 40 43 41 44 45 42 45 43 46 47 44 47 45 48 49 46 49 47 50 51 48 51 49 52 53 50 53 51 54 55 52 55 53 56 57 54 57 55 58 59 56 59 57 60 61 58 61 59 62 63 60 63 61 64 65 62 65 63 66 67 64 67 65 68 69 66 69 67 70 71 68 71 69 72 73 70 73 71 74 75 72 75 73 76 77 74 77 75 78 79 76 79 77 80 81 78 81 79 82 83 80 83 81 84 85 82 85 83 86 87 84 87 85 88 89 86 89 87 90 91 88 91 89 92 93 90 93 91 94 95 92 95 93 96 97 94 97 95 98 99 96 99 97 100 101 98 101 99 102 103 100 103 101 104 105 102 105 103 106 107 104 107 105 108 109 106 109 107 110 111 108 111 109 112 113 110 113 111 114 115 112 115 113 116 117 114 117 115 118 119 116 119 117 120 121 118 121 119 122 123 120 123 121 124 125 122 125 123 126 127 124 127 125 128 129 126 129 127 130 131 128 131 129 132 133 130 133 131 134 135 132 135 133 136 137 134 137 135 138 139 136 139 137 140 141 138 141 139 142 143 140 143 141 144 145 142 145 143 146 147 144 147 145 148 149 146 149 147 150 151 148 151 149 152 153 150 153 151 154 155 152
INF INF INF INF INF INF INF INF INF INF INF INF INF INF INF INF INF INF INF INF INF INF INF INF INF INF INF INF INF INF INF INF INF INF INF INF INF INF INF INF INF INF INF INF INF INF INF INF INF INF INF INF INF INF INF INF INF INF INF INF INF INF INF INF INF INF INF INF INF INF INF INF INF INF INF INF INF INF INF INF INF INF INF INF INF INF INF INF INF INF INF INF INF INF INF INF INF INF INF INF INF INF INF INF INF INF INF INF INF INF INF INF INF INF INF INF INF INF INF INF 0 -2 1 2 5 2 0 3 4 7 4 2 5 6 9 6 4 7 8 11 8 6 9 10 13 10 8 11 12 15 12 10 13 14 17 14 12 15 16 19 16 14 17 18 21 18 16 19 20 23 20 18 21 22 25 22 20 23 24 27 24 22 25 26 29 26 24 27 28 31 28 26 29 30 33 30 28 31 32 35 32 30 33 34 37 34 32 35 36 39 36 34 37 38 41 38 36 39 40 43 40 38 41 42 45 42 40 43 44 47 44 42 45 46 49 46 44 47 48 51 48 46 49 50 53 50 48 51 52 55 52 50 53 54 57 54 52 55 56 59 56 54 57 58 61 58 56 59 60 63 60 58 61 62 65 62 60 63 64 67 64 62 65 66 69 66 64 67 68 71 68 66 69 70 73 70 68 71 72 75 72 70 73 74 77 74 72 75 76 79 76 74 77 78 81 78 76 79 80 83 80 78 81 82 85 82 80 83 84 87 84 82 85 86 89 86 84 87 88 91 88 86 89 90 93 90 88 91 92 95 92 90 93 94 97 94 92 95 96 99 96 94 97 98 101 98 96 99 100 103 100 98 101 102 105 102 100 103 104 107 104 102 105 106 109 106 104 107 108 111 108 106 109 110 113 110 108 111 112 115 112 110 113 114 117 114 112 115 116 119 116 114 117 118 121 118 116 119 120 123 120 118 121 122 125 122 120 123 124 127 124 122 125 126 129 126 124 127 128 131 128 126 129 130 133 130 128 131 132 135 132 130 133 134 137 134 132 135 136 139 136 134 137 138 141 138 136 139 140 143 140 138 141 142 145 142 140 143 144 147 144 142 145 146 149 146 144 147 148 151 148 146 149 150 153 150 148 151 152 155
INF INF INF INF INF INF INF INF INF INF INF INF INF INF INF INF INF INF INF INF INF INF INF INF INF INF INF INF INF INF INF INF INF INF INF INF INF INF INF INF INF INF INF INF INF INF INF INF INF INF INF INF INF INF INF INF INF INF INF INF INF INF INF INF INF INF INF INF INF INF INF INF INF INF INF INF INF INF INF INF INF INF INF INF INF INF INF INF INF INF INF INF INF INF INF INF INF INF INF INF INF INF INF INF INF INF INF INF INF INF INF INF INF INF INF INF INF INF INF INF INF 0 3 4 7 8 2 5 6 9 10 4 7 8 11 12 6 9 10 13 14 8 11 12 15 16 10 13 14 17 18 12 15 16 19 20 14 17 18 21 22 16 19 20 23 24 18 21 22 25 26 20 23 24 27 28 22 25 26 29 30 24 27 28 31 32 26 29 30 33 34 28 31 32 35 36 30 33 34 37 38 32 35 36 39 40 34 37 38 41 42 36 39 40 43 44 38 41 42 45 46 40 43 44 47 48 42 45 46 49 50 44 47 48 51 52 46 49 50 53 54 48 51 52 55 56 50 53 54 57 58 52 55 56 59 60 54 57 58 61 62 56 59 60 63 64 58 61 62 65 66 60 63 64 67 68 62 65 66 69 70 64 67 68 71 72 66 69 70 73 74 68 71 72 75 76 70 73 74 77 78 72 75 76 79 80 74 77 78 81 82 76 79 80 83 84 78 81 82 85 86 80 83 84 87 88 82 85 86 89 90 84 87 88 91 92 86 89 90 93 94 88 91 92 95 96 90 93 94 97 98 92 95 96 99 100 94 97 98 101 102 96 99 100 103 104 98 101 102 105 106 100 103 104 107 108 102 105 106 109 110 104 107 108 111 112 106 109 110 113 114 108 111 112 115 116 110 113 114 117 118 112 115 116 119 120 114 117 118 121 122 116 119 120 123 124 118 121 122 125 126 120 123 124 127 128 122 125 126 129 130 124 127 128 131 132 126 129 130 133 134 128 131 132 135 136 130 133 134 137 138 132 135 136 139 140 134 137 138 141 142 136 139 140 143 144 138 141 142 145 146 140 143 144 147 148 142 145 146 149 150 144 147 148 151 152 146 149 150 153 154 148 151 152 155 156 150 153 154 157
INF INF INF INF INF INF INF INF INF INF INF INF INF INF INF INF INF INF INF INF INF INF INF INF INF INF INF INF INF INF INF INF INF INF INF INF INF INF INF INF INF INF INF INF INF INF INF INF INF INF INF INF INF INF INF INF INF INF INF INF INF INF INF INF INF INF INF INF INF INF INF INF INF INF INF INF INF INF INF INF INF INF INF INF INF INF INF INF INF INF INF INF INF INF INF INF INF INF INF INF INF INF INF INF INF INF INF INF INF INF INF INF INF INF INF INF INF INF INF INF INF INF 0 3 4 7 5 2 5 6 9 7 4 7 8 11 9 6 9 10 13 11 8 11 12 15 13 10 13 14 17 15 12 15 16 19 17 14 17 18 21 19 16 19 20 23 21 18 21 22 25 23 20 23 24 27 25 22 25 26 29 27 24 27 28 31 29 26 29 30 33 31 28 31 32 35 33 30 33 34 37 35 32 35 36 39 37 34 37 38 41 39 36 39 40 43 41 38 41 42 45 43 40 43 44 47 45 42 45 46 49 47 44 47 48 51 49 46 49 50 53 51 48 51 52 55 53 50 53 54 57 55 52 55 56 59 57 54 57 58 61 59 56 59 60 63 61 58 61 62 65 63 60 63 64 67 65 62 65 66 69 67 64 67 68 71 69 66 69 70 73 71 68 71 72 75 73 70 73 74 77 75 72 75 76 79 77 74 77 78 81 79 76 79 80 83 81 78 81 82 85 83 80 83 84 87 85 82 85 86 89 87 84 87 88 91 89 86 89 90 93 91 88 91 92 95 93 90 93 94 97 95 92 95 96 99 97 94 97 98 101 99 96 99 100 103 101 98 101 102 105 103 100 103 104 107 105 102 105 106 109 107 104 107 108 111 109 106 109 110 113 111 108 111 112 115 113 110 113 114 117 115 112 115 116 119 117 114 117 118 121 119 116 119 120 123 121 118 121 122 125 123 120 123 124 127 125 122 125 126 129 127 124 127 128 131 129 126 129 130 133 131 128 131 132 135 133 130 133 134 137 135 132 135 136 139 137 134 137 138 141 139 136 139 140 143 141 138 141 142 145 143 140 143 144 147 145 142 145 146 149 147 144 147 148 151 149 146 149 150 153 151 148 151 152 155 153 150 153 154
INF INF INF INF INF INF INF INF INF INF INF INF INF INF INF INF INF INF INF INF INF INF INF INF INF INF INF INF INF INF INF INF INF INF INF INF INF INF INF INF INF INF INF INF INF INF INF INF INF INF INF INF INF INF INF INF INF INF INF INF INF INF INF INF INF INF INF INF INF INF INF INF INF INF INF INF INF INF INF INF INF INF INF INF INF INF INF INF INF INF INF INF INF INF INF INF INF INF INF INF INF INF INF INF INF INF INF INF INF INF INF INF INF INF INF INF INF INF INF INF INF INF INF 0 3 4 2 5 2 5 6 4 7 4 7 8 6 9 6 9 10 8 11 8 11 12 10 13 10 13 14 12 15 12 15 16 14 17 14 17 18 16 19 16 19 20 18 21 18 21 22 20 23 20 23 24 22 25 22 25 26 24 27 24 27 28 26 29 26 29 30 28 31 28 31 32 30 33 30 33 34 32 35 32 35 36 34 37 34 37 38 36 39 36 39 40 38 41 38 41 42 40 43 40 43 44 42 45 42 45 46 44 47 44 47 48 46 49 46 49 50 48 51 48 51 52 50 53 50 53 54 52 55 52 55 56 54 57 54 57 58 56 59 56 59 60 58 61 58 61 62 60 63 60 63 64 62 65 62 65 66 64 67 64 67 68 66 69 66 69 70 68 71 68 71 72 70 73 70 73 74 72 75 72 75 76 74 77 74 77 78 76 79 76 79 80 78 81 78 81 82 80 83 80 83 84 82 85 82 85 86 84 87 84 87 88 86 89 86 89 90 88 91 88 91 92 90 93 90 93 94 92 95 92 95 96 94 97 94 97 98 96 99 96 99 100 98 101 98 101 102 100 103 100 103 104 102 105 102 105 106 104 107 104 107 108 106 109 106 109 110 108 111 108 111 112 110 113 110 113 114 112 115 112 115 116 114 117 114 117 118 116 119 116 119 120 118 121 118 121 122 120 123 120 123 124 122 125 122 125 126 124 127 124 127 128 126 129 126 129 130 128 131 128 131 132 130 133 130 133 134 132 135 132 135 136 134 137 134 137 138 136 139 136 139 140 138 141 138 141 142 140 143 140 143 144 142 145 142 145 146 144 147 144 147 148 146 149 146 149 150 148 151 148 151 152 150 153 150 153
INF INF INF INF INF INF INF INF INF INF INF INF INF INF INF INF INF INF INF INF INF INF INF INF INF INF INF INF INF INF INF INF INF INF INF INF INF INF INF INF INF INF INF INF INF INF INF INF INF INF INF INF INF INF INF INF INF INF INF INF INF INF INF INF INF INF INF INF INF INF INF INF INF INF INF INF INF INF INF INF INF INF INF INF INF INF INF INF INF INF INF INF INF INF INF INF INF INF INF INF INF INF INF INF INF INF INF INF INF INF INF INF INF INF INF INF INF INF INF INF INF INF INF INF 0 3 1 4 5 2 5 3 6 7 4 7 5 8 9 6 9 7 10 11 8 11 9 12 13 10 13 11 14 15 12 15 13 16 17 14 17 15 18 19 16 19 17 20 21 18 21 19 22 23 20 23 21 24 25 22 25 23 26 27 24 27 25 28 29 26 29 27 30 31 28 31 29 32 33 30 33 31 34 35 32 35 33 36 37 34 37 35 38 39 36 39 37 40 41 38 41 39 42 43 40 43 41 44 45 42 45 43 46 47 44 47 45 48 49 46 49 47 50 51 48 51 49 52 53 50 53 51 54 55 52 55 53 56 57 54 57 55 58 59 56 59 57 60 61 58 61 59 62 63 60 63 61 64 65 62 65 63 66 67 64 67 65 68 69 66 69 67 70 71 68 71 69 72 73 70 73 71 74 75 72 75 73 76 77 74 77 75 78 79 76 79 77 80 81 78 81 79 82 83 80 83 81 84 85 82 85 83 86 87 84 87 85 88 89 86 89 87 90 91 88 91 89 92 93 90 93 91 94 95 92 95 93 96 97 94 97 95 98 99 96 99 97 100 101 98 101 99 102 103 100 103 101 104 105 102 105 103 106 107 104 107 105 108 109 106 109 107 110 111 108 111 109 112 113 110 113 111 114 115 112 115 113 116 117 114 117 115 118 119 116 119 117 120 121 118 121 119 122 123 120 123 121 124 125 122 125 123 126 127 124 127 125 128 129 126 129 127 130 131 128 131 129 132 133 130 133 131 134 135 132 135 133 136 137 134 137 135 138 139 136 139 137 140 141 138 141 139 142 143 140 143 141 144 145 142 145 143 146 147 144 147 145 148 149 146 149 147 150 151 148 151 149 152 153 150
INF INF INF INF INF INF INF INF INF INF INF INF INF INF INF INF INF INF INF INF INF INF INF INF INF INF INF INF INF INF INF INF INF INF INF INF INF INF INF INF INF INF INF INF INF INF INF INF INF INF INF INF INF INF INF INF INF INF INF INF INF INF INF INF INF INF INF INF INF INF INF INF INF INF INF INF INF INF INF INF INF INF INF INF INF INF INF INF INF INF INF INF INF INF INF INF INF INF INF INF INF INF INF INF INF INF INF INF INF INF INF INF INF INF INF INF INF INF INF INF INF INF INF INF INF 0 -2 1 2 5 2 0 3 4 7 4 2 5 6 9 6 4 7 8 11 8 6 9 10 13 10 8 11 12 15 12 10 13 14 17 14 12 15 16 19 16 14 17 18 21 18 16 19 20 23 20 18 21 22 25 22 20 23 24 27 24 22 25 26 29 26 24 27 28 31 28 26 29 30 33 30 28 31 32 35 32 30 33 34 37 34 32 35 36 39 36 34 37 38 41 38 36 39 40 43 40 38 41 42 45 42 40 43 44 47 44 42 45 46 49 46 44 47 48 51 48 46 49 50 53 50 48 51 52 55 52 50 53 54 57 54 52 55 56 59 56 54 57 58 61 58 56 59 60 63 60 58 61 62 65 62 60 63 64 67 64 62 65 66 69 66 64 67 68 71 68 66 69 70 73 70 68 71 72 75 72 70 73 74 77 74 72 75 76 79 76 74 77 78 81 78 76 79 80 83 80 78 81 82 85 82 80 83 84 87 84 82 85 86 89 86 84 87 88 91 88 86 89 90 93 90 88 91 92 95 92 90 93 94 97 94 92 95 96 99 96 94 97 98 101 98 96 99 100 103 100 98 101 102 105 102 100 103 104 107 104 102 105 106 109 106 104 107 108 111 108 106 109 110 113 110 108 111 112 115 112 110 113 114 117 114 112 115 116 119 116 114 117 118 121 118 116 119 120 123 120 118 121 122 125 122 120 123 124 127 124 122 125 126 129 126 124 127 128 131 128 126 129 130 133 130 128 131 132 135 132 130 133 134 137 134 132 135 136 139 136 134 137 138 141 138 136 139 140 143 140 138 141 142 145 142 140 143 144 147 144 142 145 146 149 146 144 147 148 151 148 146 149 150 153
INF INF INF INF INF INF INF INF INF INF INF INF INF INF INF INF INF INF INF INF INF INF INF INF INF INF INF INF INF INF INF INF INF INF INF INF INF INF INF INF INF INF INF INF INF INF INF INF INF INF INF INF INF INF INF INF INF INF INF INF INF INF INF INF INF INF INF INF INF INF INF INF INF INF INF INF INF INF INF INF INF INF INF INF INF INF INF INF INF INF INF INF INF INF INF INF INF INF INF INF INF INF INF INF INF INF INF INF INF INF INF INF INF INF INF INF INF INF INF INF INF INF INF INF INF INF 0 3 4 7 8 2 5 6 9 10 4 7 8 11 12 6 9 10 13 14 8 11 12 15 16 10 13 14 17 18 12 15 16 19 20 14 17 18 21 22 16 19 20 23 24 18 21 22 25 26 20 23 24 27 28 22 25 26 29 30 24 27 28 31 32 26 29 30 33 34 28 31 32 35 36 30 33 34 37 38 32 35 36 39 40 34 37 38 41 42 36 39 40 43 44 38 41 42 45 46 40 43 44 47 48 42 45 46 49 50 44 47 48 51 52 46 49 50 53 54 48 51 52 55 56 50 53 54 57 58 52 55 56 59 60 54 57 58 61 62 56 59 60 63 64 58 61 62 65 66 60 63 64 67 68 62 65 66 69 70 64 67 68 71 72 66 69 70 73 74 68 71 72 75 76 70 73 74 77 78 72 75 76 79 80 74 77 78 81 82 76 79 80 83 84 78 81 82 85 86 80 83 84 87 88 82 85 86 89 90 84 87 88 91 92 86 89 90 93 94 88 91 92 95 96 90 93 94 97 98 92 95 96 99 100 94 97 98 101 102 96 99 100 103 104 98 101 102 105 106 100 103 104 107 108 102 105 106 109 110 104 107 108 111 112 106 109 110 113 114 108 111 112 115 116 110 113 114 117 118 112 115 116 119 120 114 117 118 121 122 116 119 120 123 124 118 121 122 125 126 120 123 124 127 128 122 125 126 129 130 124 127 128 131 132 126 129 130 133 134 128 131 132 135 136 130 133 134 137 138 132 135 136 139 140 134 137 138 141 142 136 139 140 143 144 138 141 142 145 146 140 143 144 147 148 142 145 146 149 150 144 147 148 151 152 146 149 150 153 154 148 151 152 155
INF INF INF INF INF INF INF INF INF INF INF INF INF INF INF INF INF INF INF INF INF INF INF INF INF INF INF INF INF INF INF INF INF INF INF INF INF INF INF INF INF INF INF INF INF INF INF INF INF INF INF INF INF INF INF INF INF INF INF INF INF INF INF INF INF INF INF INF INF INF INF INF INF INF INF INF INF INF INF INF INF INF INF INF INF INF INF INF INF INF INF INF INF INF INF INF INF INF INF INF INF INF INF INF INF INF INF INF INF INF INF INF INF INF INF INF INF INF INF INF INF INF INF INF INF INF INF 0 3 4 7 5 2 5 6 9 7 4 7 8 11 9 6 9 10 13 11 8 11 12 15 13 10 13 14 17 15 12 15 16 19 17 14 17 18 21 19 16 19 20 23 21 18 21 22 25 23 20 23 24 27 25 22 25 26 29 27 24 27 28 31 29 26 29 30 33 31 28 31 32 35 33 30 33 34 37 35 32 35 36 39 37 34 37 38 41 39 36 39 40 43 41 38 41 42 45 43 40 43 44 47 45 42 45 46 49 47 44 47 48 51 49 46 49 50 53 51 48 51 52 55 53 50 53 54 57 55 52 55 56 59 57 54 57 58 61 59 56 59 60 63 61 58 61 62 65 63 60 63 64 67 65 62 65 66 69 67 64 67 68 71 69 66 69 70 73 71 68 71 72 75 73 70 73 74 77 75 72 75 76 79 77 74 77 78 81 79 76 79 80 83 81 78 81 82 85 83 80 83 84 87 85 82 85 86 89 87 84 87 88 91 89 86 89 90 93 91 88 91 92 95 93 90 93 94 97 95 92 95 96 99 97 94 97 98 101 99 96 99 100 103 101 98 101 102 105 103 100 103 104 107 105 102 105 106 109 107 104 107 108 111 109 106 109 110 113 111 108 111 112 115 113 110 113 114 117 115 112 115 116 119 117 114 117 118 121 119 116 119 120 123 121 118 121 122 125 123 120 123 124 127 125 122 125 126 129 127 124 127 128 131 129 126 129 130 133 131 128 131 132 135 133 130 133 134 137 135 132 135 136 139 137 134 137 138 141 139 136 139 140 143 141 138 141 142 145 143 140 143 144 147 145 142 145 146 149 147 144 147 148 151 149 146 149 150 153 151 148 151 152
INF INF INF INF INF INF INF INF INF INF INF INF INF INF INF INF INF INF INF INF INF INF INF INF INF INF INF INF INF INF INF INF INF INF INF INF INF INF INF INF INF INF INF INF INF INF INF INF INF INF INF INF INF INF INF INF INF INF INF INF INF INF INF INF INF INF INF INF INF INF INF INF INF INF INF INF INF INF INF INF INF INF INF INF INF INF INF INF INF INF INF INF INF INF INF INF INF INF INF INF INF INF INF INF INF INF INF INF INF INF INF INF INF INF INF INF INF INF INF INF INF INF INF INF INF INF INF INF 0 3 4 2 5 2 5 6 4 7 4 7 8 6 9 6 9 10 8 11 8 11 12 10 13 10 13 14 12 15 12 15 16 14 17 14 17 18 16 19 16 19 20 18 21 18 21 22 20 23 20 23 24 22 25 22 25 26 24 27 24 27 28 26 29 26 29 30 28 31 28 31 32 30 33 30 33 34 32 35 32 35 36 34 37 34 37 38 36 39 36 39 40 38 41 38 41 42 40 43 40 43 44 42 45 42 45 46 44 47 44 47 48 46 49 46 49 50 48 51 48 51 52 50 53 50 53 54 52 55 52 55 56 54 57 54 57 58 56 59 56 59 60 58 61 58 61 62 60 63 60 63 64 62 65 62 65 66 64 67 64 67 68 66 69 66 69 70 68 71 68 71 72 70 73 70 73 74 72 75 72 75 76 74 77 74 77 78 76 79 76 79 80 78 81 78 81 82 80 83 80 83 84 82 85 82 85 86 84 87 84 87 88 86 89 86 89 90 88 91 88 91 92 90 93 90 93 94 92 95 92 95 96 94 97 94 97 98 96 99 96 99 100 98 101 98 101 102 100 103 100 103 104 102 105 102 105 106 104 107 104 107 108 106 109 106 109 110 108 111 108 111 112 110 113 110 113 114 112 115 112 115 116 114 117 114 117 118 116 119 116 119 120 118 121 118 121 122 120 123 120 123 124 122 125 122 125 126 124 127 124 127 128 126 129 126 129 130 128 131 128 131 132 130 133 130 133 134 132 135 132 135 136 134 137 134 137 138 136 139 136 139 140 138 141 138 141 142 140 143 140 143 144 142 145 142 145 146 144 147 144 147 148 146 149 146 149 150 148 151 148 151
INF INF INF INF INF INF INF INF INF INF INF INF INF INF INF INF INF INF INF INF INF INF INF INF INF INF INF INF INF INF INF INF INF INF INF INF INF INF INF INF INF INF INF INF INF INF INF INF INF INF INF INF INF INF INF INF INF INF INF INF INF INF INF INF INF INF INF INF INF INF INF INF INF INF INF INF INF INF INF INF INF INF INF INF INF INF INF INF INF INF INF INF INF INF INF INF INF INF INF INF INF INF INF INF INF INF INF INF INF INF INF INF INF INF INF INF INF INF INF INF INF INF INF INF INF INF INF INF INF 0 3 1 4 5 2 5 3 6 7 4 7 5 8 9 6 9 7 10 11 8 11 9 12 13 10 13 11 14 15 12 15 13 16 17 14 17 15 18 19 16 19 17 20 21 18 21 19 22 23 20 23 21 24 25 22 25 23 26 27 24 27 25 28 29 26 29 27 30 31 28 31 29 32 33 30 33 31 34 35 32 35 33 36 37 34 37 35 38 39 36 39 37 40 41 38 41 39 42 43 40 43 41 44 45 42 45 43 46 47 44 47 45 48 49 46 49 47 50 51 48 51 49 52 53 50 53 51 54 55 52 55 53 56 57 54 57 55 58 59 56 59 57 60 61 58 61 59 62 63 60 63 61 64 65 62 65 63 66 67 64 67 65 68 69 66 69 67 70 71 68 71 69 72 73 70 73 71 74 75 72 75 73 76 77 74 77 75 78 79 76 79 77 80 81 78 81 79 82 83 80 83 81 84 85 82 85 83 86 87 84 87 85 88 89 86 89 87 90 91 88 91 89 92 93 90 93 91 94 95 92 95 93 96 97 94 97 95 98 99 96 99 97 100 101 98 101 99 102 103 100 103 101 104 105 102 105 103 106 107 104 107 105 108 109 106 109 107 110 111 108 111 109 112 113 110 113 111 114 115 112 115 113 116 117 114 117 115 118 119 116 119 117 120 121 118 121 119 122 123 120 123 121 124 125 122 125 123 126 127 124 127 125 128 129 126 129 127 130 131 128 131 129 132 133 130 133 131 134 135 132 135 133 136 137 134 137 135 138 139 136 139 137 140 141 138 141 139 142 143 140 143 141 144 145 142 145 143 146 147 144 147 145 148 149 146 149 147 150 151 148
INF INF INF INF INF INF INF INF INF INF INF INF INF INF INF INF INF INF INF INF INF INF INF INF INF INF INF INF INF INF INF INF INF INF INF INF INF INF INF INF INF INF INF INF INF INF INF INF INF INF INF INF INF INF INF INF INF INF INF INF INF INF INF INF INF INF INF INF INF INF INF INF INF INF INF INF INF INF INF INF INF INF INF INF INF INF INF INF INF INF INF INF INF INF INF INF INF INF INF INF INF INF INF INF INF INF INF INF INF INF INF INF INF INF INF INF INF INF INF INF INF INF INF INF INF INF INF INF INF INF 0 -2 1 2 5 2 0 3 4 7 4 2 5 6 9 6 4 7 8 11 8 6 9 10 13 10 8 11 12 15 12 10 13 14 17 14 12 15 16 19 16 14 17 18 21 18 16 19 20 23 20 18 21 22 25 22 20 23 24 27 24 22 25 26 29 26 24 27 28 31 28 26 29 30 33 30 28 31 32 35 32 30 33 34 37 34 32 35 36 39 36 34 37 38 41 38 36 39 40 43 40 38 41 42 45 42 40 43 44 47 44 42 45 46 49 46 44 47 48 51 48 46 49 50 53 50 48 51 52 55 52 50 53 54 57 54 52 55 56 59 56 54 57 58 61 58 56 59 60 63 60 58 61 62 65 62 60 63 64 67 64 62 65 66 69 66 64 67 68 71 68 66 69 70 73 70 68 71 72 75 72 70 73 74 77 74 72 75 76 79 76 74 77 78 81 78 76 79 80 83 80 78 81 82 85 82 80 83 84 87 84 82 85 86 89 86 84 87 88 91 88 86 89 90 93 90 88 91 92 95 92 90 93 94 97 94 92 95 96 99 96 94 97 98 101 98 96 99 100 103 100 98 101 102 105 102 100 103 104 107 104 102 105 106 109 106 104 107 108 111 108 106 109 110 113 110 108 111 112 115 112 110 113 114 117 114 112 115 116 119 116 114 117 118 121 118 116 119 120 123 120 118 121 122 125 122 120 123 124 127 124 122 125 126 129 126 124 127 128 131 128 126 129 130 133 130 128 131 132 135 132 130 133 134 137 134 132 135 136 139 136 134 137 138 141 138 136 139 140 143 140 138 141 142 145 142 140 143 144 147 144 142 145 146 149 146 144 147 148 151
INF INF INF INF INF INF INF INF INF INF INF INF INF INF INF INF INF INF INF INF INF INF INF INF INF INF INF INF INF INF INF INF INF INF INF INF INF INF INF INF INF INF INF INF INF INF INF INF INF INF INF INF INF INF INF INF INF INF INF INF INF INF INF INF INF INF INF INF INF INF INF INF INF INF INF INF INF INF INF INF INF INF INF INF INF INF INF INF INF INF INF INF INF INF INF INF INF INF INF INF INF INF INF INF INF INF INF INF INF INF INF INF INF INF INF INF INF INF INF INF INF INF INF INF INF INF INF INF INF INF INF 0 3 4 7 8 2 5 6 9 10 4 7 8 11 12 6 9 10 13 14 8 11 12 15 16 10 13 14 17 18 12 15 16 19 20 14 17 18 21 22 16 19 20 23 24 18 21 22 25 26 20 23 24 27 28 22 25 26 29 30 24 27 28 31 32 26 29 30 33 34 28 31 32 35 36 30 33 34 37 38 32 35 36 39 40 34 37 38 41 42 36 39 40 43 44 38 41 42 45 46 40 43 44 47 48 42 45 46 49 50 44 47 48 51 52 46 49 50 53 54 48 51 52 55 56 50 53 54 57 58 52 55 56 59 60 54 57 58 61 62 56 59 60 63 64 58 61 62 65 66 60 63 64 67 68 62 65 66 69 70 64 67 68 71 72 66 69 70 73 74 68 71 72 75 76 70 73 74 77 78 72 75 76 79 80 74 77 78 81 82 76 79 80 83 84 78 81 82 85 86 80 83 84 87 88 82 85 86 89 90 84 87 88 91 92 86 89 90 93 94 88 91 92 95 96 90 93 94 97 98 92 95 96 99 100 94 97 98 101 102 96 99 100 103 104 98 101 102 105 106 100 103 104 107 108 102 105 106 109 110 104 107 108 111 112 106 109 110 113 114 108 111 112 115 116 110 113 114 117 118 112 115 116 119 120 114 117 118 121 122 116 119 120 123 124 118 121 122 125 126 120 123 124 127 128 122 125 126 129 130 124 127 128 131 132 126 129 130 133 134 128 131 132 135 136 130 133 134 137 138 132 135 136 139 140 134 137 138 141 142 136 139 140 143 144 138 141 142 145 146 140 143 144 147 148 142 145 146 149 150 144 147 148 151 152 146 149 150 153
INF INF INF INF INF INF INF INF INF INF INF INF INF INF INF INF INF INF INF INF INF INF INF INF INF INF INF INF INF INF INF INF INF INF INF INF INF INF INF INF INF INF INF INF INF INF INF INF INF INF INF INF INF INF INF INF INF INF INF INF INF INF INF INF INF INF INF INF INF INF INF INF INF INF INF INF INF INF INF INF INF INF INF INF INF INF INF INF INF INF INF INF INF INF INF INF INF INF INF INF INF INF INF INF INF INF INF INF INF INF INF INF INF INF INF INF INF INF INF INF INF INF INF INF INF INF INF INF INF INF INF INF 0 3 4 7 5 2 5 6 9 7 4 7 8 11 9 6 9 10 13 11 8 11 12 15 13 10 13 14 17 15 12 15 16 19 17 14 17 18 21 19 16 19 20 23 21 18 21 22 25 23 20 23 24 27 25 22 25 26 29 27 24 27 28 31 29 26 29 30 33 31 28 31 32 35 33 30 33 34 37 35 32 35 36 39 37 34 37 38 41 39 36 39 40 43 41 38 41 42 45 43 40 43 44 47 45 42 45 46 49 47 44 47 48 51 49 46 49 50 53 51 48 51 52 55 53 50 53 54 57 55 52 55 56 59 57 54 57 58 61 59 56 59 60 63 61 58 61 62 65 63 60 63 64 67 65 62 65 66 69 67 64 67 68 71 69 66 69 70 73 71 68 71 72 75 73 70 73 74 77 75 72 75 76 79 77 74 77 78 81 79 76 79 80 83 81 78 81 82 85 83 80 83 84 87 85 82 85 86 89 87 84 87 88 91 89 86 89 90 93 91 88 91 92 95 93 90 93 94 97 95 92 95 96 99 97 94 97 98 101 99 96 99 100 103 101 98 101 102 105 103 100 103 104 107 105 102 105 106 109 107 104 107 108 111 109 106 109 110 113 111 108 111 112 115 113 110 113 114 117 115 112 115 116 119 117 114 117 118 121 119 116 119 120 123 121 118 121 122 125 123 120 123 124 127 125 122 125 126 129 127 124 127 128 131 129 126 129 130 133 131 128 131 132 135 133 130 133 134 137 135 132 135 136 139 137 134 137 138 141 139 136 139 140 143 141 138 141 142 145 143 140 143 144 147 145 142 145 146 149 147 144 147 148 151 149 146 149 150
INF INF INF INF INF INF INF INF INF INF INF INF INF INF INF INF INF INF INF INF INF INF INF INF INF INF INF INF INF INF INF INF INF INF INF INF INF INF INF INF INF INF INF INF INF INF INF INF INF INF INF INF INF INF INF INF INF INF INF INF INF INF INF INF INF INF INF INF INF INF INF INF INF INF INF INF INF INF INF INF INF INF INF INF INF INF INF INF INF INF INF INF INF INF INF INF INF INF INF INF INF INF INF INF INF INF INF INF INF INF INF INF INF INF INF INF INF INF INF INF INF INF INF INF INF INF INF INF INF INF INF INF INF 0 3 4 2 5 2 5 6 4 7 4 7 8 6 9 6 9 10 8 11 8 11 12 10 13 10 13 14 12 15 12 15 16 14 17 14 17 18 16 19 16 19 20 18 21 18 21 22 20 23 20 23 24 22 25 22 25 26 24 27 24 27 28 26 29 26 29 30 28 31 28 31 32 30 33 30 33 34 32 35 32 35 36 34 37 34 37 38 36 39 36 39 40 38 41 38 41 42 40 43 40 43 44 42 45 42 45 46 44 47 44 47 48 46 49 46 49 50 48 51 48 51 52 50 53 50 53 54 52 55 52 55 56 54 57 54 57 58 56 59 56 59 60 58 61 58 61 62 60 63 60 63 64 62 65 62 65 66 64 67 64 67 68 66 69 66 69 70 68 71 68 71 72 70 73 70 73 74 72 75 72 75 76 74 77 74 77 78 76 79 76 79 80 78 81 78 81 82 80 83 80 83 84 82 85 82 85 86 84 87 84 87 88 86 89 86 89 90 88 91 88 91 92 90 93 90 93 94 92 95 92 95 96 94 97 94 97 98 96 99 96 99 100 98 101 98 101 102 100 103 100 103 104 102 105 102 105 106 104 107 104 107 108 106 109 106 109 110 108 111 108 111 112 110 113 110 113 114 112 115 112 115 116 114 117 114 117 118 116 119 116 119 120 118 121 118 121 122 120 123 120 123 124 122 125 122 125 126 124 127 124 127 128 126 129 126 129 130 128 131 128 131 132 130 133 130 133 134 132 135 132 135 136 134 137 134 137 138 136 139 136 139 140 138 141 138 141 142 140 143 140 143 144 142 145 142 145 146 144 147 144 147 148 146 149 146 149
INF INF INF INF INF INF INF INF INF INF INF INF INF INF INF INF INF INF INF INF INF INF INF INF INF INF INF INF INF INF INF INF INF INF INF INF INF INF INF INF INF INF INF INF INF INF INF INF INF INF INF INF INF INF INF INF INF INF INF INF INF INF INF INF INF INF INF INF INF INF INF INF INF INF INF INF INF INF INF INF INF INF INF INF INF INF INF INF INF INF INF INF INF INF INF INF INF INF INF INF INF INF INF INF INF INF INF INF INF INF INF INF INF INF INF INF INF INF INF INF INF INF INF INF INF INF INF INF INF INF INF INF INF INF 0 3 1 4 5 2 5 3 6 7 4 7 5 8 9 6 9 7 10 11 8 11 9 12 13 10 13 11 14 15 12 15 13 16 17 14 17 15 18 19 16 19 17 20 21 18 21 19 22 23 20 23 21 24 25 22 25 23 26 27 24 27 25 28 29 26 29 27 30 31 28 31 29 32 33 30 33 31 34 35 32 35 33 36 37 34 37 35 38 39 36 39 37 40 41 38 41 39 42 43 40 43 41 44 45 42 45 43 46 47 44 47 45 48 49 46 49 47 50 51 48 51 49 52 53 50 53 51 54 55 52 55 53 56 57 54 57 55 58 59 56 59 57 60 61 58 61 59 62 63 60 63 61 64 65 62 65 63 66 67 64 67 65 68 69 66 69 67 70 71 68 71 69 72 73 70 73 71 74 75 72 75 73 76 77 74 77 75 78 79 76 79 77 80 81 78 81 79 82 83 80 83 81 84 85 82 85 83 86 87 84 87 85 88 89 86 89 87 90 91 88 91 89 92 93 90 93 91 94 95 92 95 93 96 97 94 97 95 98 99 96 99 97 100 101 98 101 99 102 103 100 103 101 104 105 102 105 103 106 107 104 107 105 108 109 106 109 107 110 111 108 111 109 112 113 110 113 111 114 115 112 115 113 116 117 114 117 115 118 119 116 119 117 120 121 118 121 119 122 123 120 123 121 124 125 122 125 123 126 127 124 127 125 128 129 126 129 127 130 131 128 131 129 132 133 130 133 131 134 135 132 135 133 136 137 134 137 135 138 139 136 139 137 140 141 138 141 139 142 143 140 143 141 144 145 142 145 143 146 147 144 147 145 148 149 146
INF INF INF INF INF INF INF INF INF INF INF INF INF INF INF INF INF INF INF INF INF INF INF INF INF INF INF INF INF INF INF INF INF INF INF INF INF INF INF INF INF INF INF INF INF INF INF INF INF INF INF INF INF INF INF INF INF INF INF INF INF INF INF INF INF INF INF INF INF INF INF INF INF INF INF INF INF INF INF INF INF INF INF INF INF INF INF INF INF INF INF INF INF INF INF INF INF INF INF INF INF INF INF INF INF INF INF INF INF INF INF INF INF INF INF INF INF INF INF INF INF INF INF INF INF INF INF INF INF INF INF INF INF INF INF 0 -2 1 2 5 2 0 3 4 7 4 2 5 6 9 6 4 7 8 11 8 6 9 10 13 10 8 11 12 15 12 10 13 14 17 14 12 15 16 19 16 14 17 18 21 18 16 19 20 23 20 18 21 22 25 22 20 23 24 27 24 22 25 26 29 26 24 27 28 31 28 26 29 30 33 30 28 31 32 35 32 30 33 34 37 34 32 35 36 39 36 34 37 38 41 38 36 39 40 43 40 38 41 42 45 42 40 43 44 47 44 42 45 46 49 46 44 47 48 51 48 46 49 50 53 50 48 51 52 55 52 50 53 54 57 54 52 55 56 59 56 54 57 58 61 58 56 59 60 63 60 58 61 62 65 62 60 63 64 67 64 62 65 66 69 66 64 67 68 71 68 66 69 70 73 70 68 71 72 75 72 70 73 74 77 74 72 75 76 79 76 74 77 78 81 78 76 79 80 83 80 78 81 82 85 82 80 83 84 87 84 82 85 86 89 86 84 87 88 91 88 86 89 90 93 90 88 91 92 95 92 90 93 94 97 94 92 95 96 99 96 94 97 98 101 98 96 99 100 103 100 98 101 102 105 102 100 103 104 107 104 102 105 106 109 106 104 107 108 111 108 106 109 110 113 110 108 111 112 115 112 110 113 114 117 114 112 115 116 119 116 114 117 118 121 118 116 119 120 123 120 118 121 122 125 122 120 123 124 127 124 122 125 126 129 126 124 127 128 131 128 126 129 130 133 130 128 131 132 135 132 130 133 134 137 134 132 135 136 139 136 134 137 138 141 138 136 139 140 143 140 138 141 142 145 142 140 143 144 147 144 142 145 146 149
INF INF INF INF INF INF INF INF INF INF INF INF INF INF INF INF INF INF INF INF INF INF INF INF INF INF INF INF INF INF INF INF INF INF INF INF INF INF INF INF INF INF INF INF INF INF INF INF INF INF INF INF INF INF INF INF INF INF INF INF INF INF INF INF INF INF INF INF INF INF INF INF INF INF INF INF INF INF INF INF INF INF INF INF INF INF INF INF INF INF INF INF INF INF INF INF INF INF INF INF INF INF INF INF INF INF INF INF INF INF INF INF INF INF INF INF INF INF INF INF INF INF INF INF INF INF INF INF INF INF INF INF INF INF INF INF 0 3 4 7 8 2 5 6 9 10 4 7 8 11 12 6 9 10 13 14 8 11 12 15 16 10 13 14 17 18 12 15 16 19 20 14 17 18 21 22 16 19 20 23 24 18 21 22 25 26 20 23 24 27 28 22 25 26 29 30 24 27 28 31 32 26 29 30 33 34 28 31 32 35 36 30 33 34 37 38 32 35 36 39 40 34 37 38 41 42 36 39 40 43 44 38 41 42 45 46 40 43 44 47 48 42 45 46 49 50 44 47 48 51 52 46 49 50 53 54 48 51 52 55 56 50 53 54 57 58 52 55 56 59 60 54 57 58 61 62 56 59 60 63 64 58 61 62 65 66 60 63 64 67 68 62 65 66 69 70 64 67 68 71 72 66 69 70 73 74 68 71 72 75 76 70 73 74 77 78 72 75 76 79 80 74 77 78 81 82 76 79 80 83 84 78 81 82 85 86 80 83 84 87 88 82 85 86 89 90 84 87 88 91 92 86 89 90 93 94 88 91 92 95 96 90 93 94 97 98 92 95 96 99 100 94 97 98 101 102 96 99 100 103 104 98 101 102 105 106 100 103 104 107 108 102 105 106 109 110 104 107 108 111 112 106 109 110 113 114 108 111 112 115 116 110 113 114 117 118 112 115 116 119 120 114 117 118 121 122 116 119 120 123 124 118 121 122 125 126 120 123 124 127 128 122 125 126 129 130 124 127 128 131 132 126 129 130 133 134 128 131 132 135 136 130 133 134 137 138 132 135 136 139 140 134 137 138 141 142 136 139 140 143 144 138 141 142 145 146 140 143 144 147 148 142 145 146 149 150 144 147 148 151
INF INF INF INF INF INF INF INF INF INF INF INF INF INF INF INF INF INF INF INF INF INF INF INF INF INF INF INF INF INF INF INF INF INF INF INF INF INF INF INF INF INF INF INF INF INF INF INF INF INF INF INF INF INF INF INF INF INF INF INF INF INF INF INF INF INF INF INF INF INF INF INF INF INF INF INF INF INF INF INF INF INF INF INF INF INF INF INF INF INF INF INF INF INF INF INF INF INF INF INF INF INF INF INF INF INF INF INF INF INF INF INF INF INF INF INF INF INF INF INF INF INF INF INF INF INF INF INF INF INF INF INF INF INF INF INF INF 0 3 4 7 5 2 5 6 9 7 4 7 8 11 9 6 9 10 13 11 8 11 12 15 13 10 13 14 17 15 12 15 16 19 17 14 17 18 21 19 16 19 20 23 21 18 21 22 25 23 20 23 24 27 25 22 25 26 29 27 24 27 28 31 29 26 29 30 33 31 28 31 32 35 33 30 33 34 37 35 32 35 36 39 37 34 37 38 41 39 36 39 40 43 41 38 41 42 45 43 40 43 44 47 45 42 45 46 49 47 44 47 48 51 49 46 49 50 53 51 48 51 52 55 53 50 53 54 57 55 52 55 56 59 57 54 57 58 61 59 56 59 60 63 61 58 61 62 65 63 60 63 64 67 65 62 65 66 69 67 64 67 68 71 69 66 69 70 73 71 68 71 72 75 73 70 73 74 77 75 72 75 76 79 77 74 77 78 81 79 76 79 80 83 81 78 81 82 85 83 80 83 84 87 85 82 85 86 89 87 84 87 88 91 89 86 89 90 93 91 88 91 92 95 93 90 93 94 97 95 92 95 96 99 97 94 97 98 101 99 96 99 100 103 101 98 101 102 105 103 100 103 104 107 105 102 105 106 109 107 104 107 108 111 109 106 109 110 113 111 108 111 112 115 113 110 113 114 117 115 112 115 116 119 117 114 117 118 121 119 116 119 120 123 121 118 121 122 125 123 120 123 124 127 125 122 125 126 129 127 124 127 128 131 129 126 129 130 133 131 128 131 132 135 133 130 133 134 137 135 132 135 136 139 137 134 137 138 141 139 136 139 140 143 141 138 141 142 145 143 140 143 144 147 145 142 145 146 149 147 144 147 148
INF INF INF INF INF INF INF INF INF INF INF INF INF INF INF INF INF INF INF INF INF INF INF INF INF INF INF INF INF INF INF INF INF INF INF INF INF INF INF INF INF INF INF INF INF INF INF INF INF INF INF INF INF INF INF INF INF INF INF INF INF INF INF INF INF INF INF INF INF INF INF INF INF INF INF INF INF INF INF INF INF INF INF INF INF INF INF INF INF INF INF INF INF INF INF INF INF INF INF INF INF INF INF INF INF INF INF INF INF INF INF INF INF INF INF INF INF INF INF INF INF INF INF INF INF INF INF INF INF INF INF INF INF INF INF INF INF INF 0 3 4 2 5 2 5 6 4 7 4 7 8 6 9 6 9 10 8 11 8 11 12 10 13 10 13 14 12 15 12 15 16 14 17 14 17 18 16 19 16 19 20 18 21 18 21 22 20 23 20 23 24 22 25 22 25 26 24 27 24 27 28 26 29 26 29 30 28 31 28 31 32 30 33 30 33 34 32 35 32 35 36 34 37 34 37 38 36 39 36 39 40 38 41 38 41 42 40 43 40 43 44 42 45 42 45 46 44 47 44 47 48 46 49 46 49 50 48 51 48 51 52 50 53 50 53 54 52 55 52 55 56 54 57 54 57 58 56 59 56 59 60 58 61 58 61 62 60 63 60 63 64 62 65 62 65 66 64 67 64 67 68 66 69 66 69 70 68 71 68 71 72 70 73 70 73 74 72 75 72 75 76 74 77 74 77 78 76 79 76 79 80 78 81 78 81 82 80 83 80 83 84 82 85 82 85 86 84 87 84 87 88 86 89 86 89 90 88 91 88 91 92 90 93 90 93 94 92 95 92 95 96 94 97 94 97 98 96 99 96 99 100 98 101 98 101 102 100 103 100 103 104 102 105 102 105 106 104 107 104 107 108 106 109 106 109 110 108 111 108 111 112 110 113 110 113 114 112 115 112 115 116 114 117 114 117 118 116 119 116 119 120 118 121 118 121 122 120 123 120 123 124 122 125 122 125 126 124 127 124 127 128 126 129 126 129 130 128 131 128 131 132 130 133 130 133 134 132 135 132 135 136 134 137 134 137 138 136 139 136 139 140 138 141 138 141 142 140 143 140 143 144 142 145 142 145 146 144 147 144 147
INF INF INF INF INF INF INF INF INF INF INF INF INF INF INF INF INF INF INF INF INF INF INF INF INF INF INF INF INF INF INF INF INF INF INF INF INF INF INF INF INF INF INF INF INF INF INF INF INF INF INF INF INF INF INF INF INF INF INF INF INF INF INF INF INF INF INF INF INF INF INF INF INF INF INF INF INF INF INF INF INF INF INF INF INF INF INF INF INF INF INF INF INF INF INF INF INF INF INF INF INF INF INF INF INF INF INF INF INF INF INF INF INF INF INF INF INF INF INF INF INF INF INF INF INF INF INF INF INF INF INF INF INF INF INF INF INF INF INF 0 3 1 4 5 2 5 3 6 7 4 7 5 8 9 6 9 7 10 11 8 11 9 12 13 10 13 11 14 15 12 15 13 16 17 14 17 15 18 19 16 19 17 20 21 18 21 19 22 23 20 23 21 24 25 22 25 23 26 27 24 27 25 28 29 26 29 27 30 31 28 31 29 32 33 30 33 31 34 35 32 35 33 36 37 34 37 35 38 39 36 39 37 40 41 38 41 39 42 43 40 43 41 44 45 42 45 43 46 47 44 47 45 48 49 46 49 47 50 51 48 51 49 52 53 50 53 51 54 55 52 55 53 56 57 54 57 55 58 59 56 59 57 60 61 58 61 59 62 63 60 63 61 64 65 62 65 63 66 67 64 67 65 68 69 66 69 67 70 71 68 71 69 72 73 70 73 71 74 75 72 75 73 76 77 74 77 75 78 79 76 79 77 80 81 78 81 79 82 83 80 83 81 84 85 82 85 83 86 87 84 87 85 88 89 86 89 87 90 91 88 91 89 92 93 90 93 91 94 95 92 95 93 96 97 94 97 95 98 99 96 99 97 100 101 98 101 99 102 103 100 103 101 104 105 102 105 103 106 107 104 107 105 108 109 106 109 107 110 111 108 111 109 112 113 110 113 111 114 115 112 115 113 116 117 114 117 115 118 119 116 119 117 120 121 118 121 119 122 123 120 123 121 124 125 122 125 123 126 127 124 127 125 128 129 126 129 127 130 131 128 131 129 132 133 130 133 131 134 135 132 135 133 136 137 134 137 135 138 139 136 139 137 140 141 138 141 139 142 143 140 143 141 144 145 142 145 143 146 147 144
INF INF INF INF INF INF INF INF INF INF INF INF INF INF INF INF INF INF INF INF INF INF INF INF INF INF INF INF INF INF INF INF INF INF INF INF INF INF INF INF INF INF INF INF INF INF INF INF INF INF INF INF INF INF INF INF INF INF INF INF INF INF INF INF INF INF INF INF INF INF INF INF INF INF INF INF INF INF INF INF INF INF INF INF INF INF INF INF INF INF INF INF INF INF INF INF INF INF INF INF INF INF INF INF INF INF INF INF INF INF INF INF INF INF INF INF INF INF INF INF INF INF INF INF INF INF INF INF INF INF INF INF INF INF INF INF INF INF INF INF 0 -2 1 2 5 2 0 3 4 7 4 2 5 6 9 6 4 7 8 11 8 6 9 10 13 10 8 11 12 15 12 10 13 14 17 14 12 15 16 19 16 14 17 18 21 18 16 19 20 23 20 18 21 22 25 22 20 23 24 27 24 22 25 26 29 26 24 27 28 31 28 26 29 30 33 30 28 31 32 35 32 30 33 34 37 34 32 35 36 39 36 34 37 38 41 38 36 39 40 43 40 38 41 42 45 42 40 43 44 47 44 42 45 46 49 46 44 47 48 51 48 46 49 50 53 50 48 51 52 55 52 50 53 54 57 54 52 55 56 59 56 54 57 58 61 58 56 59 60 63 60 58 61 62 65 62 60 63 64 67 64 62 65 66 69 66 64 67 68 71 68 66 69 70 73 70 68 71 72 75 72 70 73 74 77 74 72 75 76 79 76 74 77 78 81 78 76 79 80 83 80 78 81 82 85 82 80 83 84 87 84 82 85 86 89 86 84 87 88 91 88 86 89 90 93 90 88 91 92 95 92 90 93 94 97 94 92 95 96 99 96 94 97 98 101 98 96 99 100 103 100 98 101 102 105 102 100 103 104 107 104 102 105 106 109 106 104 107 108 111 108 106 109 110 113 110 108 111 112 115 112 110 113 114 117 114 112 115 116 119 116 114 117 118 121 118 116 119 120 123 120 118 121 122 125 122 120 123 124 127 124 122 125 126 129 126 124 127 128 131 128 126 129 130 133 130 128 131 132 135 132 130 133 134 137 134 132 135 136 139 136 134 137 138 141 138 136 139 140 143 140 138 141 142 145 142 140 143 144 147
INF INF INF INF INF INF INF INF INF INF INF INF INF INF INF INF INF INF INF INF INF INF INF INF INF INF INF INF INF INF INF INF INF INF INF INF INF INF INF INF INF INF INF INF INF INF INF INF INF INF INF INF INF INF INF INF INF INF INF INF INF INF INF INF INF INF INF INF INF INF INF INF INF INF INF INF INF INF INF INF INF INF INF INF INF INF INF INF INF INF INF INF INF INF INF INF INF INF INF INF INF INF INF INF INF INF INF INF INF INF INF INF INF INF INF INF INF INF INF INF INF INF INF INF INF INF INF INF INF INF INF INF INF INF INF INF INF INF INF INF INF 0 3 4 7 8 2 5 6 9 10 4 7 8 11 12 6 9 10 13 14 8 11 12 15 16 10 13 14 17 18 12 15 16 19 20 14 17 18 21 22 16 19 20 23 24 18 21 22 25 26 20 23 24 27 28 22 25 26 29 30 24 27 28 31 32 26 29 30 33 34 28 31 32 35 36 30 33 34 37 38 32 35 36 39 40 34 37 38 41 42 36 39 40 43 44 38 41 42 45 46 40 43 44 47 48 42 45 46 49 50 44 47 48 51 52 46 49 50 53 54 48 51 52 55 56 50 53 54 57 58 52 55 56 59 60 54 57 58 61 62 56 59 60 63 64 58 61 62 65 66 60 63 64 67 68 62 65 66 69 70 64 67 68 71 72 66 69 70 73 74 68 71 72 75 76 70 73 74 77 78 72 75 76 79 80 74 77 78 81 82 76 79 80 83 84 78 81 82 85 86 80 83 84 87 88 82 85 86 89 90 84 87 88 91 92 86 89 90 93 94 88 91 92 95 96 90 93 94 97 98 92 95 96 99 100 94 97 98 101 102 96 99 100 103 104 98 101 102 105 106 100 103 104 107 108 102 105 106 109 110 104 107 108 111 112 106 109 110 113 114 108 111 112 115 116 110 113 114 117 118 112 115 116 119 120 114 117 118 121 122 116 119 120 123 124 118 121 122 125 126 120 123 124 127 128 122 125 126 129 130 124 127 128 131 132 126 129 130 133 134 128 131 132 135 136 130 133 134 137 138 132 135 136 139 140 134 137 138 141 142 136 139 140 143 144 138 141 142 145 146 140 143 144 147 148 142 145 146 149
INF INF INF INF INF INF INF INF INF INF INF INF INF INF INF INF INF INF INF INF INF INF INF INF INF INF INF INF INF INF INF INF INF INF INF INF INF INF INF INF INF INF INF INF INF INF INF INF INF INF INF INF INF INF INF INF INF INF INF INF INF INF INF INF INF INF INF INF INF INF INF INF INF INF INF INF INF INF INF INF INF INF INF INF INF INF INF INF INF INF INF INF INF INF INF INF INF INF INF INF INF INF INF INF INF INF INF INF INF INF INF INF INF INF INF INF INF INF INF INF INF INF INF INF INF INF INF INF INF INF INF INF INF INF INF INF INF INF INF INF INF INF 0 3 4 7 5 2 5 6 9 7 4 7 8 11 9 6 9 10 13 11 8 11 12 15 13 10 13 14 17 15 12 15 16 19 17 14 17 18 21 19 16 19 20 23 21 18 21 22 25 23 20 23 24 27 25 22 25 26 29 27 24 27 28 31 29 26 29 30 33 31 28 31 32 35 33 30 33 34 37 35 32 35 36 39 37 34 37 38 41 39 36 39 40 43 41 38 41 42 45 43 40 43 44 47 45 42 45 46 49 47 44 47 48 51 49 46 49 50 53 51 48 51 52 55 53 50 53 54 57 55 52 55 56 59 57 54 57 58 61 59 56 59 60 63 61 58 61 62 65 63 60 63 64 67 65 62 65 66 69 67 64 67 68 71 69 66 69 70 73 71 68 71 72 75 73 70 73 74 77 75 72 75 76 79 77 74 77 78 81 79 76 79 80 83 81 78 81 82 85 83 80 83 84 87 85 82 85 86 89 87 84 87 88 91 89 86 89 90 93 91 88 91 92 95 93 90 93 94 97 95 92 95 96 99 97 94 97 98 101 99 96 99 100 103 101 98 101 102 105 103 100 103 104 107 105 102 105 106 109 107 104 107 108 111 109 106 109 110 113 111 108 111 112 115 113 110 113 114 117 115 112 115 116 119 117 114 117 118 121 119 116 119 120 123 121 118 121 122 125 123 120 123 124 127 125 122 125 126 129 127 124 127 128 131 129 126 129 130 133 131 128 131 132 135 133 130 133 134 137 135 132 135 136 139 137 134 137 138 141 139 136 139 140 143 141 138 141 142 145 143 140 143 144 147 145 142 145 146
INF INF INF INF INF INF INF INF INF INF INF INF INF INF INF INF INF INF INF INF INF INF INF INF INF INF INF INF INF INF INF INF INF INF INF INF INF INF INF INF INF INF INF INF INF INF INF INF INF INF INF INF INF INF INF INF INF INF INF INF INF INF INF INF INF INF INF INF INF INF INF INF INF INF INF INF INF INF INF INF INF INF INF INF INF INF INF INF INF INF INF INF INF INF INF INF INF INF INF INF INF INF INF INF INF INF INF INF INF INF INF INF INF INF INF INF INF INF INF INF INF INF INF INF INF INF INF INF INF INF INF INF INF INF INF INF INF INF INF INF INF INF INF 0 3 4 2 5 2 5 6 4 7 4 7 8 6 9 6 9 10 8 11 8 11 12 10 13 10 13 14 12 15 12 15 16 14 17 14 17 18 16 19 16 19 20 18 21 18 21 22 20 23 20 23 24 22 25 22 25 26 24 27 24 27 28 26 29 26 29 30 28 31 28 31 32 30 33 30 33 34 32 35 32 35 36 34 37 34 37 38 36 39 36 39 40 38 41 38 41 42 40 43 40 43 44 42 45 42 45 46 44 47 44 47 48 46 49 46 49 50 48 51 48 51 52 50 53 50 53 54 52 55 52 55 56 54 57 54 57 58 56 59 56 59 60 58 61 58 61 62 60 63 60 63 64 62 65 62 65 66 64 67 64 67 68 66 69 66 69 70 68 71 68 71 72 70 73 70 73 74 72 75 72 75 76 74 77 74 77 78 76 79 76 79 80 78 81 78 81 82 80 83 80 83 84 82 85 82 85 86 84 87 84 87 88 86 89 86 89 90 88 91 88 91 92 90 93 90 93 94 92 95 92 95 96 94 97 94 97 98 96 99 96 99 100 98 101 98 101 102 100 103 100 103 104 102 105 102 105 106 104 107 104 107 108 106 109 106 109 110 108 111 108 111 112 110 113 110 113 114 112 115 112 115 116 114 117 114 117 118 116 119 116 119 120 118 121 118 121 122 120 123 120 123 124 122 125 122 125 126 124 127 124 127 128 126 129 126 129 130 128 131 128 131 132 130 133 130 133 134 132 135 132 135 136 134 137 134 137 138 136 139 136 139 140 138 141 138 141 142 140 143 140 143 144 142 145 142 145
INF INF INF INF INF INF INF INF INF INF INF INF INF INF INF INF INF INF INF INF INF INF INF INF INF INF INF INF INF INF INF INF INF INF INF INF INF INF INF INF INF INF INF INF INF INF INF INF INF INF INF INF INF INF INF INF INF INF INF INF INF INF INF INF INF INF INF INF INF INF INF INF INF INF INF INF INF INF INF INF INF INF INF INF INF INF INF INF INF INF INF INF INF INF INF INF INF INF INF INF INF INF INF INF INF INF INF INF INF INF INF INF INF INF INF INF INF INF INF INF INF INF INF INF INF INF INF INF INF INF INF INF INF INF INF INF INF INF INF INF INF INF INF INF 0 3 1 4 5 2 5 3 6 7 4 7 5 8 9 6 9 7 10 11 8 11 9 12 13 10 13 11 14 15 12 15 13 16 17 14 17 15 18 19 16 19 17 20 21 18 21 19 22 23 20 23 21 24 25 22 25 23 26 27 24 27 25 28 29 26 29 27 30 31 28 31 29 32 33 30 33 31 34 35 32 35 33 36 37 34 37 35 38 39 36 39 37 40 41 38 41 39 42 43 40 43 41 44 45 42 45 43 46 47 44 47 45 48 49 46 49 47 50 51 48 51 49 52 53 50 53 51 54 55 52 55 53 56 57 54 57 55 58 59 56 59 57 60 61 58 61 59 62 63 60 63 61 64 65 62 65 63 66 67 64 67 65 68 69 66 69 67 70 71 68 71 69 72 73 70 73 71 74 75 72 75 73 76 77 74 77 75 78 79 76 79 77 80 81 78 81 79 82 83 80 83 81 84 85 82 85 83 86 87 84 87 85 88 89 86 89 87 90 91 88 91 89 92 93 90 93 91 94 95 92 95 93 96 97 94 97 95 98 99 96 99 97 100 101 98 101 99 102 103 100 103 101 104 105 102 105 103 106 107 104 107 105 108 109 106 109 107 110 111 108 111 109 112 113 110 113 111 114 115 112 115 113 116 117 114 117 115 118 119 116 119 117 120 121 118 121 119 122 123 120 123 121 124 125 122 125 123 126 127 124 127 125 128 129 126 129 127 130 131 128 131 129 132 133 130 133 131 134 135 132 135 133 136 137 134 137 135 138 139 136 139 137 140 141 138 141 139 142 143 140 143 141 144 145 142
INF INF INF INF INF INF INF INF INF INF INF INF INF INF INF INF INF INF INF INF INF INF INF INF INF INF INF INF INF INF INF INF INF INF INF INF INF INF INF INF INF INF INF INF INF INF INF INF INF INF INF INF INF INF INF INF INF INF INF INF INF INF INF INF INF INF INF INF INF INF INF INF INF INF INF INF INF INF INF INF INF INF INF INF INF INF INF INF INF INF INF INF INF INF INF INF INF INF INF INF INF INF INF INF INF INF INF INF INF INF INF INF INF INF INF INF INF INF INF INF INF INF INF INF INF INF INF INF INF INF INF INF INF INF INF INF INF INF INF INF INF INF INF INF INF 0 -2 1 2 5 2 0 3 4 7 4 2 5 6 9 6 4 7 8 11 8 6 9 10 13 10 8 11 12 15 12 10 13 14 17 14 12 15 16 19 16 14 17 18 21 18 16 19 20 23 20 18 21 22 25 22 20 23 24 27 24 22 25 26 29 26 24 27 28 31 28 26 29 30 33 30 28 31 32 35 32 30 33 34 37 34 32 35 36 39 36 34 37 38 41 38 36 39 40 43 40 38 41 42 45 42 40 43 44 47 44 42 45 46 49 46 44 47 48 51 48 46 49 50 53 50 48 51 52 55 52 50 53 54 57 54 52 55 56 59 56 54 57 58 61 58 56 59 60 63 60 58 61 62 65 62 60 63 64 67 64 62 65 66 69 66 64 67 68 71 68 66 69 70 73 70 68 71 72 75 72 70 73 74 77 74 72 75 76 79 76 74 77 78 81 78 76 79 80 83 80 78 81 82 85 82 80 83 84 87 84 82 85 86 89 86 84 87 88 91 88 86 89 90 93 90 88 91 92 95 92 90 93 94 97 94 92 95 96 99 96 94 97 98 101 98 96 99 100 103 100 98 101 102 105 102 100 103 104 107 104 102 105 106 109 106 104 107 108 111 108 106 109 110 113 110 108 111 112 115 112 110 113 114 117 114 112 115 116 119 116 114 117 118 121 118 116 119 120 123 120 118 121 122 125 122 120 123 124 127 124 122 125 126 129 126 124 127 128 131 128 126 129 130 133 130 128 131 132 135 132 130 133 134 137 134 132 135 136 139 136 134 137 138 141 138 136 139 140 143 140 138 141 142 145
INF INF INF INF INF INF INF INF INF INF INF INF INF INF INF INF INF INF INF INF INF INF INF INF INF INF INF INF INF INF INF INF INF INF INF INF INF INF INF INF INF INF INF INF INF INF INF INF INF INF INF INF INF INF INF INF INF INF INF INF INF INF INF INF INF INF INF INF INF INF INF INF INF INF INF INF INF INF INF INF INF INF INF INF INF INF INF INF INF INF INF INF INF INF INF INF INF INF INF INF INF INF INF INF INF INF INF INF INF INF INF INF INF INF INF INF INF INF INF INF INF INF INF INF INF INF INF INF INF INF INF INF INF INF INF INF INF INF INF INF INF INF INF INF INF INF 0 3 4 7 8 2 5 6 9 10 4 7 8 11 12 6 9 10 13 14 8 11 12 15 16 10 13 14 17 18 12 15 16 19 20 14 17 18 21 22 16 19 20 23 24 18 21 22 25 26 20 23 24 27 28 22 25 26 29 30 24 27 28 31 32 26 29 30 33 34 28 31 32 35 36 30 33 34 37 38 32 35 36 39 40 34 37 38 41 42 36 39 40 43 44 38 41 42 45 46 40 43 44 47 48 42 45 46 49 50 44 47 48 51 52 46 49 50 53 54 48 51 52 55 56 50 53 54 57 58 52 55 56 59 60 54 57 58 61 62 56 59 60 63 64 58 61 62 65 66 60 63 64 67 68 62 65 66 69 70 64 67 68 71 72 66 69 70 73 74 68 71 72 75 76 70 73 74 77 78 72 75 76 79 80 74 77 78 81 82 76 79 80 83 84 78 81 82 85 86 80 83 84 87 88 82 85 86 89 90 84 87 88 91 92 86 89 90 93 94 88 91 92 95 96 90 93 94 97 98 92 95 96 99 100 94 97 98 101 102 96 99 100 103 104 98 101 102 105 106 100 103 104 107 108 102 105 106 109 110 104 107 108 111 112 106 109 110 113 114 108 111 112 115 116 110 113 114 117 118 112 115 116 119 120 114 117 118 121 122 116 119 120 123 124 118 121 122 125 126 120 123 124 127 128 122 125 126 129 130 124 127 128 131 132 126 129 130 133 134 128 131 132 135 136 130 133 134 137 138 132 135 136 139 140 134 137 138 141 142 136 139 140 143 144 138 141 142 145 146 140 143 144 147
INF INF INF INF INF INF INF INF INF INF INF INF INF INF INF INF INF INF INF INF INF INF INF INF INF INF INF INF INF INF INF INF INF INF INF INF INF INF INF INF INF INF INF INF INF INF INF INF INF INF INF INF INF INF INF INF INF INF INF INF INF INF INF INF INF INF INF INF INF INF INF INF INF INF INF INF INF INF INF INF INF INF INF INF INF INF INF INF INF INF INF INF INF INF INF INF INF INF INF INF INF INF INF INF INF INF INF INF INF INF INF INF INF INF INF INF INF INF INF INF INF INF INF INF INF INF INF INF INF INF INF INF INF INF INF INF INF INF INF INF INF INF INF INF INF INF INF 0 3 4 7 5 2 5 6 9 7 4 7 8 11 9 6 9 10 13 11 8 11 12 15 13 10 13 14 17 15 12 15 16 19 17 14 17 18 21 19 16 19 20 23 21 18 21 22 25 23 20 23 24 27 25 22 25 26 29 27 24 27 28 31 29 26 29 30 33 31 28 31 32 35 33 30 33 34 37 35 32 35 36 39 37 34 37 38 41 39 36 39 40 43 41 38 41 42 45 43 40 43 44 47 45 42 45 46 49 47 44 47 48 51 49 46 49 50 53 51 48 51 52 55 53 50 53 54 57 55 52 55 56 59 57 54 57 58 61 59 56 59 60 63 61 58 61 62 65 63 60 63 64 67 65 62 65 66 69 67 64 67 68 71 69 66 69 70 73 71 68 71 72 75 73 70 73 74 77 75 72 75 76 79 77 74 77 78 81 79 76 79 80 83 81 78 81 82 85 83 80 83 84 87 85 82 85 86 89 87 84 87 88 91 89 86 89 90 93 91 88 91 92 95 93 90 93 94 97 95 92 95 96 99 97 94 97 98 101 99 96 99 100 103 101 98 101 102 105 103 100 103 104 107 105 102 105 106 109 107 104 107 108 111 109 106 109 110 113 111 108 111 112 115 113 110 113 114 117 115 112 115 116 119 117 114 117 118 121 119 116 119 120 123 121 118 121 122 125 123 120 123 124 127 125 122 125 126 129 127 124 127 128 131 129 126 129 130 133 131 128 131 132 135 133 130 133 134 137 135 132 135 136 139 137 134 137 138 141 139 136 139 140 143 141 138 141 142 145 143 140 143 144
INF INF INF INF INF INF INF INF INF INF INF INF INF INF INF INF INF INF INF INF INF INF INF INF INF INF INF INF INF INF INF INF INF INF INF INF INF INF INF INF INF INF INF INF INF INF INF INF INF INF INF INF INF INF INF INF INF INF INF INF INF INF INF INF INF INF INF INF INF INF INF INF INF INF INF INF INF INF INF INF INF INF INF INF INF INF INF INF INF INF INF INF INF INF INF INF INF INF INF INF INF INF INF INF INF INF INF INF INF INF INF INF INF INF INF INF INF INF INF INF INF INF INF INF INF INF INF INF INF INF INF INF INF INF INF INF INF INF INF INF INF INF INF INF INF INF INF INF 0 3 4 2 5 2 5 6 4 7 4 7 8 6 9 6 9 10 8 11 8 11 12 10 13 10 13 14 12 15 12 15 16 14 17 14 17 18 16 19 16 19 20 18 21 18 21 22 20 23 20 23 24 22 25 22 25 26 24 27 24 27 28 26 29 26 29 30 28 31 28 31 32 30 33 30 33 34 32 35 32 35 36 34 37 34 37 38 36 39 36 39 40 38 41 38 41 42 40 43 40 43 44 42 45 42 45 46 44 47 44 47 48 46 49 46 49 50 48 51 48 51 52 50 53 50 53 54 52 55 52 55 56 54 57 54 57 58 56 59 56 59 60 58 61 58 61 62 60 63 60 63 64 62 65 62 65 66 64 67 64 67 68 66 69 66 69 70 68 71 68 71 72 70 73 70 73 74 72 75 72 75 76 74 77 74 77 78 76 79 76 79 80 78 81 78 81 82 80 83 80 83 84 82 85 82 85 86 84 87 84 87 88 86 89 86 89 90 88 91 88 91 92 90 93 90 93 94 92 95 92 95 96 94 97 94 97 98 96 99 96 99 100 98 101 98 101 102 100 103 100 103 104 102 105 102 105 106 104 107 104 107 108 106 109 106 109 110 108 111 108 111 112 110 113 110 113 114 112 115 112 115 116 114 117 114 117 118 116 119 116 119 120 118 121 118 121 122 120 123 120 123 124 122 125 122 125 126 124 127 124 127 128 126 129 126 129 130 128 131 128 131 132 130 133 130 133 134 132 135 132 135 136 134 137 134 137 138 136 139 136 139 140 138 141 138 141 142 140 143 140 143
INF INF INF INF INF INF INF INF INF INF INF INF INF INF INF INF INF INF INF INF INF INF INF INF INF INF INF INF INF INF INF INF INF INF INF INF INF INF INF INF INF INF INF INF INF INF INF INF INF INF INF INF INF INF INF INF INF INF INF INF INF INF INF INF INF INF INF INF INF INF INF INF INF INF INF INF INF INF INF INF INF INF INF INF INF INF INF INF INF INF INF INF INF INF INF INF INF INF INF INF INF INF INF INF INF INF INF INF INF INF INF INF INF INF INF INF INF INF INF INF INF INF INF INF INF INF INF INF INF INF INF INF INF INF INF INF INF INF INF INF INF INF INF INF INF INF INF INF INF 0 3 1 4 5 2 5 3 6 7 4 7 5 8 9 6 9 7 10 11 8 11 9 12 13 10 13 11 14 15 12 15 13 16 17 14 17 15 18 19 16 19 17 20 21 18 21 19 22 23 20 23 21 24 25 22 25 23 26 27 24 27 25 28 29 26 29 27 30 31 28 31 29 32 33 30 33 31 34 35 32 35 33 36 37 34 37 35 38 39 36 39 37 40 41 38 41 39 42 43 40 43 41 44 45 42 45 43 46 47 44 47 45 48 49 46 49 47 50 51 48 51 49 52 53 50 53 51 54 55 52 55 53 56 57 54 57 55 58 59 56 59 57 60 61 58 61 59 62 63 60 63 61 64 65 62 65 63 66 67 64 67 65 68 69 66 69 67 70 71 68 71 69 72 73 70 73 71 74 75 72 75 73 76 77 74 77 75 78 79 76 79 77 80 81 78 81 79 82 83 80 83 81 84 85 82 85 83 86 87 84 87 85 88 89 86 89 87 90 91 88 91 89 92 93 90 93 91 94 95 92 95 93 96 97 94 97 95 98 99 96 99 97 100 101 98 101 99 102 103 100 103 101 104 105 102 105 103 106 107 104 107 105 108 109 106 109 107 110 111 108 111 109 112 113 110 113 111 114 115 112 115 113 116 117 114 117 115 118 119 116 119 117 120 121 118 121 119 122 123 120 123 121 124 125 122 125 123 126 127 124 127 125 128 129 126 129 127 130 131 128 131 129 132 133 130 133 131 134 135 132 135 133 136 137 134 137 135 138 139 136 139 137 140 141 138 141 139 142 143 140
INF INF INF INF INF INF INF INF INF INF INF INF INF INF INF INF INF INF INF INF INF INF INF INF INF INF INF INF INF INF INF INF INF INF INF INF INF INF INF INF INF INF INF INF INF INF INF INF INF INF INF INF INF INF INF INF INF INF INF INF INF INF INF INF INF INF INF INF INF INF INF INF INF INF INF INF INF INF INF INF INF INF INF INF INF INF INF INF INF INF INF INF INF INF INF INF INF INF INF INF INF INF INF INF INF INF INF INF INF INF INF INF INF INF INF INF INF INF INF INF INF INF INF INF INF INF INF INF INF INF INF INF INF INF INF INF INF INF INF INF INF INF INF INF INF INF INF INF INF INF 0 -2 1 2 5 2 0 3 4 7 4 2 5 6 9 6 4 7 8 11 8 6 9 10 13 10 8 11 12 15 12 10 13 14 17 14 12 15 16 19 16 14 17 18 21 18 16 19 20 23 20 18 21 22 25 22 20 23 24 27 24 22 25 26 29 26 24 27 28 31 28 26 29 30 33 30 28 31 32 35 32 30 33 34 37 34 32 35 36 39 36 34 37 38 41 38 36 39 40 43 40 38 41 42 45 42 40 43 44 47 44 42 45 46 49 46 44 47 48 51 48 46 49 50 53 50 48 51 52 55 52 50 53 54 57 54 52 55 56 59 56 54 57 58 61 58 56 59 60 63 60 58 61 62 65 62 60 63 64 67 64 62 65 66 69 66 64 67 68 71 68 66 69 70 73 70 68 71 72 75 72 70 73 74 77 74 72 75 76 79 76 74 77 78 81 78 76 79 80 83 80 78 81 82 85 82 80 83 84 87 84 82 85 86 89 86 84 87 88 91 88 86 89 90 93 90 88 91 92 95 92 90 93 94 97 94 92 95 96 99 96 94 97 98 101 98 96 99 100 103 100 98 101 102 105 102 100 103 104 107 104 102 105 106 109 106 104 107 108 111 108 106 109 110 113 110 108 111 112 115 112 110 113 114 117 114 112 115 116 119 116 114 117 118 121 118 116 119 120 123 120 118 121 122 125 122 120 123 124 127 124 122 125 126 129 126 124 127 128 131 128 126 129 130 133 130 128 131 132 135 132 130 133 134 137 134 132 135 136 139 136 134 137 138 141 138 136 139 140 143
INF INF INF INF INF INF INF INF INF INF INF INF INF INF INF INF INF INF INF INF INF INF INF INF INF INF INF INF INF INF INF INF INF INF INF INF INF INF INF INF INF INF INF INF INF INF INF INF INF INF INF INF INF INF INF INF INF INF INF INF INF INF INF INF INF INF INF INF INF INF INF INF INF INF INF INF INF INF INF INF INF INF INF INF INF INF INF INF INF INF INF INF INF INF INF INF INF INF INF INF INF INF INF INF INF INF INF INF INF INF INF INF INF INF INF INF INF INF INF INF INF INF INF INF INF INF INF INF INF INF INF INF INF INF INF INF INF INF INF INF INF INF INF INF INF INF INF INF INF INF INF 0 3 4 7 8 2 5 6 9 10 4 7 8 11 12 6 9 10 13 14 8 11 12 15 16 10 13 14 17 18 12 15 16 19 20 14 17 18 21 22 16 19 20 23 24 18 21 22 25 26 20 23 24 27 28 22 25 26 29 30 24 27 28 31 32 26 29 30 33 34 28 31 32 35 36 30 33 34 37 38 32 35 36 39 40 34 37 38 41 42 36 39 40 43 44 38 41 42 45 46 40 43 44 47 48 42 45 46 49 50 44 47 48 51 52 46 49 50 53 54 48 51 52 55 56 50 53 54 57 58 52 55 56 59 60 54 57 58 61 62 56 59 60 63 64 58 61 62 65 66 60 63 64 67 68 62 65 66 69 70 64 67 68 71 72 66 69 70 73 74 68 71 72 75 76 70 73 74 77 78 72 75 76 79 80 74 77 78 81 82 76 79 80 83 84 78 81 82 85 86 80 83 84 87 88 82 85 86 89 90 84 87 88 91 92 86 89 90 93 94 88 91 92 95 96 90 93 94 97 98 92 95 96 99 100 94 97 98 101 102 96 99 100 103 104 98 101 102 105 106 100 103 104 107 108 102 105 106 109 110 104 107 108 111 112 106 109 110 113 114 108 111 112 115 116 110 113 114 117 118 112 115 116 119 120 114 117 118 121 122 116 119 120 123 124 118 121 122 125 126 120 123 124 127 128 122 125 126 129 130 124 127 128 131 132 126 129 130 133 134 128 131 132 135 136 130 133 134 137 138 132 135 136 139 140 134 137 138 141 142 136 139 140 143 144 138 141 142 145
INF INF INF INF INF INF INF INF INF INF INF INF INF INF INF INF INF INF INF INF INF INF INF INF INF INF INF INF INF INF INF INF INF INF INF INF INF INF INF INF INF INF INF INF INF INF INF INF INF INF INF INF INF INF INF INF INF INF INF INF INF INF INF INF INF INF INF INF INF INF INF INF INF INF INF INF INF INF INF INF INF INF INF INF INF INF INF INF INF INF INF INF INF INF INF INF INF INF INF INF INF INF INF INF INF INF INF INF INF INF INF INF INF INF INF INF INF INF INF INF INF INF INF INF INF INF INF INF INF INF INF INF INF INF INF INF INF INF INF INF INF INF INF INF INF INF INF INF INF INF INF INF 0 3 4 7 5 2 5 6 9 7 4 7 8 11 9 6 9 10 13 11 8 11 12 15 13 10 13 14 17 15 12 15 16 19 17 14 17 18 21 19 16 19 20 23 21 18 21 22 25 23 20 23 24 27 25 22 25 26 29 27 24 27 28 31 29 26 29 30 33 31 28 31 32 35 33 30 33 34 37 35 32 35 36 39 37 34 37 38 41 39 36 39 40 43 41 38 41 42 45 43 40 43 44 47 45 42 45 46 49 47 44 47 48 51 49 46 49 50 53 51 48 51 52 55 53 50 53 54 57 55 52 55 56 59 57 54 57 58 61 59 56 59 60 63 61 58 61 62 65 63 60 63 64 67 65 62 65 66 69 67 64 67 68 71 69 66 69 70 73 71 68 71 72 75 73 70 73 74 77 75 72 75 76 79 77 74 77 78 81 79 76 79 80 83 81 78 81 82 85 83 80 83 84 87 85 82 85 86 89 87 84 87 88 91 89 86 89 90 93 91 88 91 92 95 93 90 93 94 97 95 92 95 96 99 97 94 97 98 101 99 96 99 100 103 101 98 101 102 105 103 100 103 104 107 105 102 105 106 109 107 104 107 108 111 109 106 109 110 113 111 108 111 112 115 113 110 113 114 117 115 112 115 116 119 117 114 117 118 121 119 116 119 120 123 121 118 121 122 125 123 120 123 124 127 125 122 125 126 129 127 124 127 128 131 129 126 129 130 133 131 128 131 132 135 133 130 133 134 137 135 132 135 136 139 137 134 137 138 141 139 136 139 140 143 141 138 141 142
INF INF INF INF INF INF INF INF INF INF INF INF INF INF INF INF INF INF INF INF INF INF INF INF INF INF INF INF INF INF INF INF INF INF INF INF INF INF INF INF INF INF INF INF INF INF INF INF INF INF INF INF INF INF INF INF INF INF INF INF INF INF INF INF INF INF INF INF INF INF INF INF INF INF INF INF INF INF INF INF INF INF INF INF INF INF INF INF INF INF INF INF INF INF INF INF INF INF INF INF INF INF INF INF INF INF INF INF INF INF INF INF INF INF INF INF INF INF INF INF INF INF INF INF INF INF INF INF INF INF INF INF INF INF INF INF INF INF INF INF INF INF INF INF INF INF INF INF INF INF INF INF INF 0 3 4 2 5 2 5 6 4 7 4 7 8 6 9 6 9 10 8 11 8 11 12 10 13 10 13 14 12 15 12 15 16 14 17 14 17 18 16 19 16 19 20 18 21 18 21 22 20 23 20 23 24 22 25 22 25 26 24 27 24 27 28 26 29 26 29 30 28 31 28 31 32 30 33 30 33 34 32 35 32 35 36 34 37 34 37 38 36 39 36 39 40 38 41 38 41 42 40 43 40 43 44 42 45 42 45 46 44 47 44 47 48 46 49 46 49 50 48 51 48 51 52 50 53 50 53 54 52 55 52 55 56 54 57 54 57 58 56 59 56 59 60 58 61 58 61 62 60 63 60 63 64 62 65 62 65 66 64 67 64 67 68 66 69 66 69 70 68 71 68 71 72 70 73 70 73 74 72 75 72 75 76 74 77 74 77 78 76 79 76 79 80 78 81 78 81 82 80 83 80 83 84 82 85 82 85 86 84 87 84 87 88 86 89 86 89 90 88 91 88 91 92 90 93 90 93 94 92 95 92 95 96 94 97 94 97 98 96 99 96 99 100 98 101 98 101 102 100 103 100 103 104 102 105 102 105 106 104 107 104 107 108 106 109 106 109 110 108 111 108 111 112 110 113 110 113 114 112 115 112 115 116 114 117 114 117 118 116 119 116 119 120 118 121 118 121 122 120 123 120 123 124 122 125 122 125 126 124 127 124 127 128 126 129 126 129 130 128 131 128 131 132 130 133 130 133 134 132 135 132 135 136 134 137 134 137 138 136 139 136 139 140 138 141 138 141
INF INF INF INF INF INF INF INF INF INF INF INF INF INF INF INF INF INF INF INF INF INF INF INF INF INF INF INF INF INF INF INF INF INF INF INF INF INF INF INF INF INF INF INF INF INF INF INF INF INF INF INF INF INF INF INF INF INF INF INF INF INF INF INF INF INF INF INF INF INF INF INF INF INF INF INF INF INF INF INF INF INF INF INF INF INF INF INF INF INF INF INF INF INF INF INF INF INF INF INF INF INF INF INF INF INF INF INF INF INF INF INF INF INF INF INF INF INF INF INF INF INF INF INF INF INF INF INF INF INF INF INF INF INF INF INF INF INF INF INF INF INF INF INF INF INF INF INF INF INF INF INF INF INF 0 3 1 4 5 2 5 3 6 7 4 7 5 8 9 6 9 7 10 11 8 11 9 12 13 10 13 11 14 15 12 15 13 16 17 14 17 15 18 19 16 19 17 20 21 18 21 19 22 23 20 23 21 24 25 22 25 23 26 27 24 27 25 28 29 26 29 27 30 31 28 31 29 32 33 30 33 31 34 35 32 35 33 36 37 34 37 35 38 39 36 39 37 40 41 38 41 39 42 43 40 43 41 44 45 42 45 43 46 47 44 47 45 48 49 46 49 47 50 51 48 51 49 52 53 50 53 51 54 55 52 55 53 56 57 54 57 55 58 59 56 59 57 60 61 58 61 59 62 63 60 63 61 64 65 62 65 63 66 67 64 67 65 68 69 66 69 67 70 71 68 71 69 72 73 70 73 71 74 75 72 75 73 76 77 74 77 75 78 79 76 79 77 80 81 78 81 79 82 83 80 83 81 84 85 82 85 83 86 87 84 87 85 88 89 86 89 87 90 91 88 91 89 92 93 90 93 91 94 95 92 95 93 96 97 94 97 95 98 99 96 99 97 100 101 98 101 99 102 103 100 103 101 104 105 102 105 103 106 107 104 107 105 108 109 106 109 107 110 111 108 111 109 112 113 110 113 111 114 115 112 115 113 116 117 114 117 115 118 119 116 119 117 120 121 118 121 119 122 123 120 123 121 124 125 122 125 123 126 127 124 127 125 128 129 126 129 127 130 131 128 131 129 132 133 130 133 131 134 135 132 135 133 136 137 134 137 135 138 139 136 139 137 140 141 138
INF INF INF INF INF INF INF INF INF INF INF INF INF INF INF INF INF INF INF INF INF INF INF INF INF INF INF INF INF INF INF INF INF INF INF INF INF INF INF INF INF INF INF INF INF INF INF INF INF INF INF INF INF INF INF INF INF INF INF INF INF INF INF INF INF INF INF INF INF INF INF INF INF INF INF INF INF INF INF INF INF INF INF INF INF INF INF INF INF INF INF INF INF INF INF INF INF INF INF INF INF INF INF INF INF INF INF INF INF INF INF INF INF INF INF INF INF INF INF INF INF INF INF INF INF INF INF INF INF INF INF INF INF INF INF INF INF INF INF INF INF INF INF INF INF INF INF INF INF INF INF INF INF INF INF 0 -2 1 2 5 2 0 3 4 7 4 2 5 6 9 6 4 7 8 11 8 6 9 10 13 10 8 11 12 15 12 10 13 14 17 14 12 15 16 19 16 14 17 18 21 18 16 19 20 23 20 18 21 22 25 22 20 23 24 27 24 22 25 26 29 26 24 27 28 31 28 26 29 30 33 30 28 31 32 35 32 30 33 34 37 34 32 35 36 39 36 34 37 38 41 38 36 39 40 43 40 38 41 42 45 42 40 43 44 47 44 42 45 46 49 46 44 47 48 51 48 46 49 50 53 50 48 51 52 55 52 50 53 54 57 54 52 55 56 59 56 54 57 58 61 58 56 59 60 63 60 58 61 62 65 62 60 63 64 67 64 62 65 66 69 66 64 67 68 71 68 66 69 70 73 70 68 71 72 75 72 70 73 74 77 74 72 75 76 79 76 74 77 78 81 78 76 79 80 83 80 78 81 82 85 82 80 83 84 87 84 82 85 86 89 86 84 87 88 91 88 86 89 90 93 90 88 91 92 95 92 90 93 94 97 94 92 95 96 99 96 94 97 98 101 98 96 99 100 103 100 98 101 102 105 102 100 103 104 107 104 102 105 106 109 106 104 107 108 111 108 106 109 110 113 110 108 111 112 115 112 110 113 114 117 114 112 115 116 119 116 114 117 118 121 118 116 119 120 123 120 118 121 122 125 122 120 123 124 127 124 122 125 126 129 126 124 127 128 131 128 126 129 130 133 130 128 131 132 135 132 130 133 134 137 134 132 135 136 139 136 134 137 138 141
INF INF INF INF INF INF INF INF INF INF INF INF INF INF INF INF INF INF INF INF INF INF INF INF INF INF INF INF INF INF INF INF INF INF INF INF INF INF INF INF INF INF INF INF INF INF INF INF INF INF INF INF INF INF INF INF INF INF INF INF INF INF INF INF INF INF INF INF INF INF INF INF INF INF INF INF INF INF INF INF INF INF INF INF INF INF INF INF INF INF INF INF INF INF INF INF INF INF INF INF INF INF INF INF INF INF INF INF INF INF INF INF INF INF INF INF INF INF INF INF INF INF INF INF INF INF INF INF INF INF INF INF INF INF INF INF INF INF INF INF INF INF INF INF INF INF INF INF INF INF INF INF INF INF INF INF 0 3 4 7 8 2 5 6 9 10 4 7 8 11 12 6 9 10 13 14 8 11 12 15 16 10 13 14 17 18 12 15 16 19 20 14 17 18 21 22 16 19 20 23 24 18 21 22 25 26 20 23 24 27 28 22 25 26 29 30 24 27 28 31 32 26 29 30 33 34 28 31 32 35 36 30 33 34 37 38 32 35 36 39 40 34 37 38 41 42 36 39 40 43 44 38 41 42 45 46 40 43 44 47 48 42 45 46 49 50 44 47 48 51 52 46 49 50 53 54 48 51 52 55 56 50 53 54 57 58 52 55 56 59 60 54 57 58 61 62 56 59 60 63 64 58 61 62 65 66 60 63 64 67 68 62 65 66 69 70 64 67 68 71 72 66 69 70 73 74 68 71 72 75 76 70 73 74 77 78 72 75 76 79 80 74 77 78 81 82 76 79 80 83 84 78 81 82 85 86 80 83 84 87 88 82 85 86 89 90 84 87 88 91 92 86 89 90 93 94 88 91 92 95 96 90 93 94 97 98 92 95 96 99 100 94 97 98 101 102 96 99 100 103 104 98 101 102 105 106 100 103 104 107 108 102 105 106 109 110 104 107 108 111 112 106 109 110 113 114 108 111 112 115 116 110 113 114 117 118 112 115 116 119 120 114 117 118 121 122 116 119 120 123 124 118 121 122 125 126 120 123 124 127 128 122 125 126 129 130 124 127 128 131 132 126 129 130 133 134 128 131 132 135 136 130 133 134 137 138 132 135 136 139 140 134 137 138 141 142 136 139 140 143
INF INF INF INF INF INF INF INF INF INF INF INF INF INF INF INF INF INF INF INF INF INF INF INF INF INF INF INF INF INF INF INF INF INF INF INF INF INF INF INF INF INF INF INF INF INF INF INF INF INF INF INF INF INF INF INF INF INF INF INF INF INF INF INF INF INF INF INF INF INF INF INF INF INF INF INF INF INF INF INF INF INF INF INF INF INF INF INF INF INF INF INF INF INF INF INF INF INF INF INF INF INF INF INF INF INF INF INF INF INF INF INF INF INF INF INF INF INF INF INF INF INF INF INF INF INF INF INF INF INF INF INF INF INF INF INF INF INF INF INF INF INF INF INF INF INF INF INF INF INF INF INF INF INF INF INF INF 0 3 4 7 5 2 5 6 9 7 4 7 8 11 9 6 9 10 13 11 8 11 12 15 13 10 13 14 17 15 12 15 16 19 17 14 17 18 21 19 16 19 20 23 21 18 21 22 25 23 20 23 24 27 25 22 25 26 29 27 24 27 28 31 29 26 29 30 33 31 28 31 32 35 33 30 33 34 37 35 32 35 36 39 37 34 37 38 41 39 36 39 40 43 41 38 41 42 45 43 40 43 44 47 45 42 45 46 49 47 44 47 48 51 49 46 49 50 53 51 48 51 52 55 53 50 53 54 57 55 52 55 56 59 57 54 57 58 61 59 56 59 60 63 61 58 61 62 65 63 60 63 64 67 65 62 65 66 69 67 64 67 68 71 69 66 69 70 73 71 68 71 72 75 73 70 73 74 77 75 72 75 76 79 77 74 77 78 81 79 76 79 80 83 81 78 81 82 85 83 80 83 84 87 85 82 85 86 89 87 84 87 88 91 89 86 89 90 93 91 88 91 92 95 93 90 93 94 97 95 92 95 96 99 97 94 97 98 101 99 96 99 100 103 101 98 101 102 105 103 100 103 104 107 105 102 105 106 109 107 104 107 108 111 109 106 109 110 113 111 108 111 112 115 113 110 113 114 117 115 112 115 116 119 117 114 117 118 121 119 116 119 120 123 121 118 121 122 125 123 120 123 124 127 125 122 125 126 129 127 124 127 128 131 129 126 129 130 133 131 128 131 132 135 133 130 133 134 137 135 132 135 136 139 137 134 137 138 141 139 136 139 140
INF INF INF INF INF INF INF INF INF INF INF INF INF INF INF INF INF INF INF INF INF INF INF INF INF INF INF INF INF INF INF INF INF INF INF INF INF INF INF INF INF INF INF INF INF INF INF INF INF INF INF INF INF INF INF INF INF INF INF INF INF INF INF INF INF INF INF INF INF INF INF INF INF INF INF INF INF INF INF INF INF INF INF INF INF INF INF INF INF INF INF INF INF INF INF INF INF INF INF INF INF INF INF INF INF INF INF INF INF INF INF INF INF INF INF INF INF INF INF INF INF INF INF INF INF INF INF INF INF INF INF INF INF INF INF INF INF INF INF INF INF INF INF INF INF INF INF INF INF INF INF INF INF INF INF INF INF INF 0 3 4 2 5 2 5 6 4 7 4 7 8 6 9 6 9 10 8 11 8 11 12 10 13 10 13 14 12 15 12 15 16 14 17 14 17 18 16 19 16 19 20 18 21 18 21 22 20 23 20 23 24 22 25 22 25 26 24 27 24 27 28 26 29 26 29 30 28 31 28 31 32 30 33 30 33 34 32 35 32 35 36 34 37 34 37 38 36 39 36 39 40 38 41 38 41 42 40 43 40 43 44 42 45 42 45 46 44 47 44 47 48 46 49 46 49 50 48 51 48 51 52 50 53 50 53 54 52 55 52 55 56 54 57 54 57 58 56 59 56 59 60 58 61 58 61 62 60 63 60 63 64 62 65 62 65 66 64 67 64 67 68 66 69 66 69 70 68 71 68 71 72 70 73 70 73 74 72 75 72 75 76 74 77 74 77 78 76 79 76 79 80 78 81 78 81 82 80 83 80 83 84 82 85 82 85 86 84 87 84 87 88 86 89 86 89 90 88 91 88 91 92 90 93 90 93 94 92 95 92 95 96 94 97 94 97 98 96 99 96 99 100 98 101 98 101 102 100 103 100 103 104 102 105 102 105 106 104 107 104 107 108 106 109 106 109 110 108 111 108 111 112 110 113 110 113 114 112 115 112 115 116 114 117 114 117 118 116 119 116 119 120 118 121 118 121 122 120 123 120 123 124 122 125 122 125 126 124 127 124 127 128 126 129 126 129 130 128 131 128 131 132 130 133 130 133 134 132 135 132 135 136 134 137 134 137 138 136 139 136 139
INF INF INF INF INF INF INF INF INF INF INF INF INF INF INF INF INF INF INF INF INF INF INF INF INF INF INF INF INF INF INF INF INF INF INF INF INF INF INF INF INF INF INF INF INF INF INF INF INF INF INF INF INF INF INF INF INF INF INF INF INF INF INF INF INF INF INF INF INF INF INF INF INF INF INF INF INF INF INF INF INF INF INF INF INF INF INF INF INF INF INF INF INF INF INF INF INF INF INF INF INF INF INF INF INF INF INF INF INF INF INF INF INF INF INF INF INF INF INF INF INF INF INF INF INF INF INF INF INF INF INF INF INF INF INF INF INF INF INF INF INF INF INF INF INF INF INF INF INF INF INF INF INF INF INF INF INF INF INF 0 3 1 4 5 2 5 3 6 7 4 7 5 8 9 6 9 7 10 11 8 11 9 12 13 10 13 11 14 15 12 15 13 16 17 14 17 15 18 19 16 19 17 20 21 18 21 19 22 23 20 23 21 24 25 22 25 23 26 27 24 27 25 28 29 26 29 27 30 31 28 31 29 32 33 30 33 31 34 35 32 35 33 36 37 34 37 35 38 39 36 39 37 40 41 38 41 39 42 43 40 43 41 44 45 42 45 43 46 47 44 47 45 48 49 46 49 47 50 51 48 51 49 52 53 50 53 51 54 55 52 55 53 56 57 54 57 55 58 59 56 59 57 60 61 58 61 59 62 63 60 63 61 64 65 62 65 63 66 67 64 67 65 68 69 66 69 67 70 71 68 71 69 72 73 70 73 71 74 75 72 75 73 76 77 74 77 75 78 79 76 79 77 80 81 78 81 79 82 83 80 83 81 84 85 82 85 83 86 87 84 87 85 88 89 86 89 87 90 91 88 91 89 92 93 90 93 91 94 95 92 95 93 96 97 94 97 95 98 99 96 99 97 100 101 98 101 99 102 103 100 103 101 104 105 102 105 103 106 107 104 107 105 108 109 106 109 107 110 111 108 111 109 112 113 110 113 111 114 115 112 115 113 116 117 114 117 115 118 119 116 119 117 120 121 118 121 119 122 123 120 123 121 124 125 122 125 123 126 127 124 127 125 128 129 126 129 127 130 131 128 131 129 132 133 130 133 131 134 135 132 135 133 136 137 134 137 135 138 139 136
INF INF INF INF INF INF INF INF INF INF INF INF INF INF INF INF INF INF INF INF INF INF INF INF INF INF INF INF INF INF INF INF INF INF INF INF INF INF INF INF INF INF INF INF INF INF INF INF INF INF INF INF INF INF INF INF INF INF INF INF INF INF INF INF INF INF INF INF INF INF INF INF INF INF INF INF INF INF INF INF INF INF INF INF INF INF INF INF INF INF INF INF INF INF INF INF INF INF INF INF INF INF INF INF INF INF INF INF INF INF INF INF INF INF INF INF INF INF INF INF INF INF INF INF INF INF INF INF INF INF INF INF INF INF INF INF INF INF INF INF INF INF INF INF INF INF INF INF INF INF INF INF INF INF INF INF INF INF INF INF 0 -2 1 2 5 2 0 3 4 7 4 2 5 6 9 6 4 7 8 11 8 6 9 10 13 10 8 11 12 15 12 10 13 14 17 14 12 15 16 19 16 14 17 18 21 18 16 19 20 23 20 18 21 22 25 22 20 23 24 27 24 22 25 26 29 26 24 27 28 31 28 26 29 30 33 30 28 31 32 35 32 30 33 34 37 34 32 35 36 39 36 34 37 38 41 38 36 39 40 43 40 38 41 42 45 42 40 43 44 47 44 42 45 46 49 46 44 47 48 51 48 46 49 50 53 50 48 51 52 55 52 50 53 54 57 54 52 55 56 59 56 54 57 58 61 58 56 59 60 63 60 58 61 62 65 62 60 63 64 67 64 62 65 66 69 66 64 67 68 71 68 66 69 70 73 70 68 71 72 75 72 70 73 74 77 74 72 75 76 79 76 74 77 78 81 78 76 79 80 83 80 78 81 82 85 82 80 83 84 87 84 82 85 86 89 86 84 87 88 91 88 86 89 90 93 90 88 91 92 95 92 90 93 94 97 94 92 95 96 99 96 94 97 98 101 98 96 99 100 103 100 98 101 102 105 102 100 103 104 107 104 102 105 106 109 106 104 107 108 111 108 106 109 110 113 110 108 111 112 115 112 110 113 114 117 114 112 115 116 119 116 114 117 118 121 118 116 119 120 123 120 118 121 122 125 122 120 123 124 127 124 122 125 126 129 126 124 127 128 131 128 126 129 130 133 130 128 131 132 135 132 130 133 134 137 134 132 135 136 139
INF INF INF INF INF INF INF INF INF INF INF INF INF INF INF INF INF INF INF INF INF INF INF INF INF INF INF INF INF INF INF INF INF INF INF INF INF INF INF INF INF INF INF INF INF INF INF INF INF INF INF INF INF INF INF INF INF INF INF INF INF INF INF INF INF INF INF INF INF INF INF INF INF INF INF INF INF INF INF INF INF INF INF INF INF INF INF INF INF INF INF INF INF INF INF INF INF INF INF INF INF INF INF INF INF INF INF INF INF INF INF INF INF INF INF INF INF INF INF INF INF INF INF INF INF INF INF INF INF INF INF INF INF INF INF INF INF INF INF INF INF INF INF INF INF INF INF INF INF INF INF INF INF INF INF INF INF INF INF INF INF 0 3 4 7 8 2 5 6 9 10 4 7 8 11 12 6 9 10 13 14 8 11 12 15 16 10 13 14 17 18 12 15 16 19 20 14 17 18 21 22 16 19 20 23 24 18 21 22 25 26 20 23 24 27 28 22 25 26 29 30 24 27 28 31 32 26 29 30 33 34 28 31 32 35 36 30 33 34 37 38 32 35 36 39 40 34 37 38 41 42 36 39 40 43 44 38 41 42 45 46 40 43 44 47 48 42 45 46 49 50 44 47 48 51 52 46 49 50 53 54 48 51 52 55 56 50 53 54 57 58 52 55 56 59 60 54 57 58 61 62 56 59 60 63 64 58 61 62 65 66 60 63 64 67 68 62 65 66 69 70 64 67 68 71 72 66 69 70 73 74 68 71 72 75 76 70 73 74 77 78 72 75 76 79 80 74 77 78 81 82 76 79 80 83 84 78 81 82 85 86 80 83 84 87 88 82 85 86 89 90 84 87 88 91 92 86 89 90 93 94 88 91 92 95 96 90 93 94 97 98 92 95 96 99 100 94 97 98 101 102 96 99 100 103 104 98 101 102 105 106 100 103 104 107 108 102 105 106 109 110 104 107 108 111 112 106 109 110 113 114 108 111 112 115 116 110 113 114 117 118 112 115 116 119 120 114 117 118 121 122 116 119 120 123 124 118 121 122 125 126 120 123 124 127 128 122 125 126 129 130 124 127 128 131 132 126 129 130 133 134 128 131 132 135 136 130 133 134 137 138 132 135 136 139 140 134 137 138 141
INF INF INF INF INF INF INF INF INF INF INF INF INF INF INF INF INF INF INF INF INF INF INF INF INF INF INF INF INF INF INF INF INF INF INF INF INF INF INF INF INF INF INF INF INF INF INF INF INF INF INF INF INF INF INF INF INF INF INF INF INF INF INF INF INF INF INF INF INF INF INF INF INF INF INF INF INF INF INF INF INF INF INF INF INF INF INF INF INF INF INF INF INF INF INF INF INF INF INF INF INF INF INF INF INF INF INF INF INF INF INF INF INF INF INF INF INF INF INF INF INF INF INF INF INF INF INF INF INF INF INF INF INF INF INF INF INF INF INF INF INF INF INF INF INF INF INF INF INF INF INF INF INF INF INF INF INF INF INF INF INF INF 0 3 4 7 5 2 5 6 9 7 4 7 8 11 9 6 9 10 13 11 8 11 12 15 13 10 13 14 17 15 12 15 16 19 17 14 17 18 21 19 16 19 20 23 21 18 21 22 25 23 20 23 24 27 25 22 25 26 29 27 24 27 28 31 29 26 29 30 33 31 28 31 32 35 33 30 33 34 37 35 32 35 36 39 37 34 37 38 41 39 36 39 40 43 41 38 41 42 45 43 40 43 44 47 45 42 45 46 49 47 44 47 48 51 49 46 49 50 53 51 48 51 52 55 53 50 53 54 57 55 52 55 56 59 57 54 57 58 61 59 56 59 60 63 61 58 61 62 65 63 60 63 64 67 65 62 65 66 69 67 64 67 68 71 69 66 69 70 73 71 68 71 72 75 73 70 73 74 77 75 72 75 76 79 77 74 77 78 81 79 76 79 80 83 81 78 81 82 85 83 80 83 84 87 85 82 85 86 89 87 84 87 88 91 89 86 89 90 93 91 88 91 92 95 93 90 93 94 97 95 92 95 96 99 97 94 97 98 101 99 96 99 100 103 101 98 101 102 105 103 100 103 104 107 105 102 105 106 109 107 104 107 108 111 109 106 109 110 113 111 108 111 112 115 113 110 113 114 117 115 112 115 116 119 117 114 117 118 121 119 116 119 120 123 121 118 121 122 125 123 120 123 124 127 125 122 125 126 129 127 124 127 128 131 129 126 129 130 133 131 128 131 132 135 133 130 133 134 137 135 132 135 136 139 137 134 137 138
INF INF INF INF INF INF INF INF INF INF INF INF INF INF INF INF INF INF INF INF INF INF INF INF INF INF INF INF INF INF INF INF INF INF INF INF INF INF INF INF INF INF INF INF INF INF INF INF INF INF INF INF INF INF INF INF INF INF INF INF INF INF INF INF INF INF INF INF INF INF INF INF INF INF INF INF INF INF INF INF INF INF INF INF INF INF INF INF INF INF INF INF INF INF INF INF INF INF INF INF INF INF INF INF INF INF INF INF INF INF INF INF INF INF INF INF INF INF INF INF INF INF INF INF INF INF INF INF INF INF INF INF INF INF INF INF INF INF INF INF INF INF INF INF INF INF INF INF INF INF INF INF INF INF INF INF INF INF INF INF INF INF INF 0 3 4 2 5 2 5 6 4 7 4 7 8 6 9 6 9 10 8 11 8 11 12 10 13 10 13 14 12 15 12 15 16 14 17 14 17 18 16 19 16 19 20 18 21 18 21 22 20 23 20 23 24 22 25 22 25 26 24 27 24 27 28 26 29 26 29 30 28 31 28 31 32 30 33 30 33 34 32 35 32 35 36 34 37 34 37 38 36 39 36 39 40 38 41 38 41 42 40 43 40 43 44 42 45 42 45 46 44 47 44 47 48 46 49 46 49 50 48 51 48 51 52 50 53 50 53 54 52 55 52 55 56 54 57 54 57 58 56 59 56 59 60 58 61 58 61 62 60 63 60 63 64 62 65 62 65 66 64 67 64 67 68 66 69 66 69 70 68 71 68 71 72 70 73 70 73 74 72 75 72 75 76 74 77 74 77 78 76 79 76 79 80 78 81 78 81 82 80 83 80 83 84 82 85 82 85 86 84 87 84 87 88 86 89 86 89 90 88 91 88 91 92 90 93 90 93 94 92 95 92 95 96 94 97 94 97 98 96 99 96 99 100 98 101 98 101 102 100 103 100 103 104 102 105 102 105 106 104 107 104 107 108 106 109 106 109 110 108 111 108 111 112 110 113 110 113 114 112 115 112 115 116 114 117 114 117 118 116 119 116 119 120 118 121 118 121 122 120 123 120 123 124 122 125 122 125 126 124 127 124 127 128 126 129 126 129 130 128 131 128 131 132 130 133 130 133 134 132 135 132 135 136 134 137 134 137
INF INF INF INF INF INF INF INF INF INF INF INF INF INF INF INF INF INF INF INF INF INF INF INF INF INF INF INF INF INF INF INF INF INF INF INF INF INF INF INF INF INF INF INF INF INF INF INF INF INF INF INF INF INF INF INF INF INF INF INF INF INF INF INF INF INF INF INF INF INF INF INF INF INF INF INF INF INF INF INF INF INF INF INF INF INF INF INF INF INF INF INF INF INF INF INF INF INF INF INF INF INF INF INF INF INF INF INF INF INF INF INF INF INF INF INF INF INF INF INF INF INF INF INF INF INF INF INF INF INF INF INF INF INF INF INF INF INF INF INF INF INF INF INF INF INF INF INF INF INF INF INF INF INF INF INF INF INF INF INF INF INF INF INF 0 3 1 4 5 2 5 3 6 7 4 7 5 8 9 6 9 7 10 11 8 11 9 12 13 10 13 11 14 15 12 15 13 16 17 14 17 15 18 19 16 19 17 20 21 18 21 19 22 23 20 23 21 24 25 22 25 23 26 27 24 27 25 28 29 26 29 27 30 31 28 31 29 32 33 30 33 31 34 35 32 35 33 36 37 34 37 35 38 39 36 39 37 40 41 38 41 39 42 43 40 43 41 44 45 42 45 43 46 47 44 47 45 48 49 46 49 47 50 51 48 51 49 52 53 50 53 51 54 55 52 55 53 56 57 54 57 55 58 59 56 59 57 60 61 58 61 59 62 63 60 63 61 64 65 62 65 63 66 67 64 67 65 68 69 66 69 67 70 71 68 71 69 72 73 70 73 71 74 75 72 75 73 76 77 74 77 75 78 79 76 79 77 80 81 78 81 79 82 83 80 83 81 84 85 82 85 83 86 87 84 87 85 88 89 86 89 87 90 91 88 91 89 92 93 90 93 91 94 95 92 95 93 96 97 94 97 95 98 99 96 99 97 100 101 98 101 99 102 103 100 103 101 104 105 102 105 103 106 107 104 107 105 108 109 106 109 107 110 111 108 111 109 112 113 110 113 111 114 115 112 115 113 116 117 114 117 115 118 119 116 119 117 120 121 118 121 119 122 123 120 123 121 124 125 122 125 123 126 127 124 127 125 128 129 126 129 127 130 131 128 131 129 132 133 130 133 131 134 135 132 135 133 136 137 134
INF INF INF INF INF INF INF INF INF INF INF INF INF INF INF INF INF INF INF INF INF INF INF INF INF INF INF INF INF INF INF INF INF INF INF INF INF INF INF INF INF INF INF INF INF INF INF INF INF INF INF INF INF INF INF INF INF INF INF INF INF INF INF INF INF INF INF INF INF INF INF INF INF INF INF INF INF INF INF INF INF INF INF INF INF INF INF INF INF INF INF INF INF INF INF INF INF INF INF INF INF INF INF INF INF INF INF INF INF INF INF INF INF INF INF INF INF INF INF INF INF INF INF INF INF INF INF INF INF INF INF INF INF INF INF INF INF INF INF INF INF INF INF INF INF INF INF INF INF INF INF INF INF INF INF INF INF INF INF INF INF INF INF INF INF 0 -2 1 2 5 2 0 3 4 7 4 2 5 6 9 6 4 7 8 11 8 6 9 10 13 10 8 11 12 15 12 10 13 14 17 14 12 15 16 19 16 14 17 18 21 18 16 19 20 23 20 18 21 22 25 22 20 23 24 27 24 22 25 26 29 26 24 27 28 31 28 26 29 30 33 30 28 31 32 35 32 30 33 34 37 34 32 35 36 39 36 34 37 38 41 38 36 39 40 43 40 38 41 42 45 42 40 43 44 47 44 42 45 46 49 46 44 47 48 51 48 46 49 50 53 50 48 51 52 55 52 50 53 54 57 54 52 55 56 59 56 54 57 58 61 58 56 59 60 63 60 58 61 62 65 62 60 63 64 67 64 62 65 66 69 66 64 67 68 71 68 66 69 70 73 70 68 71 72 75 72 70 73 74 77 74 72 75 76 79 76 74 77 78 81 78 76 79 80 83 80 78 81 82 85 82 80 83 84 87 84 82 85 86 89 86 84 87 88 91 88 86 89 90 93 90 88 91 92 95 92 90 93 94 97 94 92 95 96 99 96 94 97 98 101 98 96 99 100 103 100 98 101 102 105 102 100 103 104 107 104 102 105 106 109 106 104 107 108 111 108 106 109 110 113 110 108 111 112 115 112 110 113 114 117 114 112 115 116 119 116 114 117 118 121 118 116 119 120 123 120 118 121 122 125 122 120 123 124 127 124 122 125 126 129 126 124 127 128 131 128 126 129 130 133 130 128 131 132 135 132 130 133 134 137
INF INF INF INF INF INF INF INF INF INF INF INF INF INF INF INF INF INF INF INF INF INF INF INF INF INF INF INF INF INF INF INF INF INF INF INF INF INF INF INF INF INF INF INF INF INF INF INF INF INF INF INF INF INF INF INF INF INF INF INF INF INF INF INF INF INF INF INF INF INF INF INF INF INF INF INF INF INF INF INF INF INF INF INF INF INF INF INF INF INF INF INF INF INF INF INF INF INF INF INF INF INF INF INF INF INF INF INF INF INF INF INF INF INF INF INF INF INF INF INF INF INF INF INF INF INF INF INF INF INF INF INF INF INF INF INF INF INF INF INF INF INF INF INF INF INF INF INF INF INF INF INF INF INF INF INF INF INF INF INF INF INF INF INF INF INF 0 3 4 7 8 2 5 6 9 10 4 7 8 11 12 6 9 10 13 14 8 11 12 15 16 10 13 14 17 18 12 15 16 19 20 14 17 18 21 22 16 19 20 23 24 18 21 22 25 26 20 23 24 27 28 22 25 26 29 30 24 27 28 31 32 26 29 30 33 34 28 31 32 35 36 30 33 34 37 38 32 35 36 39 40 34 37 38 41 42 36 39 40 43 44 38 41 42 45 46 40 43 44 47 48 42 45 46 49 50 44 47 48 51 52 46 49 50 53 54 48 51 52 55 56 50 53 54 57 58 52 55 56 59 60 54 57 58 61 62 56 59 60 63 64 58 61 62 65 66 60 63 64 67 68 62 65 66 69 70 64 67 68 71 72 66 69 70 73 74 68 71 72 75 76 70 73 74 77 78 72 75 76 79 80 74 77 78 81 82 76 79 80 83 84 78 81 82 85 86 80 83 84 87 88 82 85 86 89 90 84 87 88 91 92 86 89 90 93 94 88 91 92 95 96 90 93 94 97 98 92 95 96 99 100 94 97 98 101 102 96 99 100 103 104 98 101 102 105 106 100 103 104 107 108 102 105 106 109 110 104 107 108 111 112 106 109 110 113 114 108 111 112 115 116 110 113 114 117 118 112 115 116 119 120 114 117 118 121 122 116 119 120 123 124 118 121 122 125 126 120 123 124 127 128 122 125 126 129 130 124 127 128 131 132 126 129 130 133 134 128 131 132 135 136 130 133 134 137 138 132 135 136 139
INF INF INF INF INF INF INF INF INF INF INF INF INF INF INF INF INF INF INF INF INF INF INF INF INF INF INF INF INF INF INF INF INF INF INF INF INF INF INF INF INF INF INF INF INF INF INF INF INF INF INF INF INF INF INF INF INF INF INF INF INF INF INF INF INF INF INF INF INF INF INF INF INF INF INF INF INF INF INF INF INF INF INF INF INF INF INF INF INF INF INF INF INF INF INF INF INF INF INF INF INF INF INF INF INF INF INF INF INF INF INF INF INF INF INF INF INF INF INF INF INF INF INF INF INF INF INF INF INF INF INF INF INF INF INF INF INF INF INF INF INF INF INF INF INF INF INF INF INF INF INF INF INF INF INF INF INF INF INF INF INF INF INF INF INF INF INF 0 3 4 7 5 2 5 6 9 7 4 7 8 11 9 6 9 10 13 11 8 11 12 15 13 10 13 14 17 15 12 15 16 19 17 14 17 18 21 19 16 19 20 23 21 18 21 22 25 23 20 23 24 27 25 22 25 26 29 27 24 27 28 31 29 26 29 30 33 31 28 31 32 35 33 30 33 34 37 35 32 35 36 39 37 34 37 38 41 39 36 39 40 43 41 38 41 42 45 43 40 43 44 47 45 42 45 46 49 47 44 47 48 51 49 46 49 50 53 51 48 51 52 55 53 50 53 54 57 55 52 55 56 59 57 54 57 58 61 59 56 59 60 63 61 58 61 62 65 63 60 63 64 67 65 62 65 66 69 67 64 67 68 71 69 66 69 70 73 71 68 71 72 75 73 70 73 74 77 75 72 75 76 79 77 74 77 78 81 79 76 79 80 83 81 78 81 82 85 83 80 83 84 87 85 82 85 86 89 87 84 87 88 91 89 86 89 90 93 91 88 91 92 95 93 90 93 94 97 95 92 95 96 99 97 94 97 98 101 99 96 99 100 103 101 98 101 102 105 103 100 103 104 107 105 102 105 106 109 107 104 107 108 111 109 106 109 110 113 111 108 111 112 115 113 110 113 114 117 115 112 115 116 119 117 114 117 118 121 119 116 119 120 123 121 118 121 122 125 123 120 123 124 127 125 122 125 126 129 127 124 127 128 131 129 126 129 130 133 131 128 131 132 135 133 130 133 134 137 135 132 135 136
INF INF INF INF INF INF INF INF INF INF INF INF INF INF INF INF INF INF INF INF INF INF INF INF INF INF INF INF INF INF INF INF INF INF INF INF INF INF INF INF INF INF INF INF INF INF INF INF INF INF INF INF INF INF INF INF INF INF INF INF INF INF INF INF INF INF INF INF INF INF INF INF INF INF INF INF INF INF INF INF INF INF INF INF INF INF INF INF INF INF INF INF INF INF INF INF INF INF INF INF INF INF INF INF INF INF INF INF INF INF INF INF INF INF INF INF INF INF INF INF INF INF INF INF INF INF INF INF INF INF INF INF INF INF INF INF INF INF INF INF INF INF INF INF INF INF INF INF INF INF INF INF INF INF INF INF INF INF INF INF INF INF INF INF INF INF INF INF 0 3 4 2 5 2 5 6 4 7 4 7 8 6 9 6 9 10 8 11 8 11 12 10 13 10 13 14 12 15 12 15 16 14 17 14 17 18 16 19 16 19 20 18 21 18 21 22 20 23 20 23 24 22 25 22 25 26 24 27 24 27 28 26 29 26 29 30 28 31 28 31 32 30 33 30 33 34 32 35 32 35 36 34 37 34 37 38 36 39 36 39 40 38 41 38 41 42 40 43 40 43 44 42 45 42 45 46 44 47 44 47 48 46 49 46 49 50 48 51 48 51 52 50 53 50 53 54 52 55 52 55 56 54 57 54 57 58 56 59 56 59 60 58 61 58 61 62 60 63 60 63 64 62 65 62 65 66 64 67 64 67 68 66 69 66 69 70 68 71 68 71 72 70 73 70 73 74 72 75 72 75 76 74 77 74 77 78 76 79 76 79 80 78 81 78 81 82 80 83 80 83 84 82 85 82 85 86 84 87 84 87 88 86 89 86 89 90 88 91 88 91 92 90 93 90 93 94 92 95 92 95 96 94 97 94 97 98 96 99 96 99 100 98 101 98 101 102 100 103 100 103 104 102 105 102 105 106 104 107 104 107 108 106 109 106 109 110 108 111 108 111 112 110 113 110 113 114 112 115 112 115 116 114 117 114 117 118 116 119 116 119 120 118 121 118 121 122 120 123 120 123 124 122 125 122 125 126 124 127 124 127 128 126 129 126 129 130 128 131 128 131 132 130 133 130 133 134 132 135 132 135
INF INF INF INF INF INF INF INF INF INF INF INF INF INF INF INF INF INF INF INF INF INF INF INF INF INF INF INF INF INF INF INF INF INF INF INF INF INF INF INF INF INF INF INF INF INF INF INF INF INF INF INF INF INF INF INF INF INF INF INF INF INF INF INF INF INF INF INF INF INF INF INF INF INF INF INF INF INF INF INF INF INF INF INF INF INF INF INF INF INF INF INF INF INF INF INF INF INF INF INF INF INF INF INF INF INF INF INF INF INF INF INF INF INF INF INF INF INF INF INF INF INF INF INF INF INF INF INF INF INF INF INF INF INF INF INF INF INF INF INF INF INF INF INF INF INF INF INF INF INF INF INF INF INF INF INF INF INF INF INF INF INF INF INF INF INF INF INF INF 0 3 1 4 5 2 5 3 6 7 4 7 5 8 9 6 9 7 10 11 8 11 9 12 13 10 13 11 14 15 12 15 13 16 17 14 17 15 18 19 16 19 17 20 21 18 21 19 22 23 20 23 21 24 25 22 25 23 26 27 24 27 25 28 29 26 29 27 30 31 28 31 29 32 33 30 33 31 34 35 32 35 33 36 37 34 37 35 38 39 36 39 37 40 41 38 41 39 42 43 40 43 41 44 45 42 45 43 46 47 44 47 45 48 49 46 49 47 50 51 48 51 49 52 53 50 53 51 54 55 52 55 53 56 57 54 57 55 58 59 56 59 57 60 61 58 61 59 62 63 60 63 61 64 65 62 65 63 66 67 64 67 65 68 69 66 69 67 70 71 68 71 69 72 73 70 73 71 74 75 72 75 73 76 77 74 77 75 78 79 76 79 77 80 81 78 81 79 82 83 80 83 81 84 85 82 85 83 86 87 84 87 85 88 89 86 89 87 90 91 88 91 89 92 93 90 93 91 94 95 92 95 93 96 97 94 97 95 98 99 96 99 97 100 101 98 101 99 102 103 100 103 101 104 105 102 105 103 106 107 104 107 105 108 109 106 109 107 110 111 108 111 109 112 113 110 113 111 114 115 112 115 113 116 117 114 117 115 118 119 116 119 117 120 121 118 121 119 122 123 120 123 121 124 125 122 125 123 126 127 124 127 125 128 129 126 129 127 130 131 128 131 129 132 133 130 133 131 134 135 132
INF INF INF INF INF INF INF INF INF INF INF INF INF INF INF INF INF INF INF INF INF INF INF INF INF INF INF INF INF INF INF INF INF INF INF INF INF INF INF INF INF INF INF INF INF INF INF INF INF INF INF INF INF INF INF INF INF INF INF INF INF INF INF INF INF INF INF INF INF INF INF INF INF INF INF INF INF INF INF INF INF INF INF INF INF INF INF INF INF INF INF INF INF INF INF INF INF INF INF INF INF INF INF INF INF INF INF INF INF INF INF INF INF INF INF INF INF INF INF INF INF INF INF INF INF INF INF INF INF INF INF INF INF INF INF INF INF INF INF INF INF INF INF INF INF INF INF INF INF INF INF INF INF INF INF INF INF INF INF INF INF INF INF INF INF INF INF INF INF INF 0 -2 1 2 5 2 0 3 4 7 4 2 5 6 9 6 4 7 8 11 8 6 9 10 13 10 8 11 12 15 12 10 13 14 17 14 12 15 16 19 16 14 17 18 21 18 16 19 20 23 20 18 21 22 25 22 20 23 24 27 24 22 25 26 29 26 24 27 28 31 28 26 29 30 33 30 28 31 32 35 32 30 33 34 37 34 32 35 36 39 36 34 37 38 41 38 36 39 40 43 40 38 41 42 45 42 40 43 44 47 44 42 45 46 49 46 44 47 48 51 48 46 49 50 53 50 48 51 52 55 52 50 53 54 57 54 52 55 56 59 56 54 57 58 61 58 56 59 60 63 60 58 61 62 65 62 60 63 64 67 64 62 65 66 69 66 64 67 68 71 68 66 69 70 73 70 68 71 72 75 72 70 73 74 77 74 72 75 76 79 76 74 77 78 81 78 76 79 80 83 80 78 81 82 85 82 80 83 84 87 84 82 85 86 89 86 84 87 88 91 88 86 89 90 93 90 88 91 92 95 92 90 93 94 97 94 92 95 96 99 96 94 97 98 101 98 96 99 100 103 100 98 101 102 105 102 100 103 104 107 104 102 105 106 109 106 104 107 108 111 108 106 109 110 113 110 108 111 112 115 112 110 113 114 117 114 112 115 116 119 116 114 117 118 121 118 116 119 120 123 120 118 121 122 125 122 120 123 124 127 124 122 125 126 129 126 124 127 128 131 128 126 129 130 133 130 128 131 132 135
INF INF INF INF INF INF INF INF INF INF INF INF INF INF INF INF INF INF INF INF INF INF INF INF INF INF INF INF INF INF INF INF INF INF INF INF INF INF INF INF INF INF INF INF INF INF INF INF INF INF INF INF INF INF INF INF INF INF INF INF INF INF INF INF INF INF INF INF INF INF INF INF INF INF INF INF INF INF INF INF INF INF INF INF INF INF INF INF INF INF INF INF INF INF INF INF INF INF INF INF INF INF INF INF INF INF INF INF INF INF INF INF INF INF INF INF INF INF INF INF INF INF INF INF INF INF INF INF INF INF INF INF INF INF INF INF INF INF INF INF INF INF INF INF INF INF INF INF INF INF INF INF INF INF INF INF INF INF INF INF INF INF INF INF INF INF INF INF INF INF INF 0 3 4 7 8 2 5 6 9 10 4 7 8 11 12 6 9 10 13 14 8 11 12 15 16 10 13 14 17 18 12 15 16 19 20 14 17 18 21 22 16 19 20 23 24 18 21 22 25 26 20 23 24 27 28 22 25 26 29 30 24 27 28 31 32 26 29 30 33 34 28 31 32 35 36 30 33 34 37 38 32 35 36 39 40 34 37 38 41 42 36 39 40 43 44 38 41 42 45 46 40 43 44 47 48 42 45 46 49 50 44 47 48 51 52 46 49 50 53 54 48 51 52 55 56 50 53 54 57 58 52 55 56 59 60 54 57 58 61 62 56 59 60 63 64 58 61 62 65 66 60 63 64 67 68 62 65 66 69 70 64 67 68 71 72 66 69 70 73 74 68 71 72 75 76 70 73 74 77 78 72 75 76 79 80 74 77 78 81 82 76 79 80 83 84 78 81 82 85 86 80 83 84 87 88 82 85 86 89 90 84 87 88 91 92 86 89 90 93 94 88 91 92 95 96 90 93 94 97 98 92 95 96 99 100 94 97 98 101 102 96 99 100 103 104 98 101 102 105 106 100 103 104 107 108 102 105 106 109 110 104 107 108 111 112 106 109 110 113 114 108 111 112 115 116 110 113 114 117 118 112 115 116 119 120 114 117 118 121 122 116 119 120 123 124 118 121 122 125 126 120 123 124 127 128 122 125 126 129 130 124 127 128 131 132 126 129 130 133 134 128 131 132 135 136 130 133 134 137
INF INF INF INF INF INF INF INF INF INF INF INF INF INF INF INF INF INF INF INF INF INF INF INF INF INF INF INF INF INF INF INF INF INF INF INF INF INF INF INF INF INF INF INF INF INF INF INF INF INF INF INF INF INF INF INF INF INF INF INF INF INF INF INF INF INF INF INF INF INF INF INF INF INF INF INF INF INF INF INF INF INF INF INF INF INF INF INF INF INF INF INF INF INF INF INF INF INF INF INF INF INF INF INF INF INF INF INF INF INF INF INF INF INF INF INF INF INF INF INF INF INF INF INF INF INF INF INF INF INF INF INF INF INF INF INF INF INF INF INF INF INF INF INF INF INF INF INF INF INF INF INF INF INF INF INF INF INF INF INF INF INF INF INF INF INF INF INF INF INF INF INF 0 3 4 7 5 2 5 6 9 7 4 7 8 11 9 6 9 10 13 11 8 11 12 15 13 10 13 14 17 15 12 15 16 19 17 14 17 18 21 19 16 19 20 23 21 18 21 22 25 23 20 23 24 27 25 22 25 26 29 27 24 27 28 31 29 26 29 30 33 31 28 31 32 35 33 30 33 34 37 35 32 35 36 39 37 34 37 38 41 39 36 39 40 43 41 38 41 42 45 43 40 43 44 47 45 42 45 46 49 47 44 47 48 51 49 46 49 50 53 51 48 51 52 55 53 50 53 54 57 55 52 55 56 59 57 54 57 58 61 59 56 59 60 63 61 58 61 62 65 63 60 63 64 67 65 62 65 66 69 67 64 67 68 71 69 66 69 70 73 71 68 71 72 75 73 70 73 74 77 75 72 75 76 79 77 74 77 78 81 79 76 79 80 83 81 78 81 82 85 83 80 83 84 87 85 82 85 86 89 87 84 87 88 91 89 86 89 90 93 91 88 91 92 95 93 90 93 94 97 95 92 95 96 99 97 94 97 98 101 99 96 99 100 103 101 98 101 102 105 103 100 103 104 107 105 102 105 106 109 107 104 107 108 111 109 106 109 110 113 111 108 111 112 115 113 110 113 114 117 115 112 115 116 119 117 114 117 118 121 119 116 119 120 123 121 118 121 122 125 123 120 123 124 127 125 122 125 126 129 127 124 127 128 131 129 126 129 130 133 131 128 131 132 135 133 130 133 134
INF INF INF INF INF INF INF INF INF INF INF INF INF INF INF INF INF INF INF INF INF INF INF INF INF INF INF INF INF INF INF INF INF INF INF INF INF INF INF INF INF INF INF INF INF INF INF INF INF INF INF INF INF INF INF INF INF INF INF INF INF INF INF INF INF INF INF INF INF INF INF INF INF INF INF INF INF INF INF INF INF INF INF INF INF INF INF INF INF INF INF INF INF INF INF INF INF INF INF INF INF INF INF INF INF INF INF INF INF INF INF INF INF INF INF INF INF INF INF INF INF INF INF INF INF INF INF INF INF INF INF INF INF INF INF INF INF INF INF INF INF INF INF INF INF INF INF INF INF INF INF INF INF INF INF INF INF INF INF INF INF INF INF INF INF INF INF INF INF INF INF INF INF 0 3 4 2 5 2 5 6 4 7 4 7 8 6 9 6 9 10 8 11 8 11 12 10 13 10 13 14 12 15 12 15 16 14 17 14 17 18 16 19 16 19 20 18 21 18 21 22 20 23 20 23 24 22 25 22 25 26 24 27 24 27 28 26 29 26 29 30 28 31 28 31 32 30 33 30 33 34 32 35 32 35 36 34 37 34 37 38 36 39 36 39 40 38 41 38 41 42 40 43 40 43 44 42 45 42 45 46 44 47 44 47 48 46 49 46 49 50 48 51 48 51 52 50 53 50 53 54 52 55 52 55 56 54 57 54 57 58 56 59 56 59 60 58 61 58 61 62 60 63 60 63 64 62 65 62 65 66 64 67 64 67 68 66 69 66 69 70 68 71 68 71 72 70 73 70 73 74 72 75 72 75 76 74 77 74 77 78 76 79 76 79 80 78 81 78 81 82 80 83 80 83 84 82 85 82 85 86 84 87 84 87 88 86 89 86 89 90 88 91 88 91 92 90 93 90 93 94 92 95 92 95 96 94 97 94 97 98 96 99 96 99 100 98 101 98 101 102 100 103 100 103 104 102 105 102 105 106 104 107 104 107 108 106 109 106 109 110 108 111 108 111 112 110 113 110 113 114 112 115 112 115 116 114 117 114 117 118 116 119 116 119 120 118 121 118 121 122 120 123 120 123 124 122 125 122 125 126 124 127 124 127 128 126 129 126 129 130 128 131 128 131 132 130 133 130 133
INF INF INF INF INF INF INF INF INF INF INF INF INF INF INF INF INF INF INF INF INF INF INF INF INF INF INF INF INF INF INF INF INF INF INF INF INF INF INF INF INF INF INF INF INF INF INF INF INF INF INF INF INF INF INF INF INF INF INF INF INF INF INF INF INF INF INF INF INF INF INF INF INF INF INF INF INF INF INF INF INF INF INF INF INF INF INF INF INF INF INF INF INF INF INF INF INF INF INF INF INF INF INF INF INF INF INF INF INF INF INF INF INF INF INF INF INF INF INF INF INF INF INF INF INF INF INF INF INF INF INF INF INF INF INF INF INF INF INF INF INF INF INF INF INF INF INF INF INF INF INF INF INF INF INF INF INF INF INF INF INF INF INF INF INF INF INF INF INF INF INF INF INF INF 0 3 1 4 5 2 5 3 6 7 4 7 5 8 9 6 9 7 10 11 8 11 9 12 13 10 13 11 14 15 12 15 13 16 17 14 17 15 18 19 16 19 17 20 21 18 21 19 22 23 20 23 21 24 25 22 25 23 26 27 24 27 25 28 29 26 29 27 30 31 28 31 29 32 33 30 33 31 34 35 32 35 33 36 37 34 37 35 38 39 36 39 37 40 41 38 41 39 42 43 40 43 41 44 45 42 45 43 46 47 44 47 45 48 49 46 49 47 50 51 48 51 49 52 53 50 53 51 54 55 52 55 53 56 57 54 57 55 58 59 56 59 57 60 61 58 61 59 62 63 60 63 61 64 65 62 65 63 66 67 64 67 65 68 69 66 69 67 70 71 68 71 69 72 73 70 73 71 74 75 72 75 73 76 77 74 77 75 78 79 76 79 77 80 81 78 81 79 82 83 80 83 81 84 85 82 85 83 86 87 84 87 85 88 89 86 89 87 90 91 88 91 89 92 93 90 93 91 94 95 92 95 93 96 97 94 97 95 98 99 96 99 97 100 101 98 101 99 102 103 100 103 101 104 105 102 105 103 106 107 104 107 105 108 109 106 109 107 110 111 108 111 109 112 113 110 113 111 114 115 112 115 113 116 117 114 117 115 118 119 116 119 117 120 121 118 121 119 122 123 120 123 121 124 125 122 125 123 126 127 124 127 125 128 129 126 129 127 130 131 128 131 129 132 133 130
INF INF INF INF INF INF INF INF INF INF INF INF INF INF INF INF INF INF INF INF INF INF INF INF INF INF INF INF INF INF INF INF INF INF INF INF INF INF INF INF INF INF INF INF INF INF INF INF INF INF INF INF INF INF INF INF INF INF INF INF INF INF INF INF INF INF INF INF INF INF INF INF INF INF INF INF INF INF INF INF INF INF INF INF INF INF INF INF INF INF INF INF INF INF INF INF INF INF INF INF INF INF INF INF INF INF INF INF INF INF INF INF INF INF INF INF INF INF INF INF INF INF INF INF INF INF INF INF INF INF INF INF INF INF INF INF INF INF INF INF INF INF INF INF INF INF INF INF INF INF INF INF INF INF INF INF INF INF INF INF INF INF INF INF INF INF INF INF INF INF INF INF INF INF INF 0 -2 1 2 5 2 0 3 4 7 4 2 5 6 9 6 4 7 8 11 8 6 9 10 13 10 8 11 12 15 12 10 13 14 17 14 12 15 16 19 16 14 17 18 21 18 16 19 20 23 20 18 21 22 25 22 20 23 24 27 24 22 25 26 29 26 24 27 28 31 28 26 29 30 33 30 28 31 32 35 32 30 33 34 37 34 32 35 36 39 36 34 37 38 41 38 36 39 40 43 40 38 41 42 45 42 40 43 44 47 44 42 45 46 49 46 44 47 48 51 48 46 49 50 53 50 48 51 52 55 52 50 53 54 57 54 52 55 56 59 56 54 57 58 61 58 56 59 60 63 60 58 61 62 65 62 60 63 64 67 64 62 65 66 69 66 64 67 68 71 68 66 69 70 73 70 68 71 72 75 72 70 73 74 77 74 72 75 76 79 76 74 77 78 81 78 76 79 80 83 80 78 81 82 85 82 80 83 84 87 84 82 85 86 89 86 84 87 88 91 88 86 89 90 93 90 88 91 92 95 92 90 93 94 97 94 92 95 96 99 96 94 97 98 101 98 96 99 100 103 100 98 101 102 105 102 100 103 104 107 104 102 105 106 109 106 104 107 108 111 108 106 109 110 113 110 108 111 112 115 112 110 113 114 117 114 112 115 116 119 116 114 117 118 121 118 116 119 120 123 120 118 121 122 125 122 120 123 124 127 124 122 125 126 129 126 124 127 128 131 128 126 129 130 133
INF INF INF INF INF INF INF INF INF INF INF INF INF INF INF INF INF INF INF INF INF INF INF INF INF INF INF INF INF INF INF INF INF INF INF INF INF INF INF INF INF INF INF INF INF INF INF INF INF INF INF INF INF INF INF INF INF INF INF INF INF INF INF INF INF INF INF INF INF INF INF INF INF INF INF INF INF INF INF INF INF INF INF INF INF INF INF INF INF INF INF INF INF INF INF INF INF INF INF INF INF INF INF INF INF INF INF INF INF INF INF INF INF INF INF INF INF INF INF INF INF INF INF INF INF INF INF INF INF INF INF INF INF INF INF INF INF INF INF INF INF INF INF INF INF INF INF INF INF INF INF INF INF INF INF INF INF INF INF INF INF INF INF INF INF INF INF INF INF INF INF INF INF INF INF INF 0 3 4 7 8 2 5 6 9 10 4 7 8 11 12 6 9 10 13 14 8 11 12 15 16 10 13 14 17 18 12 15 16 19 20 14 17 18 21 22 16 19 20 23 24 18 21 22 25 26 20 23 24 27 28 22 25 26 29 30 24 27 28 31 32 26 29 30 33 34 28 31 32 35 36 30 33 34 37 38 32 35 36 39 40 34 37 38 41 42 36 39 40 43 44 38 41 42 45 46 40 43 44 47 48 42 45 46 49 50 44 47 48 51 52 46 49 50 53 54 48 51 52 55 56 50 53 54 57 58 52 55 56 59 60 54 57 58 61 62 56 59 60 63 64 58 61 62 65 66 60 63 64 67 68 62 65 66 69 70 64 67 68 71 72 66 69 70 73 74 68 71 72 75 76 70 73 74 77 78 72 75 76 79 80 74 77 78 81 82 76 79 80 83 84 78 81 82 85 86 80 83 84 87 88 82 85 86 89 90 84 87 88 91 92 86 89 90 93 94 88 91 92 95 96 90 93 94 97 98 92 95 96 99 100 94 97 98 101 102 96 99 100 103 104 98 101 102 105 106 100 103 104 107 108 102 105 106 109 110 104 107 108 111 112 106 109 110 113 114 108 111 112 115 116 110 113 114 117 118 112 115 116 119 120 114 117 118 121 122 116 119 120 123 124 118 121 122 125 126 120 123 124 127 128 122 125 126 129 130 124 127 128 131 132 126 129 130 133 134 128 131 132 135
INF INF INF INF INF INF INF INF INF INF INF INF INF INF INF INF INF INF INF INF INF INF INF INF INF INF INF INF INF INF INF INF INF INF INF INF INF INF INF INF INF INF INF INF INF INF INF INF INF INF INF INF INF INF INF INF INF INF INF INF INF INF INF INF INF INF INF INF INF INF INF INF INF INF INF INF INF INF INF INF INF INF INF INF INF INF INF INF INF INF INF INF INF INF INF INF INF INF INF INF INF INF INF INF INF INF INF INF INF INF INF INF INF INF INF INF INF INF INF INF INF INF INF INF INF INF INF INF INF INF INF INF INF INF INF INF INF INF INF INF INF INF INF INF INF INF INF INF INF INF INF INF INF INF INF INF INF INF INF INF INF INF INF INF INF INF INF INF INF INF INF INF INF INF INF INF INF 0 3 4 7 5 2 5 6 9 7 4 7 8 11 9 6 9 10 13 11 8 11 12 15 13 10 13 14 17 15 12 15 16 19 17 14 17 18 21 19 16 19 20 23 21 18 21 22 25 23 20 23 24 27 25 22 25 26 29 27 24 27 28 31 29 26 29 30 33 31 28 31 32 35 33 30 33 34 37 35 32 35 36 39 37 34 37 38 41 39 36 39 40 43 41 38 41 42 45 43 40 43 44 47 45 42 45 46 49 47 44 47 48 51 49 46 49 50 53 51 48 51 52 55 53 50 53 54 57 55 52 55 56 59 57 54 57 58 61 59 56 59 60 63 61 58 61 62 65 63 60 63 64 67 65 62 65 66 69 67 64 67 68 71 69 66 69 70 73 71 68 71 72 75 73 70 73 74 77 75 72 75 76 79 77 74 77 78 81 79 76 79 80 83 81 78 81 82 85 83 80 83 84 87 85 82 85 86 89 87 84 87 88 91 89 86 89 90 93 91 88 91 92 95 93 90 93 94 97 95 92 95 96 99 97 94 97 98 101 99 96 99 100 103 101 98 101 102 105 103 100 103 104 107 105 102 105 106 109 107 104 107 108 111 109 106 109 110 113 111 108 111 112 115 113 110 113 114 117 115 112 115 116 119 117 114 117 118 121 119 116 119 120 123 121 118 121 122 125 123 120 123 124 127 125 122 125 126 129 127 124 127 128 131 129 126 129 130 133 131 128 131 132
INF INF INF INF INF INF INF INF INF INF INF INF INF INF INF INF INF INF INF INF INF INF INF INF INF INF INF INF INF INF INF INF INF INF INF INF INF INF INF INF INF INF INF INF INF INF INF INF INF INF INF INF INF INF INF INF INF INF INF INF INF INF INF INF INF INF INF INF INF INF INF INF INF INF INF INF INF INF INF INF INF INF INF INF INF INF INF INF INF INF INF INF INF INF INF INF INF INF INF INF INF INF INF INF INF INF INF INF INF INF INF INF INF INF INF INF INF INF INF INF INF INF INF INF INF INF INF INF INF INF INF INF INF INF INF INF INF INF INF INF INF INF INF INF INF INF INF INF INF INF INF INF INF INF INF INF INF INF INF INF INF INF INF INF INF INF INF INF INF INF INF INF INF INF INF INF INF INF 0 3 4 2 5 2 5 6 4 7 4 7 8 6 9 6 9 10 8 11 8 11 12 10 13 10 13 14 12 15 12 15 16 14 17 14 17 18 16 19 16 19 20 18 21 18 21 22 20 23 20 23 24 22 25 22 25 26 24 27 24 27 28 26 29 26 29 30 28 31 28 31 32 30 33 30 33 34 32 35 32 35 36 34 37 34 37 38 36 39 36 39 40 38 41 38 41 42 40 43 40 43 44 42 45 42 45 46 44 47 44 47 48 46 49 46 49 50 48 51 48 51 52 50 53 50 53 54 52 55 52 55 56 54 57 54 57 58 56 59 56 59 60 58 61 58 61 62 60 63 60 63 64 62 65 62 65 66 64 67 64 67 68 66 69 66 69 70 68 71 68 71 72 70 73 70 73 74 72 75 72 75 76 74 77 74 77 78 76 79 76 79 80 78 81 78 81 82 80 83 80 83 84 82 85 82 85 86 84 87 84 87 88 86 89 86 89 90 88 91 88 91 92 90 93 90 93 94 92 95 92 95 96 94 97 94 97 98 96 99 96 99 100 98 101 98 101 102 100 103 100 103 104 102 105 102 105 106 104 107 104 107 108 106 109 106 109 110 108 111 108 111 112 110 113 110 113 114 112 115 112 115 116 114 117 114 117 118 116 119 116 119 120 118 121 118 121 122 120 123 120 123 124 122 125 122 125 126 124 127 124 127 128 126 129 126 129 130 128 131 128 131
INF INF INF INF INF INF INF INF INF INF INF INF INF INF INF INF INF INF INF INF INF INF INF INF INF INF INF INF INF INF INF INF INF INF INF INF INF INF INF INF INF INF INF INF INF INF INF INF INF INF INF INF INF INF INF INF INF INF INF INF INF INF INF INF INF INF INF INF INF INF INF INF INF INF INF INF INF INF INF INF INF INF INF INF INF INF INF INF INF INF INF INF INF INF INF INF INF INF INF INF INF INF INF INF INF INF INF INF INF INF INF INF INF INF INF INF INF INF INF INF INF INF INF INF INF INF INF INF INF INF INF INF INF INF INF INF INF INF INF INF INF INF INF INF INF INF INF INF INF INF INF INF INF INF INF INF INF INF INF INF INF INF INF INF INF INF INF INF INF INF INF INF INF INF INF INF INF INF INF 0 3 1 4 5 2 5 3 6 7 4 7 5 8 9 6 9 7 10 11 8 11 9 12 13 10 13 11 14 15 12 15 13 16 17 14 17 15 18 19 16 19 17 20 21 18 21 19 22 23 20 23 21 24 25 22 25 23 26 27 24 27 25 28 29 26 29 27 30 31 28 31 29 32 33 30 33 31 34 35 32 35 33 36 37 34 37 35 38 39 36 39 37 40 41 38 41 39 42 43 40 43 41 44 45 42 45 43 46 47 44 47 45 48 49 46 49 47 50 51 48 51 49 52 53 50 53 51 54 55 52 55 53 56 57 54 57 55 58 59 56 59 57 60 61 58 61 59 62 63 60 63 61 64 65 62 65 63 66 67 64 67 65 68 69 66 69 67 70 71 68 71 69 72 73 70 73 71 74 75 72 75 73 76 77 74 77 75 78 79 76 79 77 80 81 78 81 79 82 83 80 83 81 84 85 82 85 83 86 87 84 87 85 88 89 86 89 87 90 91 88 91 89 92 93 90 93 91 94 95 92 95 93 96 97 94 97 95 98 99 96 99 97 100 101 98 101 99 102 103 100 103 101 104 105 102 105 103 106 107 104 107 105 108 109 106 109 107 110 111 108 111 109 112 113 110 113 111 114 115 112 115 113 116 117 114 117 115 118 119 116 119 117 120 121 118 121 119 122 123 120 123 121 124 125 122 125 123 126 127 124 127 125 128 129 126 129 127 130 131 128
INF INF INF INF INF INF INF INF INF INF INF INF INF INF INF INF INF INF INF INF INF INF INF INF INF INF INF INF INF INF INF INF INF INF INF INF INF INF INF INF INF INF INF INF INF INF INF INF INF INF INF INF INF INF INF INF INF INF INF INF INF INF INF INF INF INF INF INF INF INF INF INF INF INF INF INF INF INF INF INF INF INF INF INF INF INF INF INF INF INF INF INF INF INF INF INF INF INF INF INF INF INF INF INF INF INF INF INF INF INF INF INF INF INF INF INF INF INF INF INF INF INF INF INF INF INF INF INF INF INF INF INF INF INF INF INF INF INF INF INF INF INF INF INF INF INF INF INF INF INF INF INF INF INF INF INF INF INF INF INF INF INF INF INF INF INF INF INF INF INF INF INF INF INF INF INF INF INF INF INF 0 -2 1 2 5 2 0 3 4 7 4 2 5 6 9 6 4 7 8 11 8 6 9 10 13 10 8 11 12 15 12 10 13 14 17 14 12 15 16 19 16 14 17 18 21 18 16 19 20 23 20 18 21 22 25 22 20 23 24 27 24 22 25 26 29 26 24 27 28 31 28 26 29 30 33 30 28 31 32 35 32 30 33 34 37 34 32 35 36 39 36 34 37 38 41 38 36 39 40 43 40 38 41 42 45 42 40 43 44 47 44 42 45 46 49 46 44 47 48 51 48 46 49 50 53 50 48 51 52 55 52 50 53 54 57 54 52 55 56 59 56 54 57 58 61 58 56 59 60 63 60 58 61 62 65 62 60 63 64 67 64 62 65 66 69 66 64 67 68 71 68 66 69 70 73 70 68 71 72 75 72 70 73 74 77 74 72 75 76 79 76 74 77 78 81 78 76 79 80 83 80 78 81 82 85 82 80 83 84 87 84 82 85 86 89 86 84 87 88 91 88 86 89 90 93 90 88 91 92 95 92 90 93 94 97 94 92 95 96 99 96 94 97 98 101 98 96 99 100 103 100 98 101 102 105 102 100 103 104 107 104 102 105 106 109 106 104 107 108 111 108 106 109 110 113 110 108 111 112 115 112 110 113 114 117 114 112 115 116 119 116 114 117 118 121 118 116 119 120 123 120 118 121 122 125 122 120 123 124 127 124 122 125 126 129 126 124 127 128 131
INF INF INF INF INF INF INF INF INF INF INF INF INF INF INF INF INF INF INF INF INF INF INF INF INF INF INF INF INF INF INF INF INF INF INF INF INF INF INF INF INF INF INF INF INF INF INF INF INF INF INF INF INF INF INF INF INF INF INF INF INF INF INF INF INF INF INF INF INF INF INF INF INF INF INF INF INF INF INF INF INF INF INF INF INF INF INF INF INF INF INF INF INF INF INF INF INF INF INF INF INF INF INF INF INF INF INF INF INF INF INF INF INF INF INF INF INF INF INF INF INF INF INF INF INF INF INF INF INF INF INF INF INF INF INF INF INF INF INF INF INF INF INF INF INF INF INF INF INF INF INF INF INF INF INF INF INF INF INF INF INF INF INF INF INF INF INF INF INF INF INF INF INF INF INF INF INF INF INF INF INF 0 3 4 7 8 2 5 6 9 10 4 7 8 11 12 6 9 10 13 14 8 11 12 15 16 10 13 14 17 18 12 15 16 19 20 14 17 18 21 22 16 19 20 23 24 18 21 22 25 26 20 23 24 27 28 22 25 26 29 30 24 27 28 31 32 26 29 30 33 34 28 31 32 35 36 30 33 34 37 38 32 35 36 39 40 34 37 38 41 42 36 39 40 43 44 38 41 42 45 46 40 43 44 47 48 42 45 46 49 50 44 47 48 51 52 46 49 50 53 54 48 51 52 55 56 50 53 54 57 58 52 55 56 59 60 54 57 58 61 62 56 59 60 63 64 58 61 62 65 66 60 63 64 67 68 62 65 66 69 70 64 67 68 71 72 66 69 70 73 74 68 71 72 75 76 70 73 74 77 78 72 75 76 79 80 74 77 78 81 82 76 79 80 83 84 78 81 82 85 86 80 83 84 87 88 82 85 86 89 90 84 87 88 91 92 86 89 90 93 94 88 91 92 95 96 90 93 94 97 98 92 95 96 99 100 94 97 98 101 102 96 99 100 103 104 98 101 102 105 106 100 103 104 107 108 102 105 106 109 110 104 107 108 111 112 106 109 110 113 114 108 111 112 115 116 110 113 114 117 118 112 115 116 119 120 114 117 118 121 122 116 119 120 123 124 118 121 122 125 126 120 123 124 127 128 122 125 126 129 130 124 127 128 131 132 126 129 130 133
INF INF INF INF INF INF INF INF INF INF INF INF INF INF INF INF INF INF INF INF INF INF INF INF INF INF INF INF INF INF INF INF INF INF INF INF INF INF INF INF INF INF INF INF INF INF INF INF INF INF INF INF INF INF INF INF INF INF INF INF INF INF INF INF INF INF INF INF INF INF INF INF INF INF INF INF INF INF INF INF INF INF INF INF INF INF INF INF INF INF INF INF INF INF INF INF INF INF INF INF INF INF INF INF INF INF INF INF INF INF INF INF INF INF INF INF INF INF INF INF INF INF INF INF INF INF INF INF INF INF INF INF INF INF INF INF INF INF INF INF INF INF INF INF INF INF INF INF INF INF INF INF INF INF INF INF INF INF INF INF INF INF INF INF INF INF INF INF INF INF INF INF INF INF INF INF INF INF INF INF INF INF 0 3 4 7 5 2 5 6 9 7 4 7 8 11 9 6 9 10 13 11 8 11 12 15 13 10 13 14 17 15 12 15 16 19 17 14 17 18 21 19 16 19 20 23 21 18 21 22 25 23 20 23 24 27 25 22 25 26 29 27 24 27 28 31 29 26 29 30 33 31 28 31 32 35 33 30 33 34 37 35 32 35 36 39 37 34 37 38 41 39 36 39 40 43 41 38 41 42 45 43 40 43 44 47 45 42 45 46 49 47 44 47 48 51 49 46 49 50 53 51 48 51 52 55 53 50 53 54 57 55 52 55 56 59 57 54 57 58 61 59 56 59 60 63 61 58 61 62 65 63 60 63 64 67 65 62 65 66 69 67 64 67 68 71 69 66 69 70 73 71 68 71 72 75 73 70 73 74 77 75 72 75 76 79 77 74 77 78 81 79 76 79 80 83 81 78 81 82 85 83 80 83 84 87 85 82 85 86 89 87 84 87 88 91 89 86 89 90 93 91 88 91 92 95 93 90 93 94 97 95 92 95 96 99 97 94 97 98 101 99 96 99 100 103 101 98 101 102 105 103 100 103 104 107 105 102 105 106 109 107 104 107 108 111 109 106 109 110 113 111 108 111 112 115 113 110 113 114 117 115 112 115 116 119 117 114 117 118 121 119 116 119 120 123 121 118 121 122 125 123 120 123 124 127 125 122 125 126 129 127 124 127 128 131 129 126 129 130
INF INF INF INF INF INF INF INF INF INF INF INF INF INF INF INF INF INF INF INF INF INF INF INF INF INF INF INF INF INF INF INF INF INF INF INF INF INF INF INF INF INF INF INF INF INF INF INF INF INF INF INF INF INF INF INF INF INF INF INF INF INF INF INF INF INF INF INF INF INF INF INF INF INF INF INF INF INF INF INF INF INF INF INF INF INF INF INF INF INF INF INF INF INF INF INF INF INF INF INF INF INF INF INF INF INF INF INF INF INF INF INF INF INF INF INF INF INF INF INF INF INF INF INF INF INF INF INF INF INF INF INF INF INF INF INF INF INF INF INF INF INF INF INF INF INF INF INF INF INF INF INF INF INF INF INF INF INF INF INF INF INF INF INF INF INF INF INF INF INF INF INF INF INF INF INF INF INF INF INF INF INF INF 0 3 4 2 5 2 5 6 4 7 4 7 8 6 9 6 9 10 8 11 8 11 12 10 13 10 13 14 12 15 12 15 16 14 17 14 17 18 16 19 16 19 20 18 21 18 21 22 20 23 20 23 24 22 25 22 25 26 24 27 24 27 28 26 29 26 29 30 28 31 28 31 32 30 33 30 33 34 32 35 32 35 36 34 37 34 37 38 36 39 36 39 40 38 41 38 41 42 40 43 40 43 44 42 45 42 45 46 44 47 44 47 48 46 49 46 49 50 48 51 48 51 52 50 53 50 53 54 52 55 52 55 56 54 57 54 57 58 56 59 56 59 60 58 61 58 61 62 60 63 60 63 64 62 65 62 65 66 64 67 64 67 68 66 69 66 69 70 68 71 68 71 72 70 73 70 73 74 72 75 72 75 76 74 77 74 77 78 76 79 76 79 80 78 81 78 81 82 80 83 80 83 84 82 85 82 85 86 84 87 84 87 88 86 89 86 89 90 88 91 88 91 92 90 93 90 93 94 92 95 92 95 96 94 97 94 97 98 96 99 96 99 100 98 101 98 101 102 100 103 100 103 104 102 105 102 105 106 104 107 104 107 108 106 109 106 109 110 108 111 108 111 112 110 113 110 113 114 112 115 112 115 116 114 117 114 117 118 116 119 116 119 120 118 121 118 121 122 120 123 120 123 124 122 125 122 125 126 124 127 124 127 128 126 129 126 129
INF INF INF INF INF INF INF INF INF INF INF INF INF INF INF INF INF INF INF INF INF INF INF INF INF INF INF INF INF INF INF INF INF INF INF INF INF INF INF INF INF INF INF INF INF INF INF INF INF INF INF INF INF INF INF INF INF INF INF INF INF INF INF INF INF INF INF INF INF INF INF INF INF INF INF INF INF INF INF INF INF INF INF INF INF INF INF INF INF INF INF INF INF INF INF INF INF INF INF INF INF INF INF INF INF INF INF INF INF INF INF INF INF INF INF INF INF INF INF INF INF INF INF INF INF INF INF INF INF INF INF INF INF INF INF INF INF INF INF INF INF INF INF INF INF INF INF INF INF INF INF INF INF INF INF INF INF INF INF INF INF INF INF INF INF INF INF INF INF INF INF INF INF INF INF INF INF INF INF INF INF INF INF INF 0 3 1 4 5 2 5 3 6 7 4 7 5 8 9 6 9 7 10 11 8 11 9 12 13 10 13 11 14 15 12 15 13 16 17 14 17 15 18 19 16 19 17 20 21 18 21 19 22 23 20 23 21 24 25 22 25 23 26 27 24 27 25 28 29 26 29 27 30 31 28 31 29 32 33 30 33 31 34 35 32 35 33 36 37 34 37 35 38 39 36 39 37 40 41 38 41 39 42 43 40 43 41 44 45 42 45 43 46 47 44 47 45 48 49 46 49 47 50 51 48 51 49 52 53 50 53 51 54 55 52 55 53 56 57 54 57 55 58 59 56 59 57 60 61 58 61 59 62 63 60 63 61 64 65 62 65 63 66 67 64 67 65 68 69 66 69 67 70 71 68 71 69 72 73 70 73 71 74 75 72 75 73 76 77 74 77 75 78 79 76 79 77 80 81 78 81 79 82 83 80 83 81 84 85 82 85 83 86 87 84 87 85 88 89 86 89 87 90 91 88 91 89 92 93 90 93 91 94 95 92 95 93 96 97 94 97 95 98 99 96 99 97 100 101 98 101 99 102 103 100 103 101 104 105 102 105 103 106 107 104 107 105 108 109 106 109 107 110 111 108 111 109 112 113 110 113 111 114 115 112 115 113 116 117 114 117 115 118 119 116 119 117 120 121 118 121 119 122 123 120 123 121 124 125 122 125 123 126 127 124 127 125 128 129 126
INF INF INF INF INF INF INF INF INF INF INF INF INF INF INF INF INF INF INF INF INF INF INF INF INF INF INF INF INF INF INF INF INF INF INF INF INF INF INF INF INF INF INF INF INF INF INF INF INF INF INF INF INF INF INF INF INF INF INF INF INF INF INF INF INF INF INF INF INF INF INF INF INF INF INF INF INF INF INF INF INF INF INF INF INF INF INF INF INF INF INF INF INF INF INF INF INF INF INF INF INF INF INF INF INF INF INF INF INF INF INF INF INF INF INF INF INF INF INF INF INF INF INF INF INF INF INF INF INF INF INF INF INF INF INF INF INF INF INF INF INF INF INF INF INF INF INF INF INF INF INF INF INF INF INF INF INF INF INF INF INF INF INF INF INF INF INF INF INF INF INF INF INF INF INF INF INF INF INF INF INF INF INF INF INF 0 -2 1 2 5 2 0 3 4 7 4 2 5 6 9 6 4 7 8 11 8 6 9 10 13 10 8 11 12 15 12 10 13 14 17 14 12 15 16 19 16 14 17 18 21 18 16 19 20 23 20 18 21 22 25 22 20 23 24 27 24 22 25 26 29 26 24 27 28 31 28 26 29 30 33 30 28 31 32 35 32 30 33 34 37 34 32 35 36 39 36 34 37 38 41 38 36 39 40 43 40 38 41 42 45 42 40 43 44 47 44 42 45 46 49 46 44 47 48 51 48 46 49 50 53 50 48 51 52 55 52 50 53 54 57 54 52 55 56 59 56 54 57 58 61 58 56 59 60 63 60 58 61 62 65 62 60 63 64 67 64 62 65 66 69 66 64 67 68 71 68 66 69 70 73 70 68 71 72 75 72 70 73 74 77 74 72 75 76 79 76 74 77 78 81 78 76 79 80 83 80 78 81 82 85 82 80 83 84 87 84 82 85 86 89 86 84 87 88 91 88 86 89 90 93 90 88 91 92 95 92 90 93 94 97 94 92 95 96 99 96 94 97 98 101 98 96 99 100 103 100 98 101 102 105 102 100 103 104 107 104 102 105 106 109 106 104 107 108 111 108 106 109 110 113 110 108 111 112 115 112 110 113 114 117 114 112 115 116 119 116 114 117 118 121 118 116 119 120 123 120 118 121 122 125 122 120 123 124 127 124 122 125 126 129
INF INF INF INF INF INF INF INF INF INF INF INF INF INF INF INF INF INF INF INF INF INF INF INF INF INF INF INF INF INF INF INF INF INF INF INF INF INF INF INF INF INF INF INF INF INF INF INF INF INF INF INF INF INF INF INF INF INF INF INF INF INF INF INF INF INF INF INF INF INF INF INF INF INF INF INF INF INF INF INF INF INF INF INF INF INF INF INF INF INF INF INF INF INF INF INF INF INF INF INF INF INF INF INF INF INF INF INF INF INF INF INF INF INF INF INF INF INF INF INF INF INF INF INF INF INF INF INF INF INF INF INF INF INF INF INF INF INF INF INF INF INF INF INF INF INF INF INF INF INF INF INF INF INF INF INF INF INF INF INF INF INF INF INF INF INF INF INF INF INF INF INF INF INF INF INF INF INF INF INF INF INF INF INF INF INF 0 3 4 7 8 2 5 6 9 10 4 7 8 11 12 6 9 10 13 14 8 11 12 15 16 10 13 14 17 18 12 15 16 19 20 14 17 18 21 22 16 19 20 23 24 18 21 22 25 26 20 23 24 27 28 22 25 26 29 30 24 27 28 31 32 26 29 30 33 34 28 31 32 35 36 30 33 34 37 38 32 35 36 39 40 34 37 38 41 42 36 39 40 43 44 38 41 42 45 46 40 43 44 47 48 42 45 46 49 50 44 47 48 51 52 46 49 50 53 54 48 51 52 55 56 50 53 54 57 58 52 55 56 59 60 54 57 58 61 62 56 59 60 63 64 58 61 62 65 66 60 63 64 67 68 62 65 66 69 70 64 67 68 71 72 66 69 70 73 74 68 71 72 75 76 70 73 74 77 78 72 75 76 79 80 74 77 78 81 82 76 79 80 83 84 78 81 82 85 86 80 83 84 87 88 82 85 86 89 90 84 87 88 91 92 86 89 90 93 94 88 91 92 95 96 90 93 94 97 98 92 95 96 99 100 94 97 98 101 102 96 99 100 103 104 98 101 102 105 106 100 103 104 107 108 102 105 106 109 110 104 107 108 111 112 106 109 110 113 114 108 111 112 115 116 110 113 114 117 118 112 115 116 119 120 114 117 118 121 122 116 119 120 123 124 118 121 122 125 126 120 123 124 127 128 122 125 126 129 130 124 127 128 131
INF INF INF INF INF INF INF INF INF INF INF INF INF INF INF INF INF INF INF INF INF INF INF INF INF INF INF INF INF INF INF INF INF INF INF INF INF INF INF INF INF INF INF INF INF INF INF INF INF INF INF INF INF INF INF INF INF INF INF INF INF INF INF INF INF INF INF INF INF INF INF INF INF INF INF INF INF INF INF INF INF INF INF INF INF INF INF INF INF INF INF INF INF INF INF INF INF INF INF INF INF INF INF INF INF INF INF INF INF INF INF INF INF INF INF INF INF INF INF INF INF INF INF INF INF INF INF INF INF INF INF INF INF INF INF INF INF INF INF INF INF INF INF INF INF INF INF INF INF INF INF INF INF INF INF INF INF INF INF INF INF INF INF INF INF INF INF INF INF INF INF INF INF INF INF INF INF INF INF INF INF INF INF INF INF INF INF 0 3 4 7 5 2 5 6 9 7 4 7 8 11 9 6 9 10 13 11 8 11 12 15 13 10 13 14 17 15 12 15 16 19 17 14 17 18 21 19 16 19 20 23 21 18 21 22 25 23 20 23 24 27 25 22 25 26 29 27 24 27 28 31 29 26 29 30 33 31 28 31 32 35 33 30 33 34 37 35 32 35 36 39 37 34 37 38 41 39 36 39 40 43 41 38 41 42 45 43 40 43 44 47 45 42 45 46 49 47 44 47 48 51 49 46 49 50 53 51 48 51 52 55 53 50 53 54 57 55 52 55 56 59 57 54 57 58 61 59 56 59 60 63 61 58 61 62 65 63 60 63 64 67 65 62 65 66 69 67 64 67 68 71 69 66 69 70 73 71 68 71 72 75 73 70 73 74 77 75 72 75 76 79 77 74 77 78 81 79 76 79 80 83 81 78 81 82 85 83 80 83 84 87 85 82 85 86 89 87 84 87 88 91 89 86 89 90 93 91 88 91 92 95 93 90 93 94 97 95 92 95 96 99 97 94 97 98 101 99 96 99 100 103 101 98 101 102 105 103 100 103 104 107 105 102 105 106 109 107 104 107 108 111 109 106 109 110 113 111 108 111 112 115 113 110 113 114 117 115 112 115 116 119 117 114 117 118 121 119 116 119 120 123 121 118 121 122 125 123 120 123 124 127 125 122 125 126 129 127 124 127 128
INF INF INF INF INF INF INF INF INF INF INF INF INF INF INF INF INF INF INF INF INF INF INF INF INF INF INF INF INF INF INF INF INF INF INF INF INF INF INF INF INF INF INF INF INF INF INF INF INF INF INF INF INF INF INF INF INF INF INF INF INF INF INF INF INF INF INF INF INF INF INF INF INF INF INF INF INF INF INF INF INF INF INF INF INF INF INF INF INF INF INF INF INF INF INF INF INF INF INF INF INF INF INF INF INF INF INF INF INF INF INF INF INF INF INF INF INF INF INF INF INF INF INF INF INF INF INF INF INF INF INF INF INF INF INF INF INF INF INF INF INF INF INF INF INF INF INF INF INF INF INF INF INF INF INF INF INF INF INF INF INF INF INF INF INF INF INF INF INF INF INF INF INF INF INF INF INF INF INF INF INF INF INF INF INF INF INF INF 0 3 4 2 5 2 5 6 4 7 4 7 8 6 9 6 9 10 8 11 8 11 12 10 13 10 13 14 12 15 12 15 16 14 17 14 17 18 16 19 16 19 20 18 21 18 21 22 20 23 20 23 24 22 25 22 25 26 24 27 24 27 28 26 29 26 29 30 28 31 28 31 32 30 33 30 33 34 32 35 32 35 36 34 37 34 37 38 36 39 36 39 40 38 41 38 41 42 40 43 40 43 44 42 45 42 45 46 44 47 44 47 48 46 49 46 49 50 48 51 48 51 52 50 53 50 53 54 52 55 52 55 56 54 57 54 57 58 56 59 56 59 60 58 61 58 61 62 60 63 60 63 64 62 65 62 65 66 64 67 64 67 68 66 69 66 69 70 68 71 68 71 72 70 73 70 73 74 72 75 72 75 76 74 77 74 77 78 76 79 76 79 80 78 81 78 81 82 80 83 80 83 84 82 85 82 85 86 84 87 84 87 88 86 89 86 89 90 88 91 88 91 92 90 93 90 93 94 92 95 92 95 96 94 97 94 97 98 96 99 96 99 100 98 101 98 101 102 100 103 100 103 104 102 105 102 105 106 104 107 104 107 108 106 109 106 109 110 108 111 108 111 112 110 113 110 113 114 112 115 112 115 116 114 117 114 117 118 116 119 116 119 120 118 121 118 121 122 120 123 120 123 124 122 125 122 125 126 124 127 124 127
INF INF INF INF INF INF INF INF INF INF INF INF INF INF INF INF INF INF INF INF INF INF INF INF INF INF INF INF INF INF INF INF INF INF INF INF INF INF INF INF INF INF INF INF INF INF INF INF INF INF INF INF INF INF INF INF INF INF INF INF INF INF INF INF INF INF INF INF INF INF INF INF INF INF INF INF INF INF INF INF INF INF INF INF INF INF INF INF INF INF INF INF INF INF INF INF INF INF INF INF INF INF INF INF INF INF INF INF INF INF INF INF INF INF INF INF INF INF INF INF INF INF INF INF INF INF INF INF INF INF INF INF INF INF INF INF INF INF INF INF INF INF INF INF INF INF INF INF INF INF INF INF INF INF INF INF INF INF INF INF INF INF INF INF INF INF INF INF INF INF INF INF INF INF INF INF INF INF INF INF INF INF INF INF INF INF INF INF INF 0 3 1 4 5 2 5 3 6 7 4 7 5 8 9 6 9 7 10 11 8 11 9 12 13 10 13 11 14 15 12 15 13 16 17 14 17 15 18 19 16 19 17 20 21 18 21 19 22 23 20 23 21 24 25 22 25 23 26 27 24 27 25 28 29 26 29 27 30 31 28 31 29 32 33 30 33 31 34 35 32 35 33 36 37 34 37 35 38 39 36 39 37 40 41 38 41 39 42 43 40 43 41 44 45 42 45 43 46 47 44 47 45 48 49 46 49 47 50 51 48 51 49 52 53 50 53 51 54 55 52 55 53 56 57 54 57 55 58 59 56 59 57 60 61 58 61 59 62 63 60 63 61 64 65 62 65 63 66 67 64 67 65 68 69 66 69 67 70 71 68 71 69 72 73 70 73 71 74 75 72 75 73 76 77 74 77 75 78 79 76 79 77 80 81 78 81 79 82 83 80 83 81 84 85 82 85 83 86 87 84 87 85 88 89 86 89 87 90 91 88 91 89 92 93 90 93 91 94 95 92 95 93 96 97 94 97 95 98 99 96 99 97 100 101 98 101 99 102 103 100 103 101 104 105 102 105 103 106 107 104 107 105 108 109 106 109 107 110 111 108 111 109 112 113 110 113 111 114 115 112 115 113 116 117 114 117 115 118 119 116 119 117 120 121 118 121 119 122 123 120 123 121 124 125 122 125 123 126 127 124
INF INF INF INF INF INF INF INF INF INF INF INF INF INF INF INF INF INF INF INF INF INF INF INF INF INF INF INF INF INF INF INF INF INF INF INF INF INF INF INF INF INF INF INF INF INF INF INF INF INF INF INF INF INF INF INF INF INF INF INF INF INF INF INF INF INF INF INF INF INF INF INF INF INF INF INF INF INF INF INF INF INF INF INF INF INF INF INF INF INF INF INF INF INF INF INF INF INF INF INF INF INF INF INF INF INF INF INF INF INF INF INF INF INF INF INF INF INF INF INF INF INF INF INF INF INF INF INF INF INF INF INF INF INF INF INF INF INF INF INF INF INF INF INF INF INF INF INF INF INF INF INF INF INF INF INF INF INF INF INF INF INF INF INF INF INF INF INF INF INF INF INF INF INF INF INF INF INF INF INF INF INF INF INF INF INF INF INF INF INF 0 -2 1 2 5 2 0 3 4 7 4 2 5 6 9 6 4 7 8 11 8 6 9 10 13 10 8 11 12 15 12 10 13 14 17 14 12 15 16 19 16 14 17 18 21 18 16 19 20 23 20 18 21 22 25 22 20 23 24 27 24 22 25 26 29 26 24 27 28 31 28 26 29 30 33 30 28 31 32 35 32 30 33 34 37 34 32 35 36 39 36 34 37 38 41 38 36 39 40 43 40 38 41 42 45 42 40 43 44 47 44 42 45 46 49 46 44 47 48 51 48 46 49 50 53 50 48 51 52 55 52 50 53 54 57 54 52 55 56 59 56 54 57 58 61 58 56 59 60 63 60 58 61 62 65 62 60 63 64 67 64 62 65 66 69 66 64 67 68 71 68 66 69 70 73 70 68 71 72 75 72 70 73 74 77 74 72 75 76 79 76 74 77 78 81 78 76 79 80 83 80 78 81 82 85 82 80 83 84 87 84 82 85 86 89 86 84 87 88 91 88 86 89 90 93 90 88 91 92 95 92 90 93 94 97 94 92 95 96 99 96 94 97 98 101 98 96 99 100 103 100 98 101 102 105 102 100 103 104 107 104 102 105 106 109 106 104 107 108 111 108 106 109 110 113 110 108 111 112 115 112 110 113 114 117 114 112 115 116 119 116 114 117 118 121 118 116 119 120 123 120 118 121 122 125 122 120 123 124 127
INF INF INF INF INF INF INF INF INF INF INF INF INF INF INF INF INF INF INF INF INF INF INF INF INF INF INF INF INF INF INF INF INF INF INF INF INF INF INF INF INF INF INF INF INF INF INF INF INF INF INF INF INF INF INF INF INF INF INF INF INF INF INF INF INF INF INF INF INF INF INF INF INF INF INF INF INF INF INF INF INF INF INF INF INF INF INF INF INF INF INF INF INF INF INF INF INF INF INF INF INF INF INF INF INF INF INF INF INF INF INF INF INF INF INF INF INF INF INF INF INF INF INF INF INF INF INF INF INF INF INF INF INF INF INF INF INF INF INF INF INF INF INF INF INF INF INF INF INF INF INF INF INF INF INF INF INF INF INF INF INF INF INF INF INF INF INF INF INF INF INF INF INF INF INF INF INF INF INF INF INF INF INF INF INF INF INF INF INF INF INF 0 3 4 7 8 2 5 6 9 10 4 7 8 11 12 6 9 10 13 14 8 11 12 15 16 10 13 14 17 18 12 15 16 19 20 14 17 18 21 22 16 19 20 23 24 18 21 22 25 26 20 23 24 27 28 22 25 26 29 30 24 27 28 31 32 26 29 30 33 34 28 31 32 35 36 30 33 34 37 38 32 35 36 39 40 34 37 38 41 42 36 39 40 43 44 38 41 42 45 46 40 43 44 47 48 42 45 46 49 50 44 47 48 51 52 46 49 50 53 54 48 51 52 55 56 50 53 54 57 58 52 55 56 59 60 54 57 58 61 62 56 59 60 63 64 58 61 62 65 66 60 63 64 67 68 62 65 66 69 70 64 67 68 71 72 66 69 70 73 74 68 71 72 75 76 70 73 74 77 78 72 75 76 79 80 74 77 78 81 82 76 79 80 83 84 78 81 82 85 86 80 83 84 87 88 82 85 86 89 90 84 87 88 91 92 86 89 90 93 94 88 91 92 95 96 90 93 94 97 98 92 95 96 99 100 94 97 98 101 102 96 99 100 103 104 98 101 102 105 106 100 103 104 107 108 102 105 106 109 110 104 107 108 111 112 106 109 110 113 114 108 111 112 115 116 110 113 114 117 118 112 115 116 119 120 114 117 118 121 122 116 119 120 123 124 118 121 122 125 126 120 123 124 127 128 122 125 126 129
INF INF INF INF INF INF INF INF INF INF INF INF INF INF INF INF INF INF INF INF INF INF INF INF INF INF INF INF INF INF INF INF INF INF INF INF INF INF INF INF INF INF INF INF INF INF INF INF INF INF INF INF INF INF INF INF INF INF INF INF INF INF INF INF INF INF INF INF INF INF INF INF INF INF INF INF INF INF INF INF INF INF INF INF INF INF INF INF INF INF INF INF INF INF INF INF INF INF INF INF INF INF INF INF INF INF INF INF INF INF INF INF INF INF INF INF INF INF INF INF INF INF INF INF INF INF INF INF INF INF INF INF INF INF INF INF INF INF INF INF INF INF INF INF INF INF INF INF INF INF INF INF INF INF INF INF INF INF INF INF INF INF INF INF INF INF INF INF INF INF INF INF INF INF INF INF INF INF INF INF INF INF INF INF INF INF INF INF INF INF INF INF 0 3 4 7 5 2 5 6 9 7 4 7 8 11 9 6 9 10 13 11 8 11 12 15 13 10 13 14 17 15 12 15 16 19 17 14 17 18 21 19 16 19 20 23 21 18 21 22 25 23 20 23 24 27 25 22 25 26 29 27 24 27 28 31 29 26 29 30 33 31 28 31 32 35 33 30 33 34 37 35 32 35 36 39 37 34 37 38 41 39 36 39 40 43 41 38 41 42 45 43 40 43 44 47 45 42 45 46 49 47 44 47 48 51 49 46 49 50 53 51 48 51 52 55 53 50 53 54 57 55 52 55 56 59 57 54 57 58 61 59 56 59 60 63 61 58 61 62 65 63 60 63 64 67 65 62 65 66 69 67 64 67 68 71 69 66 69 70 73 71 68 71 72 75 73 70 73 74 77 75 72 75 76 79 77 74 77 78 81 79 76 79 80 83 81 78 81 82 85 83 80 83 84 87 85 82 85 86 89 87 84 87 88 91 89 86 89 90 93 91 88 91 92 95 93 90 93 94 97 95 92 95 96 99 97 94 97 98 101 99 96 99 100 103 101 98 101 102 105 103 100 103 104 107 105 102 105 106 109 107 104 107 108 111 109 106 109 110 113 111 108 111 112 115 113 110 113 114 117 115 112 115 116 119 117 114 117 118 121 119 116 119 120 123 121 118 121 122 125 123 120 123 124 127 125 122 125 126
INF INF INF INF INF INF INF INF INF INF INF INF INF INF INF INF INF INF INF INF INF INF INF INF INF INF INF INF INF INF INF INF INF INF INF INF INF INF INF INF INF INF INF INF INF INF INF INF INF INF INF INF INF INF INF INF INF INF INF INF INF INF INF INF INF INF INF INF INF INF INF INF INF INF INF INF INF INF INF INF INF INF INF INF INF INF INF INF INF INF INF INF INF INF INF INF INF INF INF INF INF INF INF INF INF INF INF INF INF INF INF INF INF INF INF INF INF INF INF INF INF INF INF INF INF INF INF INF INF INF INF INF INF INF INF INF INF INF INF INF INF INF INF INF INF INF INF INF INF INF INF INF INF INF INF INF INF INF INF INF INF INF INF INF INF INF INF INF INF INF INF INF INF INF INF INF INF INF INF INF INF INF INF INF INF INF INF INF INF INF INF INF INF 0 3 4 2 5 2 5 6 4 7 4 7 8 6 9 6 9 10 8 11 8 11 12 10 13 10 13 14 12 15 12 15 16 14 17 14 17 18 16 19 16 19 20 18 21 18 21 22 20 23 20 23 24 22 25 22 25 26 24 27 24 27 28 26 29 26 29 30 28 31 28 31 32 30 33 30 33 34 32 35 32 35 36 34 37 34 37 38 36 39 36 39 40 38 41 38 41 42 40 43 40 43 44 42 45 42 45 46 44 47 44 47 48 46 49 46 49 50 48 51 48 51 52 50 53 50 53 54 52 55 52 55 56 54 57 54 57 58 56 59 56 59 60 58 61 58 61 62 60 63 60 63 64 62 65 62 65 66 64 67 64 67 68 66 69 66 69 70 68 71 68 71 72 70 73 70 73 74 72 75 72 75 76 74 77 74 77 78 76 79 76 79 80 78 81 78 81 82 80 83 80 83 84 82 85 82 85 86 84 87 84 87 88 86 89 86 89 90 88 91 88 91 92 90 93 90 93 94 92 95 92 95 96 94 97 94 97 98 96 99 96 99 100 98 101 98 101 102 100 103 100 103 104 102 105 102 105 106 104 107 104 107 108 106 109 106 109 110 108 111 108 111 112 110 113 110 113 114 112 115 112 115 116 114 117 114 117 118 116 119 116 119 120 118 121 118 121 122 120 123 120 123 124 122 125 122 125
INF INF INF INF INF INF INF INF INF INF INF INF INF INF INF INF INF INF INF INF INF INF INF INF INF INF INF INF INF INF INF INF INF INF INF INF INF INF INF INF INF INF INF INF INF INF INF INF INF INF INF INF INF INF INF INF INF INF INF INF INF INF INF INF INF INF INF INF INF INF INF INF INF INF INF INF INF INF INF INF INF INF INF INF INF INF INF INF INF INF INF INF INF INF INF INF INF INF INF INF INF INF INF INF INF INF INF INF INF INF INF INF INF INF INF INF INF INF INF INF INF INF INF INF INF INF INF INF INF INF INF INF INF INF INF INF INF INF INF INF INF INF INF INF INF INF INF INF INF INF INF INF INF INF INF INF INF INF INF INF INF INF INF INF INF INF INF INF INF INF INF INF INF INF INF INF INF INF INF INF INF INF INF INF INF INF INF INF INF INF INF INF INF INF 0 3 1 4 5 2 5 3 6 7 4 7 5 8 9 6 9 7 10 11 8 11 9 12 13 10 13 11 14 15 12 15 13 16 17 14 17 15 18 19 16 19 17 20 21 18 21 19 22 23 20 23 21 24 25 22 25 23 26 27 24 27 25 28 29 26 29 27 30 31 28 31 29 32 33 30 33 31 34 35 32 35 33 36 37 34 37 35 38 39 36 39 37 40 41 38 41 39 42 43 40 43 41 44 45 42 45 43 46 47 44 47 45 48 49 46 49 47 50 51 48 51 49 52 53 50 53 51 54 55 52 55 53 56 57 54 57 55 58 59 56 59 57 60 61 58 61 59 62 63 60 63 61 64 65 62 65 63 66 67 64 67 65 68 69 66 69 67 70 71 68 71 69 72 73 70 73 71 74 75 72 75 73 76 77 74 77 75 78 79 76 79 77 80 81 78 81 79 82 83 80 83 81 84 85 82 85 83 86 87 84 87 85 88 89 86 89 87 90 91 88 91 89 92 93 90 93 91 94 95 92 95 93 96 97 94 97 95 98 99 96 99 97 100 101 98 101 99 102 103 100 103 101 104 105 102 105 103 106 107 104 107 105 108 109 106 109 107 110 111 108 111 109 112 113 110 113 111 114 115 112 115 113 116 117 114 117 115 118 119 116 119 117 120 121 118 121 119 122 123 120 123 121 124 125 122
INF INF INF INF INF INF INF INF INF INF INF INF INF INF INF INF INF INF INF INF INF INF INF INF INF INF INF INF INF INF INF INF INF INF INF INF INF INF INF INF INF INF INF INF INF INF INF INF INF INF INF INF INF INF INF INF INF INF INF INF INF INF INF INF INF INF INF INF INF INF INF INF INF INF INF INF INF INF INF INF INF INF INF INF INF INF INF INF INF INF INF INF INF INF INF INF INF INF INF INF INF INF INF INF INF INF INF INF INF INF INF INF INF INF INF INF INF INF INF INF INF INF INF INF INF INF INF INF INF INF INF INF INF INF INF INF INF INF INF INF INF INF INF INF INF INF INF INF INF INF INF INF INF INF INF INF INF INF INF INF INF INF INF INF INF INF INF INF INF INF INF INF INF INF INF INF INF INF INF INF INF INF INF INF INF INF INF INF INF INF INF INF INF INF INF 0 -2 1 2 5 2 0 3 4 7 4 2 5 6 9 6 4 7 8 11 8 6 9 10 13 10 8 11 12 15 12 10 13 14 17 14 12 15 16 19 16 14 17 18 21 18 16 19 20 23 20 18 21 22 25 22 20 23 24 27 24 22 25 26 29 26 24 27 28 31 28 26 29 30 33 30 28 31 32 35 32 30 33 34 37 34 32 35 36 39 36 34 37 38 41 38 36 39 40 43 40 38 41 42 45 42 40 43 44 47 44 42 45 46 49 46 44 47 48 51 48 46 49 50 53 50 48 51 52 55 52 50 53 54 57 54 52 55 56 59 56 54 57 58 61 58 56 59 60 63 60 58 61 62 65 62 60 63 64 67 64 62 65 66 69 66 64 67 68 71 68 66 69 70 73 70 68 71 72 75 72 70 73 74 77 74 72 75 76 79 76 74 77 78 81 78 76 79 80 83 80 78 81 82 85 82 80 83 84 87 84 82 85 86 89 86 84 87 88 91 88 86 89 90 93 90 88 91 92 95 92 90 93 94 97 94 92 95 96 99 96 94 97 98 101 98 96 99 100 103 100 98 101 102 105 102 100 103 104 107 104 102 105 106 109 106 104 107 108 111 108 106 109 110 113 110 108 111 112 115 112 110 113 114 117 114 112 115 116 119 116 114 117 118 121 118 116 119 120 123 120 118 121 122 125
INF INF INF INF INF INF INF INF INF INF INF INF INF INF INF INF INF INF INF INF INF INF INF INF INF INF INF INF INF INF INF INF INF INF INF INF INF INF INF INF INF INF INF INF INF INF INF INF INF INF INF INF INF INF INF INF INF INF INF INF INF INF INF INF INF INF INF INF INF INF INF INF INF INF INF INF INF INF INF INF INF INF INF INF INF INF INF INF INF INF INF INF INF INF INF INF INF INF INF INF INF INF INF INF INF INF INF INF INF INF INF INF INF INF INF INF INF INF INF INF INF INF INF INF INF INF INF INF INF INF INF INF INF INF INF INF INF INF INF INF INF INF INF INF INF INF INF INF INF INF INF INF INF INF INF INF INF INF INF INF INF INF INF INF INF INF INF INF INF INF INF INF INF INF INF INF INF INF INF INF INF INF INF INF INF INF INF INF INF INF INF INF INF INF INF INF 0 3 4 7 8 2 5 6 9 10 4 7 8 11 12 6 9 10 13 14 8 11 12 15 16 10 13 14 17 18 12 15 16 19 20 14 17 18 21 22 16 19 20 23 24 18 21 22 25 26 20 23 24 27 28 22 25 26 29 30 24 27 28 31 32 26 29 30 33 34 28 31 32 35 36 30 33 34 37 38 32 35 36 39 40 34 37 38 41 42 36 39 40 43 44 38 41 42 45 46 40 43 44 47 48 42 45 46 49 50 44 47 48 51 52 46 49 50 53 54 48 51 52 55 56 50 53 54 57 58 52 55 56 59 60 54 57 58 61 62 56 59 60 63 64 58 61 62 65 66 60 63 64 67 68 62 65 66 69 70 64 67 68 71 72 66 69 70 73 74 68 71 72 75 76 70 73 74 77 78 72 75 76 79 80 74 77 78 81 82 76 79 80 83 84 78 81 82 85 86 80 83 84 87 88 82 85 86 89 90 84 87 88 91 92 86 89 90 93 94 88 91 92 95 96 90 93 94 97 98 92 95 96 99 100 94 97 98 101 102 96 99 100 103 104 98 101 102 105 106 100 103 104 107 108 102 105 106 109 110 104 107 108 111 112 106 109 110 113 114 108 111 112 115 116 110 113 114 117 118 112 115 116 119 120 114 117 118 121 122 116 119 120 123 124 118 121 122 125 126 120 123 124 127
INF INF INF INF INF INF INF INF INF INF INF INF INF INF INF INF INF INF INF INF INF INF INF INF INF INF INF INF INF INF INF INF INF INF INF INF INF INF INF INF INF INF INF INF INF INF INF INF INF INF INF INF INF INF INF INF INF INF INF INF INF INF INF INF INF INF INF INF INF INF INF INF INF INF INF INF INF INF INF INF INF INF INF INF INF INF INF INF INF INF INF INF INF INF INF INF INF INF INF INF INF INF INF INF INF INF INF INF INF INF INF INF INF INF INF INF INF INF INF INF INF INF INF INF INF INF INF INF INF INF INF INF INF INF INF INF INF INF INF INF INF INF INF INF INF INF INF INF INF INF INF INF INF INF INF INF INF INF INF INF INF INF INF INF INF INF INF INF INF INF INF INF INF INF INF INF INF INF INF INF INF INF INF INF INF INF INF INF INF INF INF INF INF INF INF INF INF 0 3 4 7 5 2 5 6 9 7 4 7 8 11 9 6 9 10 13 11 8 11 12 15 13 10 13 14 17 15 12 15 16 19 17 14 17 18 21 19 16 19 20 23 21 18 21 22 25 23 20 23 24 27 25 22 25 26 29 27 24 27 28 31 29 26 29 30 33 31 28 31 32 35 33 30 33 34 37 35 32 35 36 39 37 34 37 38 41 39 36 39 40 43 41 38 41 42 45 43 40 43 44 47 45 42 45 46 49 47 44 47 48 51 49 46 49 50 53 51 48 51 52 55 53 50 53 54 57 55 52 55 56 59 57 54 57 58 61 59 56 59 60 63 61 58 61 62 65 63 60 63 64 67 65 62 65 66 69 67 64 67 68 71 69 66 69 70 73 71 68 71 72 75 73 70 73 74 77 75 72 75 76 79 77 74 77 78 81 79 76 79 80 83 81 78 81 82 85 83 80 83 84 87 85 82 85 86 89 87 84 87 88 91 89 86 89 90 93 91 88 91 92 95 93 90 93 94 97 95 92 95 96 99 97 94 97 98 101 99 96 99 100 103 101 98 101 102 105 103 100 103 104 107 105 102 105 106 109 107 104 107 108 111 109 106 109 110 113 111 108 111 112 115 113 110 113 114 117 115 112 115 116 119 117 114 117 118 121 119 116 119 120 123 121 118 121 122 125 123 120 123 124
INF INF INF INF INF INF INF INF INF INF INF INF INF INF INF INF INF INF INF INF INF INF INF INF INF INF INF INF INF INF INF INF INF INF INF INF INF INF INF INF INF INF INF INF INF INF INF INF INF INF INF INF INF INF INF INF INF INF INF INF INF INF INF INF INF INF INF INF INF INF INF INF INF INF INF INF INF INF INF INF INF INF INF INF INF INF INF INF INF INF INF INF INF INF INF INF INF INF INF INF INF INF INF INF INF INF INF INF INF INF INF INF INF INF INF INF INF INF INF INF INF INF INF INF INF INF INF INF INF INF INF INF INF INF INF INF INF INF INF INF INF INF INF INF INF INF INF INF INF INF INF INF INF INF INF INF INF INF INF INF INF INF INF INF INF INF INF INF INF INF INF INF INF INF INF INF INF INF INF INF INF INF INF INF INF INF INF INF INF INF INF INF INF INF INF INF INF INF 0 3 4 2 5 2 5 6 4 7 4 7 8 6 9 6 9 10 8 11 8 11 12 10 13 10 13 14 12 15 12 15 16 14 17 14 17 18 16 19 16 19 20 18 21 18 21 22 20 23 20 23 24 22 25 22 25 26 24 27 24 27 28 26 29 26 29 30 28 31 28 31 32 30 33 30 33 34 32 35 32 35 36 34 37 34 37 38 36 39 36 39 40 38 41 38 41 42 40 43 40 43 44 42 45 42 45 46 44 47 44 47 48 46 49 46 49 50 48 51 48 51 52 50 53 50 53 54 52 55 52 55 56 54 57 54 57 58 56 59 56 59 60 58 61 58 61 62 60 63 60 63 64 62 65 62 65 66 64 67 64 67 68 66 69 66 69 70 68 71 68 71 72 70 73 70 73 74 72 75 72 75 76 74 77 74 77 78 76 79 76 79 80 78 81 78 81 82 80 83 80 83 84 82 85 82 85 86 84 87 84 87 88 86 89 86 89 90 88 91 88 91 92 90 93 90 93 94 92 95 92 95 96 94 97 94 97 98 96 99 96 99 100 98 101 98 101 102 100 103 100 103 104 102 105 102 105 106 104 107 104 107 108 106 109 106 109 110 108 111 108 111 112 110 113 110 113 114 112 115 112 115 116 114 117 114 117 118 116 119 116 119 120 118 121 118 121 122 120 123 120 123
INF INF INF INF INF INF INF INF INF INF INF INF INF INF INF INF INF INF INF INF INF INF INF INF INF INF INF INF INF INF INF INF INF INF INF INF INF INF INF INF INF INF INF INF INF INF INF INF INF INF INF INF INF INF INF INF INF INF INF INF INF INF INF INF INF INF INF INF INF INF INF INF INF INF INF INF INF INF INF INF INF INF INF INF INF INF INF INF INF INF INF INF INF INF INF INF INF INF INF INF INF INF INF INF INF INF INF INF INF INF INF INF INF INF INF INF INF INF INF INF INF INF INF INF INF INF INF INF INF INF INF INF INF INF INF INF INF INF INF INF INF INF INF INF INF INF INF INF INF INF INF INF INF INF INF INF INF INF INF INF INF INF INF INF INF INF INF INF INF INF INF INF INF INF INF INF INF INF INF INF INF INF INF INF INF INF INF INF INF INF INF INF INF INF INF INF INF INF INF 0 3 1 4 5 2 5 3 6 7 4 7 5 8 9 6 9 7 10 11 8 11 9 12 13 10 13 11 14 15 12 15 13 16 17 14 17 15 18 19 16 19 17 20 21 18 21 19 22 23 20 23 21 24 25 22 25 23 26 27 24 27 25 28 29 26 29 27 30 31 28 31 29 32 33 30 33 31 34 35 32 35 33 36 37 34 37 35 38 39 36 39 37 40 41 38 41 39 42 43 40 43 41 44 45 42 45 43 46 47 44 47 45 48 49 46 49 47 50 51 48 51 49 52 53 50 53 51 54 55 52 55 53 56 57 54 57 55 58 59 56 59 57 60 61 58 61 59 62 63 60 63 61 64 65 62 65 63 66 67 64 67 65 68 69 66 69 67 70 71 68 71 69 72 73 70 73 71 74 75 72 75 73 76 77 74 77 75 78 79 76 79 77 80 81 78 81 79 82 83 80 83 81 84 85 82 85 83 86 87 84 87 85 88 89 86 89 87 90 91 88 91 89 92 93 90 93 91 94 95 92 95 93 96 97 94 97 95 98 99 96 99 97 100 101 98 101 99 102 103 100 103 101 104 105 102 105 103 106 107 104 107 105 108 109 106 109 107 110 111 108 111 109 112 113 110 113 111 114 115 112 115 113 116 117 114 117 115 118 119 116 119 117 120 121 118 121 119 122 123 120
INF INF INF INF INF INF INF INF INF INF INF INF INF INF INF INF INF INF INF INF INF INF INF INF INF INF INF INF INF INF INF INF INF INF INF INF INF INF INF INF INF INF INF INF INF INF INF INF INF INF INF INF INF INF INF INF INF INF INF INF INF INF INF INF INF INF INF INF INF INF INF INF INF INF INF INF INF INF INF INF INF INF INF INF INF INF INF INF INF INF INF INF INF INF INF INF INF INF INF INF INF INF INF INF INF INF INF INF INF INF INF INF INF INF INF INF INF INF INF INF INF INF INF INF INF INF INF INF INF INF INF INF INF INF INF INF INF INF INF INF INF INF INF INF INF INF INF INF INF INF INF INF INF INF INF INF INF INF INF INF INF INF INF INF INF INF INF INF INF INF INF INF INF INF INF INF INF INF INF INF INF INF INF INF INF INF INF INF INF INF INF INF INF INF INF INF INF INF INF INF 0 -2 1 2 5 2 0 3 4 7 4 2 5 6 9 6 4 7 8 11 8 6 9 10 13 10 8 11 12 15 12 10 13 14 17 14 12 15 16 19 16 14 17 18 21 18 16 19 20 23 20 18 21 22 25 22 20 23 24 27 24 22 25 26 29 26 24 27 28 31 28 26 29 30 33 30 28 31 32 35 32 30 33 34 37 34 32 35 36 39 36 34 37 38 41 38 36 39 40 43 40 38 41 42 45 42 40 43 44 47 44 42 45 46 49 46 44 47 48 51 48 46 49 50 53 50 48 51 52 55 52 50 53 54 57 54 52 55 56 59 56 54 57 58 61 58 56 59 60 63 60 58 61 62 65 62 60 63 64 67 64 62 65 66 69 66 64 67 68 71 68 66 69 70 73 70 68 71 72 75 72 70 73 74 77 74 72 75 76 79 76 74 77 78 81 78 76 79 80 83 80 78 81 82 85 82 80 83 84 87 84 82 85 86 89 86 84 87 88 91 88 86 89 90 93 90 88 91 92 95 92 90 93 94 97 94 92 95 96 99 96 94 97 98 101 98 96 99 100 103 100 98 101 102 105 102 100 103 104 107 104 102 105 106 109 106 104 107 108 111 108 106 109 110 113 110 108 111 112 115 112 110 113 114 117 114 112 115 116 119 116 114 117 118 121 118 116 119 120 123
INF INF INF INF INF INF INF INF INF INF INF INF INF INF INF INF INF INF INF INF INF INF INF INF INF INF INF INF INF INF INF INF INF INF INF INF INF INF INF INF INF INF INF INF INF INF INF INF INF INF INF INF INF INF INF INF INF INF INF INF INF INF INF INF INF INF INF INF INF INF INF INF INF INF INF INF INF INF INF INF INF INF INF INF INF INF INF INF INF INF INF INF INF INF INF INF INF INF INF INF INF INF INF INF INF INF INF INF INF INF INF INF INF INF INF INF INF INF INF INF INF INF INF INF INF INF INF INF INF INF INF INF INF INF INF INF INF INF INF INF INF INF INF INF INF INF INF INF INF INF INF INF INF INF INF INF INF INF INF INF INF INF INF INF INF INF INF INF INF INF INF INF INF INF INF INF INF INF INF INF INF INF INF INF INF INF INF INF INF INF INF INF INF INF INF INF INF INF INF INF INF 0 3 4 7 8 2 5 6 9 10 4 7 8 11 12 6 9 10 13 14 8 11 12 15 16 10 13 14 17 18 12 15 16 19 20 14 17 18 21 22 16 19 20 23 24 18 21 22 25 26 20 23 24 27 28 22 25 26 29 30 24 27 28 31 32 26 29 30 33 34 28 31 32 35 36 30 33 34 37 38 32 35 36 39 40 34 37 38 41 42 36 39 40 43 44 38 41 42 45 46 40 43 44 47 48 42 45 46 49 50 44 47 48 51 52 46 49 50 53 54 48 51 52 55 56 50 53 54 57 58 52 55 56 59 60 54 57 58 61 62 56 59 60 63 64 58 61 62 65 66 60 63 64 67 68 62 65 66 69 70 64 67 68 71 72 66 69 70 73 74 68 71 72 75 76 70 73 74 77 78 72 75 76 79 80 74 77 78 81 82 76 79 80 83 84 78 81 82 85 86 80 83 84 87 88 82 85 86 89 90 84 87 88 91 92 86 89 90 93 94 88 91 92 95 96 90 93 94 97 98 92 95 96 99 100 94 97 98 101 102 96 99 100 103 104 98 101 102 105 106 100 103 104 107 108 102 105 106 109 110 104 107 108 111 112 106 109 110 113 114 108 111 112 115 116 110 113 114 117 118 112 115 116 119 120 114 117 118 121 122 116 119 120 123 124 118 121 122 125
INF INF INF INF INF INF INF INF INF INF INF INF INF INF INF INF INF INF INF INF INF INF INF INF INF INF INF INF INF INF INF INF INF INF INF INF INF INF INF INF INF INF INF INF INF INF INF INF INF INF INF INF INF INF INF INF INF INF INF INF INF INF INF INF INF INF INF INF INF INF INF INF INF INF INF INF INF INF INF INF INF INF INF INF INF INF INF INF INF INF INF INF INF INF INF INF INF INF INF INF INF INF INF INF INF INF INF INF INF INF INF INF INF INF INF INF INF INF INF INF INF INF INF INF INF INF INF INF INF INF INF INF INF INF INF INF INF INF INF INF INF INF INF INF INF INF INF INF INF INF INF INF INF INF INF INF INF INF INF INF INF INF INF INF INF INF INF INF INF INF INF INF INF INF INF INF INF INF INF INF INF INF INF INF INF INF INF INF INF INF INF INF INF INF INF INF INF INF INF INF INF INF 0 3 4 7 5 2 5 6 9 7 4 7 8 11 9 6 9 10 13 11 8 11 12 15 13 10 13 14 17 15 12 15 16 19 17 14 17 18 21 19 16 19 20 23 21 18 21 22 25 23 20 23 24 27 25 22 25 26 29 27 24 27 28 31 29 26 29 30 33 31 28 31 32 35 33 30 33 34 37 35 32 35 36 39 37 34 37 38 41 39 36 39 40 43 41 38 41 42 45 43 40 43 44 47 45 42 45 46 49 47 44 47 48 51 49 46 49 50 53 51 48 51 52 55 53 50 53 54 57 55 52 55 56 59 57 54 57 58 61 59 56 59 60 63 61 58 61 62 65 63 60 63 64 67 65 62 65 66 69 67 64 67 68 71 69 66 69 70 73 71 68 71 72 75 73 70 73 74 77 75 72 75 76 79 77 74 77 78 81 79 76 79 80 83 81 78 81 82 85 83 80 83 84 87 85 82 85 86 89 87 84 87 88 91 89 86 89 90 93 91 88 91 92 95 93 90 93 94 97 95 92 95 96 99 97 94 97 98 101 99 96 99 100 103 101 98 101 102 105 103 100 103 104 107 105 102 105 106 109 107 104 107 108 111 109 106 109 110 113 111 108 111 112 115 113 110 113 114 117 115 112 115 116 119 117 114 117 118 121 119 116 119 120 123 121 118 121 122
INF INF INF INF INF INF INF INF INF INF INF INF INF INF INF INF INF INF INF INF INF INF INF INF INF INF INF INF INF INF INF INF INF INF INF INF INF INF INF INF INF INF INF INF INF INF INF INF INF INF INF INF INF INF INF INF INF INF INF INF INF INF INF INF INF INF INF INF INF INF INF INF INF INF INF INF INF INF INF INF INF INF INF INF INF INF INF INF INF INF INF INF INF INF INF INF INF INF INF INF INF INF INF INF INF INF INF INF INF INF INF INF INF INF INF INF INF INF INF INF INF INF INF INF INF INF INF INF INF INF INF INF INF INF INF INF INF INF INF INF INF INF INF INF INF INF INF INF INF INF INF INF INF INF INF INF INF INF INF INF INF INF INF INF INF INF INF INF INF INF INF INF INF INF INF INF INF INF INF INF INF INF INF INF INF INF INF INF INF INF INF INF INF INF INF INF INF INF INF INF INF INF INF 0 3 4 2 5 2 5 6 4 7 4 7 8 6 9 6 9 10 8 11 8 11 12 10 13 10 13 14 12 15 12 15 16 14 17 14 17 18 16 19 16 19 20 18 21 18 21 22 20 23 20 23 24 22 25 22 25 26 24 27 24 27 28 26 29 26 29 30 28 31 28 31 32 30 33 30 33 34 32 35 32 35 36 34 37 34 37 38 36 39 36 39 40 38 41 38 41 42 40 43 40 43 44 42 45 42 45 46 44 47 44 47 48 46 49 46 49 50 48 51 48 51 52 50 53 50 53 54 52 55 52 55 56 54 57 54 57 58 56 59 56 59 60 58 61 58 61 62 60 63 60 63 64 62 65 62 65 66 64 67 64 67 68 66 69 66 69 70 68 71 68 71 72 70 73 70 73 74 72 75 72 75 76 74 77 74 77 78 76 79 76 79 80 78 81 78 81 82 80 83 80 83 84 82 85 82 85 86 84 87 84 87 88 86 89 86 89 90 88 91 88 91 92 90 93 90 93 94 92 95 92 95 96 94 97 94 97 98 96 99 96 99 100 98 101 98 101 102 100 103 100 103 104 102 105 102 105 106 104 107 104 107 108 106 109 106 109 110 108 111 108 111 112 110 113 110 113 114 112 115 112 115 116 114 117 114 117 118 116 119 116 119 120 118 121 118 121
INF INF INF INF INF INF INF INF INF INF INF INF INF INF INF INF INF INF INF INF INF INF INF INF INF INF INF INF INF INF INF INF INF INF INF INF INF INF INF INF INF INF INF INF INF INF INF INF INF INF INF INF INF INF INF INF INF INF INF INF INF INF INF INF INF INF INF INF INF INF INF INF INF INF INF INF INF INF INF INF INF INF INF INF INF INF INF INF INF INF INF INF INF INF INF INF INF INF INF INF INF INF INF INF INF INF INF INF INF INF INF INF INF INF INF INF INF INF INF INF INF INF INF INF INF INF INF INF INF INF INF INF INF INF INF INF INF INF INF INF INF INF INF INF INF INF INF INF INF INF INF INF INF INF INF INF INF INF INF INF INF INF INF INF INF INF INF INF INF INF INF INF INF INF INF INF INF INF INF INF INF INF INF INF INF INF INF INF INF INF INF INF INF INF INF INF INF INF INF INF INF INF INF INF 0 3 1 4 5 2 5 3 6 7 4 7 5 8 9 6 9 7 10 11 8 11 9 12 13 10 13 11 14 15 12 15 13 16 17 14 17 15 18 19 16 19 17 20 21 18 21 19 22 23 20 23 21 24 25 22 25 23 26 27 24 27 25 28 29 26 29 27 30 31 28 31 29 32 33 30 33 31 34 35 32 35 33 36 37 34 37 35 38 39 36 39 37 40 41 38 41 39 42 43 40 43 41 44 45 42 45 43 46 47 44 47 45 48 49 46 49 47 50 51 48 51 49 52 53 50 53 51 54 55 52 55 53 56 57 54 57 55 58 59 56 59 57 60 61 58 61 59 62 63 60 63 61 64 65 62 65 63 66 67 64 67 65 68 69 66 69 67 70 71 68 71 69 72 73 70 73 71 74 75 72 75 73 76 77 74 77 75 78 79 76 79 77 80 81 78 81 79 82 83 80 83 81 84 85 82 85 83 86 87 84 87 85 88 89 86 89 87 90 91 88 91 89 92 93 90 93 91 94 95 92 95 93 96 97 94 97 95 98 99 96 99 97 100 101 98 101 99 102 103 100 103 101 104 105 102 105 103 106 107 104 107 105 108 109 106 109 107 110 111 108 111 109 112 113 110 113 111 114 115 112 115 113 116 117 114 117 115 118 119 116 119 117 120 121 118
INF INF INF INF INF INF INF INF INF INF INF INF INF INF INF INF INF INF INF INF INF INF INF INF INF INF INF INF INF INF INF INF INF INF INF INF INF INF INF INF INF INF INF INF INF INF INF INF INF INF INF INF INF INF INF INF INF INF INF INF INF INF INF INF INF INF INF INF INF INF INF INF INF INF INF INF INF INF INF INF INF INF INF INF INF INF INF INF INF INF INF INF INF INF INF INF INF INF INF INF INF INF INF INF INF INF INF INF INF INF INF INF INF INF INF INF INF INF INF INF INF INF INF INF INF INF INF INF INF INF INF INF INF INF INF INF INF INF INF INF INF INF INF INF INF INF INF INF INF INF INF INF INF INF INF INF INF INF INF INF INF INF INF INF INF INF INF INF INF INF INF INF INF INF INF INF INF INF INF INF INF INF INF INF INF INF INF INF INF INF INF INF INF INF INF INF INF INF INF INF INF INF INF INF INF 0 -2 1 2 5 2 0 3 4 7 4 2 5 6 9 6 4 7 8 11 8 6 9 10 13 10 8 11 12 15 12 10 13 14 17 14 12 15 16 19 16 14 17 18 21 18 16 19 20 23 20 18 21 22 25 22 20 23 24 27 24 22 25 26 29 26 24 27 28 31 28 26 29 30 33 30 28 31 32 35 32 30 33 34 37 34 32 35 36 39 36 34 37 38 41 38 36 39 40 43 40 38 41 42 45 42 40 43 44 47 44 42 45 46 49 46 44 47 48 51 48 46 49 50 53 50 48 51 52 55 52 50 53 54 57 54 52 55 56 59 56 54 57 58 61 58 56 59 60 63 60 58 61 62 65 62 60 63 64 67 64 62 65 66 69 66 64 67 68 71 68 66 69 70 73 70 68 71 72 75 72 70 73 74 77 74 72 75 76 79 76 74 77 78 81 78 76 79 80 83 80 78 81 82 85 82 80 83 84 87 84 82 85 86 89 86 84 87 88 91 88 86 89 90 93 90 88 91 92 95 92 90 93 94 97 94 92 95 96 99 96 94 97 98 101 98 96 99 100 103 100 98 101 102 105 102 100 103 104 107 104 102 105 106 109 106 104 107 108 111 108 106 109 110 113 110 108 111 112 115 112 110 113 114 117 114 112 115 116 119 116 114 117 118 121
INF INF INF INF INF INF INF INF INF INF INF INF INF INF INF INF INF INF INF INF INF INF INF INF INF INF INF INF INF INF INF INF INF INF INF INF INF INF INF INF INF INF INF INF INF INF INF INF INF INF INF INF INF INF INF INF INF INF INF INF INF INF INF INF INF INF INF INF INF INF INF INF INF INF INF INF INF INF INF INF INF INF INF INF INF INF INF INF INF INF INF INF INF INF INF INF INF INF INF INF INF INF INF INF INF INF INF INF INF INF INF INF INF INF INF INF INF INF INF INF INF INF INF INF INF INF INF INF INF INF INF INF INF INF INF INF INF INF INF INF INF INF INF INF INF INF INF INF INF INF INF INF INF INF INF INF INF INF INF INF INF INF INF INF INF INF INF INF INF INF INF INF INF INF INF INF INF INF INF INF INF INF INF INF INF INF INF INF INF INF INF INF INF INF INF INF INF INF INF INF INF INF INF INF INF INF 0 3 4 7 8 2 5 6 9 10 4 7 8 11 12 6 9 10 13 14 8 11 12 15 16 10 13 14 17 18 12 15 16 19 20 14 17 18 21 22 16 19 20 23 24 18 21 22 25 26 20 23 24 27 28 22 25 26 29 30 24 27 28 31 32 26 29 30 33 34 28 31 32 35 36 30 33 34 37 38 32 35 36 39 40 34 37 38 41 42 36 39 40 43 44 38 41 42 45 46 40 43 44 47 48 42 45 46 49 50 44 47 48 51 52 46 49 50 53 54 48 51 52 55 56 50 53 54 57 58 52 55 56 59 60 54 57 58 61 62 56 59 60 63 64 58 61 62 65 66 60 63 64 67 68 62 65 66 69 70 64 67 68 71 72 66 69 70 73 74 68 71 72 75 76 70 73 74 77 78 72 75 76 79 80 74 77 78 81 82 76 79 80 83 84 78 81 82 85 86 80 83 84 87 88 82 85 86 89 90 84 87 88 91 92 86 89 90 93 94 88 91 92 95 96 90 93 94 97 98 92 95 96 99 100 94 97 98 101 102 96 99 100 103 104 98 101 102 105 106 100 103 104 107 108 102 105 106 109 110 104 107 108 111 112 106 109 110 113 114 108 111 112 115 116 110 113 114 117 118 112 115 116 119 120 114 117 118 121 122 116 119 120 123
INF INF INF INF INF INF INF INF INF INF INF INF INF INF INF INF INF INF INF INF INF INF INF INF INF INF INF INF INF INF INF INF INF INF INF INF INF INF INF INF INF INF INF INF INF INF INF INF INF INF INF INF INF INF INF INF INF INF INF INF INF INF INF INF INF INF INF INF INF INF INF INF INF INF INF INF INF INF INF INF INF INF INF INF INF INF INF INF INF INF INF INF INF INF INF INF INF INF INF INF INF INF INF INF INF INF INF INF INF INF INF INF INF INF INF INF INF INF INF INF INF INF INF INF INF INF INF INF INF INF INF INF INF INF INF INF INF INF INF INF INF INF INF INF INF INF INF INF INF INF INF INF INF INF INF INF INF INF INF INF INF INF INF INF INF INF INF INF INF INF INF INF INF INF INF INF INF INF INF INF INF INF INF INF INF INF INF INF INF INF INF INF INF INF INF INF INF INF INF INF INF INF INF INF INF INF INF 0 3 4 7 5 2 5 6 9 7 4 7 8 11 9 6 9 10 13 11 8 11 12 15 13 10 13 14 17 15 12 15 16 19 17 14 17 18 21 19 16 19 20 23 21 18 21 22 25 23 20 23 24 27 25 22 25 26 29 27 24 27 28 31 29 26 29 30 33 31 28 31 32 35 33 30 33 34 37 35 32 35 36 39 37 34 37 38 41 39 36 39 40 43 41 38 41 42 45 43 40 43 44 47 45 42 45 46 49 47 44 47 48 51 49 46 49 50 53 51 48 51 52 55 53 50 53 54 57 55 52 55 56 59 57 54 57 58 61 59 56 59 60 63 61 58 61 62 65 63 60 63 64 67 65 62 65 66 69 67 64 67 68 71 69 66 69 70 73 71 68 71 72 75 73 70 73 74 77 75 72 75 76 79 77 74 77 78 81 79 76 79 80 83 81 78 81 82 85 83 80 83 84 87 85 82 85 86 89 87 84 87 88 91 89 86 89 90 93 91 88 91 92 95 93 90 93 94 97 95 92 95 96 99 97 94 97 98 101 99 96 99 100 103 101 98 101 102 105 103 100 103 104 107 105 102 105 106 109 107 104 107 108 111 109 106 109 110 113 111 108 111 112 115 113 110 113 114 117 115 112 115 116 119 117 114 117 118 121 119 116 119 120
INF INF INF INF INF INF INF INF INF INF INF INF INF INF INF INF INF INF INF INF INF INF INF INF INF INF INF INF INF INF INF INF INF INF INF INF INF INF INF INF INF INF INF INF INF INF INF INF INF INF INF INF INF INF INF INF INF INF INF INF INF INF INF INF INF INF INF INF INF INF INF INF INF INF INF INF INF INF INF INF INF INF INF INF INF INF INF INF INF INF INF INF INF INF INF INF INF INF INF INF INF INF INF INF INF INF INF INF INF INF INF INF INF INF INF INF INF INF INF INF INF INF INF INF INF INF INF INF INF INF INF INF INF INF INF INF INF INF INF INF INF INF INF INF INF INF INF INF INF INF INF INF INF INF INF INF INF INF INF INF INF INF INF INF INF INF INF INF INF INF INF INF INF INF INF INF INF INF INF INF INF INF INF INF INF INF INF INF INF INF INF INF INF INF INF INF INF INF INF INF INF INF INF INF INF INF INF INF 0 3 4 2 5 2 5 6 4 7 4 7 8 6 9 6 9 10 8 11 8 11 12 10 13 10 13 14 12 15 12 15 16 14 17 14 17 18 16 19 16 19 20 18 21 18 21 22 20 23 20 23 24 22 25 22 25 26 24 27 24 27 28 26 29 26 29 30 28 31 28 31 32 30 33 30 33 34 32 35 32 35 36 34 37 34 37 38 36 39 36 39 40 38 41 38 41 42 40 43 40 43 44 42 45 42 45 46 44 47 44 47 48 46 49 46 49 50 48 51 48 51 52 50 53 50 53 54 52 55 52 55 56 54 57 54 57 58 56 59 56 59 60 58 61 58 61 62 60 63 60 63 64 62 65 62 65 66 64 67 64 67 68 66 69 66 69 70 68 71 68 71 72 70 73 70 73 74 72 75 72 75 76 74 77 74 77 78 76 79 76 79 80 78 81 78 81 82 80 83 80 83 84 82 85 82 85 86 84 87 84 87 88 86 89 86 89 90 88 91 88 91 92 90 93 90 93 94 92 95 92 95 96 94 97 94 97 98 96 99 96 99 100 98 101 98 101 102 100 103 100 103 104 102 105 102 105 106 104 107 104 107 108 106 109 106 109 110 108 111 108 111 112 110 113 110 113 114 112 115 112 115 116 114 117 114 117 118 116 119 116 119
INF INF INF INF INF INF INF INF INF INF INF INF INF INF INF INF INF INF INF INF INF INF INF INF INF INF INF INF INF INF INF INF INF INF INF INF INF INF INF INF INF INF INF INF INF INF INF INF INF INF INF INF INF INF INF INF INF INF INF INF INF INF INF INF INF INF INF INF INF INF INF INF INF INF INF INF INF INF INF INF INF INF INF INF INF INF INF INF INF INF INF INF INF INF INF INF INF INF INF INF INF INF INF INF INF INF INF INF INF INF INF INF INF INF INF INF INF INF INF INF INF INF INF INF INF INF INF INF INF INF INF INF INF INF INF INF INF INF INF INF INF INF INF INF INF INF INF INF INF INF INF INF INF INF INF INF INF INF INF INF INF INF INF INF INF INF INF INF INF INF INF INF INF INF INF INF INF INF INF INF INF INF INF INF INF INF INF INF INF INF INF INF INF INF INF INF INF INF INF INF INF INF INF INF INF INF INF INF INF 0 3 1 4 5 2 5 3 6 7 4 7 5 8 9 6 9 7 10 11 8 11 9 12 13 10 13 11 14 15 12 15 13 16 17 14 17 15 18 19 16 19 17 20 21 18 21 19 22 23 20 23 21 24 25 22 25 23 26 27 24 27 25 28 29 26 29 27 30 31 28 31 29 32 33 30 33 31 34 35 32 35 33 36 37 34 37 35 38 39 36 39 37 40 41 38 41 39 42 43 40 43 41 44 45 42 45 43 46 47 44 47 45 48 49 46 49 47 50 51 48 51 49 52 53 50 53 51 54 55 52 55 53 56 57 54 57 55 58 59 56 59 57 60 61 58 61 59 62 63 60 63 61 64 65 62 65 63 66 67 64 67 65 68 69 66 69 67 70 71 68 71 69 72 73 70 73 71 74 75 72 75 73 76 77 74 77 75 78 79 76 79 77 80 81 78 81 79 82 83 80 83 81 84 85 82 85 83 86 87 84 87 85 88 89 86 89 87 90 91 88 91 89 92 93 90 93 91 94 95 92 95 93 96 97 94 97 95 98 99 96 99 97 100 101 98 101 99 102 103 100 103 101 104 105 102 105 103 106 107 104 107 105 108 109 106 109 107 110 111 108 111 109 112 113 110 113 111 114 115 112 115 113 116 117 114 117 115 118 119 116
INF INF INF INF INF INF INF INF INF INF INF INF INF INF INF INF INF INF INF INF INF INF INF INF INF INF INF INF INF INF INF INF INF INF INF INF INF INF INF INF INF INF INF INF INF INF INF INF INF INF INF INF INF INF INF INF INF INF INF INF INF INF INF INF INF INF INF INF INF INF INF INF INF INF INF INF INF INF INF INF INF INF INF INF INF INF INF INF INF INF INF INF INF INF INF INF INF INF INF INF INF INF INF INF INF INF INF INF INF INF INF INF INF INF INF INF INF INF INF INF INF INF INF INF INF INF INF INF INF INF INF INF INF INF INF INF INF INF INF INF INF INF INF INF INF INF INF INF INF INF INF INF INF INF INF INF INF INF INF INF INF INF INF INF INF INF INF INF INF INF INF INF INF INF INF INF INF INF INF INF INF INF INF INF INF INF INF INF INF INF INF INF INF INF INF INF INF INF INF INF INF INF INF INF INF INF INF INF INF INF 0 -2 1 2 5 2 0 3 4 7 4 2 5 6 9 6 4 7 8 11 8 6 9 10 13 10 8 11 12 15 12 10 13 14 17 14 12 15 16 19 16 14 17 18 21 18 16 19 20 23 20 18 21 22 25 22 20 23 24 27 24 22 25 26 29 26 24 27 28 31 28 26 29 30 33 30 28 31 32 35 32 30 33 34 37 34 32 35 36 39 36 34 37 38 41 38 36 39 40 43 40 38 41 42 45 42 40 43 44 47 44 42 45 46 49 46 44 47 48 51 48 46 49 50 53 50 48 51 52 55 52 50 53 54 57 54 52 55 56 59 56 54 57 58 61 58 56 59 60 63 60 58 61 62 65 62 60 63 64 67 64 62 65 66 69 66 64 67 68 71 68 66 69 70 73 70 68 71 72 75 72 70 73 74 77 74 72 75 76 79 76 74 77 78 81 78 76 79 80 83 80 78 81 82 85 82 80 83 84 87 84 82 85 86 89 86 84 87 88 91 88 86 89 90 93 90 88 91 92 95 92 90 93 94 97 94 92 95 96 99 96 94 97 98 101 98 96 99 100 103 100 98 101 102 105 102 100 103 104 107 104 102 105 106 109 106 104 107 108 111 108 106 109 110 113 110 108 111 112 115 112 110 113 114 117 114 112 115 116 119
INF INF INF INF INF INF INF INF INF INF INF INF INF INF INF INF INF INF INF INF INF INF INF INF INF INF INF INF INF INF INF INF INF INF INF INF INF INF INF INF INF INF INF INF INF INF INF INF INF INF INF INF INF INF INF INF INF INF INF INF INF INF INF INF INF INF INF INF INF INF INF INF INF INF INF INF INF INF INF INF INF INF INF INF INF INF INF INF INF INF INF INF INF INF INF INF INF INF INF INF INF INF INF INF INF INF INF INF INF INF INF INF INF INF INF INF INF INF INF INF INF INF INF INF INF INF INF INF INF INF INF INF INF INF INF INF INF INF INF INF INF INF INF INF INF INF INF INF INF INF INF INF INF INF INF INF INF INF INF INF INF INF INF INF INF INF INF INF INF INF INF INF INF INF INF INF INF INF INF INF INF INF INF INF INF INF INF INF INF INF INF INF INF INF INF INF INF INF INF INF INF INF INF INF INF INF INF INF INF INF INF 0 3 4 7 8 2 5 6 9 10 4 7 8 11 12 6 9 10 13 14 8 11 12 15 16 10 13 14 17 18 12 15 16 19 20 14 17 18 21 22 16 19 20 23 24 18 21 22 25 26 20 23 24 27 28 22 25 26 29 30 24 27 28 31 32 26 29 30 33 34 28 31 32 35 36 30 33 34 37 38 32 35 36 39 40 34 37 38 41 42 36 39 40 43 44 38 41 42 45 46 40 43 44 47 48 42 45 46 49 50 44 47 48 51 52 46 49 50 53 54 48 51 52 55 56 50 53 54 57 58 52 55 56 59 60 54 57 58 61 62 56 59 60 63 64 58 61 62 65 66 60 63 64 67 68 62 65 66 69 70 64 67 68 71 72 66 69 70 73 74 68 71 72 75 76 70 73 74 77 78 72 75 76 79 80 74 77 78 81 82 76 79 80 83 84 78 81 82 85 86 80 83 84 87 88 82 85 86 89 90 84 87 88 91 92 86 89 90 93 94 88 91 92 95 96 90 93 94 97 98 92 95 96 99 100 94 97 98 101 102 96 99 100 103 104 98 101 102 105 106 100 103 104 107 108 102 105 106 109 110 104 107 108 111 112 106 109 110 113 114 108 111 112 115 116 110 113 114 117 118 112 115 116 119 120 114 117 118 121
INF INF INF INF INF INF INF INF INF INF INF INF INF INF INF INF INF INF INF INF INF INF INF INF INF INF INF INF INF INF INF INF INF INF INF INF INF INF INF INF INF INF INF INF INF INF INF INF INF INF INF INF INF INF INF INF INF INF INF INF INF INF INF INF INF INF INF INF INF INF INF INF INF INF INF INF INF INF INF INF INF INF INF INF INF INF INF INF INF INF INF INF INF INF INF INF INF INF INF INF INF INF INF INF INF INF INF INF INF INF INF INF INF INF INF INF INF INF INF INF INF INF INF INF INF INF INF INF INF INF INF INF INF INF INF INF INF INF INF INF INF INF INF INF INF INF INF INF INF INF INF INF INF INF INF INF INF INF INF INF INF INF INF INF INF INF INF INF INF INF INF INF INF INF INF INF INF INF INF INF INF INF INF INF INF INF INF INF INF INF INF INF INF INF INF INF INF INF INF INF INF INF INF INF INF INF INF INF INF INF INF INF 0 3 4 7 5 2 5 6 9 7 4 7 8 11 9 6 9 10 13 11 8 11 12 15 13 10 13 14 17 15 12 15 16 19 17 14 17 18 21 19 16 19 20 23 21 18 21 22 25 23 20 23 24 27 25 22 25 26 29 27 24 27 28 31 29 26 29 30 33 31 28 31 32 35 33 30 33 34 37 35 32 35 36 39 37 34 37 38 41 39 36 39 40 43 41 38 41 42 45 43 40 43 44 47 45 42 45 46 49 47 44 47 48 51 49 46 49 50 53 51 48 51 52 55 53 50 53 54 57 55 52 55 56 59 57 54 57 58 61 59 56 59 60 63 61 58 61 62 65 63 60 63 64 67 65 62 65 66 69 67 64 67 68 71 69 66 69 70 73 71 68 71 72 75 73 70 73 74 77 75 72 75 76 79 77 74 77 78 81 79 76 79 80 83 81 78 81 82 85 83 80 83 84 87 85 82 85 86 89 87 84 87 88 91 89 86 89 90 93 91 88 91 92 95 93 90 93 94 97 95 92 95 96 99 97 94 97 98 101 99 96 99 100 103 101 98 101 102 105 103 100 103 104 107 105 102 105 106 109 107 104 107 108 111 109 106 109 110 113 111 108 111 112 115 113 110 113 114 117 115 112 115 116 119 117 114 117 118
INF INF INF INF INF INF INF INF INF INF INF INF INF INF INF INF INF INF INF INF INF INF INF INF INF INF INF INF INF INF INF INF INF INF INF INF INF INF INF INF INF INF INF INF INF INF INF INF INF INF INF INF INF INF INF INF INF INF INF INF INF INF INF INF INF INF INF INF INF INF INF INF INF INF INF INF INF INF INF INF INF INF INF INF INF INF INF INF INF INF INF INF INF INF INF INF INF INF INF INF INF INF INF INF INF INF INF INF INF INF INF INF INF INF INF INF INF INF INF INF INF INF INF INF INF INF INF INF INF INF INF INF INF INF INF INF INF INF INF INF INF INF INF INF INF INF INF INF INF INF INF INF INF INF INF INF INF INF INF INF INF INF INF INF INF INF INF INF INF INF INF INF INF INF INF INF INF INF INF INF INF INF INF INF INF INF INF INF INF INF INF INF INF INF INF INF INF INF INF INF INF INF INF INF INF INF INF INF INF INF INF INF INF 0 3 4 2 5 2 5 6 4 7 4 7 8 6 9 6 9 10 8 11 8 11 12 10 13 10 13 14 12 15 12 15 16 14 17 14 17 18 16 19 16 19 20 18 21 18 21 22 20 23 20 23 24 22 25 22 25 26 24 27 24 27 28 26 29 26 29 30 28 31 28 31 32 30 33 30 33 34 32 35 32 35 36 34 37 34 37 38 36 39 36 39 40 38 41 38 41 42 40 43 40 43 44 42 45 42 45 46 44 47 44 47 48 46 49 46 49 50 48 51 48 51 52 50 53 50 53 54 52 55 52 55 56 54 57 54 57 58 56 59 56 59 60 58 61 58 61 62 60 63 60 63 64 62 65 62 65 66 64 67 64 67 68 66 69 66 69 70 68 71 68 71 72 70 73 70 73 74 72 75 72 75 76 74 77 74 77 78 76 79 76 79 80 78 81 78 81 82 80 83 80 83 84 82 85 82 85 86 84 87 84 87 88 86 89 86 89 90 88 91 88 91 92 90 93 90 93 94 92 95 92 95 96 94 97 94 97 98 96 99 96 99 100 98 101 98 101 102 100 103 100 103 104 102 105 102 105 106 104 107 104 107 108 106 109 106 109 110 108 111 108 111 112 110 113 110 113 114 112 115 112 115 116 114 117 114 117
INF INF INF INF INF INF INF INF INF INF INF INF INF INF INF INF INF INF INF INF INF INF INF INF INF INF INF INF INF INF INF INF INF INF INF INF INF INF INF INF INF INF INF INF INF INF INF INF INF INF INF INF INF INF INF INF INF INF INF INF INF INF INF INF INF INF INF INF INF INF INF INF INF INF INF INF INF INF INF INF INF INF INF INF INF INF INF INF INF INF INF INF INF INF INF INF INF INF INF INF INF INF INF INF INF INF INF INF INF INF INF INF INF INF INF INF INF INF INF INF INF INF INF INF INF INF INF INF INF INF INF INF INF INF INF INF INF INF INF INF INF INF INF INF INF INF INF INF INF INF INF INF INF INF INF INF INF INF INF INF INF INF INF INF INF INF INF INF INF INF INF INF INF INF INF INF INF INF INF INF INF INF INF INF INF INF INF INF INF INF INF INF INF INF INF INF INF INF INF INF INF INF INF INF INF INF INF INF INF INF INF INF INF INF 0 3 1 4 5 2 5 3 6 7 4 7 5 8 9 6 9 7 10 11 8 11 9 12 13 10 13 11 14 15 12 15 13 16 17 14 17 15 18 19 16 19 17 20 21 18 21 19 22 23 20 23 21 24 25 22 25 23 26 27 24 27 25 28 29 26 29 27 30 31 28 31 29 32 33 30 33 31 34 35 32 35 33 36 37 34 37 35 38 39 36 39 37 40 41 38 41 39 42 43 40 43 41 44 45 42 45 43 46 47 44 47 45 48 49 46 49 47 50 51 48 51 49 52 53 50 53 51 54 55 52 55 53 56 57 54 57 55 58 59 56 59 57 60 61 58 61 59 62 63 60 63 61 64 65 62 65 63 66 67 64 67 65 68 69 66 69 67 70 71 68 71 69 72 73 70 73 71 74 75 72 75 73 76 77 74 77 75 78 79 76 79 77 80 81 78 81 79 82 83 80 83 81 84 85 82 85 83 86 87 84 87 85 88 89 86 89 87 90 91 88 91 89 92 93 90 93 91 94 95 92 95 93 96 97 94 97 95 98 99 96 99 97 100 101 98 101 99 102 103 100 103 101 104 105 102 105 103 106 107 104 107 105 108 109 106 109 107 110 111 108 111 109 112 113 110 113 111 114 115 112 115 113 116 117 114
INF INF INF INF INF INF INF INF INF INF INF INF INF INF INF INF INF INF INF INF INF INF INF INF INF INF INF INF INF INF INF INF INF INF INF INF INF INF INF INF INF INF INF INF INF INF INF INF INF INF INF INF INF INF INF INF INF INF INF INF INF INF INF INF INF INF INF INF INF INF INF INF INF INF INF INF INF INF INF INF INF INF INF INF INF INF INF INF INF INF INF INF INF INF INF INF INF INF INF INF INF INF INF INF INF INF INF INF INF INF INF INF INF INF INF INF INF INF INF INF INF INF INF INF INF INF INF INF INF INF INF INF INF INF INF INF INF INF INF INF INF INF INF INF INF INF INF INF INF INF INF INF INF INF INF INF INF INF INF INF INF INF INF INF INF INF INF INF INF INF INF INF INF INF INF INF INF INF INF INF INF INF INF INF INF INF INF INF INF INF INF INF INF INF INF INF INF INF INF INF INF INF INF INF INF INF INF INF INF INF INF INF INF INF INF 0 -2 1 2 5 2 0 3 4 7 4 2 5 6 9 6 4 7 8 11 8 6 9 10 13 10 8 11 12 15 12 10 13 14 17 14 12 15 16 19 16 14 17 18 21 18 16 19 20 23 20 18 21 22 25 22 20 23 24 27 24 22 25 26 29 26 24 27 28 31 28 26 29 30 33 30 28 31 32 35 32 30 33 34 37 34 32 35 36 39 36 34 37 38 41 38 36 39 40 43 40 38 41 42 45 42 40 43 44 47 44 42 45 46 49 46 44 47 48 51 48 46 49 50 53 50 48 51 52 55 52 50 53 54 57 54 52 55 56 59 56 54 57 58 61 58 56 59 60 63 60 58 61 62 65 62 60 63 64 67 64 62 65 66 69 66 64 67 68 71 68 66 69 70 73 70 68 71 72 75 72 70 73 74 77 74 72 75 76 79 76 74 77 78 81 78 76 79 80 83 80 78 81 82 85 82 80 83 84 87 84 82 85 86 89 86 84 87 88 91 88 86 89 90 93 90 88 91 92 95 92 90 93 94 97 94 92 95 96 99 96 94 97 98 101 98 96 99 100 103 100 98 101 102 105 102 100 103 104 107 104 102 105 106 109 106 104 107 108 111 108 106 109 110 113 110 108 111 112 115 112 110 113 114 117
INF INF INF INF INF INF INF INF INF INF INF INF INF INF INF INF INF INF INF INF INF INF INF INF INF INF INF INF INF INF INF INF INF INF INF INF INF INF INF INF INF INF INF INF INF INF INF INF INF INF INF INF INF INF INF INF INF INF INF INF INF INF INF INF INF INF INF INF INF INF INF INF INF INF INF INF INF INF INF INF INF INF INF INF INF INF INF INF INF INF INF INF INF INF INF INF INF INF INF INF INF INF INF INF INF INF INF INF INF INF INF INF INF INF INF INF INF INF INF INF INF INF INF INF INF INF INF INF INF INF INF INF INF INF INF INF INF INF INF INF INF INF INF INF INF INF INF INF INF INF INF INF INF INF INF INF INF INF INF INF INF INF INF INF INF INF INF INF INF INF INF INF INF INF INF INF INF INF INF INF INF INF INF INF INF INF INF INF INF INF INF INF INF INF INF INF INF INF INF INF INF INF INF INF INF INF INF INF INF INF INF INF INF INF INF INF 0 3 4 7 8 2 5 6 9 10 4 7 8 11 12 6 9 10 13 14 8 11 12 15 16 10 13 14 17 18 12 15 16 19 20 14 17 18 21 22 16 19 20 23 24 18 21 22 25 26 20 23 24 27 28 22 25 26 29 30 24 27 28 31 32 26 29 30 33 34 28 31 32 35 36 30 33 34 37 38 32 35 36 39 40 34 37 38 41 42 36 39 40 43 44 38 41 42 45 46 40 43 44 47 48 42 45 46 49 50 44 47 48 51 52 46 49 50 53 54 48 51 52 55 56 50 53 54 57 58 52 55 56 59 60 54 57 58 61 62 56 59 60 63 64 58 61 62 65 66 60 63 64 67 68 62 65 66 69 70 64 67 68 71 72 66 69 70 73 74 68 71 72 75 76 70 73 74 77 78 72 75 76 79 80 74 77 78 81 82 76 79 80 83 84 78 81 82 85 86 80 83 84 87 88 82 85 86 89 90 84 87 88 91 92 86 89 90 93 94 88 91 92 95 96 90 93 94 97 98 92 95 96 99 100 94 97 98 101 102 96 99 100 103 104 98 101 102 105 106 100 103 104 107 108 102 105 106 109 110 104 107 108 111 112 106 109 110 113 114 108 111 112 115 116 110 113 114 117 118 112 115 116 119
INF INF INF INF INF INF INF INF INF INF INF INF INF INF INF INF INF INF INF INF INF INF INF INF INF INF INF INF INF INF INF INF INF INF INF INF INF INF INF INF INF INF INF INF INF INF INF INF INF INF INF INF INF INF INF INF INF INF INF INF INF INF INF INF INF INF INF INF INF INF INF INF INF INF INF INF INF INF INF INF INF INF INF INF INF INF INF INF INF INF INF INF INF INF INF INF INF INF INF INF INF INF INF INF INF INF INF INF INF INF INF INF INF INF INF INF INF INF INF INF INF INF INF INF INF INF INF INF INF INF INF INF INF INF INF INF INF INF INF INF INF INF INF INF INF INF INF INF INF INF INF INF INF INF INF INF INF INF INF INF INF INF INF INF INF INF INF INF INF INF INF INF INF INF INF INF INF INF INF INF INF INF INF INF INF INF INF INF INF INF INF INF INF INF INF INF INF INF INF INF INF INF INF INF INF INF INF INF INF INF INF INF INF INF INF INF INF 0 3 4 7 5 2 5 6 9 7 4 7 8 11 9 6 9 10 13 11 8 11 12 15 13 10 13 14 17 15 12 15 16 19 17 14 17 18 21 19 16 19 20 23 21 18 21 22 25 23 20 23 24 27 25 22 25 26 29 27 24 27 28 31 29 26 29 30 33 31 28 31 32 35 33 30 33 34 37 35 32 35 36 39 37 34 37 38 41 39 36 39 40 43 41 38 41 42 45 43 40 43 44 47 45 42 45 46 49 47 44 47 48 51 49 46 49 50 53 51 48 51 52 55 53 50 53 54 57 55 52 55 56 59 57 54 57 58 61 59 56 59 60 63 61 58 61 62 65 63 60 63 64 67 65 62 65 66 69 67 64 67 68 71 69 66 69 70 73 71 68 71 72 75 73 70 73 74 77 75 72 75 76 79 77 74 77 78 81 79 76 79 80 83 81 78 81 82 85 83 80 83 84 87 85 82 85 86 89 87 84 87 88 91 89 86 89 90 93 91 88 91 92 95 93 90 93 94 97 95 92 95 96 99 97 94 97 98 101 99 96 99 100 103 101 98 101 102 105 103 100 103 104 107 105 102 105 106 109 107 104 107 108 111 109 106 109 110 113 111 108 111 112 115 113 110 113 114 117 115 112 115 116
INF INF INF INF INF INF INF INF INF INF INF INF INF INF INF INF INF INF INF INF INF INF INF INF INF INF INF INF INF INF INF INF INF INF INF INF INF INF INF INF INF INF INF INF INF INF INF INF INF INF INF INF INF INF INF INF INF INF INF INF INF INF INF INF INF INF INF INF INF INF INF INF INF INF INF INF INF INF INF INF INF INF INF INF INF INF INF INF INF INF INF INF INF INF INF INF INF INF INF INF INF INF INF INF INF INF INF INF INF INF INF INF INF INF INF INF INF INF INF INF INF INF INF INF INF INF INF INF INF INF INF INF INF INF INF INF INF INF INF INF INF INF INF INF INF INF INF INF INF INF INF INF INF INF INF INF INF INF INF INF INF INF INF INF INF INF INF INF INF INF INF INF INF INF INF INF INF INF INF INF INF INF INF INF INF INF INF INF INF INF INF INF INF INF INF INF INF INF INF INF INF INF INF INF INF INF INF INF INF INF INF INF INF INF INF INF INF INF 0 3 4 2 5 2 5 6 4 7 4 7 8 6 9 6 9 10 8 11 8 11 12 10 13 10 13 14 12 15 12 15 16 14 17 14 17 18 16 19 16 19 20 18 21 18 21 22 20 23 20 23 24 22 25 22 25 26 24 27 24 27 28 26 29 26 29 30 28 31 28 31 32 30 33 30 33 34 32 35 32 35 36 34 37 34 37 38 36 39 36 39 40 38 41 38 41 42 40 43 40 43 44 42 45 42 45 46 44 47 44 47 48 46 49 46 49 50 48 51 48 51 52 50 53 50 53 54 52 55 52 55 56 54 57 54 57 58 56 59 56 59 60 58 61 58 61 62 60 63 60 63 64 62 65 62 65 66 64 67 64 67 68 66 69 66 69 70 68 71 68 71 72 70 73 70 73 74 72 75 72 75 76 74 77 74 77 78 76 79 76 79 80 78 81 78 81 82 80 83 80 83 84 82 85 82 85 86 84 87 84 87 88 86 89 86 89 90 88 91 88 91 92 90 93 90 93 94 92 95 92 95 96 94 97 94 97 98 96 99 96 99 100 98 101 98 101 102 100 103 100 103 104 102 105 102 105 106 104 107 104 107 108 106 109 106 109 110 108 111 108 111 112 110 113 110 113 114 112 115 112 115
INF INF INF INF INF INF INF INF INF INF INF INF INF INF INF INF INF INF INF INF INF INF INF INF INF INF INF INF INF INF INF INF INF INF INF INF INF INF INF INF INF INF INF INF INF INF INF INF INF INF INF INF INF INF INF INF INF INF INF INF INF INF INF INF INF INF INF INF INF INF INF INF INF INF INF INF INF INF INF INF INF INF INF INF INF INF INF INF INF INF INF INF INF INF INF INF INF INF INF INF INF INF INF INF INF INF INF INF INF INF INF INF INF INF INF INF INF INF INF INF INF INF INF INF INF INF INF INF INF INF INF INF INF INF INF INF INF INF INF INF INF INF INF INF INF INF INF INF INF INF INF INF INF INF INF INF INF INF INF INF INF INF INF INF INF INF INF INF INF INF INF INF INF INF INF INF INF INF INF INF INF INF INF INF INF INF INF INF INF INF INF INF INF INF INF INF INF INF INF INF INF INF INF INF INF INF INF INF INF INF INF INF INF INF INF INF INF INF INF 0 3 1 4 5 2 5 3 6 7 4 7 5 8 9 6 9 7 10 11 8 11 9 12 13 10 13 11 14 15 12 15 13 16 17 14 17 15 18 19 16 19 17 20 21 18 21 19 22 23 20 23 21 24 25 22 25 23 26 27 24 27 25 28 29 26 29 27 30 31 28 31 29 32 33 30 33 31 34 35 32 35 33 36 37 34 37 35 38 39 36 39 37 40 41 38 41 39 42 43 40 43 41 44 45 42 45 43 46 47 44 47 45 48 49 46 49 47 50 51 48 51 49 52 53 50 53 51 54 55 52 55 53 56 57 54 57 55 58 59 56 59 57 60 61 58 61 59 62 63 60 63 61 64 65 62 65 63 66 67 64 67 65 68 69 66 69 67 70 71 68 71 69 72 73 70 73 71 74 75 72 75 73 76 77 74 77 75 78 79 76 79 77 80 81 78 81 79 82 83 80 83 81 84 85 82 85 83 86 87 84 87 85 88 89 86 89 87 90 91 88 91 89 92 93 90 93 91 94 95 92 95 93 96 97 94 97 95 98 99 96 99 97 100 101 98 101 99 102 103 100 103 101 104 105 102 105 103 106 107 104 107 105 108 109 106 109 107 110 111 108 111 109 112 113 110 113 111 114 115 112
INF INF INF INF INF INF INF INF INF INF INF INF INF INF INF INF INF INF INF INF INF INF INF INF INF INF INF INF INF INF INF INF INF INF INF INF INF INF INF INF INF INF INF INF INF INF INF INF INF INF INF INF INF INF INF INF INF INF INF INF INF INF INF INF INF INF INF INF INF INF INF INF INF INF INF INF INF INF INF INF INF INF INF INF INF INF INF INF INF INF INF INF INF INF INF INF INF INF INF INF INF INF INF INF INF INF INF INF INF INF INF INF INF INF INF INF INF INF INF INF INF INF INF INF INF INF INF INF INF INF INF INF INF INF INF INF INF INF INF INF INF INF INF INF INF INF INF INF INF INF INF INF INF INF INF INF INF INF INF INF INF INF INF INF INF INF INF INF INF INF INF INF INF INF INF INF INF INF INF INF INF INF INF INF INF INF INF INF INF INF INF INF INF INF INF INF INF INF INF INF INF INF INF INF INF INF INF INF INF INF INF INF INF INF INF INF INF INF INF INF 0 -2 1 2 5 2 0 3 4 7 4 2 5 6 9 6 4 7 8 11 8 6 9 10 13 10 8 11 12 15 12 10 13 14 17 14 12 15 16 19 16 14 17 18 21 18 16 19 20 23 20 18 21 22 25 22 20 23 24 27 24 22 25 26 29 26 24 27 28 31 28 26 29 30 33 30 28 31 32 35 32 30 33 34 37 34 32 35 36 39 36 34 37 38 41 38 36 39 40 43 40 38 41 42 45 42 40 43 44 47 44 42 45 46 49 46 44 47 48 51 48 46 49 50 53 50 48 51 52 55 52 50 53 54 57 54 52 55 56 59 56 54 57 58 61 58 56 59 60 63 60 58 61 62 65 62 60 63 64 67 64 62 65 66 69 66 64 67 68 71 68 66 69 70 73 70 68 71 72 75 72 70 73 74 77 74 72 75 76 79 76 74 77 78 81 78 76 79 80 83 80 78 81 82 85 82 80 83 84 87 84 82 85 86 89 86 84 87 88 91 88 86 89 90 93 90 88 91 92 95 92 90 93 94 97 94 92 95 96 99 96 94 97 98 101 98 96 99 100 103 100 98 101 102 105 102 100 103 104 107 104 102 105 106 109 106 104 107 108 111 108 106 109 110 113 110 108 111 112 115
INF INF INF INF INF INF INF INF INF INF INF INF INF INF INF INF INF INF INF INF INF INF INF INF INF INF INF INF INF INF INF INF INF INF INF INF INF INF INF INF INF INF INF INF INF INF INF INF INF INF INF INF INF INF INF INF INF INF INF INF INF INF INF INF INF INF INF INF INF INF INF INF INF INF INF INF INF INF INF INF INF INF INF INF INF INF INF INF INF INF INF INF INF INF INF INF INF INF INF INF INF INF INF INF INF INF INF INF INF INF INF INF INF INF INF INF INF INF INF INF INF INF INF INF INF INF INF INF INF INF INF INF INF INF INF INF INF INF INF INF INF INF INF INF INF INF INF INF INF INF INF INF INF INF INF INF INF INF INF INF INF INF INF INF INF INF INF INF INF INF INF INF INF INF INF INF INF INF INF INF INF INF INF INF INF INF INF INF INF INF INF INF INF INF INF INF INF INF INF INF INF INF INF INF INF INF INF INF INF INF INF INF INF INF INF INF INF INF INF INF INF 0 3 4 7 8 2 5 6 9 10 4 7 8 11 12 6 9 10 13 14 8 11 12 15 16 10 13 14 17 18 12 15 16 19 20 14 17 18 21 22 16 19 20 23 24 18 21 22 25 26 20 23 24 27 28 22 25 26 29 30 24 27 28 31 32 26 29 30 33 34 28 31 32 35 36 30 33 34 37 38 32 35 36 39 40 34 37 38 41 42 36 39 40 43 44 38 41 42 45 46 40 43 44 47 48 42 45 46 49 50 44 47 48 51 52 46 49 50 53 54 48 51 52 55 56 50 53 54 57 58 52 55 56 59 60 54 57 58 61 62 56 59 60 63 64 58 61 62 65 66 60 63 64 67 68 62 65 66 69 70 64 67 68 71 72 66 69 70 73 74 68 71 72 75 76 70 73 74 77 78 72 75 76 79 80 74 77 78 81 82 76 79 80 83 84 78 81 82 85 86 80 83 84 87 88 82 85 86 89 90 84 87 88 91 92 86 89 90 93 94 88 91 92 95 96 90 93 94 97 98 92 95 96 99 100 94 97 98 101 102 96 99 100 103 104 98 101 102 105 106 100 103 104 107 108 102 105 106 109 110 104 107 108 111 112 106 109 110 113 114 108 111 112 115 116 110 113 114 117
INF INF INF INF INF INF INF INF INF INF INF INF INF INF INF INF INF INF INF INF INF INF INF INF INF INF INF INF INF INF INF INF INF INF INF INF INF INF INF INF INF INF INF INF INF INF INF INF INF INF INF INF INF INF INF INF INF INF INF INF INF INF INF INF INF INF INF INF INF INF INF INF INF INF INF INF INF INF INF INF INF INF INF INF INF INF INF INF INF INF INF INF INF INF INF INF INF INF INF INF INF INF INF INF INF INF INF INF INF INF INF INF INF INF INF INF INF INF INF INF INF INF INF INF INF INF INF INF INF INF INF INF INF INF INF INF INF INF INF INF INF INF INF INF INF INF INF INF INF INF INF INF INF INF INF INF INF INF INF INF INF INF INF INF INF INF INF INF INF INF INF INF INF INF INF INF INF INF INF INF INF INF INF INF INF INF INF INF INF INF INF INF INF INF INF INF INF INF INF INF INF INF INF INF INF INF INF INF INF INF INF INF INF INF INF INF INF INF INF INF INF INF 0 3 4 7 5 2 5 6 9 7 4 7 8 11 9 6 9 10 13 11 8 11 12 15 13 10 13 14 17 15 12 15 16 19 17 14 17 18 21 19 16 19 20 23 21 18 21 22 25 23 20 23 24 27 25 22 25 26 29 27 24 27 28 31 29 26 29 30 33 31 28 31 32 35 33 30 33 34 37 35 32 35 36 39 37 34 37 38 41 39 36 39 40 43 41 38 41 42 45 43 40 43 44 47 45 42 45 46 49 47 44 47 48 51 49 46 49 50 53 51 48 51 52 55 53 50 53 54 57 55 52 55 56 59 57 54 57 58 61 59 56 59 60 63 61 58 61 62 65 63 60 63 64 67 65 62 65 66 69 67 64 67 68 71 69 66 69 70 73 71 68 71 72 75 73 70 73 74 77 75 72 75 76 79 77 74 77 78 81 79 76 79 80 83 81 78 81 82 85 83 80 83 84 87 85 82 85 86 89 87 84 87 88 91 89 86 89 90 93 91 88 91 92 95 93 90 93 94 97 95 92 95 96 99 97 94 97 98 101 99 96 99 100 103 101 98 101 102 105 103 100 103 104 107 105 102 105 106 109 107 104 107 108 111 109 106 109 110 113 111 108 111 112 115 113 110 113 114
INF INF INF INF INF INF INF INF INF INF INF INF INF INF INF INF INF INF INF INF INF INF INF INF INF INF INF INF INF INF INF INF INF INF INF INF INF INF INF INF INF INF INF INF INF INF INF INF INF INF INF INF INF INF INF INF INF INF INF INF INF INF INF INF INF INF INF INF INF INF INF INF INF INF INF INF INF INF INF INF INF INF INF INF INF INF INF INF INF INF INF INF INF INF INF INF INF INF INF INF INF INF INF INF INF INF INF INF INF INF INF INF INF INF INF INF INF INF INF INF INF INF INF INF INF INF INF INF INF INF INF INF INF INF INF INF INF INF INF INF INF INF INF INF INF INF INF INF INF INF INF INF INF INF INF INF INF INF INF INF INF INF INF INF INF INF INF INF INF INF INF INF INF INF INF INF INF INF INF INF INF INF INF INF INF INF INF INF INF INF INF INF INF INF INF INF INF INF INF INF INF INF INF INF INF INF INF INF INF INF INF INF INF INF INF INF INF INF INF INF INF INF INF 0 3 4 2 5 2 5 6 4 7 4 7 8 6 9 6 9 10 8 11 8 11 12 10 13 10 13 14 12 15 12 15 16 14 17 14 17 18 16 19 16 19 20 18 21 18 21 22 20 23 20 23 24 22 25 22 25 26 24 27 24 27 28 26 29 26 29 30 28 31 28 31 32 30 33 30 33 34 32 35 32 35 36 34 37 34 37 38 36 39 36 39 40 38 41 38 41 42 40 43 40 43 44 42 45 42 45 46 44 47 44 47 48 46 49 46 49 50 48 51 48 51 52 50 53 50 53 54 52 55 52 55 56 54 57 54 57 58 56 59 56 59 60 58 61 58 61 62 60 63 60 63 64 62 65 62 65 66 64 67 64 67 68 66 69 66 69 70 68 71 68 71 72 70 73 70 73 74 72 75 72 75 76 74 77 74 77 78 76 79 76 79 80 78 81 78 81 82 80 83 80 83 84 82 85 82 85 86 84 87 84 87 88 86 89 86 89 90 88 91 88 91 92 90 93 90 93 94 92 95 92 95 96 94 97 94 97 98 96 99 96 99 100 98 101 98 101 102 100 103 100 103 104 102 105 102 105 106 104 107 104 107 108 106 109 106 109 110 108 111 108 111 112 110 113 110 113
INF INF INF INF INF INF INF INF INF INF INF INF INF INF INF INF INF INF INF INF INF INF INF INF INF INF INF INF INF INF INF INF INF INF INF INF INF INF INF INF INF INF INF INF INF INF INF INF INF INF INF INF INF INF INF INF INF INF INF INF INF INF INF INF INF INF INF INF INF INF INF INF INF INF INF INF INF INF INF INF INF INF INF INF INF INF INF INF INF INF INF INF INF INF INF INF INF INF INF INF INF INF INF INF INF INF INF INF INF INF INF INF INF INF INF INF INF INF INF INF INF INF INF INF INF INF INF INF INF INF INF INF INF INF INF INF INF INF INF INF INF INF INF INF INF INF INF INF INF INF INF INF INF INF INF INF INF INF INF INF INF INF INF INF INF INF INF INF INF INF INF INF INF INF INF INF INF INF INF INF INF INF INF INF INF INF INF INF INF INF INF INF INF INF INF INF INF INF INF INF INF INF INF INF INF INF INF INF INF INF INF INF INF INF INF INF INF INF INF INF INF INF INF INF 0 3 1 4 5 2 5 3 6 7 4 7 5 8 9 6 9 7 10 11 8 11 9 12 13 10 13 11 14 15 12 15 13 16 17 14 17 15 18 19 16 19 17 20 21 18 21 19 22 23 20 23 21 24 25 22 25 23 26 27 24 27 25 28 29 26 29 27 30 31 28 31 29 32 33 30 33 31 34 35 32 35 33 36 37 34 37 35 38 39 36 39 37 40 41 38 41 39 42 43 40 43 41 44 45 42 45 43 46 47 44 47 45 48 49 46 49 47 50 51 48 51 49 52 53 50 53 51 54 55 52 55 53 56 57 54 57 55 58 59 56 59 57 60 61 58 61 59 62 63 60 63 61 64 65 62 65 63 66 67 64 67 65 68 69 66 69 67 70 71 68 71 69 72 73 70 73 71 74 75 72 75 73 76 77 74 77 75 78 79 76 79 77 80 81 78 81 79 82 83 80 83 81 84 85 82 85 83 86 87 84 87 85 88 89 86 89 87 90 91 88 91 89 92 93 90 93 91 94 95 92 95 93 96 97 94 97 95 98 99 96 99 97 100 101 98 101 99 102 103 100 103 101 104 105 102 105 103 106 107 104 107 105 108 109 106 109 107 110 111 108 111 109 112 113 110
INF INF INF INF INF INF INF INF INF INF INF INF INF INF INF INF INF INF INF INF INF INF INF INF INF INF INF INF INF INF INF INF INF INF INF INF INF INF INF INF INF INF INF INF INF INF INF INF INF INF INF INF INF INF INF INF INF INF INF INF INF INF INF INF INF INF INF INF INF INF INF INF INF INF INF INF INF INF INF INF INF INF INF INF INF INF INF INF INF INF INF INF INF INF INF INF INF INF INF INF INF INF INF INF INF INF INF INF INF INF INF INF INF INF INF INF INF INF INF INF INF INF INF INF INF INF INF INF INF INF INF INF INF INF INF INF INF INF INF INF INF INF INF INF INF INF INF INF INF INF INF INF INF INF INF INF INF INF INF INF INF INF INF INF INF INF INF INF INF INF INF INF INF INF INF INF INF INF INF INF INF INF INF INF INF INF INF INF INF INF INF INF INF INF INF INF INF INF INF INF INF INF INF INF INF INF INF INF INF INF INF INF INF INF INF INF INF INF INF INF INF INF INF INF INF 0 -2 1 2 5 2 0 3 4 7 4 2 5 6 9 6 4 7 8 11 8 6 9 10 13 10 8 11 12 15 12 10 13 14 17 14 12 15 16 19 16 14 17 18 21 18 16 19 20 23 20 18 21 22 25 22 20 23 24 27 24 22 25 26 29 26 24 27 28 31 28 26 29 30 33 30 28 31 32 35 32 30 33 34 37 34 32 35 36 39 36 34 37 38 41 38 36 39 40 43 40 38 41 42 45 42 40 43 44 47 44 42 45 46 49 46 44 47 48 51 48 46 49 50 53 50 48 51 52 55 52 50 53 54 57 54 52 55 56 59 56 54 57 58 61 58 56 59 60 63 60 58 61 62 65 62 60 63 64 67 64 62 65 66 69 66 64 67 68 71 68 66 69 70 73 70 68 71 72 75 72 70 73 74 77 74 72 75 76 79 76 74 77 78 81 78 76 79 80 83 80 78 81 82 85 82 80 83 84 87 84 82 85 86 89 86 84 87 88 91 88 86 89 90 93 90 88 91 92 95 92 90 93 94 97 94 92 95 96 99 96 94 97 98 101 98 96 99 100 103 100 98 101 102 105 102 100 103 104 107 104 102 105 106 109 106 104 107 108 111 108 106 109 110 113
INF INF INF INF INF INF INF INF INF INF INF INF INF INF INF INF INF INF INF INF INF INF INF INF INF INF INF INF INF INF INF INF INF INF INF INF INF INF INF INF INF INF INF INF INF INF INF INF INF INF INF INF INF INF INF INF INF INF INF INF INF INF INF INF INF INF INF INF INF INF INF INF INF INF INF INF INF INF INF INF INF INF INF INF INF INF INF INF INF INF INF INF INF INF INF INF INF INF INF INF INF INF INF INF INF INF INF INF INF INF INF INF INF INF INF INF INF INF INF INF INF INF INF INF INF INF INF INF INF INF INF INF INF INF INF INF INF INF INF INF INF INF INF INF INF INF INF INF INF INF INF INF INF INF INF INF INF INF INF INF INF INF INF INF INF INF INF INF INF INF INF INF INF INF INF INF INF INF INF INF INF INF INF INF INF INF INF INF INF INF INF INF INF INF INF INF INF INF INF INF INF INF INF INF INF INF INF INF INF INF INF INF INF INF INF INF INF INF INF INF INF INF INF INF INF INF 0 3 4 7 8 2 5 6 9 10 4 7 8 11 12 6 9 10 13 14 8 11 12 15 16 10 13 14 17 18 12 15 16 19 20 14 17 18 21 22 16 19 20 23 24 18 21 22 25 26 20 23 24 27 28 22 25 26 29 30 24 27 28 31 32 26 29 30 33 34 28 31 32 35 36 30 33 34 37 38 32 35 36 39 40 34 37 38 41 42 36 39 40 43 44 38 41 42 45 46 40 43 44 47 48 42 45 46 49 50 44 47 48 51 52 46 49 50 53 54 48 51 52 55 56 50 53 54 57 58 52 55 56 59 60 54 57 58 61 62 56 59 60 63 64 58 61 62 65 66 60 63 64 67 68 62 65 66 69 70 64 67 68 71 72 66 69 70 73 74 68 71 72 75 76 70 73 74 77 78 72 75 76 79 80 74 77 78 81 82 76 79 80 83 84 78 81 82 85 86 80 83 84 87 88 82 85 86 89 90 84 87 88 91 92 86 89 90 93 94 88 91 92 95 96 90 93 94 97 98 92 95 96 99 100 94 97 98 101 102 96 99 100 103 104 98 101 102 105 106 100 103 104 107 108 102 105 106 109 110 104 107 108 111 112 106 109 110 113 114 108 111 112 115
INF INF INF INF INF INF INF INF INF INF INF INF INF INF INF INF INF INF INF INF INF INF INF INF INF INF INF INF INF INF INF INF INF INF INF INF INF INF INF INF INF INF INF INF INF INF INF INF INF INF INF INF INF INF INF INF INF INF INF INF INF INF INF INF INF INF INF INF INF INF INF INF INF INF INF INF INF INF INF INF INF INF INF INF INF INF INF INF INF INF INF INF INF INF INF INF INF INF INF INF INF INF INF INF INF INF INF INF INF INF INF INF INF INF INF INF INF INF INF INF INF INF INF INF INF INF INF INF INF INF INF INF INF INF INF INF INF INF INF INF INF INF INF INF INF INF INF INF INF INF INF INF INF INF INF INF INF INF INF INF INF INF INF INF INF INF INF INF INF INF INF INF INF INF INF INF INF INF INF INF INF INF INF INF INF INF INF INF INF INF INF INF INF INF INF INF INF INF INF INF INF INF INF INF INF INF INF INF INF INF INF INF INF INF INF INF INF INF INF INF INF INF INF INF INF INF INF 0 3 4 7 5 2 5 6 9 7 4 7 8 11 9 6 9 10 13 11 8 11 12 15 13 10 13 14 17 15 12 15 16 19 17 14 17 18 21 19 16 19 20 23 21 18 21 22 25 23 20 23 24 27 25 22 25 26 29 27 24 27 28 31 29 26 29 30 33 31 28 31 32 35 33 30 33 34 37 35 32 35 36 39 37 34 37 38 41 39 36 39 40 43 41 38 41 42 45 43 40 43 44 47 45 42 45 46 49 47 44 47 48 51 49 46 49 50 53 51 48 51 52 55 53 50 53 54 57 55 52 55 56 59 57 54 57 58 61 59 56 59 60 63 61 58 61 62 65 63 60 63 64 67 65 62 65 66 69 67 64 67 68 71 69 66 69 70 73 71 68 71 72 75 73 70 73 74 77 75 72 75 76 79 77 74 77 78 81 79 76 79 80 83 81 78 81 82 85 83 80 83 84 87 85 82 85 86 89 87 84 87 88 91 89 86 89 90 93 91 88 91 92 95 93 90 93 94 97 95 92 95 96 99 97 94 97 98 101 99 96 99 100 103 101 98 101 102 105 103 100 103 104 107 105 102 105 106 109 107 104 107 108 111 109 106 109 110 113 111 108 111 112
INF INF INF INF INF INF INF INF INF INF INF INF INF INF INF INF INF INF INF INF INF INF INF INF INF INF INF INF INF INF INF INF INF INF INF INF INF INF INF INF INF INF INF INF INF INF INF INF INF INF INF INF INF INF INF INF INF INF INF INF INF INF INF INF INF INF INF INF INF INF INF INF INF INF INF INF INF INF INF INF INF INF INF INF INF INF INF INF INF INF INF INF INF INF INF INF INF INF INF INF INF INF INF INF INF INF INF INF INF INF INF INF INF INF INF INF INF INF INF INF INF INF INF INF INF INF INF INF INF INF INF INF INF INF INF INF INF INF INF INF INF INF INF INF INF INF INF INF INF INF INF INF INF INF INF INF INF INF INF INF INF INF INF INF INF INF INF INF INF INF INF INF INF INF INF INF INF INF INF INF INF INF INF INF INF INF INF INF INF INF INF INF INF INF INF INF INF INF INF INF INF INF INF INF INF INF INF INF INF INF INF INF INF INF INF INF INF INF INF INF INF INF INF INF INF INF INF INF 0 3 4 2 5 2 5 6 4 7 4 7 8 6 9 6 9 10 8 11 8 11 12 10 13 10 13 14 12 15 12 15 16 14 17 14 17 18 16 19 16 19 20 18 21 18 21 22 20 23 20 23 24 22 25 22 25 26 24 27 24 27 28 26 29 26 29 30 28 31 28 31 32 30 33 30 33 34 32 35 32 35 36 34 37 34 37 38 36 39 36 39 40 38 41 38 41 42 40 43 40 43 44 42 45 42 45 46 44 47 44 47 48 46 49 46 49 50 48 51 48 51 52 50 53 50 53 54 52 55 52 55 56 54 57 54 57 58 56 59 56 59 60 58 61 58 61 62 60 63 60 63 64 62 65 62 65 66 64 67 64 67 68 66 69 66 69 70 68 71 68 71 72 70 73 70 73 74 72 75 72 75 76 74 77 74 77 78 76 79 76 79 80 78 81 78 81 82 80 83 80 83 84 82 85 82 85 86 84 87 84 87 88 86 89 86 89 90 88 91 88 91 92 90 93 90 93 94 92 95 92 95 96 94 97 94 97 98 96 99 96 99 100 98 101 98 101 102 100 103 100 103 104 102 105 102 105 106 104 107 104 107 108 106 109 106 109 110 108 111 108 111
INF INF INF INF INF INF INF INF INF INF INF INF INF INF INF INF INF INF INF INF INF INF INF INF INF INF INF INF INF INF INF INF INF INF INF INF INF INF INF INF INF INF INF INF INF INF INF INF INF INF INF INF INF INF INF INF INF INF INF INF INF INF INF INF INF INF INF INF INF INF INF INF INF INF INF INF INF INF INF INF INF INF INF INF INF INF INF INF INF INF INF INF INF INF INF INF INF INF INF INF INF INF INF INF INF INF INF INF INF INF INF INF INF INF INF INF INF INF INF INF INF INF INF INF INF INF INF INF INF INF INF INF INF INF INF INF INF INF INF INF INF INF INF INF INF INF INF INF INF INF INF INF INF INF INF INF INF INF INF INF INF INF INF INF INF INF INF INF INF INF INF INF INF INF INF INF INF INF INF INF INF INF INF INF INF INF INF INF INF INF INF INF INF INF INF INF INF INF INF INF INF INF INF INF INF INF INF INF INF INF INF INF INF INF INF INF INF INF INF INF INF INF INF INF INF INF INF INF INF 0 3 1 4 5 2 5 3 6 7 4 7 5 8 9 6 9 7 10 11 8 11 9 12 13 10 13 11 14 15 12 15 13 16 17 14 17 15 18 19 16 19 17 20 21 18 21 19 22 23 20 23 21 24 25 22 25 23 26 27 24 27 25 28 29 26 29 27 30 31 28 31 29 32 33 30 33 31 34 35 32 35 33 36 37 34 37 35 38 39 36 39 37 40 41 38 41 39 42 43 40 43 41 44 45 42 45 43 46 47 44 47 45 48 49 46 49 47 50 51 48 51 49 52 53 50 53 51 54 55 52 55 53 56 57 54 57 55 58 59 56 59 57 60 61 58 61 59 62 63 60 63 61 64 65 62 65 63 66 67 64 67 65 68 69 66 69 67 70 71 68 71 69 72 73 70 73 71 74 75 72 75 73 76 77 74 77 75 78 79 76 79 77 80 81 78 81 79 82 83 80 83 81 84 85 82 85 83 86 87 84 87 85 88 89 86 89 87 90 91 88 91 89 92 93 90 93 91 94 95 92 95 93 96 97 94 97 95 98 99 96 99 97 100 101 98 101 99 102 103 100 103 101 104 105 102 105 103 106 107 104 107 105 108 109 106 109 107 110 111 108
INF INF INF INF INF INF INF INF INF INF INF INF INF INF INF INF INF INF INF INF INF INF INF INF INF INF INF INF INF INF INF INF INF INF INF INF INF INF INF INF INF INF INF INF INF INF INF INF INF INF INF INF INF INF INF INF INF INF INF INF INF INF INF INF INF INF INF INF INF INF INF INF INF INF INF INF INF INF INF INF INF INF INF INF INF INF INF INF INF INF INF INF INF INF INF INF INF INF INF INF INF INF INF INF INF INF INF INF INF INF INF INF INF INF INF INF INF INF INF INF INF INF INF INF INF INF INF INF INF INF INF INF INF INF INF INF INF INF INF INF INF INF INF INF INF INF INF INF INF INF INF INF INF INF INF INF INF INF INF INF INF INF INF INF INF INF INF INF INF INF INF INF INF INF INF INF INF INF INF INF INF INF INF INF INF INF INF INF INF INF INF INF INF INF INF INF INF INF INF INF INF INF INF INF INF INF INF INF INF INF INF INF INF INF INF INF INF INF INF INF INF INF INF INF INF INF INF INF INF INF 0 -2 1 2 5 2 0 3 4 7 4 2 5 6 9 6 4 7 8 11 8 6 9 10 13 10 8 11 12 15 12 10 13 14 17 14 12 15 16 19 16 14 17 18 21 18 16 19 20 23 20 18 21 22 25 22 20 23 24 27 24 22 25 26 29 26 24 27 28 31 28 26 29 30 33 30 28 31 32 35 32 30 33 34 37 34 32 35 36 39 36 34 37 38 41 38 36 39 40 43 40 38 41 42 45 42 40 43 44 47 44 42 45 46 49 46 44 47 48 51 48 46 49 50 53 50 48 51 52 55 52 50 53 54 57 54 52 55 56 59 56 54 57 58 61 58 56 59 60 63 60 58 61 62 65 62 60 63 64 67 64 62 65 66 69 66 64 67 68 71 68 66 69 70 73 70 68 71 72 75 72 70 73 74 77 74 72 75 76 79 76 74 77 78 81 78 76 79 80 83 80 78 81 82 85 82 80 83 84 87 84 82 85 86 89 86 84 87 88 91 88 86 89 90 93 90 88 91 92 95 92 90 93 94 97 94 92 95 96 99 96 94 97 98 101 98 96 99 100 103 100 98 101 102 105 102 100 103 104 107 104 102 105 106 109 106 104 107 108 111
INF INF INF INF INF INF INF INF INF INF INF INF INF INF INF INF INF INF INF INF INF INF INF INF INF INF INF INF INF INF INF INF INF INF INF INF INF INF INF INF INF INF INF INF INF INF INF INF INF INF INF INF INF INF INF INF INF INF INF INF INF INF INF INF INF INF INF INF INF INF INF INF INF INF INF INF INF INF INF INF INF INF INF INF INF INF INF INF INF INF INF INF INF INF INF INF INF INF INF INF INF INF INF INF INF INF INF INF INF INF INF INF INF INF INF INF INF INF INF INF INF INF INF INF INF INF INF INF INF INF INF INF INF INF INF INF INF INF INF INF INF INF INF INF INF INF INF INF INF INF INF INF INF INF INF INF INF INF INF INF INF INF INF INF INF INF INF INF INF INF INF INF INF INF INF INF INF INF INF INF INF INF INF INF INF INF INF INF INF INF INF INF INF INF INF INF INF INF INF INF INF INF INF INF INF INF INF INF INF INF INF INF INF INF INF INF INF INF INF INF INF INF INF INF INF INF INF INF INF INF INF 0 3 4 7 8 2 5 6 9 10 4 7 8 11 12 6 9 10 13 14 8 11 12 15 16 10 13 14 17 18 12 15 16 19 20 14 17 18 21 22 16 19 20 23 24 18 21 22 25 26 20 23 24 27 28 22 25 26 29 30 24 27 28 31 32 26 29 30 33 34 28 31 32 35 36 30 33 34 37 38 32 35 36 39 40 34 37 38 41 42 36 39 40 43 44 38 41 42 45 46 40 43 44 47 48 42 45 46 49 50 44 47 48 51 52 46 49 50 53 54 48 51 52 55 56 50 53 54 57 58 52 55 56 59 60 54 57 58 61 62 56 59 60 63 64 58 61 62 65 66 60 63 64 67 68 62 65 66 69 70 64 67 68 71 72 66 69 70 73 74 68 71 72 75 76 70 73 74 77 78 72 75 76 79 80 74 77 78 81 82 76 79 80 83 84 78 81 82 85 86 80 83 84 87 88 82 85 86 89 90 84 87 88 91 92 86 89 90 93 94 88 91 92 95 96 90 93 94 97 98 92 95 96 99 100 94 97 98 101 102 96 99 100 103 104 98 101 102 105 106 100 103 104 107 108 102 105 106 109 110 104 107 108 111 112 106 109 110 113
INF INF INF INF INF INF INF INF INF INF INF INF INF INF INF INF INF INF INF INF INF INF INF INF INF INF INF INF INF INF INF INF INF INF INF INF INF INF INF INF INF INF INF INF INF INF INF INF INF INF INF INF INF INF INF INF INF INF INF INF INF INF INF INF INF INF INF INF INF INF INF INF INF INF INF INF INF INF INF INF INF INF INF INF INF INF INF INF INF INF INF INF INF INF INF INF INF INF INF INF INF INF INF INF INF INF INF INF INF INF INF INF INF INF INF INF INF INF INF INF INF INF INF INF INF INF INF INF INF INF INF INF INF INF INF INF INF INF INF INF INF INF INF INF INF INF INF INF INF INF INF INF INF INF INF INF INF INF INF INF INF INF INF INF INF INF INF INF INF INF INF INF INF INF INF INF INF INF INF INF INF INF INF INF INF INF INF INF INF INF INF INF INF INF INF INF INF INF INF INF INF INF INF INF INF INF INF INF INF INF INF INF INF INF INF INF INF INF INF INF INF INF INF INF INF INF INF INF INF INF INF INF 0 3 4 7 5 2 5 6 9 7 4 7 8 11 9 6 9 10 13 11 8 11 12 15 13 10 13 14 17 15 12 15 16 19 17 14 17 18 21 19 16 19 20 23 21 18 21 22 25 23 20 23 24 27 25 22 25 26 29 27 24 27 28 31 29 26 29 30 33 31 28 31 32 35 33 30 33 34 37 35 32 35 36 39 37 34 37 38 41 39 36 39 40 43 41 38 41 42 45 43 40 43 44 47 45 42 45 46 49 47 44 47 48 51 49 46 49 50 53 51 48 51 52 55 53 50 53 54 57 55 52 55 56 59 57 54 57 58 61 59 56 59 60 63 61 58 61 62 65 63 60 63 64 67 65 62 65 66 69 67 64 67 68 71 69 66 69 70 73 71 68 71 72 75 73 70 73 74 77 75 72 75 76 79 77 74 77 78 81 79 76 79 80 83 81 78 81 82 85 83 80 83 84 87 85 82 85 86 89 87 84 87 88 91 89 86 89 90 93 91 88 91 92 95 93 90 93 94 97 95 92 95 96 99 97 94 97 98 101 99 96 99 100 103 101 98 101 102 105 103 100 103 104 107 105 102 105 106 109 107 104 107 108 111 109 106 109 110
INF INF INF INF INF INF INF INF INF INF INF INF INF INF INF INF INF INF INF INF INF INF INF INF INF INF INF INF INF INF INF INF INF INF INF INF INF INF INF INF INF INF INF INF INF INF INF INF INF INF INF INF INF INF INF INF INF INF INF INF INF INF INF INF INF INF INF INF INF INF INF INF INF INF INF INF INF INF INF INF INF INF INF INF INF INF INF INF INF INF INF INF INF INF INF INF INF INF INF INF INF INF INF INF INF INF INF INF INF INF INF INF INF INF INF INF INF INF INF INF INF INF INF INF INF INF INF INF INF INF INF INF INF INF INF INF INF INF INF INF INF INF INF INF INF INF INF INF INF INF INF INF INF INF INF INF INF INF INF INF INF INF INF INF INF INF INF INF INF INF INF INF INF INF INF INF INF INF INF INF INF INF INF INF INF INF INF INF INF INF INF INF INF INF INF INF INF INF INF INF INF INF INF INF INF INF INF INF INF INF INF INF INF INF INF INF INF INF INF INF INF INF INF INF INF INF INF INF INF INF INF INF INF 0 3 4 2 5 2 5 6 4 7 4 7 8 6 9 6 9 10 8 11 8 11 12 10 13 10 13 14 12 15 12 15 16 14 17 14 17 18 16 19 16 19 20 18 21 18 21 22 20 23 20 23 24 22 25 22 25 26 24 27 24 27 28 26 29 26 29 30 28 31 28 31 32 30 33 30 33 34 32 35 32 35 36 34 37 34 37 38 36 39 36 39 40 38 41 38 41 42 40 43 40 43 44 42 45 42 45 46 44 47 44 47 48 46 49 46 49 50 48 51 48 51 52 50 53 50 53 54 52 55 52 55 56 54 57 54 57 58 56 59 56 59 60 58 61 58 61 62 60 63 60 63 64 62 65 62 65 66 64 67 64 67 68 66 69 66 69 70 68 71 68 71 72 70 73 70 73 74 72 75 72 75 76 74 77 74 77 78 76 79 76 79 80 78 81 78 81 82 80 83 80 83 84 82 85 82 85 86 84 87 84 87 88 86 89 86 89 90 88 91 88 91 92 90 93 90 93 94 92 95 92 95 96 94 97 94 97 98 96 99 96 99 100 98 101 98 101 102 100 103 100 103 104 102 105 102 105 106 104 107 104 107 108 106 109 106 109
INF INF INF INF INF INF INF INF INF INF INF INF INF INF INF INF INF INF INF INF INF INF INF INF INF INF INF INF INF INF INF INF INF INF INF INF INF INF INF INF INF INF INF INF INF INF INF INF INF INF INF INF INF INF INF INF INF INF INF INF INF INF INF INF INF INF INF INF INF INF INF INF INF INF INF INF INF INF INF INF INF INF INF INF INF INF INF INF INF INF INF INF INF INF INF INF INF INF INF INF INF INF INF INF INF INF INF INF INF INF INF INF INF INF INF INF INF INF INF INF INF INF INF INF INF INF INF INF INF INF INF INF INF INF INF INF INF INF INF INF INF INF INF INF INF INF INF INF INF INF INF INF INF INF INF INF INF INF INF INF INF INF INF INF INF INF INF INF INF INF INF INF INF INF INF INF INF INF INF INF INF INF INF INF INF INF INF INF INF INF INF INF INF INF INF INF INF INF INF INF INF INF INF INF INF INF INF INF INF INF INF INF INF INF INF INF INF INF INF INF INF INF INF INF INF INF INF INF INF INF INF INF INF INF 0 3 1 4 5 2 5 3 6 7 4 7 5 8 9 6 9 7 10 11 8 11 9 12 13 10 13 11 14 15 12 15 13 16 17 14 17 15 18 19 16 19 17 20 21 18 21 19 22 23 20 23 21 24 25 22 25 23 26 27 24 27 25 28 29 26 29 27 30 31 28 31 29 32 33 30 33 31 34 35 32 35 33 36 37 34 37 35 38 39 36 39 37 40 41 38 41 39 42 43 40 43 41 44 45 42 45 43 46 47 44 47 45 48 49 46 49 47 50 51 48 51 49 52 53 50 53 51 54 55 52 55 53 56 57 54 57 55 58 59 56 59 57 60 61 58 61 59 62 63 60 63 61 64 65 62 65 63 66 67 64 67 65 68 69 66 69 67 70 71 68 71 69 72 73 70 73 71 74 75 72 75 73 76 77 74 77 75 78 79 76 79 77 80 81 78 81 79 82 83 80 83 81 84 85 82 85 83 86 87 84 87 85 88 89 86 89 87 90 91 88 91 89 92 93 90 93 91 94 95 92 95 93 96 97 94 97 95 98 99 96 99 97 100 101 98 101 99 102 103 100 103 101 104 105 102 105 103 106 107 104 107 105 108 109 106
INF INF INF INF INF INF INF INF INF INF INF INF INF INF INF INF INF INF INF INF INF INF INF INF INF INF INF INF INF INF INF INF INF INF INF INF INF INF INF INF INF INF INF INF INF INF INF INF INF INF INF INF INF INF INF INF INF INF INF INF INF INF INF INF INF INF INF INF INF INF INF INF INF INF INF INF INF INF INF INF INF INF INF INF INF INF INF INF INF INF INF INF INF INF INF INF INF INF INF INF INF INF INF INF INF INF INF INF INF INF INF INF INF INF INF INF INF INF INF INF INF INF INF INF INF INF INF INF INF INF INF INF INF INF INF INF INF INF INF INF INF INF INF INF INF INF INF INF INF INF INF INF INF INF INF INF INF INF INF INF INF INF INF INF INF INF INF INF INF INF INF INF INF INF INF INF INF INF INF INF INF INF INF INF INF INF INF INF INF INF INF INF INF INF INF INF INF INF INF INF INF INF INF INF INF INF INF INF INF INF INF INF INF INF INF INF INF INF INF INF INF INF INF INF INF INF INF INF INF INF INF INF INF INF INF 0 -2 1 2 5 2 0 3 4 7 4 2 5 6 9 6 4 7 8 11 8 6 9 10 13 10 8 11 12 15 12 10 13 14 17 14 12 15 16 19 16 14 17 18 21 18 16 19 20 23 20 18 21 22 25 22 20 23 24 27 24 22 25 26 29 26 24 27 28 31 28 26 29 30 33 30 28 31 32 35 32 30 33 34 37 34 32 35 36 39 36 34 37 38 41 38 36 39 40 43 40 38 41 42 45 42 40 43 44 47 44 42 45 46 49 46 44 47 48 51 48 46 49 50 53 50 48 51 52 55 52 50 53 54 57 54 52 55 56 59 56 54 57 58 61 58 56 59 60 63 60 58 61 62 65 62 60 63 64 67 64 62 65 66 69 66 64 67 68 71 68 66 69 70 73 70 68 71 72 75 72 70 73 74 77 74 72 75 76 79 76 74 77 78 81 78 76 79 80 83 80 78 81 82 85 82 80 83 84 87 84 82 85 86 89 86 84 87 88 91 88 86 89 90 93 90 88 91 92 95 92 90 93 94 97 94 92 95 96 99 96 94 97 98 101 98 96 99 100 103 100 98 101 102 105 102 100 103 104 107 104 102 105 106 109
INF INF INF INF INF INF INF INF INF INF INF INF INF INF INF INF INF INF INF INF INF INF INF INF INF INF INF INF INF INF INF INF INF INF INF INF INF INF INF INF INF INF INF INF INF INF INF INF INF INF INF INF INF INF INF INF INF INF INF INF INF INF INF INF INF INF INF INF INF INF INF INF INF INF INF INF INF INF INF INF INF INF INF INF INF INF INF INF INF INF INF INF INF INF INF INF INF INF INF INF INF INF INF INF INF INF INF INF INF INF INF INF INF INF INF INF INF INF INF INF INF INF INF INF INF INF INF INF INF INF INF INF INF INF INF INF INF INF INF INF INF INF INF INF INF INF INF INF INF INF INF INF INF INF INF INF INF INF INF INF INF INF INF INF INF INF INF INF INF INF INF INF INF INF INF INF INF INF INF INF INF INF INF INF INF INF INF INF INF INF INF INF INF INF INF INF INF INF INF INF INF INF INF INF INF INF INF INF INF INF INF INF INF INF INF INF INF INF INF INF INF INF INF INF INF INF INF INF INF INF INF INF INF INF INF INF 0 3 4 7 8 2 5 6 9 10 4 7 8 11 12 6 9 10 13 14 8 11 12 15 16 10 13 14 17 18 12 15 16 19 20 14 17 18 21 22 16 19 20 23 24 18 21 22 25 26 20 23 24 27 28 22 25 26 29 30 24 27 28 31 32 26 29 30 33 34 28 31 32 35 36 30 33 34 37 38 32 35 36 39 40 34 37 38 41 42 36 39 40 43 44 38 41 42 45 46 40 43 44 47 48 42 45 46 49 50 44 47 48 51 52 46 49 50 53 54 48 51 52 55 56 50 53 54 57 58 52 55 56 59 60 54 57 58 61 62 56 59 60 63 64 58 61 62 65 66 60 63 64 67 68 62 65 66 69 70 64 67 68 71 72 66 69 70 73 74 68 71 72 75 76 70 73 74 77 78 72 75 76 79 80 74 77 78 81 82 76 79 80 83 84 78 81 82 85 86 80 83 84 87 88 82 85 86 89 90 84 87 88 91 92 86 89 90 93 94 88 91 92 95 96 90 93 94 97 98 92 95 96 99 100 94 97 98 101 102 96 99 100 103 104 98 101 102 105 106 100 103 104 107 108 102 105 106 109 110 104 107 108 111
INF INF INF INF INF INF INF INF INF INF INF INF INF INF INF INF INF INF INF INF INF INF INF INF INF INF INF INF INF INF INF INF INF INF INF INF INF INF INF INF INF INF INF INF INF INF INF INF INF INF INF INF INF INF INF INF INF INF INF INF INF INF INF INF INF INF INF INF INF INF INF INF INF INF INF INF INF INF INF INF INF INF INF INF INF INF INF INF INF INF INF INF INF INF INF INF INF INF INF INF INF INF INF INF INF INF INF INF INF INF INF INF INF INF INF INF INF INF INF INF INF INF INF INF INF INF INF INF INF INF INF INF INF INF INF INF INF INF INF INF INF INF INF INF INF INF INF INF INF INF INF INF INF INF INF INF INF INF INF INF INF INF INF INF INF INF INF INF INF INF INF INF INF INF INF INF INF INF INF INF INF INF INF INF INF INF INF INF INF INF INF INF INF INF INF INF INF INF INF INF INF INF INF INF INF INF INF INF INF INF INF INF INF INF INF INF INF INF INF INF INF INF INF INF INF INF INF INF INF INF INF INF INF INF INF INF INF 0 3 4 7 5 2 5 6 9 7 4 7 8 11 9 6 9 10 13 11 8 11 12 15 13 10 13 14 17 15 12 15 16 19 17 14 17 18 21 19 16 19 20 23 21 18 21 22 25 23 20 23 24 27 25 22 25 26 29 27 24 27 28 31 29 26 29 30 33 31 28 31 32 35 33 30 33 34 37 35 32 35 36 39 37 34 37 38 41 39 36 39 40 43 41 38 41 42 45 43 40 43 44 47 45 42 45 46 49 47 44 47 48 51 49 46 49 50 53 51 48 51 52 55 53 50 53 54 57 55 52 55 56 59 57 54 57 58 61 59 56 59 60 63 61 58 61 62 65 63 60 63 64 67 65 62 65 66 69 67 64 67 68 71 69 66 69 70 73 71 68 71 72 75 73 70 73 74 77 75 72 75 76 79 77 74 77 78 81 79 76 79 80 83 81 78 81 82 85 83 80 83 84 87 85 82 85 86 89 87 84 87 88 91 89 86 89 90 93 91 88 91 92 95 93 90 93 94 97 95 92 95 96 99 97 94 97 98 101 99 96 99 100 103 101 98 101 102 105 103 100 103 104 107 105 102 105 106 109 107 104 107 108
INF INF INF INF INF INF INF INF INF INF INF INF INF INF INF INF INF INF INF INF INF INF INF INF INF INF INF INF INF INF INF INF INF INF INF INF INF INF INF INF INF INF INF INF INF INF INF INF INF INF INF INF INF INF INF INF INF INF INF INF INF INF INF INF INF INF INF INF INF INF INF INF INF INF INF INF INF INF INF INF INF INF INF INF INF INF INF INF INF INF INF INF INF INF INF INF INF INF INF INF INF INF INF INF INF INF INF INF INF INF INF INF INF INF INF INF INF INF INF INF INF INF INF INF INF INF INF INF INF INF INF INF INF INF INF INF INF INF INF INF INF INF INF INF INF INF INF INF INF INF INF INF INF INF INF INF INF INF INF INF INF INF INF INF INF INF INF INF INF INF INF INF INF INF INF INF INF INF INF INF INF INF INF INF INF INF INF INF INF INF INF INF INF INF INF INF INF INF INF INF INF INF INF INF INF INF INF INF INF INF INF INF INF INF INF INF INF INF INF INF INF INF INF INF INF INF INF INF INF INF INF INF INF INF INF INF INF INF 0 3 4 2 5 2 5 6 4 7 4 7 8 6 9 6 9 10 8 11 8 11 12 10 13 10 13 14 12 15 12 15 16 14 17 14 17 18 16 19 16 19 20 18 21 18 21 22 20 23 20 23 24 22 25 22 25 26 24 27 24 27 28 26 29 26 29 30 28 31 28 31 32 30 33 30 33 34 32 35 32 35 36 34 37 34 37 38 36 39 36 39 40 38 41 38 41 42 40 43 40 43 44 42 45 42 45 46 44 47 44 47 48 46 49 46 49 50 48 51 48 51 52 50 53 50 53 54 52 55 52 55 56 54 57 54 57 58 56 59 56 59 60 58 61 58 61 62 60 63 60 63 64 62 65 62 65 66 64 67 64 67 68 66 69 66 69 70 68 71 68 71 72 70 73 70 73 74 72 75 72 75 76 74 77 74 77 78 76 79 76 79 80 78 81 78 81 82 80 83 80 83 84 82 85 82 85 86 84 87 84 87 88 86 89 86 89 90 88 91 88 91 92 90 93 90 93 94 92 95 92 95 96 94 97 94 97 98 96 99 96 99 100 98 101 98 101 102 100 103 100 103 104 102 105 102 105 106 104 107 104 107
INF INF INF INF INF INF INF INF INF INF INF INF INF INF INF INF INF INF INF INF INF INF INF INF INF INF INF INF INF INF INF INF INF INF INF INF INF INF INF INF INF INF INF INF INF INF INF INF INF INF INF INF INF INF INF INF INF INF INF INF INF INF INF INF INF INF INF INF INF INF INF INF INF INF INF INF INF INF INF INF INF INF INF INF INF INF INF INF INF INF INF INF INF INF INF INF INF INF INF INF INF INF INF INF INF INF INF INF INF INF INF INF INF INF INF INF INF INF INF INF INF INF INF INF INF INF INF INF INF INF INF INF INF INF INF INF INF INF INF INF INF INF INF INF INF INF INF INF INF INF INF INF INF INF INF INF INF INF INF INF INF INF INF INF INF INF INF INF INF INF INF INF INF INF INF INF INF INF INF INF INF INF INF INF INF INF INF INF INF INF INF INF INF INF INF INF INF INF INF INF INF INF INF INF INF INF INF INF INF INF INF INF INF INF INF INF INF INF INF INF INF INF INF INF INF INF INF INF INF INF INF INF INF INF INF INF INF INF INF 0 3 1 4 5 2 5 3 6 7 4 7 5 8 9 6 9 7 10 11 8 11 9 12 13 10 13 11 14 15 12 15 13 16 17 14 17 15 18 19 16 19 17 20 21 18 21 19 22 23 20 23 21 24 25 22 25 23 26 27 24 27 25 28 29 26 29 27 30 31 28 31 29 32 33 30 33 31 34 35 32 35 33 36 37 34 37 35 38 39 36 39 37 40 41 38 41 39 42 43 40 43 41 44 45 42 45 43 46 47 44 47 45 48 49 46 49 47 50 51 48 51 49 52 53 50 53 51 54 55 52 55 53 56 57 54 57 55 58 59 56 59 57 60 61 58 61 59 62 63 60 63 61 64 65 62 65 63 66 67 64 67 65 68 69 66 69 67 70 71 68 71 69 72 73 70 73 71 74 75 72 75 73 76 77 74 77 75 78 79 76 79 77 80 81 78 81 79 82 83 80 83 81 84 85 82 85 83 86 87 84 87 85 88 89 86 89 87 90 91 88 91 89 92 93 90 93 91 94 95 92 95 93 96 97 94 97 95 98 99 96 99 97 100 101 98 101 99 102 103 100 103 101 104 105 102 105 103 106 107 104
INF INF INF INF INF INF INF INF INF INF INF INF INF INF INF INF INF INF INF INF INF INF INF INF INF INF INF INF INF INF INF INF INF INF INF INF INF INF INF INF INF INF INF INF INF INF INF INF INF INF INF INF INF INF INF INF INF INF INF INF INF INF INF INF INF INF INF INF INF INF INF INF INF INF INF INF INF INF INF INF INF INF INF INF INF INF INF INF INF INF INF INF INF INF INF INF INF INF INF INF INF INF INF INF INF INF INF INF INF INF INF INF INF INF INF INF INF INF INF INF INF INF INF INF INF INF INF INF INF INF INF INF INF INF INF INF INF INF INF INF INF INF INF INF INF INF INF INF INF INF INF INF INF INF INF INF INF INF INF INF INF INF INF INF INF INF INF INF INF INF INF INF INF INF INF INF INF INF INF INF INF INF INF INF INF INF INF INF INF INF INF INF INF INF INF INF INF INF INF INF INF INF INF INF INF INF INF INF INF INF INF INF INF INF INF INF INF INF INF INF INF INF INF INF INF INF INF INF INF INF INF INF INF INF INF INF INF INF INF INF 0 -2 1 2 5 2 0 3 4 7 4 2 5 6 9 6 4 7 8 11 8 6 9 10 13 10 8 11 12 15 12 10 13 14 17 14 12 15 16 19 16 14 17 18 21 18 16 19 20 23 20 18 21 22 25 22 20 23 24 27 24 22 25 26 29 26 24 27 28 31 28 26 29 30 33 30 28 31 32 35 32 30 33 34 37 34 32 35 36 39 36 34 37 38 41 38 36 39 40 43 40 38 41 42 45 42 40 43 44 47 44 42 45 46 49 46 44 47 48 51 48 46 49 50 53 50 48 51 52 55 52 50 53 54 57 54 52 55 56 59 56 54 57 58 61 58 56 59 60 63 60 58 61 62 65 62 60 63 64 67 64 62 65 66 69 66 64 67 68 71 68 66 69 70 73 70 68 71 72 75 72 70 73 74 77 74 72 75 76 79 76 74 77 78 81 78 76 79 80 83 80 78 81 82 85 82 80 83 84 87 84 82 85 86 89 86 84 87 88 91 88 86 89 90 93 90 88 91 92 95 92 90 93 94 97 94 92 95 96 99 96 94 97 98 101 98 96 99 100 103 100 98 101 102 105 102 100 103 104 107
INF INF INF INF INF INF INF INF INF INF INF INF INF INF INF INF INF INF INF INF INF INF INF INF INF INF INF INF INF INF INF INF INF INF INF INF INF INF INF INF INF INF INF INF INF INF INF INF INF INF INF INF INF INF INF INF INF INF INF INF INF INF INF INF INF INF INF INF INF INF INF INF INF INF INF INF INF INF INF INF INF INF INF INF INF INF INF INF INF INF INF INF INF INF INF INF INF INF INF INF INF INF INF INF INF INF INF INF INF INF INF INF INF INF INF INF INF INF INF INF INF INF INF INF INF INF INF INF INF INF INF INF INF INF INF INF INF INF INF INF INF INF INF INF INF INF INF INF INF INF INF INF INF INF INF INF INF INF INF INF INF INF INF INF INF INF INF INF INF INF INF INF INF INF INF INF INF INF INF INF INF INF INF INF INF INF INF INF INF INF INF INF INF INF INF INF INF INF INF INF INF INF INF INF INF INF INF INF INF INF INF INF INF INF INF INF INF INF INF INF INF INF INF INF INF INF INF INF INF INF INF INF INF INF INF INF INF INF INF INF INF 0 3 4 7 8 2 5 6 9 10 4 7 8 11 12 6 9 10 13 14 8 11 12 15 16 10 13 14 17 18 12 15 16 19 20 14 17 18 21 22 16 19 20 23 24 18 21 22 25 26 20 23 24 27 28 22 25 26 29 30 24 27 28 31 32 26 29 30 33 34 28 31 32 35 36 30 33 34 37 38 32 35 36 39 40 34 37 38 41 42 36 39 40 43 44 38 41 42 45 46 40 43 44 47 48 42 45 46 49 50 44 47 48 51 52 46 49 50 53 54 48 51 52 55 56 50 53 54 57 58 52 55 56 59 60 54 57 58 61 62 56 59 60 63 64 58 61 62 65 66 60 63 64 67 68 62 65 66 69 70 64 67 68 71 72 66 69 70 73 74 68 71 72 75 76 70 73 74 77 78 72 75 76 79 80 74 77 78 81 82 76 79 80 83 84 78 81 82 85 86 80 83 84 87 88 82 85 86 89 90 84 87 88 91 92 86 89 90 93 94 88 91 92 95 96 90 93 94 97 98 92 95 96 99 100 94 97 98 101 102 96 99 100 103 104 98 101 102 105 106 100 103 104 107 108 102 105 106 109
INF INF INF INF INF INF INF INF INF INF INF INF INF INF INF INF INF INF INF INF INF INF INF INF INF INF INF INF INF INF INF INF INF INF INF INF INF INF INF INF INF INF INF INF INF INF INF INF INF INF INF INF INF INF INF INF INF INF INF INF INF INF INF INF INF INF INF INF INF INF INF INF INF INF INF INF INF INF INF INF INF INF INF INF INF INF INF INF INF INF INF INF INF INF INF INF INF INF INF INF INF INF INF INF INF INF INF INF INF INF INF INF INF INF INF INF INF INF INF INF INF INF INF INF INF INF INF INF INF INF INF INF INF INF INF INF INF INF INF INF INF INF INF INF INF INF INF INF INF INF INF INF INF INF INF INF INF INF INF INF INF INF INF INF INF INF INF INF INF INF INF INF INF INF INF INF INF INF INF INF INF INF INF INF INF INF INF INF INF INF INF INF INF INF INF INF INF INF INF INF INF INF INF INF INF INF INF INF INF INF INF INF INF INF INF INF INF INF INF INF INF INF INF INF INF INF INF INF INF INF INF INF INF INF INF INF INF INF INF INF INF INF 0 3 4 7 5 2 5 6 9 7 4 7 8 11 9 6 9 10 13 11 8 11 12 15 13 10 13 14 17 15 12 15 16 19 17 14 17 18 21 19 16 19 20 23 21 18 21 22 25 23 20 23 24 27 25 22 25 26 29 27 24 27 28 31 29 26 29 30 33 31 28 31 32 35 33 30 33 34 37 35 32 35 36 39 37 34 37 38 41 39 36 39 40 43 41 38 41 42 45 43 40 43 44 47 45 42 45 46 49 47 44 47 48 51 49 46 49 50 53 51 48 51 52 55 53 50 53 54 57 55 52 55 56 59 57 54 57 58 61 59 56 59 60 63 61 58 61 62 65 63 60 63 64 67 65 62 65 66 69 67 64 67 68 71 69 66 69 70 73 71 68 71 72 75 73 70 73 74 77 75 72 75 76 79 77 74 77 78 81 79 76 79 80 83 81 78 81 82 85 83 80 83 84 87 85 82 85 86 89 87 84 87 88 91 89 86 89 90 93 91 88 91 92 95 93 90 93 94 97 95 92 95 96 99 97 94 97 98 101 99 96 99 100 103 101 98 101 102 105 103 100 103 104 107 105 102 105 106
INF INF INF INF INF INF INF INF INF INF INF INF INF INF INF INF INF INF INF INF INF INF INF INF INF INF INF INF INF INF INF INF INF INF INF INF INF INF INF INF INF INF INF INF INF INF INF INF INF INF INF INF INF INF INF INF INF INF INF INF INF INF INF INF INF INF INF INF INF INF INF INF INF INF INF INF INF INF INF INF INF INF INF INF INF INF INF INF INF INF INF INF INF INF INF INF INF INF INF INF INF INF INF INF INF INF INF INF INF INF INF INF INF INF INF INF INF INF INF INF INF INF INF INF INF INF INF INF INF INF INF INF INF INF INF INF INF INF INF INF INF INF INF INF INF INF INF INF INF INF INF INF INF INF INF INF INF INF INF INF INF INF INF INF INF INF INF INF INF INF INF INF INF INF INF INF INF INF INF INF INF INF INF INF INF INF INF INF INF INF INF INF INF INF INF INF INF INF INF INF INF INF INF INF INF INF INF INF INF INF INF INF INF INF INF INF INF INF INF INF INF INF INF INF INF INF INF INF INF INF INF INF INF INF INF INF INF INF INF INF INF INF INF 0 3 4 2 5 2 5 6 4 7 4 7 8 6 9 6 9 10 8 11 8 11 12 10 13 10 13 14 12 15 12 15 16 14 17 14 17 18 16 19 16 19 20 18 21 18 21 22 20 23 20 23 24 22 25 22 25 26 24 27 24 27 28 26 29 26 29 30 28 31 28 31 32 30 33 30 33 34 32 35 32 35 36 34 37 34 37 38 36 39 36 39 40 38 41 38 41 42 40 43 40 43 44 42 45 42 45 46 44 47 44 47 48 46 49 46 49 50 48 51 48 51 52 50 53 50 53 54 52 55 52 55 56 54 57 54 57 58 56 59 56 59 60 58 61 58 61 62 60 63 60 63 64 62 65 62 65 66 64 67 64 67 68 66 69 66 69 70 68 71 68 71 72 70 73 70 73 74 72 75 72 75 76 74 77 74 77 78 76 79 76 79 80 78 81 78 81 82 80 83 80 83 84 82 85 82 85 86 84 87 84 87 88 86 89 86 89 90 88 91 88 91 92 90 93 90 93 94 92 95 92 95 96 94 97 94 97 98 96 99 96 99 100 98 101 98 101 102 100 103 100 103 104 102 105 102 105
INF INF INF INF INF INF INF INF INF INF INF INF INF INF INF INF INF INF INF INF INF INF INF INF INF INF INF INF INF INF INF INF INF INF INF INF INF INF INF INF INF INF INF INF INF INF INF INF INF INF INF INF INF INF INF INF INF INF INF INF INF INF INF INF INF INF INF INF INF INF INF INF INF INF INF INF INF INF INF INF INF INF INF INF INF INF INF INF INF INF INF INF INF INF INF INF INF INF INF INF INF INF INF INF INF INF INF INF INF INF INF INF INF INF INF INF INF INF INF INF INF INF INF INF INF INF INF INF INF INF INF INF INF INF INF INF INF INF INF INF INF INF INF INF INF INF INF INF INF INF INF INF INF INF INF INF INF INF INF INF INF INF INF INF INF INF INF INF INF INF INF INF INF INF INF INF INF INF INF INF INF INF INF INF INF INF INF INF INF INF INF INF INF INF INF INF INF INF INF INF INF INF INF INF INF INF INF INF INF INF INF INF INF INF INF INF INF INF INF INF INF INF INF INF INF INF INF INF INF INF INF INF INF INF INF INF INF INF INF INF INF INF INF INF 0 3 1 4 5 2 5 3 6 7 4 7 5 8 9 6 9 7 10 11 8 11 9 12 13 10 13 11 14 15 12 15 13 16 17 14 17 15 18 19 16 19 17 20 21 18 21 19 22 23 20 23 21 24 25 22 25 23 26 27 24 27 25 28 29 26 29 27 30 31 28 31 29 32 33 30 33 31 34 35 32 35 33 36 37 34 37 35 38 39 36 39 37 40 41 38 41 39 42 43 40 43 41 44 45 42 45 43 46 47 44 47 45 48 49 46 49 47 50 51 48 51 49 52 53 50 53 51 54 55 52 55 53 56 57 54 57 55 58 59 56 59 57 60 61 58 61 59 62 63 60 63 61 64 65 62 65 63 66 67 64 67 65 68 69 66 69 67 70 71 68 71 69 72 73 70 73 71 74 75 72 75 73 76 77 74 77 75 78 79 76 79 77 80 81 78 81 79 82 83 80 83 81 84 85 82 85 83 86 87 84 87 85 88 89 86 89 87 90 91 88 91 89 92 93 90 93 91 94 95 92 95 93 96 97 94 97 95 98 99 96 99 97 100 101 98 101 99 102 103 100 103 101 104 105 102
INF INF INF INF INF INF INF INF INF INF INF INF INF INF INF INF INF INF INF INF INF INF INF INF INF INF INF INF INF INF INF INF INF INF INF INF INF INF INF INF INF INF INF INF INF INF INF INF INF INF INF INF INF INF INF INF INF INF INF INF INF INF INF INF INF INF INF INF INF INF INF INF INF INF INF INF INF INF INF INF INF INF INF INF INF INF INF INF INF INF INF INF INF INF INF INF INF INF INF INF INF INF INF INF INF INF INF INF INF INF INF INF INF INF INF INF INF INF INF INF INF INF INF INF INF INF INF INF INF INF INF INF INF INF INF INF INF INF INF INF INF INF INF INF INF INF INF INF INF INF INF INF INF INF INF INF INF INF INF INF INF INF INF INF INF INF INF INF INF INF INF INF INF INF INF INF INF INF INF INF INF INF INF INF INF INF INF INF INF INF INF INF INF INF INF INF INF INF INF INF INF INF INF INF INF INF INF INF INF INF INF INF INF INF INF INF INF INF INF INF INF INF INF INF INF INF INF INF INF INF INF INF INF INF INF INF INF INF INF INF INF INF INF INF INF 0 -2 1 2 5 2 0 3 4 7 4 2 5 6 9 6 4 7 8 11 8 6 9 10 13 10 8 11 12 15 12 10 13 14 17 14 12 15 16 19 16 14 17 18 21 18 16 19 20 23 20 18 21 22 25 22 20 23 24 27 24 22 25 26 29 26 24 27 28 31 28 26 29 30 33 30 28 31 32 35 32 30 33 34 37 34 32 35 36 39 36 34 37 38 41 38 36 39 40 43 40 38 41 42 45 42 40 43 44 47 44 42 45 46 49 46 44 47 48 51 48 46 49 50 53 50 48 51 52 55 52 50 53 54 57 54 52 55 56 59 56 54 57 58 61 58 56 59 60 63 60 58 61 62 65 62 60 63 64 67 64 62 65 66 69 66 64 67 68 71 68 66 69 70 73 70 68 71 72 75 72 70 73 74 77 74 72 75 76 79 76 74 77 78 81 78 76 79 80 83 80 78 81 82 85 82 80 83 84 87 84 82 85 86 89 86 84 87 88 91 88 86 89 90 93 90 88 91 92 95 92 90 93 94 97 94 92 95 96 99 96 94 97 98 101 98 96 99 100 103 100 98 101 102 105
INF INF INF INF INF INF INF INF INF INF INF INF INF INF INF INF INF INF INF INF INF INF INF INF INF INF INF INF INF INF INF INF INF INF INF INF INF INF INF INF INF INF INF INF INF INF INF INF INF INF INF INF INF INF INF INF INF INF INF INF INF INF INF INF INF INF INF INF INF INF INF INF INF INF INF INF INF INF INF INF INF INF INF INF INF INF INF INF INF INF INF INF INF INF INF INF INF INF INF INF INF INF INF INF INF INF INF INF INF INF INF INF INF INF INF INF INF INF INF INF INF INF INF INF INF INF INF INF INF INF INF INF INF INF INF INF INF INF INF INF INF INF INF INF INF INF INF INF INF INF INF INF INF INF INF INF INF INF INF INF INF INF INF INF INF INF INF INF INF INF INF INF INF INF INF INF INF INF INF INF INF INF INF INF INF INF INF INF INF INF INF INF INF INF INF INF INF INF INF INF INF INF INF INF INF INF INF INF INF INF INF INF INF INF INF INF INF INF INF INF INF INF INF INF INF INF INF INF INF INF INF INF INF INF INF INF INF INF INF INF INF INF INF INF INF INF 0 3 4 7 8 2 5 6 9 10 4 7 8 11 12 6 9 10 13 14 8 11 12 15 16 10 13 14 17 18 12 15 16 19 20 14 17 18 21 22 16 19 20 23 24 18 21 22 25 26 20 23 24 27 28 22 25 26 29 30 24 27 28 31 32 26 29 30 33 34 28 31 32 35 36 30 33 34 37 38 32 35 36 39 40 34 37 38 41 42 36 39 40 43 44 38 41 42 45 46 40 43 44 47 48 42 45 46 49 50 44 47 48 51 52 46 49 50 53 54 48 51 52 55 56 50 53 54 57 58 52 55 56 59 60 54 57 58 61 62 56 59 60 63 64 58 61 62 65 66 60 63 64 67 68 62 65 66 69 70 64 67 68 71 72 66 69 70 73 74 68 71 72 75 76 70 73 74 77 78 72 75 76 79 80 74 77 78 81 82 76 79 80 83 84 78 81 82 85 86 80 83 84 87 88 82 85 86 89 90 84 87 88 91 92 86 89 90 93 94 88 91 92 95 96 90 93 94 97 98 92 95 96 99 100 94 97 98 101 102 96 99 100 103 104 98 101 102 105 106 100 103 104 107
INF INF INF INF INF INF INF INF INF INF INF INF INF INF INF INF INF INF INF INF INF INF INF INF INF INF INF INF INF INF INF INF INF INF INF INF INF INF INF INF INF INF INF INF INF INF INF INF INF INF INF INF INF INF INF INF INF INF INF INF INF INF INF INF INF INF INF INF INF INF INF INF INF INF INF INF INF INF INF INF INF INF INF INF INF INF INF INF INF INF INF INF INF INF INF INF INF INF INF INF INF INF INF INF INF INF INF INF INF INF INF INF INF INF INF INF INF INF INF INF INF INF INF INF INF INF INF INF INF INF INF INF INF INF INF INF INF INF INF INF INF INF INF INF INF INF INF INF INF INF INF INF INF INF INF INF INF INF INF INF INF INF INF INF INF INF INF INF INF INF INF INF INF INF INF INF INF INF INF INF INF INF INF INF INF INF INF INF INF INF INF INF INF INF INF INF INF INF INF INF INF INF INF INF INF INF INF INF INF INF INF INF INF INF INF INF INF INF INF INF INF INF INF INF INF INF INF INF INF INF INF INF INF INF INF INF INF INF INF INF INF INF INF INF INF INF INF 0 3 4 7 5 2 5 6 9 7 4 7 8 11 9 6 9 10 13 11 8 11 12 15 13 10 13 14 17 15 12 15 16 19 17 14 17 18 21 19 16 19 20 23 21 18 21 22 25 23 20 23 24 27 25 22 25 26 29 27 24 27 28 31 29 26 29 30 33 31 28 31 32 35 33 30 33 34 37 35 32 35 36 39 37 34 37 38 41 39 36 39 40 43 41 38 41 42 45 43 40 43 44 47 45 42 45 46 49 47 44 47 48 51 49 46 49 50 53 51 48 51 52 55 53 50 53 54 57 55 52 55 56 59 57 54 57 58 61 59 56 59 60 63 61 58 61 62 65 63 60 63 64 67 65 62 65 66 69 67 64 67 68 71 69 66 69 70 73 71 68 71 72 75 73 70 73 74 77 75 72 75 76 79 77 74 77 78 81 79 76 79 80 83 81 78 81 82 85 83 80 83 84 87 85 82 85 86 89 87 84 87 88 91 89 86 89 90 93 91 88 91 92 95 93 90 93 94 97 95 92 95 96 99 97 94 97 98 101 99 96 99 100 103 101 98 101 102 105 103 100 103 104
INF INF INF INF INF INF INF INF INF INF INF INF INF INF INF INF INF INF INF INF INF INF INF INF INF INF INF INF INF INF INF INF INF INF INF INF INF INF INF INF INF INF INF INF INF INF INF INF INF INF INF INF INF INF INF INF INF INF INF INF INF INF INF INF INF INF INF INF INF INF INF INF INF INF INF INF INF INF INF INF INF INF INF INF INF INF INF INF INF INF INF INF INF INF INF INF INF INF INF INF INF INF INF INF INF INF INF INF INF INF INF INF INF INF INF INF INF INF INF INF INF INF INF INF INF INF INF INF INF INF INF INF INF INF INF INF INF INF INF INF INF INF INF INF INF INF INF INF INF INF INF INF INF INF INF INF INF INF INF INF INF INF INF INF INF INF INF INF INF INF INF INF INF INF INF INF INF INF INF INF INF INF INF INF INF INF INF INF INF INF INF INF INF INF INF INF INF INF INF INF INF INF INF INF INF INF INF INF INF INF INF INF INF INF INF INF INF INF INF INF INF INF INF INF INF INF INF INF INF INF INF INF INF INF INF INF INF INF INF INF INF INF INF INF INF INF INF INF 0 3 4 2 5 2 5 6 4 7 4 7 8 6 9 6 9 10 8 11 8 11 12 10 13 10 13 14 12 15 12 15 16 14 17 14 17 18 16 19 16 19 20 18 21 18 21 22 20 23 20 23 24 22 25 22 25 26 24 27 24 27 28 26 29 26 29 30 28 31 28 31 32 30 33 30 33 34 32 35 32 35 36 34 37 34 37 38 36 39 36 39 40 38 41 38 41 42 40 43 40 43 44 42 45 42 45 46 44 47 44 47 48 46 49 46 49 50 48 51 48 51 52 50 53 50 53 54 52 55 52 55 56 54 57 54 57 58 56 59 56 59 60 58 61 58 61 62 60 63 60 63 64 62 65 62 65 66 64 67 64 67 68 66 69 66 69 70 68 71 68 71 72 70 73 70 73 74 72 75 72 75 76 74 77 74 77 78 76 79 76 79 80 78 81 78 81 82 80 83 80 83 84 82 85 82 85 86 84 87 84 87 88 86 89 86 89 90 88 91 88 91 92 90 93 90 93 94 92 95 92 95 96 94 97 94 97 98 96 99 96 99 100 98 101 98 101 102 100 103 100 103
INF INF INF INF INF INF INF INF INF INF INF INF INF INF INF INF INF INF INF INF INF INF INF INF INF INF INF INF INF INF INF INF INF INF INF INF INF INF INF INF INF INF INF INF INF INF INF INF INF INF INF INF INF INF INF INF INF INF INF INF INF INF INF INF INF INF INF INF INF INF INF INF INF INF INF INF INF INF INF INF INF INF INF INF INF INF INF INF INF INF INF INF INF INF INF INF INF INF INF INF INF INF INF INF INF INF INF INF INF INF INF INF INF INF INF INF INF INF INF INF INF INF INF INF INF INF INF INF INF INF INF INF INF INF INF INF INF INF INF INF INF INF INF INF INF INF INF INF INF INF INF INF INF INF INF INF INF INF INF INF INF INF INF INF INF INF INF INF INF INF INF INF INF INF INF INF INF INF INF INF INF INF INF INF INF INF INF INF INF INF INF INF INF INF INF INF INF INF INF INF INF INF INF INF INF INF INF INF INF INF INF INF INF INF INF INF INF INF INF INF INF INF INF INF INF INF INF INF INF INF INF INF INF INF INF INF INF INF INF INF INF INF INF INF INF INF INF INF INF 0 3 1 4 5 2 5 3 6 7 4 7 5 8 9 6 9 7 10 11 8 11 9 12 13 10 13 11 14 15 12 15 13 16 17 14 17 15 18 19 16 19 17 20 21 18 21 19 22 23 20 23 21 24 25 22 25 23 26 27 24 27 25 28 29 26 29 27 30 31 28 31 29 32 33 30 33 31 34 35 32 35 33 36 37 34 37 35 38 39 36 39 37 40 41 38 41 39 42 43 40 43 41 44 45 42 45 43 46 47 44 47 45 48 49 46 49 47 50 51 48 51 49 52 53 50 53 51 54 55 52 55 53 56 57 54 57 55 58 59 56 59 57 60 61 58 61 59 62 63 60 63 61 64 65 62 65 63 66 67 64 67 65 68 69 66 69 67 70 71 68 71 69 72 73 70 73 71 74 75 72 75 73 76 77 74 77 75 78 79 76 79 77 80 81 78 81 79 82 83 80 83 81 84 85 82 85 83 86 87 84 87 85 88 89 86 89 87 90 91 88 91 89 92 93 90 93 91 94 95 92 95 93 96 97 94 97 95 98 99 96 99 97 100 101 98 101 99 102 103 100
INF INF INF INF INF INF INF INF INF INF INF INF INF INF INF INF INF INF INF INF INF INF INF INF INF INF INF INF INF INF INF INF INF INF INF INF INF INF INF INF INF INF INF INF INF INF INF INF INF INF INF INF INF INF INF INF INF INF INF INF INF INF INF INF INF INF INF INF INF INF INF INF INF INF INF INF INF INF INF INF INF INF INF INF INF INF INF INF INF INF INF INF INF INF INF INF INF INF INF INF INF INF INF INF INF INF INF INF INF INF INF INF INF INF INF INF INF INF INF INF INF INF INF INF INF INF INF INF INF INF INF INF INF INF INF INF INF INF INF INF INF INF INF INF INF INF INF INF INF INF INF INF INF INF INF INF INF INF INF INF INF INF INF INF INF INF INF INF INF INF INF INF INF INF INF INF INF INF INF INF INF INF INF INF INF INF INF INF INF INF INF INF INF INF INF INF INF INF INF INF INF INF INF INF INF INF INF INF INF INF INF INF INF INF INF INF INF INF INF INF INF INF INF INF INF INF INF INF INF INF INF INF INF INF INF INF INF INF INF INF INF INF INF INF INF INF INF INF INF INF 0 -2 1 2 5 2 0 3 4 7 4 2 5 6 9 6 4 7 8 11 8 6 9 10 13 10 8 11 12 15 12 10 13 14 17 14 12 15 16 19 16 14 17 18 21 18 16 19 20 23 20 18 21 22 25 22 20 23 24 27 24 22 25 26 29 26 24 27 28 31 28 26 29 30 33 30 28 31 32 35 32 30 33 34 37 34 32 35 36 39 36 34 37 38 41 38 36 39 40 43 40 38 41 42 45 42 40 43 44 47 44 42 45 46 49 46 44 47 48 51 48 46 49 50 53 50 48 51 52 55 52 50 53 54 57 54 52 55 56 59 56 54 57 58 61 58 56 59 60 63 60 58 61 62 65 62 60 63 64 67 64 62 65 66 69 66 64 67 68 71 68 66 69 70 73 70 68 71 72 75 72 70 73 74 77 74 72 75 76 79 76 74 77 78 81 78 76 79 80 83 80 78 81 82 85 82 80 83 84 87 84 82 85 86 89 86 84 87 88 91 88 86 89 90 93 90 88 91 92 95 92 90 93 94 97 94 92 95 96 99 96 94 97 98 101 98 96 99 100 103
INF INF INF INF INF INF INF INF INF INF INF INF INF INF INF INF INF INF INF INF INF INF INF INF INF INF INF INF INF INF INF INF INF INF INF INF INF INF INF INF INF INF INF INF INF INF INF INF INF INF INF INF INF INF INF INF INF INF INF INF INF INF INF INF INF INF INF INF INF INF INF INF INF INF INF INF INF INF INF INF INF INF INF INF INF INF INF INF INF INF INF INF INF INF INF INF INF INF INF INF INF INF INF INF INF INF INF INF INF INF INF INF INF INF INF INF INF INF INF INF INF INF INF INF INF INF INF INF INF INF INF INF INF INF INF INF INF INF INF INF INF INF INF INF INF INF INF INF INF INF INF INF INF INF INF INF INF INF INF INF INF INF INF INF INF INF INF INF INF INF INF INF INF INF INF INF INF INF INF INF INF INF INF INF INF INF INF INF INF INF INF INF INF INF INF INF INF INF INF INF INF INF INF INF INF INF INF INF INF INF INF INF INF INF INF INF INF INF INF INF INF INF INF INF INF INF INF INF INF INF INF INF INF INF INF INF INF INF INF INF INF INF INF INF INF INF INF INF INF INF INF 0 3 4 7 8 2 5 6 9 10 4 7 8 11 12 6 9 10 13 14 8 11 12 15 16 10 13 14 17 18 12 15 16 19 20 14 17 18 21 22 16 19 20 23 24 18 21 22 25 26 20 23 24 27 28 22 25 26 29 30 24 27 28 31 32 26 29 30 33 34 28 31 32 35 36 30 33 34 37 38 32 35 36 39 40 34 37 38 41 42 36 39 40 43 44 38 41 42 45 46 40 43 44 47 48 42 45 46 49 50 44 47 48 51 52 46 49 50 53 54 48 51 52 55 56 50 53 54 57 58 52 55 56 59 60 54 57 58 61 62 56 59 60 63 64 58 61 62 65 66 60 63 64 67 68 62 65 66 69 70 64 67 68 71 72 66 69 70 73 74 68 71 72 75 76 70 73 74 77 78 72 75 76 79 80 74 77 78 81 82 76 79 80 83 84 78 81 82 85 86 80 83 84 87 88 82 85 86 89 90 84 87 88 91 92 86 89 90 93 94 88 91 92 95 96 90 93 94 97 98 92 95 96 99 100 94 97 98 101 102 96 99 100 103 104 98 101 102 105
INF INF INF INF INF INF INF INF INF INF INF INF INF INF INF INF INF INF INF INF INF INF INF INF INF INF INF INF INF INF INF INF INF INF INF INF INF INF INF INF INF INF INF INF INF INF INF INF INF INF INF INF INF INF INF INF INF INF INF INF INF INF INF INF INF INF INF INF INF INF INF INF INF INF INF INF INF INF INF INF INF INF INF INF INF INF INF INF INF INF INF INF INF INF INF INF INF INF INF INF INF INF INF INF INF INF INF INF INF INF INF INF INF INF INF INF INF INF INF INF INF INF INF INF INF INF INF INF INF INF INF INF INF INF INF INF INF INF INF INF INF INF INF INF INF INF INF INF INF INF INF INF INF INF INF INF INF INF INF INF INF INF INF INF INF INF INF INF INF INF INF INF INF INF INF INF INF INF INF INF INF INF INF INF INF INF INF INF INF INF INF INF INF INF INF INF INF INF INF INF INF INF INF INF INF INF INF INF INF INF INF INF INF INF INF INF INF INF INF INF INF INF INF INF INF INF INF INF INF INF INF INF INF INF INF INF INF INF INF INF INF INF INF INF INF INF INF INF INF INF INF INF 0 3 4 7 5 2 5 6 9 7 4 7 8 11 9 6 9 10 13 11 8 11 12 15 13 10 13 14 17 15 12 15 16 19 17 14 17 18 21 19 16 19 20 23 21 18 21 22 25 23 20 23 24 27 25 22 25 26 29 27 24 27 28 31 29 26 29 30 33 31 28 31 32 35 33 30 33 34 37 35 32 35 36 39 37 34 37 38 41 39 36 39 40 43 41 38 41 42 45 43 40 43 44 47 45 42 45 46 49 47 44 47 48 51 49 46 49 50 53 51 48 51 52 55 53 50 53 54 57 55 52 55 56 59 57 54 57 58 61 59 56 59 60 63 61 58 61 62 65 63 60 63 64 67 65 62 65 66 69 67 64 67 68 71 69 66 69 70 73 71 68 71 72 75 73 70 73 74 77 75 72 75 76 79 77 74 77 78 81 79 76 79 80 83 81 78 81 82 85 83 80 83 84 87 85 82 85 86 89 87 84 87 88 91 89 86 89 90 93 91 88 91 92 95 93 90 93 94 97 95 92 95 96 99 97 94 97 98 101 99 96 99 100 103 101 98 101 102
INF INF INF INF INF INF INF INF INF INF INF INF INF INF INF INF INF INF INF INF INF INF INF INF INF INF INF INF INF INF INF INF INF INF INF INF INF INF INF INF INF INF INF INF INF INF INF INF INF INF INF INF INF INF INF INF INF INF INF INF INF INF INF INF INF INF INF INF INF INF INF INF INF INF INF INF INF INF INF INF INF INF INF INF INF INF INF INF INF INF INF INF INF INF INF INF INF INF INF INF INF INF INF INF INF INF INF INF INF INF INF INF INF INF INF INF INF INF INF INF INF INF INF INF INF INF INF INF INF INF INF INF INF INF INF INF INF INF INF INF INF INF INF INF INF INF INF INF INF INF INF INF INF INF INF INF INF INF INF INF INF INF INF INF INF INF INF INF INF INF INF INF INF INF INF INF INF INF INF INF INF INF INF INF INF INF INF INF INF INF INF INF INF INF INF INF INF INF INF INF INF INF INF INF INF INF INF INF INF INF INF INF INF INF INF INF INF INF INF INF INF INF INF INF INF INF INF INF INF INF INF INF INF INF INF INF INF INF INF INF INF INF INF INF INF INF INF INF INF INF INF INF INF 0 3 4 2 5 2 5 6 4 7 4 7 8 6 9 6 9 10 8 11 8 11 12 10 13 10 13 14 12 15 12 15 16 14 17 14 17 18 16 19 16 19 20 18 21 18 21 22 20 23 20 23 24 22 25 22 25 26 24 27 24 27 28 26 29 26 29 30 28 31 28 31 32 30 33 30 33 34 32 35 32 35 36 34 37 34 37 38 36 39 36 39 40 38 41 38 41 42 40 43 40 43 44 42 45 42 45 46 44 47 44 47 48 46 49 46 49 50 48 51 48 51 52 50 53 50 53 54 52 55 52 55 56 54 57 54 57 58 56 59 56 59 60 58 61 58 61 62 60 63 60 63 64 62 65 62 65 66 64 67 64 67 68 66 69 66 69 70 68 71 68 71 72 70 73 70 73 74 72 75 72 75 76 74 77 74 77 78 76 79 76 79 80 78 81 78 81 82 80 83 80 83 84 82 85 82 85 86 84 87 84 87 88 86 89 86 89 90 88 91 88 91 92 90 93 90 93 94 92 95 92 95 96 94 97 94 97 98 96 99 96 99 100 98 101 98 101
INF INF INF INF INF INF INF INF INF INF INF INF INF INF INF INF INF INF INF INF INF INF INF INF INF INF INF INF INF INF INF INF INF INF INF INF INF INF INF INF INF INF INF INF INF INF INF INF INF INF INF INF INF INF INF INF INF INF INF INF INF INF INF INF INF INF INF INF INF INF INF INF INF INF INF INF INF INF INF INF INF INF INF INF INF INF INF INF INF INF INF INF INF INF INF INF INF INF INF INF INF INF INF INF INF INF INF INF INF INF INF INF INF INF INF INF INF INF INF INF INF INF INF INF INF INF INF INF INF INF INF INF INF INF INF INF INF INF INF INF INF INF INF INF INF INF INF INF INF INF INF INF INF INF INF INF INF INF INF INF INF INF INF INF INF INF INF INF INF INF INF INF INF INF INF INF INF INF INF INF INF INF INF INF INF INF INF INF INF INF INF INF INF INF INF INF INF INF INF INF INF INF INF INF INF INF INF INF INF INF INF INF INF INF INF INF INF INF INF INF INF INF INF INF INF INF INF INF INF INF INF INF INF INF INF INF INF INF INF INF INF INF INF INF INF INF INF INF INF INF INF INF INF INF 0 3 1 4 5 2 5 3 6 7 4 7 5 8 9 6 9 7 10 11 8 11 9 12 13 10 13 11 14 15 12 15 13 16 17 14 17 15 18 19 16 19 17 20 21 18 21 19 22 23 20 23 21 24 25 22 25 23 26 27 24 27 25 28 29 26 29 27 30 31 28 31 29 32 33 30 33 31 34 35 32 35 33 36 37 34 37 35 38 39 36 39 37 40 41 38 41 39 42 43 40 43 41 44 45 42 45 43 46 47 44 47 45 48 49 46 49 47 50 51 48 51 49 52 53 50 53 51 54 55 52 55 53 56 57 54 57 55 58 59 56 59 57 60 61 58 61 59 62 63 60 63 61 64 65 62 65 63 66 67 64 67 65 68 69 66 69 67 70 71 68 71 69 72 73 70 73 71 74 75 72 75 73 76 77 74 77 75 78 79 76 79 77 80 81 78 81 79 82 83 80 83 81 84 85 82 85 83 86 87 84 87 85 88 89 86 89 87 90 91 88 91 89 92 93 90 93 91 94 95 92 95 93 96 97 94 97 95 98 99 96 99 97 100 101 98
INF INF INF INF INF INF INF INF INF INF INF INF INF INF INF INF INF INF INF INF INF INF INF INF INF INF INF INF INF INF INF INF INF INF INF INF INF INF INF INF INF INF INF INF INF INF INF INF INF INF INF INF INF INF INF INF INF INF INF INF INF INF INF INF INF INF INF INF INF INF INF INF INF INF INF INF INF INF INF INF INF INF INF INF INF INF INF INF INF INF INF INF INF INF INF INF INF INF INF INF INF INF INF INF INF INF INF INF INF INF INF INF INF INF INF INF INF INF INF INF INF INF INF INF INF INF INF INF INF INF INF INF INF INF INF INF INF INF INF INF INF INF INF INF INF INF INF INF INF INF INF INF INF INF INF INF INF INF INF INF INF INF INF INF INF INF INF INF INF INF INF INF INF INF INF INF INF INF INF INF INF INF INF INF INF INF INF INF INF INF INF INF INF INF INF INF INF INF INF INF INF INF INF INF INF INF INF INF INF INF INF INF INF INF INF INF INF INF INF INF INF INF INF INF INF INF INF INF INF INF INF INF INF INF INF INF INF INF INF INF INF INF INF INF INF INF INF INF INF INF INF INF INF INF INF 0 -2 1 2 5 2 0 3 4 7 4 2 5 6 9 6 4 7 8 11 8 6 9 10 13 10 8 11 12 15 12 10 13 14 17 14 12 15 16 19 16 14 17 18 21 18 16 19 20 23 20 18 21 22 25 22 20 23 24 27 24 22 25 26 29 26 24 27 28 31 28 26 29 30 33 30 28 31 32 35 32 30 33 34 37 34 32 35 36 39 36 34 37 38 41 38 36 39 40 43 40 38 41 42 45 42 40 43 44 47 44 42 45 46 49 46 44 47 48 51 48 46 49 50 53 50 48 51 52 55 52 50 53 54 57 54 52 55 56 59 56 54 57 58 61 58 56 59 60 63 60 58 61 62 65 62 60 63 64 67 64 62 65 66 69 66 64 67 68 71 68 66 69 70 73 70 68 71 72 75 72 70 73 74 77 74 72 75 76 79 76 74 77 78 81 78 76 79 80 83 80 78 81 82 85 82 80 83 84 87 84 82 85 86 89 86 84 87 88 91 88 86 89 90 93 90 88 91 92 95 92 90 93 94 97 94 92 95 96 99 96 94 97 98 101
INF INF INF INF INF INF INF INF INF INF INF INF INF INF INF INF INF INF INF INF INF INF INF INF INF INF INF INF INF INF INF INF INF INF INF INF INF INF INF INF INF INF INF INF INF INF INF INF INF INF INF INF INF INF INF INF INF INF INF INF INF INF INF INF INF INF INF INF INF INF INF INF INF INF INF INF INF INF INF INF INF INF INF INF INF INF INF INF INF INF INF INF INF INF INF INF INF INF INF INF INF INF INF INF INF INF INF INF INF INF INF INF INF INF INF INF INF INF INF INF INF INF INF INF INF INF INF INF INF INF INF INF INF INF INF INF INF INF INF INF INF INF INF INF INF INF INF INF INF INF INF INF INF INF INF INF INF INF INF INF INF INF INF INF INF INF INF INF INF INF INF INF INF INF INF INF INF INF INF INF INF INF INF INF INF INF INF INF INF INF INF INF INF INF INF INF INF INF INF INF INF INF INF INF INF INF INF INF INF INF INF INF INF INF INF INF INF INF INF INF INF INF INF INF INF INF INF INF INF INF INF INF INF INF INF INF INF INF INF INF INF INF INF INF INF INF INF INF INF INF INF INF INF INF INF INF 0 3 4 7 8 2 5 6 9 10 4 7 8 11 12 6 9 10 13 14 8 11 12 15 16 10 13 14 17 18 12 15 16 19 20 14 17 18 21 22 16 19 20 23 24 18 21 22 25 26 20 23 24 27 28 22 25 26 29 30 24 27 28 31 32 26 29 30 33 34 28 31 32 35 36 30 33 34 37 38 32 35 36 39 40 34 37 38 41 42 36 39 40 43 44 38 41 42 45 46 40 43 44 47 48 42 45 46 49 50 44 47 48 51 52 46 49 50 53 54 48 51 52 55 56 50 53 54 57 58 52 55 56 59 60 54 57 58 61 62 56 59 60 63 64 58 61 62 65 66 60 63 64 67 68 62 65 66 69 70 64 67 68 71 72 66 69 70 73 74 68 71 72 75 76 70 73 74 77 78 72 75 76 79 80 74 77 78 81 82 76 79 80 83 84 78 81 82 85 86 80 83 84 87 88 82 85 86 89 90 84 87 88 91 92 86 89 90 93 94 88 91 92 95 96 90 93 94 97 98 92 95 96 99 100 94 97 98 101 102 96 99 100 103
INF INF INF INF INF INF INF INF INF INF INF INF INF INF INF INF INF INF INF INF INF INF INF INF INF INF INF INF INF INF INF INF INF INF INF INF INF INF INF INF INF INF INF INF INF INF INF INF INF INF INF INF INF INF INF INF INF INF INF INF INF INF INF INF INF INF INF INF INF INF INF INF INF INF INF INF INF INF INF INF INF INF INF INF INF INF INF INF INF INF INF INF INF INF INF INF INF INF INF INF INF INF INF INF INF INF INF INF INF INF INF INF INF INF INF INF INF INF INF INF INF INF INF INF INF INF INF INF INF INF INF INF INF INF INF INF INF INF INF INF INF INF INF INF INF INF INF INF INF INF INF INF INF INF INF INF INF INF INF INF INF INF INF INF INF INF INF INF INF INF INF INF INF INF INF INF INF INF INF INF INF INF INF INF INF INF INF INF INF INF INF INF INF INF INF INF INF INF INF INF INF INF INF INF INF INF INF INF INF INF INF INF INF INF INF INF INF INF INF INF INF INF INF INF INF INF INF INF INF INF INF INF INF INF INF INF INF INF INF INF INF INF INF INF INF INF INF INF INF INF INF INF INF INF INF INF INF 0 3 4 7 5 2 5 6 9 7 4 7 8 11 9 6 9 10 13 11 8 11 12 15 13 10 13 14 17 15 12 15 16 19 17 14 17 18 21 19 16 19 20 23 21 18 21 22 25 23 20 23 24 27 25 22 25 26 29 27 24 27 28 31 29 26 29 30 33 31 28 31 32 35 33 30 33 34 37 35 32 35 36 39 37 34 37 38 41 39 36 39 40 43 41 38 41 42 45 43 40 43 44 47 45 42 45 46 49 47 44 47 48 51 49 46 49 50 53 51 48 51 52 55 53 50 53 54 57 55 52 55 56 59 57 54 57 58 61 59 56 59 60 63 61 58 61 62 65 63 60 63 64 67 65 62 65 66 69 67 64 67 68 71 69 66 69 70 73 71 68 71 72 75 73 70 73 74 77 75 72 75 76 79 77 74 77 78 81 79 76 79 80 83 81 78 81 82 85 83 80 83 84 87 85 82 85 86 89 87 84 87 88 91 89 86 89 90 93 91 88 91 92 95 93 90 93 94 97 95 92 95 96 99 97 94 97 98 101 99 96 99 100
INF INF INF INF INF INF INF INF INF INF INF INF INF INF INF INF INF INF INF INF INF INF INF INF INF INF INF INF INF INF INF INF INF INF INF INF INF INF INF INF INF INF INF INF INF INF INF INF INF INF INF INF INF INF INF INF INF INF INF INF INF INF INF INF INF INF INF INF INF INF INF INF INF INF INF INF INF INF INF INF INF INF INF INF INF INF INF INF INF INF INF INF INF INF INF INF INF INF INF INF INF INF INF INF INF INF INF INF INF INF INF INF INF INF INF INF INF INF INF INF INF INF INF INF INF INF INF INF INF INF INF INF INF INF INF INF INF INF INF INF INF INF INF INF INF INF INF INF INF INF INF INF INF INF INF INF INF INF INF INF INF INF INF INF INF INF INF INF INF INF INF INF INF INF INF INF INF INF INF INF INF INF INF INF INF INF INF INF INF INF INF INF INF INF INF INF INF INF INF INF INF INF INF INF INF INF INF INF INF INF INF INF INF INF INF INF INF INF INF INF INF INF INF INF INF INF INF INF INF INF INF INF INF INF INF INF INF INF INF INF INF INF INF INF INF INF INF INF INF INF INF INF INF INF INF INF INF INF 0 3 4 2 5 2 5 6 4 7 4 7 8 6 9 6 9 10 8 11 8 11 12 10 13 10 13 14 12 15 12 15 16 14 17 14 17 18 16 19 16 19 20 18 21 18 21 22 20 23 20 23 24 22 25 22 25 26 24 27 24 27 28 26 29 26 29 30 28 31 28 31 32 30 33 30 33 34 32 35 32 35 36 34 37 34 37 38 36 39 36 39 40 38 41 38 41 42 40 43 40 43 44 42 45 42 45 46 44 47 44 47 48 46 49 46 49 50 48 51 48 51 52 50 53 50 53 54 52 55 52 55 56 54 57 54 57 58 56 59 56 59 60 58 61 58 61 62 60 63 60 63 64 62 65 62 65 66 64 67 64 67 68 66 69 66 69 70 68 71 68 71 72 70 73 70 73 74 72 75 72 75 76 74 77 74 77 78 76 79 76 79 80 78 81 78 81 82 80 83 80 83 84 82 85 82 85 86 84 87 84 87 88 86 89 86 89 90 88 91 88 91 92 90 93 90 93 94 92 95 92 95 96 94 97 94 97 98 96 99 96 99
INF INF INF INF INF INF INF INF INF INF INF INF INF INF INF INF INF INF INF INF INF INF INF INF INF INF INF INF INF INF INF INF INF INF INF INF INF INF INF INF INF INF INF INF INF INF INF INF INF INF INF INF INF INF INF INF INF INF INF INF INF INF INF INF INF INF INF INF INF INF INF INF INF INF INF INF INF INF INF INF INF INF INF INF INF INF INF INF INF INF INF INF INF INF INF INF INF INF INF INF INF INF INF INF INF INF INF INF INF INF INF INF INF INF INF INF INF INF INF INF INF INF INF INF INF INF INF INF INF INF INF INF INF INF INF INF INF INF INF INF INF INF INF INF INF INF INF INF INF INF INF INF INF INF INF INF INF INF INF INF INF INF INF INF INF INF INF INF INF INF INF INF INF INF INF INF INF INF INF INF INF INF INF INF INF INF INF INF INF INF INF INF INF INF INF INF INF INF INF INF INF INF INF INF INF INF INF INF INF INF INF INF INF INF INF INF INF INF INF INF INF INF INF INF INF INF INF INF INF INF INF INF INF INF INF INF INF INF INF INF INF INF INF INF INF INF INF INF INF INF INF INF INF INF INF INF INF INF INF 0 3 1 4 5 2 5 3 6 7 4 7 5 8 9 6 9 7 10 11 8 11 9 12 13 10 13 11 14 15 12 15 13 16 17 14 17 15 18 19 16 19 17 20 21 18 21 19 22 23 20 23 21 24 25 22 25 23 26 27 24 27 25 28 29 26 29 27 30 31 28 31 29 32 33 30 33 31 34 35 32 35 33 36 37 34 37 35 38 39 36 39 37 40 41 38 41 39 42 43 40 43 41 44 45 42 45 43 46 47 44 47 45 48 49 46 49 47 50 51 48 51 49 52 53 50 53 51 54 55 52 55 53 56 57 54 57 55 58 59 56 59 57 60 61 58 61 59 62 63 60 63 61 64 65 62 65 63 66 67 64 67 65 68 69 66 69 67 70 71 68 71 69 72 73 70 73 71 74 75 72 75 73 76 77 74 77 75 78 79 76 79 77 80 81 78 81 79 82 83 80 83 81 84 85 82 85 83 86 87 84 87 85 88 89 86 89 87 90 91 88 91 89 92 93 90 93 91 94 95 92 95 93 96 97 94 97 95 98 99 96
INF INF INF INF INF INF INF INF INF INF INF INF INF INF INF INF INF INF INF INF INF INF INF INF INF INF INF INF INF INF INF INF INF INF INF INF INF INF INF INF INF INF INF INF INF INF INF INF INF INF INF INF INF INF INF INF INF INF INF INF INF INF INF INF INF INF INF INF INF INF INF INF INF INF INF INF INF INF INF INF INF INF INF INF INF INF INF INF INF INF INF INF INF INF INF INF INF INF INF INF INF INF INF INF INF INF INF INF INF INF INF INF INF INF INF INF INF INF INF INF INF INF INF INF INF INF INF INF INF INF INF INF INF INF INF INF INF INF INF INF INF INF INF INF INF INF INF INF INF INF INF INF INF INF INF INF INF INF INF INF INF INF INF INF INF INF INF INF INF INF INF INF INF INF INF INF INF INF INF INF INF INF INF INF INF INF INF INF INF INF INF INF INF INF INF INF INF INF INF INF INF INF INF INF INF INF INF INF INF INF INF INF INF INF INF INF INF INF INF INF INF INF INF INF INF INF INF INF INF INF INF INF INF INF INF INF INF INF INF INF INF INF INF INF INF INF INF INF INF INF INF INF INF INF INF INF INF INF INF INF 0 -2 1 2 5 2 0 3 4 7 4 2 5 6 9 6 4 7 8 11 8 6 9 10 13 10 8 11 12 15 12 10 13 14 17 14 12 15 16 19 16 14 17 18 21 18 16 19 20 23 20 18 21 22 25 22 20 23 24 27 24 22 25 26 29 26 24 27 28 31 28 26 29 30 33 30 28 31 32 35 32 30 33 34 37 34 32 35 36 39 36 34 37 38 41 38 36 39 40 43 40 38 41 42 45 42 40 43 44 47 44 42 45 46 49 46 44 47 48 51 48 46 49 50 53 50 48 51 52 55 52 50 53 54 57 54 52 55 56 59 56 54 57 58 61 58 56 59 60 63 60 58 61 62 65 62 60 63 64 67 64 62 65 66 69 66 64 67 68 71 68 66 69 70 73 70 68 71 72 75 72 70 73 74 77 74 72 75 76 79 76 74 77 78 81 78 76 79 80 83 80 78 81 82 85 82 80 83 84 87 84 82 85 86 89 86 84 87 88 91 88 86 89 90 93 90 88 91 92 95 92 90 93 94 97 94 92 95 96 99
INF INF INF INF INF INF INF INF INF INF INF INF INF INF INF INF INF INF INF INF INF INF INF INF INF INF INF INF INF INF INF INF INF INF INF INF INF INF INF INF INF INF INF INF INF INF INF INF INF INF INF INF INF INF INF INF INF INF INF INF INF INF INF INF INF INF INF INF INF INF INF INF INF INF INF INF INF INF INF INF INF INF INF INF INF INF INF INF INF INF INF INF INF INF INF INF INF INF INF INF INF INF INF INF INF INF INF INF INF INF INF INF INF INF INF INF INF INF INF INF INF INF INF INF INF INF INF INF INF INF INF INF INF INF INF INF INF INF INF INF INF INF INF INF INF INF INF INF INF INF INF INF INF INF INF INF INF INF INF INF INF INF INF INF INF INF INF INF INF INF INF INF INF INF INF INF INF INF INF INF INF INF INF INF INF INF INF INF INF INF INF INF INF INF INF INF INF INF INF INF INF INF INF INF INF INF INF INF INF INF INF INF INF INF INF INF INF INF INF INF INF INF INF INF INF INF INF INF INF INF INF INF INF INF INF INF INF INF INF INF INF INF INF INF INF INF INF INF INF INF INF INF INF INF INF INF INF INF INF INF INF 0 3 4 7 8 2 5 6 9 10 4 7 8 11 12 6 9 10 13 14 8 11 12 15 16 10 13 14 17 18 12 15 16 19 20 14 17 18 21 22 16 19 20 23 24 18 21 22 25 26 20 23 24 27 28 22 25 26 29 30 24 27 28 31 32 26 29 30 33 34 28 31 32 35 36 30 33 34 37 38 32 35 36 39 40 34 37 38 41 42 36 39 40 43 44 38 41 42 45 46 40 43 44 47 48 42 45 46 49 50 44 47 48 51 52 46 49 50 53 54 48 51 52 55 56 50 53 54 57 58 52 55 56 59 60 54 57 58 61 62 56 59 60 63 64 58 61 62 65 66 60 63 64 67 68 62 65 66 69 70 64 67 68 71 72 66 69 70 73 74 68 71 72 75 76 70 73 74 77 78 72 75 76 79 80 74 77 78 81 82 76 79 80 83 84 78 81 82 85 86 80 83 84 87 88 82 85 86 89 90 84 87 88 91 92 86 89 90 93 94 88 91 92 95 96 90 93 94 97 98 92 95 96 99 100 94 97 98 101
INF INF INF INF INF INF INF INF INF INF INF INF INF INF INF INF INF INF INF INF INF INF INF INF INF INF INF INF INF INF INF INF INF INF INF INF INF INF INF INF INF INF INF INF INF INF INF INF INF INF INF INF INF INF INF INF INF INF INF INF INF INF INF INF INF INF INF INF INF INF INF INF INF INF INF INF INF INF INF INF INF INF INF INF INF INF INF INF INF INF INF INF INF INF INF INF INF INF INF INF INF INF INF INF INF INF INF INF INF INF INF INF INF INF INF INF INF INF INF INF INF INF INF INF INF INF INF INF INF INF INF INF INF INF INF INF INF INF INF INF INF INF INF INF INF INF INF INF INF INF INF INF INF INF INF INF INF INF INF INF INF INF INF INF INF INF INF INF INF INF INF INF INF INF INF INF INF INF INF INF INF INF INF INF INF INF INF INF INF INF INF INF INF INF INF INF INF INF INF INF INF INF INF INF INF INF INF INF INF INF INF INF INF INF INF INF INF INF INF INF INF INF INF INF INF INF INF INF INF INF INF INF INF INF INF INF INF INF INF INF INF INF INF INF INF INF INF INF INF INF INF INF INF INF INF INF INF INF INF INF INF INF 0 3 4 7 5 2 5 6 9 7 4 7 8 11 9 6 9 10 13 11 8 11 12 15 13 10 13 14 17 15 12 15 16 19 17 14 17 18 21 19 16 19 20 23 21 18 21 22 25 23 20 23 24 27 25 22 25 26 29 27 24 27 28 31 29 26 29 30 33 31 28 31 32 35 33 30 33 34 37 35 32 35 36 39 37 34 37 38 41 39 36 39 40 43 41 38 41 42 45 43 40 43 44 47 45 42 45 46 49 47 44 47 48 51 49 46 49 50 53 51 48 51 52 55 53 50 53 54 57 55 52 55 56 59 57 54 57 58 61 59 56 59 60 63 61 58 61 62 65 63 60 63 64 67 65 62 65 66 69 67 64 67 68 71 69 66 69 70 73 71 68 71 72 75 73 70 73 74 77 75 72 75 76 79 77 74 77 78 81 79 76 79 80 83 81 78 81 82 85 83 80 83 84 87 85 82 85 86 89 87 84 87 88 91 89 86 89 90 93 91 88 91 92 95 93 90 93 94 97 95 92 95 96 99 97 94 97 98
INF INF INF INF INF INF INF INF INF INF INF INF INF INF INF INF INF INF INF INF INF INF INF INF INF INF INF INF INF INF INF INF INF INF INF INF INF INF INF INF INF INF INF INF INF INF INF INF INF INF INF INF INF INF INF INF INF INF INF INF INF INF INF INF INF INF INF INF INF INF INF INF INF INF INF INF INF INF INF INF INF INF INF INF INF INF INF INF INF INF INF INF INF INF INF INF INF INF INF INF INF INF INF INF INF INF INF INF INF INF INF INF INF INF INF INF INF INF INF INF INF INF INF INF INF INF INF INF INF INF INF INF INF INF INF INF INF INF INF INF INF INF INF INF INF INF INF INF INF INF INF INF INF INF INF INF INF INF INF INF INF INF INF INF INF INF INF INF INF INF INF INF INF INF INF INF INF INF INF INF INF INF INF INF INF INF INF INF INF INF INF INF INF INF INF INF INF INF INF INF INF INF INF INF INF INF INF INF INF INF INF INF INF INF INF INF INF INF INF INF INF INF INF INF INF INF INF INF INF INF INF INF INF INF INF INF INF INF INF INF INF INF INF INF INF INF INF INF INF INF INF INF INF INF INF INF INF INF INF INF INF INF INF 0 3 4 2 5 2 5 6 4 7 4 7 8 6 9 6 9 10 8 11 8 11 12 10 13 10 13 14 12 15 12 15 16 14 17 14 17 18 16 19 16 19 20 18 21 18 21 22 20 23 20 23 24 22 25 22 25 26 24 27 24 27 28 26 29 26 29 30 28 31 28 31 32 30 33 30 33 34 32 35 32 35 36 34 37 34 37 38 36 39 36 39 40 38 41 38 41 42 40 43 40 43 44 42 45 42 45 46 44 47 44 47 48 46 49 46 49 50 48 51 48 51 52 50 53 50 53 54 52 55 52 55 56 54 57 54 57 58 56 59 56 59 60 58 61 58 61 62 60 63 60 63 64 62 65 62 65 66 64 67 64 67 68 66 69 66 69 70 68 71 68 71 72 70 73 70 73 74 72 75 72 75 76 74 77 74 77 78 76 79 76 79 80 78 81 78 81 82 80 83 80 83 84 82 85 82 85 86 84 87 84 87 88 86 89 86 89 90 88 91 88 91 92 90 93 90 93 94 92 95 92 95 96 94 97 94 97
INF INF INF INF INF INF INF INF INF INF INF INF INF INF INF INF INF INF INF INF INF INF INF INF INF INF INF INF INF INF INF INF INF INF INF INF INF INF INF INF INF INF INF INF INF INF INF INF INF INF INF INF INF INF INF INF INF INF INF INF INF INF INF INF INF INF INF INF INF INF INF INF INF INF INF INF INF INF INF INF INF INF INF INF INF INF INF INF INF INF INF INF INF INF INF INF INF INF INF INF INF INF INF INF INF INF INF INF INF INF INF INF INF INF INF INF INF INF INF INF INF INF INF INF INF INF INF INF INF INF INF INF INF INF INF INF INF INF INF INF INF INF INF INF INF INF INF INF INF INF INF INF INF INF INF INF INF INF INF INF INF INF INF INF INF INF INF INF INF INF INF INF INF INF INF INF INF INF INF INF INF INF INF INF INF INF INF INF INF INF INF INF INF INF INF INF INF INF INF INF INF INF INF INF INF INF INF INF INF INF INF INF INF INF INF INF INF INF INF INF INF INF INF INF INF INF INF INF INF INF INF INF INF INF INF INF INF INF INF INF INF INF INF INF INF INF INF INF INF INF INF INF INF INF INF INF INF INF INF INF INF INF INF INF 0 3 1 4 5 2 5 3 6 7 4 7 5 8 9 6 9 7 10 11 8 11 9 12 13 10 13 11 14 15 12 15 13 16 17 14 17 15 18 19 16 19 17 20 21 18 21 19 22 23 20 23 21 24 25 22 25 23 26 27 24 27 25 28 29 26 29 27 30 31 28 31 29 32 33 30 33 31 34 35 32 35 33 36 37 34 37 35 38 39 36 39 37 40 41 38 41 39 42 43 40 43 41 44 45 42 45 43 46 47 44 47 45 48 49 46 49 47 50 51 48 51 49 52 53 50 53 51 54 55 52 55 53 56 57 54 57 55 58 59 56 59 57 60 61 58 61 59 62 63 60 63 61 64 65 62 65 63 66 67 64 67 65 68 69 66 69 67 70 71 68 71 69 72 73 70 73 71 74 75 72 75 73 76 77 74 77 75 78 79 76 79 77 80 81 78 81 79 82 83 80 83 81 84 85 82 85 83 86 87 84 87 85 88 89 86 89 87 90 91 88 91 89 92 93 90 93 91 94 95 92 95 93 96 97 94
INF INF INF INF INF INF INF INF INF INF INF INF INF INF INF INF INF INF INF INF INF INF INF INF INF INF INF INF INF INF INF INF INF INF INF INF INF INF INF INF INF INF INF INF INF INF INF INF INF INF INF INF INF INF INF INF INF INF INF INF INF INF INF INF INF INF INF INF INF INF INF INF INF INF INF INF INF INF INF INF INF INF INF INF INF INF INF INF INF INF INF INF INF INF INF INF INF INF INF INF INF INF INF INF INF INF INF INF INF INF INF INF INF INF INF INF INF INF INF INF INF INF INF INF INF INF INF INF INF INF INF INF INF INF INF INF INF INF INF INF INF INF INF INF INF INF INF INF INF INF INF INF INF INF INF INF INF INF INF INF INF INF INF INF INF INF INF INF INF INF INF INF INF INF INF INF INF INF INF INF INF INF INF INF INF INF INF INF INF INF INF INF INF INF INF INF INF INF INF INF INF INF INF INF INF INF INF INF INF INF INF INF INF INF INF INF INF INF INF INF INF INF INF INF INF INF INF INF INF INF INF INF INF INF INF INF INF INF INF INF INF INF INF INF INF INF INF INF INF INF INF INF INF INF INF INF INF INF INF INF INF INF INF INF INF 0 -2 1 2 5 2 0 3 4 7 4 2 5 6 9 6 4 7 8 11 8 6 9 10 13 10 8 11 12 15 12 10 13 14 17 14 12 15 16 19 16 14 17 18 21 18 16 19 20 23 20 18 21 22 25 22 20 23 24 27 24 22 25 26 29 26 24 27 28 31 28 26 29 30 33 30 28 31 32 35 32 30 33 34 37 34 32 35 36 39 36 34 37 38 41 38 36 39 40 43 40 38 41 42 45 42 40 43 44 47 44 42 45 46 49 46 44 47 48 51 48 46 49 50 53 50 48 51 52 55 52 50 53 54 57 54 52 55 56 59 56 54 57 58 61 58 56 59 60 63 60 58 61 62 65 62 60 63 64 67 64 62 65 66 69 66 64 67 68 71 68 66 69 70 73 70 68 71 72 75 72 70 73 74 77 74 72 75 76 79 76 74 77 78 81 78 76 79 80 83 80 78 81 82 85 82 80 83 84 87 84 82 85 86 89 86 84 87 88 91 88 86 89 90 93 90 88 91 92 95 92 90 93 94 97
INF INF INF INF INF INF INF INF INF INF INF INF INF INF INF INF INF INF INF INF INF INF INF INF INF INF INF INF INF INF INF INF INF INF INF INF INF INF INF INF INF INF INF INF INF INF INF INF INF INF INF INF INF INF INF INF INF INF INF INF INF INF INF INF INF INF INF INF INF INF INF INF INF INF INF INF INF INF INF INF INF INF INF INF INF INF INF INF INF INF INF INF INF INF INF INF INF INF INF INF INF INF INF INF INF INF INF INF INF INF INF INF INF INF INF INF INF INF INF INF INF INF INF INF INF INF INF INF INF INF INF INF INF INF INF INF INF INF INF INF INF INF INF INF INF INF INF INF INF INF INF INF INF INF INF INF INF INF INF INF INF INF INF INF INF INF INF INF INF INF INF INF INF INF INF INF INF INF INF INF INF INF INF INF INF INF INF INF INF INF INF INF INF INF INF INF INF INF INF INF INF INF INF INF INF INF INF INF INF INF INF INF INF INF INF INF INF INF INF INF INF INF INF INF INF INF INF INF INF INF INF INF INF INF INF INF INF INF INF INF INF INF INF INF INF INF INF INF INF INF INF INF INF INF INF INF INF INF INF INF INF INF INF INF INF INF 0 3 4 7 8 2 5 6 9 10 4 7 8 11 12 6 9 10 13 14 8 11 12 15 16 10 13 14 17 18 12 15 16 19 20 14 17 18 21 22 16 19 20 23 24 18 21 22 25 26 20 23 24 27 28 22 25 26 29 30 24 27 28 31 32 26 29 30 33 34 28 31 32 35 36 30 33 34 37 38 32 35 36 39 40 34 37 38 41 42 36 39 40 43 44 38 41 42 45 46 40 43 44 47 48 42 45 46 49 50 44 47 48 51 52 46 49 50 53 54 48 51 52 55 56 50 53 54 57 58 52 55 56 59 60 54 57 58 61 62 56 59 60 63 64 58 61 62 65 66 60 63 64 67 68 62 65 66 69 70 64 67 68 71 72 66 69 70 73 74 68 71 72 75 76 70 73 74 77 78 72 75 76 79 80 74 77 78 81 82 76 79 80 83 84 78 81 82 85 86 80 83 84 87 88 82 85 86 89 90 84 87 88 91 92 86 89 90 93 94 88 91 92 95 96 90 93 94 97 98 92 95 96 99
INF INF INF INF INF INF INF INF INF INF INF INF INF INF INF INF INF INF INF INF INF INF INF INF INF INF INF INF INF INF INF INF INF INF INF INF INF INF INF INF INF INF INF INF INF INF INF INF INF INF INF INF INF INF INF INF INF INF INF INF INF INF INF INF INF INF INF INF INF INF INF INF INF INF INF INF INF INF INF INF INF INF INF INF INF INF INF INF INF INF INF INF INF INF INF INF INF INF INF INF INF INF INF INF INF INF INF INF INF INF INF INF INF INF INF INF INF INF INF INF INF INF INF INF INF INF INF INF INF INF INF INF INF INF INF INF INF INF INF INF INF INF INF INF INF INF INF INF INF INF INF INF INF INF INF INF INF INF INF INF INF INF INF INF INF INF INF INF INF INF INF INF INF INF INF INF INF INF INF INF INF INF INF INF INF INF INF INF INF INF INF INF INF INF INF INF INF INF INF INF INF INF INF INF INF INF INF INF INF INF INF INF INF INF INF INF INF INF INF INF INF INF INF INF INF INF INF INF INF INF INF INF INF INF INF INF INF INF INF INF INF INF INF INF INF INF INF INF INF INF INF INF INF INF INF INF INF INF INF INF INF INF INF INF INF INF INF 0 3 4 7 5 2 5 6 9 7 4 7 8 11 9 6 9 10 13 11 8 11 12 15 13 10 13 14 17 15 12 15 16 19 17 14 17 18 21 19 16 19 20 23 21 18 21 22 25 23 20 23 24 27 25 22 25 26 29 27 24 27 28 31 29 26 29 30 33 31 28 31 32 35 33 30 33 34 37 35 32 35 36 39 37 34 37 38 41 39 36 39 40 43 41 38 41 42 45 43 40 43 44 47 45 42 45 46 49 47 44 47 48 51 49 46 49 50 53 51 48 51 52 55 53 50 53 54 57 55 52 55 56 59 57 54 57 58 61 59 56 59 60 63 61 58 61 62 65 63 60 63 64 67 65 62 65 66 69 67 64 67 68 71 69 66 69 70 73 71 68 71 72 75 73 70 73 74 77 75 72 75 76 79 77 74 77 78 81 79 76 79 80 83 81 78 81 82 85 83 80 83 84 87 85 82 85 86 89 87 84 87 88 91 89 86 89 90 93 91 88 91 92 95 93 90 93 94 97 95 92 95 96
INF INF INF INF INF INF INF INF INF INF INF INF INF INF INF INF INF INF INF INF INF INF INF INF INF INF INF INF INF INF INF INF INF INF INF INF INF INF INF INF INF INF INF INF INF INF INF INF INF INF INF INF INF INF INF INF INF INF INF INF INF INF INF INF INF INF INF INF INF INF INF INF INF INF INF INF INF INF INF INF INF INF INF INF INF INF INF INF INF INF INF INF INF INF INF INF INF INF INF INF INF INF INF INF INF INF INF INF INF INF INF INF INF INF INF INF INF INF INF INF INF INF INF INF INF INF INF INF INF INF INF INF INF INF INF INF INF INF INF INF INF INF INF INF INF INF INF INF INF INF INF INF INF INF INF INF INF INF INF INF INF INF INF INF INF INF INF INF INF INF INF INF INF INF INF INF INF INF INF INF INF INF INF INF INF INF INF INF INF INF INF INF INF INF INF INF INF INF INF INF INF INF INF INF INF INF INF INF INF INF INF INF INF INF INF INF INF INF INF INF INF INF INF INF INF INF INF INF INF INF INF INF INF INF INF INF INF INF INF INF INF INF INF INF INF INF INF INF INF INF INF INF INF INF INF INF INF INF INF INF INF INF INF INF INF INF INF INF 0 3 4 2 5 2 5 6 4 7 4 7 8 6 9 6 9 10 8 11 8 11 12 10 13 10 13 14 12 15 12 15 16 14 17 14 17 18 16 19 16 19 20 18 21 18 21 22 20 23 20 23 24 22 25 22 25 26 24 27 24 27 28 26 29 26 29 30 28 31 28 31 32 30 33 30 33 34 32 35 32 35 36 34 37 34 37 38 36 39 36 39 40 38 41 38 41 42 40 43 40 43 44 42 45 42 45 46 44 47 44 47 48 46 49 46 49 50 48 51 48 51 52 50 53 50 53 54 52 55 52 55 56 54 57 54 57 58 56 59 56 59 60 58 61 58 61 62 60 63 60 63 64 62 65 62 65 66 64 67 64 67 68 66 69 66 69 70 68 71 68 71 72 70 73 70 73 74 72 75 72 75 76 74 77 74 77 78 76 79 76 79 80 78 81 78 81 82 80 83 80 83 84 82 85 82 85 86 84 87 84 87 88 86 89 86 89 90 88 91 88 91 92 90 93 90 93 94 92 95 92 95
INF INF INF INF INF INF INF INF INF INF INF INF INF INF INF INF INF INF INF INF INF INF INF INF INF INF INF INF INF INF INF INF INF INF INF INF INF INF INF INF INF INF INF INF INF INF INF INF INF INF INF INF INF INF INF INF INF INF INF INF INF INF INF INF INF INF INF INF INF INF INF INF INF INF INF INF INF INF INF INF INF INF INF INF INF INF INF INF INF INF INF INF INF INF INF INF INF INF INF INF INF INF INF INF INF INF INF INF INF INF INF INF INF INF INF INF INF INF INF INF INF INF INF INF INF INF INF INF INF INF INF INF INF INF INF INF INF INF INF INF INF INF INF INF INF INF INF INF INF INF INF INF INF INF INF INF INF INF INF INF INF INF INF INF INF INF INF INF INF INF INF INF INF INF INF INF INF INF INF INF INF INF INF INF INF INF INF INF INF INF INF INF INF INF INF INF INF INF INF INF INF INF INF INF INF INF INF INF INF INF INF INF INF INF INF INF INF INF INF INF INF INF INF INF INF INF INF INF INF INF INF INF INF INF INF INF INF INF INF INF INF INF INF INF INF INF INF INF INF INF INF INF INF INF INF INF INF INF INF INF INF INF INF INF INF INF INF INF INF 0 3 1 4 5 2 5 3 6 7 4 7 5 8 9 6 9 7 10 11 8 11 9 12 13 10 13 11 14 15 12 15 13 16 17 14 17 15 18 19 16 19 17 20 21 18 21 19 22 23 20 23 21 24 25 22 25 23 26 27 24 27 25 28 29 26 29 27 30 31 28 31 29 32 33 30 33 31 34 35 32 35 33 36 37 34 37 35 38 39 36 39 37 40 41 38 41 39 42 43 40 43 41 44 45 42 45 43 46 47 44 47 45 48 49 46 49 47 50 51 48 51 49 52 53 50 53 51 54 55 52 55 53 56 57 54 57 55 58 59 56 59 57 60 61 58 61 59 62 63 60 63 61 64 65 62 65 63 66 67 64 67 65 68 69 66 69 67 70 71 68 71 69 72 73 70 73 71 74 75 72 75 73 76 77 74 77 75 78 79 76 79 77 80 81 78 81 79 82 83 80 83 81 84 85 82 85 83 86 87 84 87 85 88 89 86 89 87 90 91 88 91 89 92 93 90 93 91 94 95 92
INF INF INF INF INF INF INF INF INF INF INF INF INF INF INF INF INF INF INF INF INF INF INF INF INF INF INF INF INF INF INF INF INF INF INF INF INF INF INF INF INF INF INF INF INF INF INF INF INF INF INF INF INF INF INF INF INF INF INF INF INF INF INF INF INF INF INF INF INF INF INF INF INF INF INF INF INF INF INF INF INF INF INF INF INF INF INF INF INF INF INF INF INF INF INF INF INF INF INF INF INF INF INF INF INF INF INF INF INF INF INF INF INF INF INF INF INF INF INF INF INF INF INF INF INF INF INF INF INF INF INF INF INF INF INF INF INF INF INF INF INF INF INF INF INF INF INF INF INF INF INF INF INF INF INF INF INF INF INF INF INF INF INF INF INF INF INF INF INF INF INF INF INF INF INF INF INF INF INF INF INF INF INF INF INF INF INF INF INF INF INF INF INF INF INF INF INF INF INF INF INF INF INF INF INF INF INF INF INF INF INF INF INF INF INF INF INF INF INF INF INF INF INF INF INF INF INF INF INF INF INF INF INF INF INF INF INF INF INF INF INF INF INF INF INF INF INF INF INF INF INF INF INF INF INF INF INF INF INF INF INF INF INF INF INF INF INF INF INF INF 0 -2 1 2 5 2 0 3 4 7 4 2 5 6 9 6 4 7 8 11 8 6 9 10 13 10 8 11 12 15 12 10 13 14 17 14 12 15 16 19 16 14 17 18 21 18 16 19 20 23 20 18 21 22 25 22 20 23 24 27 24 22 25 26 29 26 24 27 28 31 28 26 29 30 33 30 28 31 32 35 32 30 33 34 37 34 32 35 36 39 36 34 37 38 41 38 36 39 40 43 40 38 41 42 45 42 40 43 44 47 44 42 45 46 49 46 44 47 48 51 48 46 49 50 53 50 48 51 52 55 52 50 53 54 57 54 52 55 56 59 56 54 57 58 61 58 56 59 60 63 60 58 61 62 65 62 60 63 64 67 64 62 65 66 69 66 64 67 68 71 68 66 69 70 73 70 68 71 72 75 72 70 73 74 77 74 72 75 76 79 76 74 77 78 81 78 76 79 80 83 80 78 81 82 85 82 80 83 84 87 84 82 85 86 89 86 84 87 88 91 88 86 89 90 93 90 88 91 92 95
INF INF INF INF INF INF INF INF INF INF INF INF INF INF INF INF INF INF INF INF INF INF INF INF INF INF INF INF INF INF INF INF INF INF INF INF INF INF INF INF INF INF INF INF INF INF INF INF INF INF INF INF INF INF INF INF INF INF INF INF INF INF INF INF INF INF INF INF INF INF INF INF INF INF INF INF INF INF INF INF INF INF INF INF INF INF INF INF INF INF INF INF INF INF INF INF INF INF INF INF INF INF INF INF INF INF INF INF INF INF INF INF INF INF INF INF INF INF INF INF INF INF INF INF INF INF INF INF INF INF INF INF INF INF INF INF INF INF INF INF INF INF INF INF INF INF INF INF INF INF INF INF INF INF INF INF INF INF INF INF INF INF INF INF INF INF INF INF INF INF INF INF INF INF INF INF INF INF INF INF INF INF INF INF INF INF INF INF INF INF INF INF INF INF INF INF INF INF INF INF INF INF INF INF INF INF INF INF INF INF INF INF INF INF INF INF INF INF INF INF INF INF INF INF INF INF INF INF INF INF INF INF INF INF INF INF INF INF INF INF INF INF INF INF INF INF INF INF INF INF INF INF INF INF INF INF INF INF INF INF INF INF INF INF INF INF INF INF INF INF INF 0 3 4 7 8 2 5 6 9 10 4 7 8 11 12 6 9 10 13 14 8 11 12 15 16 10 13 14 17 18 12 15 16 19 20 14 17 18 21 22 16 19 20 23 24 18 21 22 25 26 20 23 24 27 28 22 25 26 29 30 24 27 28 31 32 26 29 30 33 34 28 31 32 35 36 30 33 34 37 38 32 35 36 39 40 34 37 38 41 42 36 39 40 43 44 38 41 42 45 46 40 43 44 47 48 42 45 46 49 50 44 47 48 51 52 46 49 50 53 54 48 51 52 55 56 50 53 54 57 58 52 55 56 59 60 54 57 58 61 62 56 59 60 63 64 58 61 62 65 66 60 63 64 67 68 62 65 66 69 70 64 67 68 71 72 66 69 70 73 74 68 71 72 75 76 70 73 74 77 78 72 75 76 79 80 74 77 78 81 82 76 79 80 83 84 78 81 82 85 86 80 83 84 87 88 82 85 86 89 90 84 87 88 91 92 86 89 90 93 94 88 91 92 95 96 90 93 94 97
INF INF INF INF INF INF INF INF INF INF INF INF INF INF INF INF INF INF INF INF INF INF INF INF INF INF INF INF INF INF INF INF INF INF INF INF INF INF INF INF INF INF INF INF INF INF INF INF INF INF INF INF INF INF INF INF INF INF INF INF INF INF INF INF INF INF INF INF INF INF INF INF INF INF INF INF INF INF INF INF INF INF INF INF INF INF INF INF INF INF INF INF INF INF INF INF INF INF INF INF INF INF INF INF INF INF INF INF INF INF INF INF INF INF INF INF INF INF INF INF INF INF INF INF INF INF INF INF INF INF INF INF INF INF INF INF INF INF INF INF INF INF INF INF INF INF INF INF INF INF INF INF INF INF INF INF INF INF INF INF INF INF INF INF INF INF INF INF INF INF INF INF INF INF INF INF INF INF INF INF INF INF INF INF INF INF INF INF INF INF INF INF INF INF INF INF INF INF INF INF INF INF INF INF INF INF INF INF INF INF INF INF INF INF INF INF INF INF INF INF INF INF INF INF INF INF INF INF INF INF INF INF INF INF INF INF INF INF INF INF INF INF INF INF INF INF INF INF INF INF INF INF INF INF INF INF INF INF INF INF INF INF INF INF INF INF INF INF INF INF INF INF 0 3 4 7 5 2 5 6 9 7 4 7 8 11 9 6 9 10 13 11 8 11 12 15 13 10 13 14 17 15 12 15 16 19 17 14 17 18 21 19 16 19 20 23 21 18 21 22 25 23 20 23 24 27 25 22 25 26 29 27 24 27 28 31 29 26 29 30 33 31 28 31 32 35 33 30 33 34 37 35 32 35 36 39 37 34 37 38 41 39 36 39 40 43 41 38 41 42 45 43 40 43 44 47 45 42 45 46 49 47 44 47 48 51 49 46 49 50 53 51 48 51 52 55 53 50 53 54 57 55 52 55 56 59 57 54 57 58 61 59 56 59 60 63 61 58 61 62 65 63 60 63 64 67 65 62 65 66 69 67 64 67 68 71 69 66 69 70 73 71 68 71 72 75 73 70 73 74 77 75 72 75 76 79 77 74 77 78 81 79 76 79 80 83 81 78 81 82 85 83 80 83 84 87 85 82 85 86 89 87 84 87 88 91 89 86 89 90 93 91 88 91 92 95 93 90 93 94
INF INF INF INF INF INF INF INF INF INF INF INF INF INF INF INF INF INF INF INF INF INF INF INF INF INF INF INF INF INF INF INF INF INF INF INF INF INF INF INF INF INF INF INF INF INF INF INF INF INF INF INF INF INF INF INF INF INF INF INF INF INF INF INF INF INF INF INF INF INF INF INF INF INF INF INF INF INF INF INF INF INF INF INF INF INF INF INF INF INF INF INF INF INF INF INF INF INF INF INF INF INF INF INF INF INF INF INF INF INF INF INF INF INF INF INF INF INF INF INF INF INF INF INF INF INF INF INF INF INF INF INF INF INF INF INF INF INF INF INF INF INF INF INF INF INF INF INF INF INF INF INF INF INF INF INF INF INF INF INF INF INF INF INF INF INF INF INF INF INF INF INF INF INF INF INF INF INF INF INF INF INF INF INF INF INF INF INF INF INF INF INF INF INF INF INF INF INF INF INF INF INF INF INF INF INF INF INF INF INF INF INF INF INF INF INF INF INF INF INF INF INF INF INF INF INF INF INF INF INF INF INF INF INF INF INF INF INF INF INF INF INF INF INF INF INF INF INF INF INF INF INF INF INF INF INF INF INF INF INF INF INF INF INF INF INF INF INF INF INF INF INF INF 0 3 4 2 5 2 5 6 4 7 4 7 8 6 9 6 9 10 8 11 8 11 12 10 13 10 13 14 12 15 12 15 16 14 17 14 17 18 16 19 16 19 20 18 21 18 21 22 20 23 20 23 24 22 25 22 25 26 24 27 24 27 28 26 29 26 29 30 28 31 28 31 32 30 33 30 33 34 32 35 32 35 36 34 37 34 37 38 36 39 36 39 40 38 41 38 41 42 40 43 40 43 44 42 45 42 45 46 44 47 44 47 48 46 49 46 49 50 48 51 48 51 52 50 53 50 53 54 52 55 52 55 56 54 57 54 57 58 56 59 56 59 60 58 61 58 61 62 60 63 60 63 64 62 65 62 65 66 64 67 64 67 68 66 69 66 69 70 68 71 68 71 72 70 73 70 73 74 72 75 72 75 76 74 77 74 77 78 76 79 76 79 80 78 81 78 81 82 80 83 80 83 84 82 85 82 85 86 84 87 84 87 88 86 89 86 89 90 88 91 88 91 92 90 93 90 93
INF INF INF INF INF INF INF INF INF INF INF INF INF INF INF INF INF INF INF INF INF INF INF INF INF INF INF INF INF INF INF INF INF INF INF INF INF INF INF INF INF INF INF INF INF INF INF INF INF INF INF INF INF INF INF INF INF INF INF INF INF INF INF INF INF INF INF INF INF INF INF INF INF INF INF INF INF INF INF INF INF INF INF INF INF INF INF INF INF INF INF INF INF INF INF INF INF INF INF INF INF INF INF INF INF INF INF INF INF INF INF INF INF INF INF INF INF INF INF INF INF INF INF INF INF INF INF INF INF INF INF INF INF INF INF INF INF INF INF INF INF INF INF INF INF INF INF INF INF INF INF INF INF INF INF INF INF INF INF INF INF INF INF INF INF INF INF INF INF INF INF INF INF INF INF INF INF INF INF INF INF INF INF INF INF INF INF INF INF INF INF INF INF INF INF INF INF INF INF INF INF INF INF INF INF INF INF INF INF INF INF INF INF INF INF INF INF INF INF INF INF INF INF INF INF INF INF INF INF INF INF INF INF INF INF INF INF INF INF INF INF INF INF INF INF INF INF INF INF INF INF INF INF INF INF INF INF INF INF INF INF INF INF INF INF INF INF INF INF INF INF INF INF INF 0 3 1 4 5 2 5 3 6 7 4 7 5 8 9 6 9 7 10 11 8 11 9 12 13 10 13 11 14 15 12 15 13 16 17 14 17 15 18 19 16 19 17 20 21 18 21 19 22 23 20 23 21 24 25 22 25 23 26 27 24 27 25 28 29 26 29 27 30 31 28 31 29 32 33 30 33 31 34 35 32 35 33 36 37 34 37 35 38 39 36 39 37 40 41 38 41 39 42 43 40 43 41 44 45 42 45 43 46 47 44 47 45 48 49 46 49 47 50 51 48 51 49 52 53 50 53 51 54 55 52 55 53 56 57 54 57 55 58 59 56 59 57 60 61 58 61 59 62 63 60 63 61 64 65 62 65 63 66 67 64 67 65 68 69 66 69 67 70 71 68 71 69 72 73 70 73 71 74 75 72 75 73 76 77 74 77 75 78 79 76 79 77 80 81 78 81 79 82 83 80 83 81 84 85 82 85 83 86 87 84 87 85 88 89 86 89 87 90 91 88 91 89 92 93 90
INF INF INF INF INF INF INF INF INF INF INF INF INF INF INF INF INF INF INF INF INF INF INF INF INF INF INF INF INF INF INF INF INF INF INF INF INF INF INF INF INF INF INF INF INF INF INF INF INF INF INF INF INF INF INF INF INF INF INF INF INF INF INF INF INF INF INF INF INF INF INF INF INF INF INF INF INF INF INF INF INF INF INF INF INF INF INF INF INF INF INF INF INF INF INF INF INF INF INF INF INF INF INF INF INF INF INF INF INF INF INF INF INF INF INF INF INF INF INF INF INF INF INF INF INF INF INF INF INF INF INF INF INF INF INF INF INF INF INF INF INF INF INF INF INF INF INF INF INF INF INF INF INF INF INF INF INF INF INF INF INF INF INF INF INF INF INF INF INF INF INF INF INF INF INF INF INF INF INF INF INF INF INF INF INF INF INF INF INF INF INF INF INF INF INF INF INF INF INF INF INF INF INF INF INF INF INF INF INF INF INF INF INF INF INF INF INF INF INF INF INF INF INF INF INF INF INF INF INF INF INF INF INF INF INF INF INF INF INF INF INF INF INF INF INF INF INF INF INF INF INF INF INF INF INF INF INF INF INF INF INF INF INF INF INF INF INF INF INF INF INF INF INF INF INF 0 -2 1 2 5 2 0 3 4 7 4 2 5 6 9 6 4 7 8 11 8 6 9 10 13 10 8 11 12 15 12 10 13 14 17 14 12 15 16 19 16 14 17 18 21 18 16 19 20 23 20 18 21 22 25 22 20 23 24 27 24 22 25 26 29 26 24 27 28 31 28 26 29 30 33 30 28 31 32 35 32 30 33 34 37 34 32 35 36 39 36 34 37 38 41 38 36 39 40 43 40 38 41 42 45 42 40 43 44 47 44 42 45 46 49 46 44 47 48 51 48 46 49 50 53 50 48 51 52 55 52 50 53 54 57 54 52 55 56 59 56 54 57 58 61 58 56 59 60 63 60 58 61 62 65 62 60 63 64 67 64 62 65 66 69 66 64 67 68 71 68 66 69 70 73 70 68 71 72 75 72 70 73 74 77 74 72 75 76 79 76 74 77 78 81 78 76 79 80 83 80 78 81 82 85 82 80 83 84 87 84 82 85 86 89 86 84 87 88 91 88 86 89 90 93
INF INF INF INF INF INF INF INF INF INF INF INF INF INF INF INF INF INF INF INF INF INF INF INF INF INF INF INF INF INF INF INF INF INF INF INF INF INF INF INF INF INF INF INF INF INF INF INF INF INF INF INF INF INF INF INF INF INF INF INF INF INF INF INF INF INF INF INF INF INF INF INF INF INF INF INF INF INF INF INF INF INF INF INF INF INF INF INF INF INF INF INF INF INF INF INF INF INF INF INF INF INF INF INF INF INF INF INF INF INF INF INF INF INF INF INF INF INF INF INF INF INF INF INF INF INF INF INF INF INF INF INF INF INF INF INF INF INF INF INF INF INF INF INF INF INF INF INF INF INF INF INF INF INF INF INF INF INF INF INF INF INF INF INF INF INF INF INF INF INF INF INF INF INF INF INF INF INF INF INF INF INF INF INF INF INF INF INF INF INF INF INF INF INF INF INF INF INF INF INF INF INF INF INF INF INF INF INF INF INF INF INF INF INF INF INF INF INF INF INF INF INF INF INF INF INF INF INF INF INF INF INF INF INF INF INF INF INF INF INF INF INF INF INF INF INF INF INF INF INF INF INF INF INF INF INF INF INF INF INF INF INF INF INF INF INF INF INF INF INF INF INF INF INF INF INF 0 3 4 7 8 2 5 6 9 10 4 7 8 11 12 6 9 10 13 14 8 11 12 15 16 10 13 14 17 18 12 15 16 19 20 14 17 18 21 22 16 19 20 23 24 18 21 22 25 26 20 23 24 27 28 22 25 26 29 30 24 27 28 31 32 26 29 30 33 34 28 31 32 35 36 30 33 34 37 38 32 35 36 39 40 34 37 38 41 42 36 39 40 43 44 38 41 42 45 46 40 43 44 47 48 42 45 46 49 50 44 47 48 51 52 46 49 50 53 54 48 51 52 55 56 50 53 54 57 58 52 55 56 59 60 54 57 58 61 62 56 59 60 63 64 58 61 62 65 66 60 63 64 67 68 62 65 66 69 70 64 67 68 71 72 66 69 70 73 74 68 71 72 75 76 70 73 74 77 78 72 75 76 79 80 74 77 78 81 82 76 79 80 83 84 78 81 82 85 86 80 83 84 87 88 82 85 86 89 90 84 87 88 91 92 86 89 90 93 94 88 91 92 95
INF INF INF INF INF INF INF INF INF INF INF INF INF INF INF INF INF INF INF INF INF INF INF INF INF INF INF INF INF INF INF INF INF INF INF INF INF INF INF INF INF INF INF INF INF INF INF INF INF INF INF INF INF INF INF INF INF INF INF INF INF INF INF INF INF INF INF INF INF INF INF INF INF INF INF INF INF INF INF INF INF INF INF INF INF INF INF INF INF INF INF INF INF INF INF INF INF INF INF INF INF INF INF INF INF INF INF INF INF INF INF INF INF INF INF INF INF INF INF INF INF INF INF INF INF INF INF INF INF INF INF INF INF INF INF INF INF INF INF INF INF INF INF INF INF INF INF INF INF INF INF INF INF INF INF INF INF INF INF INF INF INF INF INF INF INF INF INF INF INF INF INF INF INF INF INF INF INF INF INF INF INF INF INF INF INF INF INF INF INF INF INF INF INF INF INF INF INF INF INF INF INF INF INF INF INF INF INF INF INF INF INF INF INF INF INF INF INF INF INF INF INF INF INF INF INF INF INF INF INF INF INF INF INF INF INF INF INF INF INF INF INF INF INF INF INF INF INF INF INF INF INF INF INF INF INF INF INF INF INF INF INF INF INF INF INF INF INF INF INF INF INF INF INF INF INF INF 0 3 4 7 5 2 5 6 9 7 4 7 8 11 9 6 9 10 13 11 8 11 12 15 13 10 13 14 17 15 12 15 16 19 17 14 17 18 21 19 16 19 20 23 21 18 21 22 25 23 20 23 24 27 25 22 25 26 29 27 24 27 28 31 29 26 29 30 33 31 28 31 32 35 33 30 33 34 37 35 32 35 36 39 37 34 37 38 41 39 36 39 40 43 41 38 41 42 45 43 40 43 44 47 45 42 45 46 49 47 44 47 48 51 49 46 49 50 53 51 48 51 52 55 53 50 53 54 57 55 52 55 56 59 57 54 57 58 61 59 56 59 60 63 61 58 61 62 65 63 60 63 64 67 65 62 65 66 69 67 64 67 68 71 69 66 69 70 73 71 68 71 72 75 73 70 73 74 77 75 72 75 76 79 77 74 77 78 81 79 76 79 80 83 81 78 81 82 85 83 80 83 84 87 85 82 85 86 89 87 84 87 88 91 89 86 89 90 93 91 88 91 92
INF INF INF INF INF INF INF INF INF INF INF INF INF INF INF INF INF INF INF INF INF INF INF INF INF INF INF INF INF INF INF INF INF INF INF INF INF INF INF INF INF INF INF INF INF INF INF INF INF INF INF INF INF INF INF INF INF INF INF INF INF INF INF INF INF INF INF INF INF INF INF INF INF INF INF INF INF INF INF INF INF INF INF INF INF INF INF INF INF INF INF INF INF INF INF INF INF INF INF INF INF INF INF INF INF INF INF INF INF INF INF INF INF INF INF INF INF INF INF INF INF INF INF INF INF INF INF INF INF INF INF INF INF INF INF INF INF INF INF INF INF INF INF INF INF INF INF INF INF INF INF INF INF INF INF INF INF INF INF INF INF INF INF INF INF INF INF INF INF INF INF INF INF INF INF INF INF INF INF INF INF INF INF INF INF INF INF INF INF INF INF INF INF INF INF INF INF INF INF INF INF INF INF INF INF INF INF INF INF INF INF INF INF INF INF INF INF INF INF INF INF INF INF INF INF INF INF INF INF INF INF INF INF INF INF INF INF INF INF INF INF INF INF INF INF INF INF INF INF INF INF INF INF INF INF INF INF INF INF INF INF INF INF INF INF INF INF INF INF INF INF INF INF INF INF INF INF INF 0 3 4 2 5 2 5 6 4 7 4 7 8 6 9 6 9 10 8 11 8 11 12 10 13 10 13 14 12 15 12 15 16 14 17 14 17 18 16 19 16 19 20 18 21 18 21 22 20 23 20 23 24 22 25 22 25 26 24 27 24 27 28 26 29 26 29 30 28 31 28 31 32 30 33 30 33 34 32 35 32 35 36 34 37 34 37 38 36 39 36 39 40 38 41 38 41 42 40 43 40 43 44 42 45 42 45 46 44 47 44 47 48 46 49 46 49 50 48 51 48 51 52 50 53 50 53 54 52 55 52 55 56 54 57 54 57 58 56 59 56 59 60 58 61 58 61 62 60 63 60 63 64 62 65 62 65 66 64 67 64 67 68 66 69 66 69 70 68 71 68 71 72 70 73 70 73 74 72 75 72 75 76 74 77 74 77 78 76 79 76 79 80 78 81 78 81 82 80 83 80 83 84 82 85 82 85 86 84 87 84 87 88 86 89 86 89 90 88 91 88 91
INF INF INF INF INF INF INF INF INF INF INF INF INF INF INF INF INF INF INF INF INF INF INF INF INF INF INF INF INF INF INF INF INF INF INF INF INF INF INF INF INF INF INF INF INF INF INF INF INF INF INF INF INF INF INF INF INF INF INF INF INF INF INF INF INF INF INF INF INF INF INF INF INF INF INF INF INF INF INF INF INF INF INF INF INF INF INF INF INF INF INF INF INF INF INF INF INF INF INF INF INF INF INF INF INF INF INF INF INF INF INF INF INF INF INF INF INF INF INF INF INF INF INF INF INF INF INF INF INF INF INF INF INF INF INF INF INF INF INF INF INF INF INF INF INF INF INF INF INF INF INF INF INF INF INF INF INF INF INF INF INF INF INF INF INF INF INF INF INF INF INF INF INF INF INF INF INF INF INF INF INF INF INF INF INF INF INF INF INF INF INF INF INF INF INF INF INF INF INF INF INF INF INF INF INF INF INF INF INF INF INF INF INF INF INF INF INF INF INF INF INF INF INF INF INF INF INF INF INF INF INF INF INF INF INF INF INF INF INF INF INF INF INF INF INF INF INF INF INF INF INF INF INF INF INF INF INF INF INF INF INF INF INF INF INF INF INF INF INF INF INF INF INF INF INF INF INF INF INF 0 3 1 4 5 2 5 3 6 7 4 7 5 8 9 6 9 7 10 11 8 11 9 12 13 10 13 11 14 15 12 15 13 16 17 14 17 15 18 19 16 19 17 20 21 18 21 19 22 23 20 23 21 24 25 22 25 23 26 27 24 27 25 28 29 26 29 27 30 31 28 31 29 32 33 30 33 31 34 35 32 35 33 36 37 34 37 35 38 39 36 39 37 40 41 38 41 39 42 43 40 43 41 44 45 42 45 43 46 47 44 47 45 48 49 46 49 47 50 51 48 51 49 52 53 50 53 51 54 55 52 55 53 56 57 54 57 55 58 59 56 59 57 60 61 58 61 59 62 63 60 63 61 64 65 62 65 63 66 67 64 67 65 68 69 66 69 67 70 71 68 71 69 72 73 70 73 71 74 75 72 75 73 76 77 74 77 75 78 79 76 79 77 80 81 78 81 79 82 83 80 83 81 84 85 82 85 83 86 87 84 87 85 88 89 86 89 87 90 91 88
INF INF INF INF INF INF INF INF INF INF INF INF INF INF INF INF INF INF INF INF INF INF INF INF INF INF INF INF INF INF INF INF INF INF INF INF INF INF INF INF INF INF INF INF INF INF INF INF INF INF INF INF INF INF INF INF INF INF INF INF INF INF INF INF INF INF INF INF INF INF INF INF INF INF INF INF INF INF INF INF INF INF INF INF INF INF INF INF INF INF INF INF INF INF INF INF INF INF INF INF INF INF INF INF INF INF INF INF INF INF INF INF INF INF INF INF INF INF INF INF INF INF INF INF INF INF INF INF INF INF INF INF INF INF INF INF INF INF INF INF INF INF INF INF INF INF INF INF INF INF INF INF INF INF INF INF INF INF INF INF INF INF INF INF INF INF INF INF INF INF INF INF INF INF INF INF INF INF INF INF INF INF INF INF INF INF INF INF INF INF INF INF INF INF INF INF INF INF INF INF INF INF INF INF INF INF INF INF INF INF INF INF INF INF INF INF INF INF INF INF INF INF INF INF INF INF INF INF INF INF INF INF INF INF INF INF INF INF INF INF INF INF INF INF INF INF INF INF INF INF INF INF INF INF INF INF INF INF INF INF INF INF INF INF INF INF INF INF INF INF INF INF INF INF INF INF INF INF INF INF 0 -2 1 2 5 2 0 3 4 7 4 2 5 6 9 6 4 7 8 11 8 6 9 10 13 10 8 11 12 15 12 10 13 14 17 14 12 15 16 19 16 14 17 18 21 18 16 19 20 23 20 18 21 22 25 22 20 23 24 27 24 22 25 26 29 26 24 27 28 31 28 26 29 30 33 30 28 31 32 35 32 30 33 34 37 34 32 35 36 39 36 34 37 38 41 38 36 39 40 43 40 38 41 42 45 42 40 43 44 47 44 42 45 46 49 46 44 47 48 51 48 46 49 50 53 50 48 51 52 55 52 50 53 54 57 54 52 55 56 59 56 54 57 58 61 58 56 59 60 63 60 58 61 62 65 62 60 63 64 67 64 62 65 66 69 66 64 67 68 71 68 66 69 70 73 70 68 71 72 75 72 70 73 74 77 74 72 75 76 79 76 74 77 78 81 78 76 79 80 83 80 78 81 82 85 82 80 83 84 87 84 82 85 86 89 86 84 87 88 91
INF INF INF INF INF INF INF INF INF INF INF INF INF INF INF INF INF INF INF INF INF INF INF INF INF INF INF INF INF INF INF INF INF INF INF INF INF INF INF INF INF INF INF INF INF INF INF INF INF INF INF INF INF INF INF INF INF INF INF INF INF INF INF INF INF INF INF INF INF INF INF INF INF INF INF INF INF INF INF INF INF INF INF INF INF INF INF INF INF INF INF INF INF INF INF INF INF INF INF INF INF INF INF INF INF INF INF INF INF INF INF INF INF INF INF INF INF INF INF INF INF INF INF INF INF INF INF INF INF INF INF INF INF INF INF INF INF INF INF INF INF INF INF INF INF INF INF INF INF INF INF INF INF INF INF INF INF INF INF INF INF INF INF INF INF INF INF INF INF INF INF INF INF INF INF INF INF INF INF INF INF INF INF INF INF INF INF INF INF INF INF INF INF INF INF INF INF INF INF INF INF INF INF INF INF INF INF INF INF INF INF INF INF INF INF INF INF INF INF INF INF INF INF INF INF INF INF INF INF INF INF INF INF INF INF INF INF INF INF INF INF INF INF INF INF INF INF INF INF INF INF INF INF INF INF INF INF INF INF INF INF INF INF INF INF INF INF INF INF INF INF INF INF INF INF INF INF INF INF INF INF 0 3 4 7 8 2 5 6 9 10 4 7 8 11 12 6 9 10 13 14 8 11 12 15 16 10 13 14 17 18 12 15 16 19 20 14 17 18 21 22 16 19 20 23 24 18 21 22 25 26 20 23 24 27 28 22 25 26 29 30 24 27 28 31 32 26 29 30 33 34 28 31 32 35 36 30 33 34 37 38 32 35 36 39 40 34 37 38 41 42 36 39 40 43 44 38 41 42 45 46 40 43 44 47 48 42 45 46 49 50 44 47 48 51 52 46 49 50 53 54 48 51 52 55 56 50 53 54 57 58 52 55 56 59 60 54 57 58 61 62 56 59 60 63 64 58 61 62 65 66 60 63 64 67 68 62 65 66 69 70 64 67 68 71 72 66 69 70 73 74 68 71 72 75 76 70 73 74 77 78 72 75 76 79 80 74 77 78 81 82 76 79 80 83 84 78 81 82 85 86 80 83 84 87 88 82 85 86 89 90 84 87 88 91 92 86 89 90 93
INF INF INF INF INF INF INF INF INF INF INF INF INF INF INF INF INF INF INF INF INF INF INF INF INF INF INF INF INF INF INF INF INF INF INF INF INF INF INF INF INF INF INF INF INF INF INF INF INF INF INF INF INF INF INF INF INF INF INF INF INF INF INF INF INF INF INF INF INF INF INF INF INF INF INF INF INF INF INF INF INF INF INF INF INF INF INF INF INF INF INF INF INF INF INF INF INF INF INF INF INF INF INF INF INF INF INF INF INF INF INF INF INF INF INF INF INF INF INF INF INF INF INF INF INF INF INF INF INF INF INF INF INF INF INF INF INF INF INF INF INF INF INF INF INF INF INF INF INF INF INF INF INF INF INF INF INF INF INF INF INF INF INF INF INF INF INF INF INF INF INF INF INF INF INF INF INF INF INF INF INF INF INF INF INF INF INF INF INF INF INF INF INF INF INF INF INF INF INF INF INF INF INF INF INF INF INF INF INF INF INF INF INF INF INF INF INF INF INF INF INF INF INF INF INF INF INF INF INF INF INF INF INF INF INF INF INF INF INF INF INF INF INF INF INF INF INF INF INF INF INF INF INF INF INF INF INF INF INF INF INF INF INF INF INF INF INF INF INF INF INF INF INF INF INF INF INF INF INF INF INF INF 0 3 4 7 5 2 5 6 9 7 4 7 8 11 9 6 9 10 13 11 8 11 12 15 13 10 13 14 17 15 12 15 16 19 17 14 17 18 21 19 16 19 20 23 21 18 21 22 25 23 20 23 24 27 25 22 25 26 29 27 24 27 28 31 29 26 29 30 33 31 28 31 32 35 33 30 33 34 37 35 32 35 36 39 37 34 37 38 41 39 36 39 40 43 41 38 41 42 45 43 40 43 44 47 45 42 45 46 49 47 44 47 48 51 49 46 49 50 53 51 48 51 52 55 53 50 53 54 57 55 52 55 56 59 57 54 57 58 61 59 56 59 60 63 61 58 61 62 65 63 60 63 64 67 65 62 65 66 69 67 64 67 68 71 69 66 69 70 73 71 68 71 72 75 73 70 73 74 77 75 72 75 76 79 77 74 77 78 81 79 76 79 80 83 81 78 81 82 85 83 80 83 84 87 85 82 85 86 89 87 84 87 88 91 89 86 89 90
INF INF INF INF INF INF INF INF INF INF INF INF INF INF INF INF INF INF INF INF INF INF INF INF INF INF INF INF INF INF INF INF INF INF INF INF INF INF INF INF INF INF INF INF INF INF INF INF INF INF INF INF INF INF INF INF INF INF INF INF INF INF INF INF INF INF INF INF INF INF INF INF INF INF INF INF INF INF INF INF INF INF INF INF INF INF INF INF INF INF INF INF INF INF INF INF INF INF INF INF INF INF INF INF INF INF INF INF INF INF INF INF INF INF INF INF INF INF INF INF INF INF INF INF INF INF INF INF INF INF INF INF INF INF INF INF INF INF INF INF INF INF INF INF INF INF INF INF INF INF INF INF INF INF INF INF INF INF INF INF INF INF INF INF INF INF INF INF INF INF INF INF INF INF INF INF INF INF INF INF INF INF INF INF INF INF INF INF INF INF INF INF INF INF INF INF INF INF INF INF INF INF INF INF INF INF INF INF INF INF INF INF INF INF INF INF INF INF INF INF INF INF INF INF INF INF INF INF INF INF INF INF INF INF INF INF INF INF INF INF INF INF INF INF INF INF INF INF INF INF INF INF INF INF INF INF INF INF INF INF INF INF INF INF INF INF INF INF INF INF INF INF INF INF INF INF INF INF INF INF INF INF INF 0 3 4 2 5 2 5 6 4 7 4 7 8 6 9 6 9 10 8 11 8 11 12 10 13 10 13 14 12 15 12 15 16 14 17 14 17 18 16 19 16 19 20 18 21 18 21 22 20 23 20 23 24 22 25 22 25 26 24 27 24 27 28 26 29 26 29 30 28 31 28 31 32 30 33 30 33 34 32 35 32 35 36 34 37 34 37 38 36 39 36 39 40 38 41 38 41 42 40 43 40 43 44 42 45 42 45 46 44 47 44 47 48 46 49 46 49 50 48 51 48 51 52 50 53 50 53 54 52 55 52 55 56 54 57 54 57 58 56 59 56 59 60 58 61 58 61 62 60 63 60 63 64 62 65 62 65 66 64 67 64 67 68 66 69 66 69 70 68 71 68 71 72 70 73 70 73 74 72 75 72 75 76 74 77 74 77 78 76 79 76 79 80 78 81 78 81 82 80 83 80 83 84 82 85 82 85 86 84 87 84 87 88 86 89 86 89
INF INF INF INF INF INF INF INF INF INF INF INF INF INF INF INF INF INF INF INF INF INF INF INF INF INF INF INF INF INF INF INF INF INF INF INF INF INF INF INF INF INF INF INF INF INF INF INF INF INF INF INF INF INF INF INF INF INF INF INF INF INF INF INF INF INF INF INF INF INF INF INF INF INF INF INF INF INF INF INF INF INF INF INF INF INF INF INF INF INF INF INF INF INF INF INF INF INF INF INF INF INF INF INF INF INF INF INF INF INF INF INF INF INF INF INF INF INF INF INF INF INF INF INF INF INF INF INF INF INF INF INF INF INF INF INF INF INF INF INF INF INF INF INF INF INF INF INF INF INF INF INF INF INF INF INF INF INF INF INF INF INF INF INF INF INF INF INF INF INF INF INF INF INF INF INF INF INF INF INF INF INF INF INF INF INF INF INF INF INF INF INF INF INF INF INF INF INF INF INF INF INF INF INF INF INF INF INF INF INF INF INF INF INF INF INF INF INF INF INF INF INF INF INF INF INF INF INF INF INF INF INF INF INF INF INF INF INF INF INF INF INF INF INF INF INF INF INF INF INF INF INF INF INF INF INF INF INF INF INF INF INF INF INF INF INF INF INF INF INF INF INF INF INF INF INF INF INF INF INF INF INF INF INF 0 3 1 4 5 2 5 3 6 7 4 7 5 8 9 6 9 7 10 11 8 11 9 12 13 10 13 11 14 15 12 15 13 16 17 14 17 15 18 19 16 19 17 20 21 18 21 19 22 23 20 23 21 24 25 22 25 23 26 27 24 27 25 28 29 26 29 27 30 31 28 31 29 32 33 30 33 31 34 35 32 35 33 36 37 34 37 35 38 39 36 39 37 40 41 38 41 39 42 43 40 43 41 44 45 42 45 43 46 47 44 47 45 48 49 46 49 47 50 51 48 51 49 52 53 50 53 51 54 55 52 55 53 56 57 54 57 55 58 59 56 59 57 60 61 58 61 59 62 63 60 63 61 64 65 62 65 63 66 67 64 67 65 68 69 66 69 67 70 71 68 71 69 72 73 70 73 71 74 75 72 75 73 76 77 74 77 75 78 79 76 79 77 80 81 78 81 79 82 83 80 83 81 84 85 82 85 83 86 87 84 87 85 88 89 86
INF INF INF INF INF INF INF INF INF INF INF INF INF INF INF INF INF INF INF INF INF INF INF INF INF INF INF INF INF INF INF INF INF INF INF INF INF INF INF INF INF INF INF INF INF INF INF INF INF INF INF INF INF INF INF INF INF INF INF INF INF INF INF INF INF INF INF INF INF INF INF INF INF INF INF INF INF INF INF INF INF INF INF INF INF INF INF INF INF INF INF INF INF INF INF INF INF INF INF INF INF INF INF INF INF INF INF INF INF INF INF INF INF INF INF INF INF INF INF INF INF INF INF INF INF INF INF INF INF INF INF INF INF INF INF INF INF INF INF INF INF INF INF INF INF INF INF INF INF INF INF INF INF INF INF INF INF INF INF INF INF INF INF INF INF INF INF INF INF INF INF INF INF INF INF INF INF INF INF INF INF INF INF INF INF INF INF INF INF INF INF INF INF INF INF INF INF INF INF INF INF INF INF INF INF INF INF INF INF INF INF INF INF INF INF INF INF INF INF INF INF INF INF INF INF INF INF INF INF INF INF INF INF INF INF INF INF INF INF INF INF INF INF INF INF INF INF INF INF INF INF INF INF INF INF INF INF INF INF INF INF INF INF INF INF INF INF INF INF INF INF INF INF INF INF INF INF INF INF INF INF INF INF INF INF 0 -2 1 2 5 2 0 3 4 7 4 2 5 6 9 6 4 7 8 11 8 6 9 10 13 10 8 11 12 15 12 10 13 14 17 14 12 15 16 19 16 14 17 18 21 18 16 19 20 23 20 18 21 22 25 22 20 23 24 27 24 22 25 26 29 26 24 27 28 31 28 26 29 30 33 30 28 31 32 35 32 30 33 34 37 34 32 35 36 39 36 34 37 38 41 38 36 39 40 43 40 38 41 42 45 42 40 43 44 47 44 42 45 46 49 46 44 47 48 51 48 46 49 50 53 50 48 51 52 55 52 50 53 54 57 54 52 55 56 59 56 54 57 58 61 58 56 59 60 63 60 58 61 62 65 62 60 63 64 67 64 62 65 66 69 66 64 67 68 71 68 66 69 70 73 70 68 71 72 75 72 70 73 74 77 74 72 75 76 79 76 74 77 78 81 78 76 79 80 83 80 78 81 82 85 82 80 83 84 87 84 82 85 86 89
INF INF INF INF INF INF INF INF INF INF INF INF INF INF INF INF INF INF INF INF INF INF INF INF INF INF INF INF INF INF INF INF INF INF INF INF INF INF INF INF INF INF INF INF INF INF INF INF INF INF INF INF INF INF INF INF INF INF INF INF INF INF INF INF INF INF INF INF INF INF INF INF INF INF INF INF INF INF INF INF INF INF INF INF INF INF INF INF INF INF INF INF INF INF INF INF INF INF INF INF INF INF INF INF INF INF INF INF INF INF INF INF INF INF INF INF INF INF INF INF INF INF INF INF INF INF INF INF INF INF INF INF INF INF INF INF INF INF INF INF INF INF INF INF INF INF INF INF INF INF INF INF INF INF INF INF INF INF INF INF INF INF INF INF INF INF INF INF INF INF INF INF INF INF INF INF INF INF INF INF INF INF INF INF INF INF INF INF INF INF INF INF INF INF INF INF INF INF INF INF INF INF INF INF INF INF INF INF INF INF INF INF INF INF INF INF INF INF INF INF INF INF INF INF INF INF INF INF INF INF INF INF INF INF INF INF INF INF INF INF INF INF INF INF INF INF INF INF INF INF INF INF INF INF INF INF INF INF INF INF INF INF INF INF INF INF INF INF INF INF INF INF INF INF INF INF INF INF INF INF INF INF INF INF INF INF 0 3 4 7 8 2 5 6 9 10 4 7 8 11 12 6 9 10 13 14 8 11 12 15 16 10 13 14 17 18 12 15 16 19 20 14 17 18 21 22 16 19 20 23 24 18 21 22 25 26 20 23 24 27 28 22 25 26 29 30 24 27 28 31 32 26 29 30 33 34 28 31 32 35 36 30 33 34 37 38 32 35 36 39 40 34 37 38 41 42 36 39 40 43 44 38 41 42 45 46 40 43 44 47 48 42 45 46 49 50 44 47 48 51 52 46 49 50 53 54 48 51 52 55 56 50 53 54 57 58 52 55 56 59 60 54 57 58 61 62 56 59 60 63 64 58 61 62 65 66 60 63 64 67 68 62 65 66 69 70 64 67 68 71 72 66 69 70 73 74 68 71 72 75 76 70 73 74 77 78 72 75 76 79 80 74 77 78 81 82 76 79 80 83 84 78 81 82 85 86 80 83 84 87 88 82 85 86 89 90 84 87 88 91
INF INF INF INF INF INF INF INF INF INF INF INF INF INF INF INF INF INF INF INF INF INF INF INF INF INF INF INF INF INF INF INF INF INF INF INF INF INF INF INF INF INF INF INF INF INF INF INF INF INF INF INF INF INF INF INF INF INF INF INF INF INF INF INF INF INF INF INF INF INF INF INF INF INF INF INF INF INF INF INF INF INF INF INF INF INF INF INF INF INF INF INF INF INF INF INF INF INF INF INF INF INF INF INF INF INF INF INF INF INF INF INF INF INF INF INF INF INF INF INF INF INF INF INF INF INF INF INF INF INF INF INF INF INF INF INF INF INF INF INF INF INF INF INF INF INF INF INF INF INF INF INF INF INF INF INF INF INF INF INF INF INF INF INF INF INF INF INF INF INF INF INF INF INF INF INF INF INF INF INF INF INF INF INF INF INF INF INF INF INF INF INF INF INF INF INF INF INF INF INF INF INF INF INF INF INF INF INF INF INF INF INF INF INF INF INF INF INF INF INF INF INF INF INF INF INF INF INF INF INF INF INF INF INF INF INF INF INF INF INF INF INF INF INF INF INF INF INF INF INF INF INF INF INF INF INF INF INF INF INF INF INF INF INF INF INF INF INF INF INF INF INF INF INF INF INF INF INF INF INF INF INF INF INF INF INF INF 0 3 4 7 5 2 5 6 9 7 4 7 8 11 9 6 9 10 13 11 8 11 12 15 13 10 13 14 17 15 12 15 16 19 17 14 17 18 21 19 16 19 20 23 21 18 21 22 25 23 20 23 24 27 25 22 25 26 29 27 24 27 28 31 29 26 29 30 33 31 28 31 32 35 33 30 33 34 37 35 32 35 36 39 37 34 37 38 41 39 36 39 40 43 41 38 41 42 45 43 40 43 44 47 45 42 45 46 49 47 44 47 48 51 49 46 49 50 53 51 48 51 52 55 53 50 53 54 57 55 52 55 56 59 57 54 57 58 61 59 56 59 60 63 61 58 61 62 65 63 60 63 64 67 65 62 65 66 69 67 64 67 68 71 69 66 69 70 73 71 68 71 72 75 73 70 73 74 77 75 72 75 76 79 77 74 77 78 81 79 76 79 80 83 81 78 81 82 85 83 80 83 84 87 85 82 85 86 89 87 84 87 88
INF INF INF INF INF INF INF INF INF INF INF INF INF INF INF INF INF INF INF INF INF INF INF INF INF INF INF INF INF INF INF INF INF INF INF INF INF INF INF INF INF INF INF INF INF INF INF INF INF INF INF INF INF INF INF INF INF INF INF INF INF INF INF INF INF INF INF INF INF INF INF INF INF INF INF INF INF INF INF INF INF INF INF INF INF INF INF INF INF INF INF INF INF INF INF INF INF INF INF INF INF INF INF INF INF INF INF INF INF INF INF INF INF INF INF INF INF INF INF INF INF INF INF INF INF INF INF INF INF INF INF INF INF INF INF INF INF INF INF INF INF INF INF INF INF INF INF INF INF INF INF INF INF INF INF INF INF INF INF INF INF INF INF INF INF INF INF INF INF INF INF INF INF INF INF INF INF INF INF INF INF INF INF INF INF INF INF INF INF INF INF INF INF INF INF INF INF INF INF INF INF INF INF INF INF INF INF INF INF INF INF INF INF INF INF INF INF INF INF INF INF INF INF INF INF INF INF INF INF INF INF INF INF INF INF INF INF INF INF INF INF INF INF INF INF INF INF INF INF INF INF INF INF INF INF INF INF INF INF INF INF INF INF INF INF INF INF INF INF INF INF INF INF INF INF INF INF INF INF INF INF INF INF INF INF INF INF INF 0 3 4 2 5 2 5 6 4 7 4 7 8 6 9 6 9 10 8 11 8 11 12 10 13 10 13 14 12 15 12 15 16 14 17 14 17 18 16 19 16 19 20 18 21 18 21 22 20 23 20 23 24 22 25 22 25 26 24 27 24 27 28 26 29 26 29 30 28 31 28 31 32 30 33 30 33 34 32 35 32 35 36 34 37 34 37 38 36 39 36 39 40 38 41 38 41 42 40 43 40 43 44 42 45 42 45 46 44 47 44 47 48 46 49 46 49 50 48 51 48 51 52 50 53 50 53 54 52 55 52 55 56 54 57 54 57 58 56 59 56 59 60 58 61 58 61 62 60 63 60 63 64 62 65 62 65 66 64 67 64 67 68 66 69 66 69 70 68 71 68 71 72 70 73 70 73 74 72 75 72 75 76 74 77 74 77 78 76 79 76 79 80 78 81 78 81 82 80 83 80 83 84 82 85 82 85 86 84 87 84 87
INF INF INF INF INF INF INF INF INF INF INF INF INF INF INF INF INF INF INF INF INF INF INF INF INF INF INF INF INF INF INF INF INF INF INF INF INF INF INF INF INF INF INF INF INF INF INF INF INF INF INF INF INF INF INF INF INF INF INF INF INF INF INF INF INF INF INF INF INF INF INF INF INF INF INF INF INF INF INF INF INF INF INF INF INF INF INF INF INF INF INF INF INF INF INF INF INF INF INF INF INF INF INF INF INF INF INF INF INF INF INF INF INF INF INF INF INF INF INF INF INF INF INF INF INF INF INF INF INF INF INF INF INF INF INF INF INF INF INF INF INF INF INF INF INF INF INF INF INF INF INF INF INF INF INF INF INF INF INF INF INF INF INF INF INF INF INF INF INF INF INF INF INF INF INF INF INF INF INF INF INF INF INF INF INF INF INF INF INF INF INF INF INF INF INF INF INF INF INF INF INF INF INF INF INF INF INF INF INF INF INF INF INF INF INF INF INF INF INF INF INF INF INF INF INF INF INF INF INF INF INF INF INF INF INF INF INF INF INF INF INF INF INF INF INF INF INF INF INF INF INF INF INF INF INF INF INF INF INF INF INF INF INF INF INF INF INF INF INF INF INF INF INF INF INF INF INF INF INF INF INF INF INF INF INF INF INF INF INF 0 3 1 4 5 2 5 3 6 7 4 7 5 8 9 6 9 7 10 11 8 11 9 12 13 10 13 11 14 15 12 15 13 16 17 14 17 15 18 19 16 19 17 20 21 18 21 19 22 23 20 23 21 24 25 22 25 23 26 27 24 27 25 28 29 26 29 27 30 31 28 31 29 32 33 30 33 31 34 35 32 35 33 36 37 34 37 35 38 39 36 39 37 40 41 38 41 39 42 43 40 43 41 44 45 42 45 43 46 47 44 47 45 48 49 46 49 47 50 51 48 51 49 52 53 50 53 51 54 55 52 55 53 56 57 54 57 55 58 59 56 59 57 60 61 58 61 59 62 63 60 63 61 64 65 62 65 63 66 67 64 67 65 68 69 66 69 67 70 71 68 71 69 72 73 70 73 71 74 75 72 75 73 76 77 74 77 75 78 79 76 79 77 80 81 78 81 79 82 83 80 83 81 84 85 82 85 83 86 87 84
INF INF INF INF INF INF INF INF INF INF INF INF INF INF INF INF INF INF INF INF INF INF INF INF INF INF INF INF INF INF INF INF INF INF INF INF INF INF INF INF INF INF INF INF INF INF INF INF INF INF INF INF INF INF INF INF INF INF INF INF INF INF INF INF INF INF INF INF INF INF INF INF INF INF INF INF INF INF INF INF INF INF INF INF INF INF INF INF INF INF INF INF INF INF INF INF INF INF INF INF INF INF INF INF INF INF INF INF INF INF INF INF INF INF INF INF INF INF INF INF INF INF INF INF INF INF INF INF INF INF INF INF INF INF INF INF INF INF INF INF INF INF INF INF INF INF INF INF INF INF INF INF INF INF INF INF INF INF INF INF INF INF INF INF INF INF INF INF INF INF INF INF INF INF INF INF INF INF INF INF INF INF INF INF INF INF INF INF INF INF INF INF INF INF INF INF INF INF INF INF INF INF INF INF INF INF INF INF INF INF INF INF INF INF INF INF INF INF INF INF INF INF INF INF INF INF INF INF INF INF INF INF INF INF INF INF INF INF INF INF INF INF INF INF INF INF INF INF INF INF INF INF INF INF INF INF INF INF INF INF INF INF INF INF INF INF INF INF INF INF INF INF INF INF INF INF INF INF INF INF INF INF INF INF INF INF INF INF INF INF 0 -2 1 2 5 2 0 3 4 7 4 2 5 6 9 6 4 7 8 11 8 6 9 10 13 10 8 11 12 15 12 10 13 14 17 14 12 15 16 19 16 14 17 18 21 18 16 19 20 23 20 18 21 22 25 22 20 23 24 27 24 22 25 26 29 26 24 27 28 31 28 26 29 30 33 30 28 31 32 35 32 30 33 34 37 34 32 35 36 39 36 34 37 38 41 38 36 39 40 43 40 38 41 42 45 42 40 43 44 47 44 42 45 46 49 46 44 47 48 51 48 46 49 50 53 50 48 51 52 55 52 50 53 54 57 54 52 55 56 59 56 54 57 58 61 58 56 59 60 63 60 58 61 62 65 62 60 63 64 67 64 62 65 66 69 66 64 67 68 71 68 66 69 70 73 70 68 71 72 75 72 70 73 74 77 74 72 75 76 79 76 74 77 78 81 78 76 79 80 83 80 78 81 82 85 82 80 83 84 87
INF INF INF INF INF INF INF INF INF INF INF INF INF INF INF INF INF INF INF INF INF INF INF INF INF INF INF INF INF INF INF INF INF INF INF INF INF INF INF INF INF INF INF INF INF INF INF INF INF INF INF INF INF INF INF INF INF INF INF INF INF INF INF INF INF INF INF INF INF INF INF INF INF INF INF INF INF INF INF INF INF INF INF INF INF INF INF INF INF INF INF INF INF INF INF INF INF INF INF INF INF INF INF INF INF INF INF INF INF INF INF INF INF INF INF INF INF INF INF INF INF INF INF INF INF INF INF INF INF INF INF INF INF INF INF INF INF INF INF INF INF INF INF INF INF INF INF INF INF INF INF INF INF INF INF INF INF INF INF INF INF INF INF INF INF INF INF INF INF INF INF INF INF INF INF INF INF INF INF INF INF INF INF INF INF INF INF INF INF INF INF INF INF INF INF INF INF INF INF INF INF INF INF INF INF INF INF INF INF INF INF INF INF INF INF INF INF INF INF INF INF INF INF INF INF INF INF INF INF INF INF INF INF INF INF INF INF INF INF INF INF INF INF INF INF INF INF INF INF INF INF INF INF INF INF INF INF INF INF INF INF INF INF INF INF INF INF INF INF INF INF INF INF INF INF INF INF INF INF INF INF INF INF INF INF INF INF INF INF INF INF 0 3 4 7 8 2 5 6 9 10 4 7 8 11 12 6 9 10 13 14 8 11 12 15 16 10 13 14 17 18 12 15 16 19 20 14 17 18 21 22 16 19 20 23 24 18 21 22 25 26 20 23 24 27 28 22 25 26 29 30 24 27 28 31 32 26 29 30 33 34 28 31 32 35 36 30 33 34 37 38 32 35 36 39 40 34 37 38 41 42 36 39 40 43 44 38 41 42 45 46 40 43 44 47 48 42 45 46 49 50 44 47 48 51 52 46 49 50 53 54 48 51 52 55 56 50 53 54 57 58 52 55 56 59 60 54 57 58 61 62 56 59 60 63 64 58 61 62 65 66 60 63 64 67 68 62 65 66 69 70 64 67 68 71 72 66 69 70 73 74 68 71 72 75 76 70 73 74 77 78 72 75 76 79 80 74 77 78 81 82 76 79 80 83 84 78 81 82 85 86 80 83 84 87 88 82 85 86 89
INF INF INF INF INF INF INF INF INF INF INF INF INF INF INF INF INF INF INF INF INF INF INF INF INF INF INF INF INF INF INF INF INF INF INF INF INF INF INF INF INF INF INF INF INF INF INF INF INF INF INF INF INF INF INF INF INF INF INF INF INF INF INF INF INF INF INF INF INF INF INF INF INF INF INF INF INF INF INF INF INF INF INF INF INF INF INF INF INF INF INF INF INF INF INF INF INF INF INF INF INF INF INF INF INF INF INF INF INF INF INF INF INF INF INF INF INF INF INF INF INF INF INF INF INF INF INF INF INF INF INF INF INF INF INF INF INF INF INF INF INF INF INF INF INF INF INF INF INF INF INF INF INF INF INF INF INF INF INF INF INF INF INF INF INF INF INF INF INF INF INF INF INF INF INF INF INF INF INF INF INF INF INF INF INF INF INF INF INF INF INF INF INF INF INF INF INF INF INF INF INF INF INF INF INF INF INF INF INF INF INF INF INF INF INF INF INF INF INF INF INF INF INF INF INF INF INF INF INF INF INF INF INF INF INF INF INF INF INF INF INF INF INF INF INF INF INF INF INF INF INF INF INF INF INF INF INF INF INF INF INF INF INF INF INF INF INF INF INF INF INF INF INF INF INF INF INF INF INF INF INF INF INF INF INF INF INF INF INF INF INF INF 0 3 4 7 5 2 5 6 9 7 4 7 8 11 9 6 9 10 13 11 8 11 12 15 13 10 13 14 17 15 12 15 16 19 17 14 17 18 21 19 16 19 20 23 21 18 21 22 25 23 20 23 24 27 25 22 25 26 29 27 24 27 28 31 29 26 29 30 33 31 28 31 32 35 33 30 33 34 37 35 32 35 36 39 37 34 37 38 41 39 36 39 40 43 41 38 41 42 45 43 40 43 44 47 45 42 45 46 49 47 44 47 48 51 49 46 49 50 53 51 48 51 52 55 53 50 53 54 57 55 52 55 56 59 57 54 57 58 61 59 56 59 60 63 61 58 61 62 65 63 60 63 64 67 65 62 65 66 69 67 64 67 68 71 69 66 69 70 73 71 68 71 72 75 73 70 73 74 77 75 72 75 76 79 77 74 77 78 81 79 76 79 80 83 81 78 81 82 85 83 80 83 84 87 85 82 85 86
INF INF INF INF INF INF INF INF INF INF INF INF INF INF INF INF INF INF INF INF INF INF INF INF INF INF INF INF INF INF INF INF INF INF INF INF INF INF INF INF INF INF INF INF INF INF INF INF INF INF INF INF INF INF INF INF INF INF INF INF INF INF INF INF INF INF INF INF INF INF INF INF INF INF INF INF INF INF INF INF INF INF INF INF INF INF INF INF INF INF INF INF INF INF INF INF INF INF INF INF INF INF INF INF INF INF INF INF INF INF INF INF INF INF INF INF INF INF INF INF INF INF INF INF INF INF INF INF INF INF INF INF INF INF INF INF INF INF INF INF INF INF INF INF INF INF INF INF INF INF INF INF INF INF INF INF INF INF INF INF INF INF INF INF INF INF INF INF INF INF INF INF INF INF INF INF INF INF INF INF INF INF INF INF INF INF INF INF INF INF INF INF INF INF INF INF INF INF INF INF INF INF INF INF INF INF INF INF INF INF INF INF INF INF INF INF INF INF INF INF INF INF INF INF INF INF INF INF INF INF INF INF INF INF INF INF INF INF INF INF INF INF INF INF INF INF INF INF INF INF INF INF INF INF INF INF INF INF INF INF INF INF INF INF INF INF INF INF INF INF INF INF INF INF INF INF INF INF INF INF INF INF INF INF INF INF INF INF INF INF INF INF INF 0 3 4 2 5 2 5 6 4 7 4 7 8 6 9 6 9 10 8 11 8 11 12 10 13 10 13 14 12 15 12 15 16 14 17 14 17 18 16 19 16 19 20 18 21 18 21 22 20 23 20 23 24 22 25 22 25 26 24 27 24 27 28 26 29 26 29 30 28 31 28 31 32 30 33 30 33 34 32 35 32 35 36 34 37 34 37 38 36 39 36 39 40 38 41 38 41 42 40 43 40 43 44 42 45 42 45 46 44 47 44 47 48 46 49 46 49 50 48 51 48 51 52 50 53 50 53 54 52 55 52 55 56 54 57 54 57 58 56 59 56 59 60 58 61 58 61 62 60 63 60 63 64 62 65 62 65 66 64 67 64 67 68 66 69 66 69 70 68 71 68 71 72 70 73 70 73 74 72 75 72 75 76 74 77 74 77 78 76 79 76 79 80 78 81 78 81 82 80 83 80 83 84 82 85 82 85
INF INF INF INF INF INF INF INF INF INF INF INF INF INF INF INF INF INF INF INF INF INF INF INF INF INF INF INF INF INF INF INF INF INF INF INF INF INF INF INF INF INF INF INF INF INF INF INF INF INF INF INF INF INF INF INF INF INF INF INF INF INF INF INF INF INF INF INF INF INF INF INF INF INF INF INF INF INF INF INF INF INF INF INF INF INF INF INF INF INF INF INF INF INF INF INF INF INF INF INF INF INF INF INF INF INF INF INF INF INF INF INF INF INF INF INF INF INF INF INF INF INF INF INF INF INF INF INF INF INF INF INF INF INF INF INF INF INF INF INF INF INF INF INF INF INF INF INF INF INF INF INF INF INF INF INF INF INF INF INF INF INF INF INF INF INF INF INF INF INF INF INF INF INF INF INF INF INF INF INF INF INF INF INF INF INF INF INF INF INF INF INF INF INF INF INF INF INF INF INF INF INF INF INF INF INF INF INF INF INF INF INF INF INF INF INF INF INF INF INF INF INF INF INF INF INF INF INF INF INF INF INF INF INF INF INF INF INF INF INF INF INF INF INF INF INF INF INF INF INF INF INF INF INF INF INF INF INF INF INF INF INF INF INF INF INF INF INF INF INF INF INF INF INF INF INF INF INF INF INF INF INF INF INF INF INF INF INF INF INF INF INF INF INF 0 3 1 4 5 2 5 3 6 7 4 7 5 8 9 6 9 7 10 11 8 11 9 12 13 10 13 11 14 15 12 15 13 16 17 14 17 15 18 19 16 19 17 20 21 18 21 19 22 23 20 23 21 24 25 22 25 23 26 27 24 27 25 28 29 26 29 27 30 31 28 31 29 32 33 30 33 31 34 35 32 35 33 36 37 34 37 35 38 39 36 39 37 40 41 38 41 39 42 43 40 43 41 44 45 42 45 43 46 47 44 47 45 48 49 46 49 47 50 51 48 51 49 52 53 50 53 51 54 55 52 55 53 56 57 54 57 55 58 59 56 59 57 60 61 58 61 59 62 63 60 63 61 64 65 62 65 63 66 67 64 67 65 68 69 66 69 67 70 71 68 71 69 72 73 70 73 71 74 75 72 75 73 76 77 74 77 75 78 79 76 79 77 80 81 78 81 79 82 83 80 83 81 84 85 82
INF INF INF INF INF INF INF INF INF INF INF INF INF INF INF INF INF INF INF INF INF INF INF INF INF INF INF INF INF INF INF INF INF INF INF INF INF INF INF INF INF INF INF INF INF INF INF INF INF INF INF INF INF INF INF INF INF INF INF INF INF INF INF INF INF INF INF INF INF INF INF INF INF INF INF INF INF INF INF INF INF INF INF INF INF INF INF INF INF INF INF INF INF INF INF INF INF INF INF INF INF INF INF INF INF INF INF INF INF INF INF INF INF INF INF INF INF INF INF INF INF INF INF INF INF INF INF INF INF INF INF INF INF INF INF INF INF INF INF INF INF INF INF INF INF INF INF INF INF INF INF INF INF INF INF INF INF INF INF INF INF INF INF INF INF INF INF INF INF INF INF INF INF INF INF INF INF INF INF INF INF INF INF INF INF INF INF INF INF INF INF INF INF INF INF INF INF INF INF INF INF INF INF INF INF INF INF INF INF INF INF INF INF INF INF INF INF INF INF INF INF INF INF INF INF INF INF INF INF INF INF INF INF INF INF INF INF INF INF INF INF INF INF INF INF INF INF INF INF INF INF INF INF INF INF INF INF INF INF INF INF INF INF INF INF INF INF INF INF INF INF INF INF INF INF INF INF INF INF INF INF INF INF INF INF INF INF INF INF INF INF INF INF INF INF 0 -2 1 2 5 2 0 3 4 7 4 2 5 6 9 6 4 7 8 11 8 6 9 10 13 10 8 11 12 15 12 10 13 14 17 14 12 15 16 19 16 14 17 18 21 18 16 19 20 23 20 18 21 22 25 22 20 23 24 27 24 22 25 26 29 26 24 27 28 31 28 26 29 30 33 30 28 31 32 35 32 30 33 34 37 34 32 35 36 39 36 34 37 38 41 38 36 39 40 43 40 38 41 42 45 42 40 43 44 47 44 42 45 46 49 46 44 47 48 51 48 46 49 50 53 50 48 51 52 55 52 50 53 54 57 54 52 55 56 59 56 54 57 58 61 58 56 59 60 63 60 58 61 62 65 62 60 63 64 67 64 62 65 66 69 66 64 67 68 71 68 66 69 70 73 70 68 71 72 75 72 70 73 74 77 74 72 75 76 79 76 74 77 78 81 78 76 79 80 83 80 78 81 82 85
INF INF INF INF INF INF INF INF INF INF INF INF INF INF INF INF INF INF INF INF INF INF INF INF INF INF INF INF INF INF INF INF INF INF INF INF INF INF INF INF INF INF INF INF INF INF INF INF INF INF INF INF INF INF INF INF INF INF INF INF INF INF INF INF INF INF INF INF INF INF INF INF INF INF INF INF INF INF INF INF INF INF INF INF INF INF INF INF INF INF INF INF INF INF INF INF INF INF INF INF INF INF INF INF INF INF INF INF INF INF INF INF INF INF INF INF INF INF INF INF INF INF INF INF INF INF INF INF INF INF INF INF INF INF INF INF INF INF INF INF INF INF INF INF INF INF INF INF INF INF INF INF INF INF INF INF INF INF INF INF INF INF INF INF INF INF INF INF INF INF INF INF INF INF INF INF INF INF INF INF INF INF INF INF INF INF INF INF INF INF INF INF INF INF INF INF INF INF INF INF INF INF INF INF INF INF INF INF INF INF INF INF INF INF INF INF INF INF INF INF INF INF INF INF INF INF INF INF INF INF INF INF INF INF INF INF INF INF INF INF INF INF INF INF INF INF INF INF INF INF INF INF INF INF INF INF INF INF INF INF INF INF INF INF INF INF INF INF INF INF INF INF INF INF INF INF INF INF INF INF INF INF INF INF INF INF INF INF INF INF INF INF INF INF INF INF 0 3 4 7 8 2 5 6 9 10 4 7 8 11 12 6 9 10 13 14 8 11 12 15 16 10 13 14 17 18 12 15 16 19 20 14 17 18 21 22 16 19 20 23 24 18 21 22 25 26 20 23 24 27 28 22 25 26 29 30 24 27 28 31 32 26 29 30 33 34 28 31 32 35 36 30 33 34 37 38 32 35 36 39 40 34 37 38 41 42 36 39 40 43 44 38 41 42 45 46 40 43 44 47 48 42 45 46 49 50 44 47 48 51 52 46 49 50 53 54 48 51 52 55 56 50 53 54 57 58 52 55 56 59 60 54 57 58 61 62 56 59 60 63 64 58 61 62 65 66 60 63 64 67 68 62 65 66 69 70 64 67 68 71 72 66 69 70 73 74 68 71 72 75 76 70 73 74 77 78 72 75 76 79 80 74 77 78 81 82 76 79 80 83 84 78 81 82 85 86 80 83 84 87
INF INF INF INF INF INF INF INF INF INF INF INF INF INF INF INF INF INF INF INF INF INF INF INF INF INF INF INF INF INF INF INF INF INF INF INF INF INF INF INF INF INF INF INF INF INF INF INF INF INF INF INF INF INF INF INF INF INF INF INF INF INF INF INF INF INF INF INF INF INF INF INF INF INF INF INF INF INF INF INF INF INF INF INF INF INF INF INF INF INF INF INF INF INF INF INF INF INF INF INF INF INF INF INF INF INF INF INF INF INF INF INF INF INF INF INF INF INF INF INF INF INF INF INF INF INF INF INF INF INF INF INF INF INF INF INF INF INF INF INF INF INF INF INF INF INF INF INF INF INF INF INF INF INF INF INF INF INF INF INF INF INF INF INF INF INF INF INF INF INF INF INF INF INF INF INF INF INF INF INF INF INF INF INF INF INF INF INF INF INF INF INF INF INF INF INF INF INF INF INF INF INF INF INF INF INF INF INF INF INF INF INF INF INF INF INF INF INF INF INF INF INF INF INF INF INF INF INF INF INF INF INF INF INF INF INF INF INF INF INF INF INF INF INF INF INF INF INF INF INF INF INF INF INF INF INF INF INF INF INF INF INF INF INF INF INF INF INF INF INF INF INF INF INF INF INF INF INF INF INF INF INF INF INF INF INF INF INF INF INF INF INF INF INF INF INF INF 0 3 4 7 5 2 5 6 9 7 4 7 8 11 9 6 9 10 13 11 8 11 12 15 13 10 13 14 17 15 12 15 16 19 17 14 17 18 21 19 16 19 20 23 21 18 21 22 25 23 20 23 24 27 25 22 25 26 29 27 24 27 28 31 29 26 29 30 33 31 28 31 32 35 33 30 33 34 37 35 32 35 36 39 37 34 37 38 41 39 36 39 40 43 41 38 41 42 45 43 40 43 44 47 45 42 45 46 49 47 44 47 48 51 49 46 49 50 53 51 48 51 52 55 53 50 53 54 57 55 52 55 56 59 57 54 57 58 61 59 56 59 60 63 61 58 61 62 65 63 60 63 64 67 65 62 65 66 69 67 64 67 68 71 69 66 69 70 73 71 68 71 72 75 73 70 73 74 77 75 72 75 76 79 77 74 77 78 81 79 76 79 80 83 81 78 81 82 85 83 80 83 84
INF INF INF INF INF INF INF INF INF INF INF INF INF INF INF INF INF INF INF INF INF INF INF INF INF INF INF INF INF INF INF INF INF INF INF INF INF INF INF INF INF INF INF INF INF INF INF INF INF INF INF INF INF INF INF INF INF INF INF INF INF INF INF INF INF INF INF INF INF INF INF INF INF INF INF INF INF INF INF INF INF INF INF INF INF INF INF INF INF INF INF INF INF INF INF INF INF INF INF INF INF INF INF INF INF INF INF INF INF INF INF INF INF INF INF INF INF INF INF INF INF INF INF INF INF INF INF INF INF INF INF INF INF INF INF INF INF INF INF INF INF INF INF INF INF INF INF INF INF INF INF INF INF INF INF INF INF INF INF INF INF INF INF INF INF INF INF INF INF INF INF INF INF INF INF INF INF INF INF INF INF INF INF INF INF INF INF INF INF INF INF INF INF INF INF INF INF INF INF INF INF INF INF INF INF INF INF INF INF INF INF INF INF INF INF INF INF INF INF INF INF INF INF INF INF INF INF INF INF INF INF INF INF INF INF INF INF INF INF INF INF INF INF INF INF INF INF INF INF INF INF INF INF INF INF INF INF INF INF INF INF INF INF INF INF INF INF INF INF INF INF INF INF INF INF INF INF INF INF INF INF INF INF INF INF INF INF INF INF INF INF INF INF INF INF INF INF INF 0 3 4 2 5 2 5 6 4 7 4 7 8 6 9 6 9 10 8 11 8 11 12 10 13 10 13 14 12 15 12 15 16 14 17 14 17 18 16 19 16 19 20 18 21 18 21 22 20 23 20 23 24 22 25 22 25 26 24 27 24 27 28 26 29 26 29 30 28 31 28 31 32 30 33 30 33 34 32 35 32 35 36 34 37 34 37 38 36 39 36 39 40 38 41 38 41 42 40 43 40 43 44 42 45 42 45 46 44 47 44 47 48 46 49 46 49 50 48 51 48 51 52 50 53 50 53 54 52 55 52 55 56 54 57 54 57 58 56 59 56 59 60 58 61 58 61 62 60 63 60 63 64 62 65 62 65 66 64 67 64 67 68 66 69 66 69 70 68 71 68 71 72 70 73 70 73 74 72 75 72 75 76 74 77 74 77 78 76 79 76 79 80 78 81 78 81 82 80 83 80 83
INF INF INF INF INF INF INF INF INF INF INF INF INF INF INF INF INF INF INF INF INF INF INF INF INF INF INF INF INF INF INF INF INF INF INF INF INF INF INF INF INF INF INF INF INF INF INF INF INF INF INF INF INF INF INF INF INF INF INF INF INF INF INF INF INF INF INF INF INF INF INF INF INF INF INF INF INF INF INF INF INF INF INF INF INF INF INF INF INF INF INF INF INF INF INF INF INF INF INF INF INF INF INF INF INF INF INF INF INF INF INF INF INF INF INF INF INF INF INF INF INF INF INF INF INF INF INF INF INF INF INF INF INF INF INF INF INF INF INF INF INF INF INF INF INF INF INF INF INF INF INF INF INF INF INF INF INF INF INF INF INF INF INF INF INF INF INF INF INF INF INF INF INF INF INF INF INF INF INF INF INF INF INF INF INF INF INF INF INF INF INF INF INF INF INF INF INF INF INF INF INF INF INF INF INF INF INF INF INF INF INF INF INF INF INF INF INF INF INF INF INF INF INF INF INF INF INF INF INF INF INF INF INF INF INF INF INF INF INF INF INF INF INF INF INF INF INF INF INF INF INF INF INF INF INF INF INF INF INF INF INF INF INF INF INF INF INF INF INF INF INF INF INF INF INF INF INF INF INF INF INF INF INF INF INF INF INF INF INF INF INF INF INF INF INF INF INF INF INF 0 3 1 4 5 2 5 3 6 7 4 7 5 8 9 6 9 7 10 11 8 11 9 12 13 10 13 11 14 15 12 15 13 16 17 14 17 15 18 19 16 19 17 20 21 18 21 19 22 23 20 23 21 24 25 22 25 23 26 27 24 27 25 28 29 26 29 27 30 31 28 31 29 32 33 30 33 31 34 35 32 35 33 36 37 34 37 35 38 39 36 39 37 40 41 38 41 39 42 43 40 43 41 44 45 42 45 43 46 47 44 47 45 48 49 46 49 47 50 51 48 51 49 52 53 50 53 51 54 55 52 55 53 56 57 54 57 55 58 59 56 59 57 60 61 58 61 59 62 63 60 63 61 64 65 62 65 63 66 67 64 67 65 68 69 66 69 67 70 71 68 71 69 72 73 70 73 71 74 75 72 75 73 76 77 74 77 75 78 79 76 79 77 80 81 78 81 79 82 83 80
INF INF INF INF INF INF INF INF INF INF INF INF INF INF INF INF INF INF INF INF INF INF INF INF INF INF INF INF INF INF INF INF INF INF INF INF INF INF INF INF INF INF INF INF INF INF INF INF INF INF INF INF INF INF INF INF INF INF INF INF INF INF INF INF INF INF INF INF INF INF INF INF INF INF INF INF INF INF INF INF INF INF INF INF INF INF INF INF INF INF INF INF INF INF INF INF INF INF INF INF INF INF INF INF INF INF INF INF INF INF INF INF INF INF INF INF INF INF INF INF INF INF INF INF INF INF INF INF INF INF INF INF INF INF INF INF INF INF INF INF INF INF INF INF INF INF INF INF INF INF INF INF INF INF INF INF INF INF INF INF INF INF INF INF INF INF INF INF INF INF INF INF INF INF INF INF INF INF INF INF INF INF INF INF INF INF INF INF INF INF INF INF INF INF INF INF INF INF INF INF INF INF INF INF INF INF INF INF INF INF INF INF INF INF INF INF INF INF INF INF INF INF INF INF INF INF INF INF INF INF INF INF INF INF INF INF INF INF INF INF INF INF INF INF INF INF INF INF INF INF INF INF INF INF INF INF INF INF INF INF INF INF INF INF INF INF INF INF INF INF INF INF INF INF INF INF INF INF INF INF INF INF INF INF INF INF INF INF INF INF INF INF INF INF INF INF INF INF INF INF 0 -2 1 2 5 2 0 3 4 7 4 2 5 6 9 6 4 7 8 11 8 6 9 10 13 10 8 11 12 15 12 10 13 14 17 14 12 15 16 19 16 14 17 18 21 18 16 19 20 23 20 18 21 22 25 22 20 23 24 27 24 22 25 26 29 26 24 27 28 31 28 26 29 30 33 30 28 31 32 35 32 30 33 34 37 34 32 35 36 39 36 34 37 38 41 38 36 39 40 43 40 38 41 42 45 42 40 43 44 47 44 42 45 46 49 46 44 47 48 51 48 46 49 50 53 50 48 51 52 55 52 50 53 54 57 54 52 55 56 59 56 54 57 58 61 58 56 59 60 63 60 58 61 62 65 62 60 63 64 67 64 62 65 66 69 66 64 67 68 71 68 66 69 70 73 70 68 71 72 75 72 70 73 74 77 74 72 75 76 79 76 74 77 78 81 78 76 79 80 83
INF INF INF INF INF INF INF INF INF INF INF INF INF INF INF INF INF INF INF INF INF INF INF INF INF INF INF INF INF INF INF INF INF INF INF INF INF INF INF INF INF INF INF INF INF INF INF INF INF INF INF INF INF INF INF INF INF INF INF INF INF INF INF INF INF INF INF INF INF INF INF INF INF INF INF INF INF INF INF INF INF INF INF INF INF INF INF INF INF INF INF INF INF INF INF INF INF INF INF INF INF INF INF INF INF INF INF INF INF INF INF INF INF INF INF INF INF INF INF INF INF INF INF INF INF INF INF INF INF INF INF INF INF INF INF INF INF INF INF INF INF INF INF INF INF INF INF INF INF INF INF INF INF INF INF INF INF INF INF INF INF INF INF INF INF INF INF INF INF INF INF INF INF INF INF INF INF INF INF INF INF INF INF INF INF INF INF INF INF INF INF INF INF INF INF INF INF INF INF INF INF INF INF INF INF INF INF INF INF INF INF INF INF INF INF INF INF INF INF INF INF INF INF INF INF INF INF INF INF INF INF INF INF INF INF INF INF INF INF INF INF INF INF INF INF INF INF INF INF INF INF INF INF INF INF INF INF INF INF INF INF INF INF INF INF INF INF INF INF INF INF INF INF INF INF INF INF INF INF INF INF INF INF INF INF INF INF INF INF INF INF INF INF INF INF INF INF INF INF INF INF 0 3 4 7 8 2 5 6 9 10 4 7 8 11 12 6 9 10 13 14 8 11 12 15 16 10 13 14 17 18 12 15 16 19 20 14 17 18 21 22 16 19 20 23 24 18 21 22 25 26 20 23 24 27 28 22 25 26 29 30 24 27 28 31 32 26 29 30 33 34 28 31 32 35 36 30 33 34 37 38 32 35 36 39 40 34 37 38 41 42 36 39 40 43 44 38 41 42 45 46 40 43 44 47 48 42 45 46 49 50 44 47 48 51 52 46 49 50 53 54 48 51 52 55 56 50 53 54 57 58 52 55 56 59 60 54 57 58 61 62 56 59 60 63 64 58 61 62 65 66 60 63 64 67 68 62 65 66 69 70 64 67 68 71 72 66 69 70 73 74 68 71 72 75 76 70 73 74 77 78 72 75 76 79 80 74 77 78 81 82 76 79 80 83 84 78 81 82 85
INF INF INF INF INF INF INF INF INF INF INF INF INF INF INF INF INF INF INF INF INF INF INF INF INF INF INF INF INF INF INF INF INF INF INF INF INF INF INF INF INF INF INF INF INF INF INF INF INF INF INF INF INF INF INF INF INF INF INF INF INF INF INF INF INF INF INF INF INF INF INF INF INF INF INF INF INF INF INF INF INF INF INF INF INF INF INF INF INF INF INF INF INF INF INF INF INF INF INF INF INF INF INF INF INF INF INF INF INF INF INF INF INF INF INF INF INF INF INF INF INF INF INF INF INF INF INF INF INF INF INF INF INF INF INF INF INF INF INF INF INF INF INF INF INF INF INF INF INF INF INF INF INF INF INF INF INF INF INF INF INF INF INF INF INF INF INF INF INF INF INF INF INF INF INF INF INF INF INF INF INF INF INF INF INF INF INF INF INF INF INF INF INF INF INF INF INF INF INF INF INF INF INF INF INF INF INF INF INF INF INF INF INF INF INF INF INF INF INF INF INF INF INF INF INF INF INF INF INF INF INF INF INF INF INF INF INF INF INF INF INF INF INF INF INF INF INF INF INF INF INF INF INF INF INF INF INF INF INF INF INF INF INF INF INF INF INF INF INF INF INF INF INF INF INF INF INF INF INF INF INF INF INF INF INF INF INF INF INF INF INF INF INF INF INF INF INF INF INF INF INF INF 0 3 4 7 5 2 5 6 9 7 4 7 8 11 9 6 9 10 13 11 8 11 12 15 13 10 13 14 17 15 12 15 16 19 17 14 17 18 21 19 16 19 20 23 21 18 21 22 25 23 20 23 24 27 25 22 25 26 29 27 24 27 28 31 29 26 29 30 33 31 28 31 32 35 33 30 33 34 37 35 32 35 36 39 37 34 37 38 41 39 36 39 40 43 41 38 41 42 45 43 40 43 44 47 45 42 45 46 49 47 44 47 48 51 49 46 49 50 53 51 48 51 52 55 53 50 53 54 57 55 52 55 56 59 57 54 57 58 61 59 56 59 60 63 61 58 61 62 65 63 60 63 64 67 65 62 65 66 69 67 64 67 68 71 69 66 69 70 73 71 68 71 72 75 73 70 73 74 77 75 72 75 76 79 77 74 77 78 81 79 76 79 80 83 81 78 81 82
INF INF INF INF INF INF INF INF INF INF INF INF INF INF INF INF INF INF INF INF INF INF INF INF INF INF INF INF INF INF INF INF INF INF INF INF INF INF INF INF INF INF INF INF INF INF INF INF INF INF INF INF INF INF INF INF INF INF INF INF INF INF INF INF INF INF INF INF INF INF INF INF INF INF INF INF INF INF INF INF INF INF INF INF INF INF INF INF INF INF INF INF INF INF INF INF INF INF INF INF INF INF INF INF INF INF INF INF INF INF INF INF INF INF INF INF INF INF INF INF INF INF INF INF INF INF INF INF INF INF INF INF INF INF INF INF INF INF INF INF INF INF INF INF INF INF INF INF INF INF INF INF INF INF INF INF INF INF INF INF INF INF INF INF INF INF INF INF INF INF INF INF INF INF INF INF INF INF INF INF INF INF INF INF INF INF INF INF INF INF INF INF INF INF INF INF INF INF INF INF INF INF INF INF INF INF INF INF INF INF INF INF INF INF INF INF INF INF INF INF INF INF INF INF INF INF INF INF INF INF INF INF INF INF INF INF INF INF INF INF INF INF INF INF INF INF INF INF INF INF INF INF INF INF INF INF INF INF INF INF INF INF INF INF INF INF INF INF INF INF INF INF INF INF INF INF INF INF INF INF INF INF INF INF INF INF INF INF INF INF INF INF INF INF INF INF INF INF INF INF INF INF INF 0 3 4 2 5 2 5 6 4 7 4 7 8 6 9 6 9 10 8 11 8 11 12 10 13 10 13 14 12 15 12 15 16 14 17 14 17 18 16 19 16 19 20 18 21 18 21 22 20 23 20 23 24 22 25 22 25 26 24 27 24 27 28 26 29 26 29 30 28 31 28 31 32 30 33 30 33 34 32 35 32 35 36 34 37 34 37 38 36 39 36 39 40 38 41 38 41 42 40 43 40 43 44 42 45 42 45 46 44 47 44 47 48 46 49 46 49 50 48 51 48 51 52 50 53 50 53 54 52 55 52 55 56 54 57 54 57 58 56 59 56 59 60 58 61 58 61 62 60 63 60 63 64 62 65 62 65 66 64 67 64 67 68 66 69 66 69 70 68 71 68 71 72 70 73 70 73 74 72 75 72 75 76 74 77 74 77 78 76 79 76 79 80 78 81 78 81
INF INF INF INF INF INF INF INF INF INF INF INF INF INF INF INF INF INF INF INF INF INF INF INF INF INF INF INF INF INF INF INF INF INF INF INF INF INF INF INF INF INF INF INF INF INF INF INF INF INF INF INF INF INF INF INF INF INF INF INF INF INF INF INF INF INF INF INF INF INF INF INF INF INF INF INF INF INF INF INF INF INF INF INF INF INF INF INF INF INF INF INF INF INF INF INF INF INF INF INF INF INF INF INF INF INF INF INF INF INF INF INF INF INF INF INF INF INF INF INF INF INF INF INF INF INF INF INF INF INF INF INF INF INF INF INF INF INF INF INF INF INF INF INF INF INF INF INF INF INF INF INF INF INF INF INF INF INF INF INF INF INF INF INF INF INF INF INF INF INF INF INF INF INF INF INF INF INF INF INF INF INF INF INF INF INF INF INF INF INF INF INF INF INF INF INF INF INF INF INF INF INF INF INF INF INF INF INF INF INF INF INF INF INF INF INF INF INF INF INF INF INF INF INF INF INF INF INF INF INF INF INF INF INF INF INF INF INF INF INF INF INF INF INF INF INF INF INF INF INF INF INF INF INF INF INF INF INF INF INF INF INF INF INF INF INF INF INF INF INF INF INF INF INF INF INF INF INF INF INF INF INF INF INF INF INF INF INF INF INF INF INF INF INF INF INF INF INF INF INF INF INF INF INF 0 3 1 4 5 2 5 3 6 7 4 7 5 8 9 6 9 7 10 11 8 11 9 12 13 10 13 11 14 15 12 15 13 16 17 14 17 15 18 19 16 19 17 20 21 18 21 19 22 23 20 23 21 24 25 22 25 23 26 27 24 27 25 28 29 26 29 27 30 31 28 31 29 32 33 30 33 31 34 35 32 35 33 36 37 34 37 35 38 39 36 39 37 40 41 38 41 39 42 43 40 43 41 44 45 42 45 43 46 47 44 47 45 48 49 46 49 47 50 51 48 51 49 52 53 50 53 51 54 55 52 55 53 56 57 54 57 55 58 59 56 59 57 60 61 58 61 59 62 63 60 63 61 64 65 62 65 63 66 67 64 67 65 68 69 66 69 67 70 71 68 71 69 72 73 70 73 71 74 75 72 75 73 76 77 74 77 75 78 79 76 79 77 80 81 78
INF INF INF INF INF INF INF INF INF INF INF INF INF INF INF INF INF INF INF INF INF INF INF INF INF INF INF INF INF INF INF INF INF INF INF INF INF INF INF INF INF INF INF INF INF INF INF INF INF INF INF INF INF INF INF INF INF INF INF INF INF INF INF INF INF INF INF INF INF INF INF INF INF INF INF INF INF INF INF INF INF INF INF INF INF INF INF INF INF INF INF INF INF INF INF INF INF INF INF INF INF INF INF INF INF INF INF INF INF INF INF INF INF INF INF INF INF INF INF INF INF INF INF INF INF INF INF INF INF INF INF INF INF INF INF INF INF INF INF INF INF INF INF INF INF INF INF INF INF INF INF INF INF INF INF INF INF INF INF INF INF INF INF INF INF INF INF INF INF INF INF INF INF INF INF INF INF INF INF INF INF INF INF INF INF INF INF INF INF INF INF INF INF INF INF INF INF INF INF INF INF INF INF INF INF INF INF INF INF INF INF INF INF INF INF INF INF INF INF INF INF INF INF INF INF INF INF INF INF INF INF INF INF INF INF INF INF INF INF INF INF INF INF INF INF INF INF INF INF INF INF INF INF INF INF INF INF INF INF INF INF INF INF INF INF INF INF INF INF INF INF INF INF INF INF INF INF INF INF INF INF INF INF INF INF INF INF INF INF INF INF INF INF INF INF INF INF INF INF INF INF INF INF INF INF 0 -2 1 2 5 2 0 3 4 7 4 2 5 6 9 6 4 7 8 11 8 6 9 10 13 10 8 11 12 15 12 10 13 14 17 14 12 15 16 19 16 14 17 18 21 18 16 19 20 23 20 18 21 22 25 22 20 23 24 27 24 22 25 26 29 26 24 27 28 31 28 26 29 30 33 30 28 31 32 35 32 30 33 34 37 34 32 35 36 39 36 34 37 38 41 38 36 39 40 43 40 38 41 42 45 42 40 43 44 47 44 42 45 46 49 46 44 47 48 51 48 46 49 50 53 50 48 51 52 55 52 50 53 54 57 54 52 55 56 59 56 54 57 58 61 58 56 59 60 63 60 58 61 62 65 62 60 63 64 67 64 62 65 66 69 66 64 67 68 71 68 66 69 70 73 70 68 71 72 75 72 70 73 74 77 74 72 75 76 79 76 74 77 78 81
INF INF INF INF INF INF INF INF INF INF INF INF INF INF INF INF INF INF INF INF INF INF INF INF INF INF INF INF INF INF INF INF INF INF INF INF INF INF INF INF INF INF INF INF INF INF INF INF INF INF INF INF INF INF INF INF INF INF INF INF INF INF INF INF INF INF INF INF INF INF INF INF INF INF INF INF INF INF INF INF INF INF INF INF INF INF INF INF INF INF INF INF INF INF INF INF INF INF INF INF INF INF INF INF INF INF INF INF INF INF INF INF INF INF INF INF INF INF INF INF INF INF INF INF INF INF INF INF INF INF INF INF INF INF INF INF INF INF INF INF INF INF INF INF INF INF INF INF INF INF INF INF INF INF INF INF INF INF INF INF INF INF INF INF INF INF INF INF INF INF INF INF INF INF INF INF INF INF INF INF INF INF INF INF INF INF INF INF INF INF INF INF INF INF INF INF INF INF INF INF INF INF INF INF INF INF INF INF INF INF INF INF INF INF INF INF INF INF INF INF INF INF INF INF INF INF INF INF INF INF INF INF INF INF INF INF INF INF INF INF INF INF INF INF INF INF INF INF INF INF INF INF INF INF INF INF INF INF INF INF INF INF INF INF INF INF INF INF INF INF INF INF INF INF INF INF INF INF INF INF INF INF INF INF INF INF INF INF INF INF INF INF INF INF INF INF INF INF INF INF INF INF INF INF INF INF 0 3 4 7 8 2 5 6 9 10 4 7 8 11 12 6 9 10 13 14 8 11 12 15 16 10 13 14 17 18 12 15 16 19 20 14 17 18 21 22 16 19 20 23 24 18 21 22 25 26 20 23 24 27 28 22 25 26 29 30 24 27 28 31 32 26 29 30 33 34 28 31 32 35 36 30 33 34 37 38 32 35 36 39 40 34 37 38 41 42 36 39 40 43 44 38 41 42 45 46 40 43 44 47 48 42 45 46 49 50 44 47 48 51 52 46 49 50 53 54 48 51 52 55 56 50 53 54 57 58 52 55 56 59 60 54 57 58 61 62 56 59 60 63 64 58 61 62 65 66 60 63 64 67 68 62 65 66 69 70 64 67 68 71 72 66 69 70 73 74 68 71 72 75 76 70 73 74 77 78 72 75 76 79 80 74 77 78 81 82 76 79 80 83
INF INF INF INF INF INF INF INF INF INF INF INF INF INF INF INF INF INF INF INF INF INF INF INF INF INF INF INF INF INF INF INF INF INF INF INF INF INF INF INF INF INF INF INF INF INF INF INF INF INF INF INF INF INF INF INF INF INF INF INF INF INF INF INF INF INF INF INF INF INF INF INF INF INF INF INF INF INF INF INF INF INF INF INF INF INF INF INF INF INF INF INF INF INF INF INF INF INF INF INF INF INF INF INF INF INF INF INF INF INF INF INF INF INF INF INF INF INF INF INF INF INF INF INF INF INF INF INF INF INF INF INF INF INF INF INF INF INF INF INF INF INF INF INF INF INF INF INF INF INF INF INF INF INF INF INF INF INF INF INF INF INF INF INF INF INF INF INF INF INF INF INF INF INF INF INF INF INF INF INF INF INF INF INF INF INF INF INF INF INF INF INF INF INF INF INF INF INF INF INF INF INF INF INF INF INF INF INF INF INF INF INF INF INF INF INF INF INF INF INF INF INF INF INF INF INF INF INF INF INF INF INF INF INF INF INF INF INF INF INF INF INF INF INF INF INF INF INF INF INF INF INF INF INF INF INF INF INF INF INF INF INF INF INF INF INF INF INF INF INF INF INF INF INF INF INF INF INF INF INF INF INF INF INF INF INF INF INF INF INF INF INF INF INF INF INF INF INF INF INF INF INF INF INF INF INF INF 0 3 4 7 5 2 5 6 9 7 4 7 8 11 9 6 9 10 13 11 8 11 12 15 13 10 13 14 17 15 12 15 16 19 17 14 17 18 21 19 16 19 20 23 21 18 21 22 25 23 20 23 24 27 25 22 25 26 29 27 24 27 28 31 29 26 29 30 33 31 28 31 32 35 33 30 33 34 37 35 32 35 36 39 37 34 37 38 41 39 36 39 40 43 41 38 41 42 45 43 40 43 44 47 45 42 45 46 49 47 44 47 48 51 49 46 49 50 53 51 48 51 52 55 53 50 53 54 57 55 52 55 56 59 57 54 57 58 61 59 56 59 60 63 61 58 61 62 65 63 60 63 64 67 65 62 65 66 69 67 64 67 68 71 69 66 69 70 73 71 68 71 72 75 73 70 73 74 77 75 72 75 76 79 77 74 77 78 81 79 76 79 80
INF INF INF INF INF INF INF INF INF INF INF INF INF INF INF INF INF INF INF INF INF INF INF INF INF INF INF INF INF INF INF INF INF INF INF INF INF INF INF INF INF INF INF INF INF INF INF INF INF INF INF INF INF INF INF INF INF INF INF INF INF INF INF INF INF INF INF INF INF INF INF INF INF INF INF INF INF INF INF INF INF INF INF INF INF INF INF INF INF INF INF INF INF INF INF INF INF INF INF INF INF INF INF INF INF INF INF INF INF INF INF INF INF INF INF INF INF INF INF INF INF INF INF INF INF INF INF INF INF INF INF INF INF INF INF INF INF INF INF INF INF INF INF INF INF INF INF INF INF INF INF INF INF INF INF INF INF INF INF INF INF INF INF INF INF INF INF INF INF INF INF INF INF INF INF INF INF INF INF INF INF INF INF INF INF INF INF INF INF INF INF INF INF INF INF INF INF INF INF INF INF INF INF INF INF INF INF INF INF INF INF INF INF INF INF INF INF INF INF INF INF INF INF INF INF INF INF INF INF INF INF INF INF INF INF INF INF INF INF INF INF INF INF INF INF INF INF INF INF INF INF INF INF INF INF INF INF INF INF INF INF INF INF INF INF INF INF INF INF INF INF INF INF INF INF INF INF INF INF INF INF INF INF INF INF INF INF INF INF INF INF INF INF INF INF INF INF INF INF INF INF INF INF INF INF INF INF INF 0 3 4 2 5 2 5 6 4 7 4 7 8 6 9 6 9 10 8 11 8 11 12 10 13 10 13 14 12 15 12 15 16 14 17 14 17 18 16 19 16 19 20 18 21 18 21 22 20 23 20 23 24 22 25 22 25 26 24 27 24 27 28 26 29 26 29 30 28 31 28 31 32 30 33 30 33 34 32 35 32 35 36 34 37 34 37 38 36 39 36 39 40 38 41 38 41 42 40 43 40 43 44 42 45 42 45 46 44 47 44 47 48 46 49 46 49 50 48 51 48 51 52 50 53 50 53 54 52 55 52 55 56 54 57 54 57 58 56 59 56 59 60 58 61 58 61 62 60 63 60 63 64 62 65 62 65 66 64 67 64 67 68 66 69 66 69 70 68 71 68 71 72 70 73 70 73 74 72 75 72 75 76 74 77 74 77 78 76 79 76 79
INF INF INF INF INF INF INF INF INF INF INF INF INF INF INF INF INF INF INF INF INF INF INF INF INF INF INF INF INF INF INF INF INF INF INF INF INF INF INF INF INF INF INF INF INF INF INF INF INF INF INF INF INF INF INF INF INF INF INF INF INF INF INF INF INF INF INF INF INF INF INF INF INF INF INF INF INF INF INF INF INF INF INF INF INF INF INF INF INF INF INF INF INF INF INF INF INF INF INF INF INF INF INF INF INF INF INF INF INF INF INF INF INF INF INF INF INF INF INF INF INF INF INF INF INF INF INF INF INF INF INF INF INF INF INF INF INF INF INF INF INF INF INF INF INF INF INF INF INF INF INF INF INF INF INF INF INF INF INF INF INF INF INF INF INF INF INF INF INF INF INF INF INF INF INF INF INF INF INF INF INF INF INF INF INF INF INF INF INF INF INF INF INF INF INF INF INF INF INF INF INF INF INF INF INF INF INF INF INF INF INF INF INF INF INF INF INF INF INF INF INF INF INF INF INF INF INF INF INF INF INF INF INF INF INF INF INF INF INF INF INF INF INF INF INF INF INF INF INF INF INF INF INF INF INF INF INF INF INF INF INF INF INF INF INF INF INF INF INF INF INF INF INF INF INF INF INF INF INF INF INF INF INF INF INF INF INF INF INF INF INF INF INF INF INF INF INF INF INF INF INF INF INF INF INF INF INF INF INF 0 3 1 4 5 2 5 3 6 7 4 7 5 8 9 6 9 7 10 11 8 11 9 12 13 10 13 11 14 15 12 15 13 16 17 14 17 15 18 19 16 19 17 20 21 18 21 19 22 23 20 23 21 24 25 22 25 23 26 27 24 27 25 28 29 26 29 27 30 31 28 31 29 32 33 30 33 31 34 35 32 35 33 36 37 34 37 35 38 39 36 39 37 40 41 38 41 39 42 43 40 43 41 44 45 42 45 43 46 47 44 47 45 48 49 46 49 47 50 51 48 51 49 52 53 50 53 51 54 55 52 55 53 56 57 54 57 55 58 59 56 59 57 60 61 58 61 59 62 63 60 63 61 64 65 62 65 63 66 67 64 67 65 68 69 66 69 67 70 71 68 71 69 72 73 70 73 71 74 75 72 75 73 76 77 74 77 75 78 79 76
INF INF INF INF INF INF INF INF INF INF INF INF INF INF INF INF INF INF INF INF INF INF INF INF INF INF INF INF INF INF INF INF INF INF INF INF INF INF INF INF INF INF INF INF INF INF INF INF INF INF INF INF INF INF INF INF INF INF INF INF INF INF INF INF INF INF INF INF INF INF INF INF INF INF INF INF INF INF INF INF INF INF INF INF INF INF INF INF INF INF INF INF INF INF INF INF INF INF INF INF INF INF INF INF INF INF INF INF INF INF INF INF INF INF INF INF INF INF INF INF INF INF INF INF INF INF INF INF INF INF INF INF INF INF INF INF INF INF INF INF INF INF INF INF INF INF INF INF INF INF INF INF INF INF INF INF INF INF INF INF INF INF INF INF INF INF INF INF INF INF INF INF INF INF INF INF INF INF INF INF INF INF INF INF INF INF INF INF INF INF INF INF INF INF INF INF INF INF INF INF INF INF INF INF INF INF INF INF INF INF INF INF INF INF INF INF INF INF INF INF INF INF INF INF INF INF INF INF INF INF INF INF INF INF INF INF INF INF INF INF INF INF INF INF INF INF INF INF INF INF INF INF INF INF INF INF INF INF INF INF INF INF INF INF INF INF INF INF INF INF INF INF INF INF INF INF INF INF INF INF INF INF INF INF INF INF INF INF INF INF INF INF INF INF INF INF INF INF INF INF INF INF INF INF INF INF INF INF INF INF 0 -2 1 2 5 2 0 3 4 7 4 2 5 6 9 6 4 7 8 11 8 6 9 10 13 10 8 11 12 15 12 10 13 14 17 14 12 15 16 19 16 14 17 18 21 18 16 19 20 23 20 18 21 22 25 22 20 23 24 27 24 22 25 26 29 26 24 27 28 31 28 26 29 30 33 30 28 31 32 35 32 30 33 34 37 34 32 35 36 39 36 34 37 38 41 38 36 39 40 43 40 38 41 42 45 42 40 43 44 47 44 42 45 46 49 46 44 47 48 51 48 46 49 50 53 50 48 51 52 55 52 50 53 54 57 54 52 55 56 59 56 54 57 58 61 58 56 59 60 63 60 58 61 62 65 62 60 63 64 67 64 62 65 66 69 66 64 67 68 71 68 66 69 70 73 70 68 71 72 75 72 70 73 74 77 74 72 75 76 79
INF INF INF INF INF INF INF INF INF INF INF INF INF INF INF INF INF INF INF INF INF INF INF INF INF INF INF INF INF INF INF INF INF INF INF INF INF INF INF INF INF INF INF INF INF INF INF INF INF INF INF INF INF INF INF INF INF INF INF INF INF INF INF INF INF INF INF INF INF INF INF INF INF INF INF INF INF INF INF INF INF INF INF INF INF INF INF INF INF INF INF INF INF INF INF INF INF INF INF INF INF INF INF INF INF INF INF INF INF INF INF INF INF INF INF INF INF INF INF INF INF INF INF INF INF INF INF INF INF INF INF INF INF INF INF INF INF INF INF INF INF INF INF INF INF INF INF INF INF INF INF INF INF INF INF INF INF INF INF INF INF INF INF INF INF INF INF INF INF INF INF INF INF INF INF INF INF INF INF INF INF INF INF INF INF INF INF INF INF INF INF INF INF INF INF INF INF INF INF INF INF INF INF INF INF INF INF INF INF INF INF INF INF INF INF INF INF INF INF INF INF INF INF INF INF INF INF INF INF INF INF INF INF INF INF INF INF INF INF INF INF INF INF INF INF INF INF INF INF INF INF INF INF INF INF INF INF INF INF INF INF INF INF INF INF INF INF INF INF INF INF INF INF INF INF INF INF INF INF INF INF INF INF INF INF INF INF INF INF INF INF INF INF INF INF INF INF INF INF INF INF INF INF INF INF INF INF INF INF INF INF 0 3 4 7 8 2 5 6 9 10 4 7 8 11 12 6 9 10 13 14 8 11 12 15 16 10 13 14 17 18 12 15 16 19 20 14 17 18 21 22 16 19 20 23 24 18 21 22 25 26 20 23 24 27 28 22 25 26 29 30 24 27 28 31 32 26 29 30 33 34 28 31 32 35 36 30 33 34 37 38 32 35 36 39 40 34 37 38 41 42 36 39 40 43 44 38 41 42 45 46 40 43 44 47 48 42 45 46 49 50 44 47 48 51 52 46 49 50 53 54 48 51 52 55 56 50 53 54 57 58 52 55 56 59 60 54 57 58 61 62 56 59 60 63 64 58 61 62 65 66 60 63 64 67 68 62 65 66 69 70 64 67 68 71 72 66 69 70 73 74 68 71 72 75 76 70 73 74 77 78 72 75 76 79 80 74 77 78 81
INF INF INF INF INF INF INF INF INF INF INF INF INF INF INF INF INF INF INF INF INF INF INF INF INF INF INF INF INF INF INF INF INF INF INF INF INF INF INF INF INF INF INF INF INF INF INF INF INF INF INF INF INF INF INF INF INF INF INF INF INF INF INF INF INF INF INF INF INF INF INF INF INF INF INF INF INF INF INF INF INF INF INF INF INF INF INF INF INF INF INF INF INF INF INF INF INF INF INF INF INF INF INF INF INF INF INF INF INF INF INF INF INF INF INF INF INF INF INF INF INF INF INF INF INF INF INF INF INF INF INF INF INF INF INF INF INF INF INF INF INF INF INF INF INF INF INF INF INF INF INF INF INF INF INF INF INF INF INF INF INF INF INF INF INF INF INF INF INF INF INF INF INF INF INF INF INF INF INF INF INF INF INF INF INF INF INF INF INF INF INF INF INF INF INF INF INF INF INF INF INF INF INF INF INF INF INF INF INF INF INF INF INF INF INF INF INF INF INF INF INF INF INF INF INF INF INF INF INF INF INF INF INF INF INF INF INF INF INF INF INF INF INF INF INF INF INF INF INF INF INF INF INF INF INF INF INF INF INF INF INF INF INF INF INF INF INF INF INF INF INF INF INF INF INF INF INF INF INF INF INF INF INF INF INF INF INF INF INF INF INF INF INF INF INF INF INF INF INF INF INF INF INF INF INF INF INF INF INF INF INF INF 0 3 4 7 5 2 5 6 9 7 4 7 8 11 9 6 9 10 13 11 8 11 12 15 13 10 13 14 17 15 12 15 16 19 17 14 17 18 21 19 16 19 20 23 21 18 21 22 25 23 20 23 24 27 25 22 25 26 29 27 24 27 28 31 29 26 29 30 33 31 28 31 32 35 33 30 33 34 37 35 32 35 36 39 37 34 37 38 41 39 36 39 40 43 41 38 41 42 45 43 40 43 44 47 45 42 45 46 49 47 44 47 48 51 49 46 49 50 53 51 48 51 52 55 53 50 53 54 57 55 52 55 56 59 57 54 57 58 61 59 56 59 60 63 61 58 61 62 65 63 60 63 64 67 65 62 65 66 69 67 64 67 68 71 69 66 69 70 73 71 68 71 72 75 73 70 73 74 77 75 72 75 76 79 77 74 77 78
INF INF INF INF INF INF INF INF INF INF INF INF INF INF INF INF INF INF INF INF INF INF INF INF INF INF INF INF INF INF INF INF INF INF INF INF INF INF INF INF INF INF INF INF INF INF INF INF INF INF INF INF INF INF INF INF INF INF INF INF INF INF INF INF INF INF INF INF INF INF INF INF INF INF INF INF INF INF INF INF INF INF INF INF INF INF INF INF INF INF INF INF INF INF INF INF INF INF INF INF INF INF INF INF INF INF INF INF INF INF INF INF INF INF INF INF INF INF INF INF INF INF INF INF INF INF INF INF INF INF INF INF INF INF INF INF INF INF INF INF INF INF INF INF INF INF INF INF INF INF INF INF INF INF INF INF INF INF INF INF INF INF INF INF INF INF INF INF INF INF INF INF INF INF INF INF INF INF INF INF INF INF INF INF INF INF INF INF INF INF INF INF INF INF INF INF INF INF INF INF INF INF INF INF INF INF INF INF INF INF INF INF INF INF INF INF INF INF INF INF INF INF INF INF INF INF INF INF INF INF INF INF INF INF INF INF INF INF INF INF INF INF INF INF INF INF INF INF INF INF INF INF INF INF INF INF INF INF INF INF INF INF INF INF INF INF INF INF INF INF INF INF INF INF INF INF INF INF INF INF INF INF INF INF INF INF INF INF INF INF INF INF INF INF INF INF INF INF INF INF INF INF INF INF INF INF INF INF INF INF INF INF INF 0 3 4 2 5 2 5 6 4 7 4 7 8 6 9 6 9 10 8 11 8 11 12 10 13 10 13 14 12 15 12 15 16 14 17 14 17 18 16 19 16 19 20 18 21 18 21 22 20 23 20 23 24 22 25 22 25 26 24 27 24 27 28 26 29 26 29 30 28 31 28 31 32 30 33 30 33 34 32 35 32 35 36 34 37 34 37 38 36 39 36 39 40 38 41 38 41 42 40 43 40 43 44 42 45 42 45 46 44 47 44 47 48 46 49 46 49 50 48 51 48 51 52 50 53 50 53 54 52 55 52 55 56 54 57 54 57 58 56 59 56 59 60 58 61 58 61 62 60 63 60 63 64 62 65 62 65 66 64 67 64 67 68 66 69 66 69 70 68 71 68 71 72 70 73 70 73 74 72 75 72 75 76 74 77 74 77
INF INF INF INF INF INF INF INF INF INF INF INF INF INF INF INF INF INF INF INF INF INF INF INF INF INF INF INF INF INF INF INF INF INF INF INF INF INF INF INF INF INF INF INF INF INF INF INF INF INF INF INF INF INF INF INF INF INF INF INF INF INF INF INF INF INF INF INF INF INF INF INF INF INF INF INF INF INF INF INF INF INF INF INF INF INF INF INF INF INF INF INF INF INF INF INF INF INF INF INF INF INF INF INF INF INF INF INF INF INF INF INF INF INF INF INF INF INF INF INF INF INF INF INF INF INF INF INF INF INF INF INF INF INF INF INF INF INF INF INF INF INF INF INF INF INF INF INF INF INF INF INF INF INF INF INF INF INF INF INF INF INF INF INF INF INF INF INF INF INF INF INF INF INF INF INF INF INF INF INF INF INF INF INF INF INF INF INF INF INF INF INF INF INF INF INF INF INF INF INF INF INF INF INF INF INF INF INF INF INF INF INF INF INF INF INF INF INF INF INF INF INF INF INF INF INF INF INF INF INF INF INF INF INF INF INF INF INF INF INF INF INF INF INF INF INF INF INF INF INF INF INF INF INF INF INF INF INF INF INF INF INF INF INF INF INF INF INF INF INF INF INF INF INF INF INF INF INF INF INF INF INF INF INF INF INF INF INF INF INF INF INF INF INF INF INF INF INF INF INF INF INF INF INF INF INF INF INF INF INF INF INF INF INF 0 3 1 4 5 2 5 3 6 7 4 7 5 8 9 6 9 7 10 11 8 11 9 12 13 10 13 11 14 15 12 15 13 16 17 14 17 15 18 19 16 19 17 20 21 18 21 19 22 23 20 23 21 24 25 22 25 23 26 27 24 27 25 28 29 26 29 27 30 31 28 31 29 32 33 30 33 31 34 35 32 35 33 36 37 34 37 35 38 39 36 39 37 40 41 38 41 39 42 43 40 43 41 44 45 42 45 43 46 47 44 47 45 48 49 46 49 47 50 51 48 51 49 52 53 50 53 51 54 55 52 55 53 56 57 54 57 55 58 59 56 59 57 60 61 58 61 59 62 63 60 63 61 64 65 62 65 63 66 67 64 67 65 68 69 66 69 67 70 71 68 71 69 72 73 70 73 71 74 75 72 75 73 76 77 74
INF INF INF INF INF INF INF INF INF INF INF INF INF INF INF INF INF INF INF INF INF INF INF INF INF INF INF INF INF INF INF INF INF INF INF INF INF INF INF INF INF INF INF INF INF INF INF INF INF INF INF INF INF INF INF INF INF INF INF INF INF INF INF INF INF INF INF INF INF INF INF INF INF INF INF INF INF INF INF INF INF INF INF INF INF INF INF INF INF INF INF INF INF INF INF INF INF INF INF INF INF INF INF INF INF INF INF INF INF INF INF INF INF INF INF INF INF INF INF INF INF INF INF INF INF INF INF INF INF INF INF INF INF INF INF INF INF INF INF INF INF INF INF INF INF INF INF INF INF INF INF INF INF INF INF INF INF INF INF INF INF INF INF INF INF INF INF INF INF INF INF INF INF INF INF INF INF INF INF INF INF INF INF INF INF INF INF INF INF INF INF INF INF INF INF INF INF INF INF INF INF INF INF INF INF INF INF INF INF INF INF INF INF INF INF INF INF INF INF INF INF INF INF INF INF INF INF INF INF INF INF INF INF INF INF INF INF INF INF INF INF INF INF INF INF INF INF INF INF INF INF INF INF INF INF INF INF INF INF INF INF INF INF INF INF INF INF INF INF INF INF INF INF INF INF INF INF INF INF INF INF INF INF INF INF INF INF INF INF INF INF INF INF INF INF INF INF INF INF INF INF INF INF INF INF INF INF INF INF INF INF INF INF INF INF 0 -2 1 2 5 2 0 3 4 7 4 2 5 6 9 6 4 7 8 11 8 6 9 10 13 10 8 11 12 15 12 10 13 14 17 14 12 15 16 19 16 14 17 18 21 18 16 19 20 23 20 18 21 22 25 22 20 23 24 27 24 22 25 26 29 26 24 27 28 31 28 26 29 30 33 30 28 31 32 35 32 30 33 34 37 34 32 35 36 39 36 34 37 38 41 38 36 39 40 43 40 38 41 42 45 42 40 43 44 47 44 42 45 46 49 46 44 47 48 51 48 46 49 50 53 50 48 51 52 55 52 50 53 54 57 54 52 55 56 59 56 54 57 58 61 58 56 59 60 63 60 58 61 62 65 62 60 63 64 67 64 62 65 66 69 66 64 67 68 71 68 66 69 70 73 70 68 71 72 75 72 70 73 74 77
INF INF INF INF INF INF INF INF INF INF INF INF INF INF INF INF INF INF INF INF INF INF INF INF INF INF INF INF INF INF INF INF INF INF INF INF INF INF INF INF INF INF INF INF INF INF INF INF INF INF INF INF INF INF INF INF INF INF INF INF INF INF INF INF INF INF INF INF INF INF INF INF INF INF INF INF INF INF INF INF INF INF INF INF INF INF INF INF INF INF INF INF INF INF INF INF INF INF INF INF INF INF INF INF INF INF INF INF INF INF INF INF INF INF INF INF INF INF INF INF INF INF INF INF INF INF INF INF INF INF INF INF INF INF INF INF INF INF INF INF INF INF INF INF INF INF INF INF INF INF INF INF INF INF INF INF INF INF INF INF INF INF INF INF INF INF INF INF INF INF INF INF INF INF INF INF INF INF INF INF INF INF INF INF INF INF INF INF INF INF INF INF INF INF INF INF INF INF INF INF INF INF INF INF INF INF INF INF INF INF INF INF INF INF INF INF INF INF INF INF INF INF INF INF INF INF INF INF INF INF INF INF INF INF INF INF INF INF INF INF INF INF INF INF INF INF INF INF INF INF INF INF INF INF INF INF INF INF INF INF INF INF INF INF INF INF INF INF INF INF INF INF INF INF INF INF INF INF INF INF INF INF INF INF INF INF INF INF INF INF INF INF INF INF INF INF INF INF INF INF INF INF INF INF INF INF INF INF INF INF INF INF INF INF INF INF 0 3 4 7 8 2 5 6 9 10 4 7 8 11 12 6 9 10 13 14 8 11 12 15 16 10 13 14 17 18 12 15 16 19 20 14 17 18 21 22 16 19 20 23 24 18 21 22 25 26 20 23 24 27 28 22 25 26 29 30 24 27 28 31 32 26 29 30 33 34 28 31 32 35 36 30 33 34 37 38 32 35 36 39 40 34 37 38 41 42 36 39 40 43 44 38 41 42 45 46 40 43 44 47 48 42 45 46 49 50 44 47 48 51 52 46 49 50 53 54 48 51 52 55 56 50 53 54 57 58 52 55 56 59 60 54 57 58 61 62 56 59 60 63 64 58 61 62 65 66 60 63 64 67 68 62 65 66 69 70 64 67 68 71 72 66 69 70 73 74 68 71 72 75 76 70 73 74 77 78 72 75 76 79
INF INF INF INF INF INF INF INF INF INF INF INF INF INF INF INF INF INF INF INF INF INF INF INF INF INF INF INF INF INF INF INF INF INF INF INF INF INF INF INF INF INF INF INF INF INF INF INF INF INF INF INF INF INF INF INF INF INF INF INF INF INF INF INF INF INF INF INF INF INF INF INF INF INF INF INF INF INF INF INF INF INF INF INF INF INF INF INF INF INF INF INF INF INF INF INF INF INF INF INF INF INF INF INF INF INF INF INF INF INF INF INF INF INF INF INF INF INF INF INF INF INF INF INF INF INF INF INF INF INF INF INF INF INF INF INF INF INF INF INF INF INF INF INF INF INF INF INF INF INF INF INF INF INF INF INF INF INF INF INF INF INF INF INF INF INF INF INF INF INF INF INF INF INF INF INF INF INF INF INF INF INF INF INF INF INF INF INF INF INF INF INF INF INF INF INF INF INF INF INF INF INF INF INF INF INF INF INF INF INF INF INF INF INF INF INF INF INF INF INF INF INF INF INF INF INF INF INF INF INF INF INF INF INF INF INF INF INF INF INF INF INF INF INF INF INF INF INF INF INF INF INF INF INF INF INF INF INF INF INF INF INF INF INF INF INF INF INF INF INF INF INF INF INF INF INF INF INF INF INF INF INF INF INF INF INF INF INF INF INF INF INF INF INF INF INF INF INF INF INF INF INF INF INF INF INF INF INF INF INF INF INF INF INF INF INF INF 0 3 4 7 5 2 5 6 9 7 4 7 8 11 9 6 9 10 13 11 8 11 12 15 13 10 13 14 17 15 12 15 16 19 17 14 17 18 21 19 16 19 20 23 21 18 21 22 25 23 20 23 24 27 25 22 25 26 29 27 24 27 28 31 29 26 29 30 33 31 28 31 32 35 33 30 33 34 37 35 32 35 36 39 37 34 37 38 41 39 36 39 40 43 41 38 41 42 45 43 40 43 44 47 45 42 45 46 49 47 44 47 48 51 49 46 49 50 53 51 48 51 52 55 53 50 53 54 57 55 52 55 56 59 57 54 57 58 61 59 56 59 60 63 61 58 61 62 65 63 60 63 64 67 65 62 65 66 69 67 64 67 68 71 69 66 69 70 73 71 68 71 72 75 73 70 73 74 77 75 72 75 76
INF INF INF INF INF INF INF INF INF INF INF INF INF INF INF INF INF INF INF INF INF INF INF INF INF INF INF INF INF INF INF INF INF INF INF INF INF INF INF INF INF INF INF INF INF INF INF INF INF INF INF INF INF INF INF INF INF INF INF INF INF INF INF INF INF INF INF INF INF INF INF INF INF INF INF INF INF INF INF INF INF INF INF INF INF INF INF INF INF INF INF INF INF INF INF INF INF INF INF INF INF INF INF INF INF INF INF INF INF INF INF INF INF INF INF INF INF INF INF INF INF INF INF INF INF INF INF INF INF INF INF INF INF INF INF INF INF INF INF INF INF INF INF INF INF INF INF INF INF INF INF INF INF INF INF INF INF INF INF INF INF INF INF INF INF INF INF INF INF INF INF INF INF INF INF INF INF INF INF INF INF INF INF INF INF INF INF INF INF INF INF INF INF INF INF INF INF INF INF INF INF INF INF INF INF INF INF INF INF INF INF INF INF INF INF INF INF INF INF INF INF INF INF INF INF INF INF INF INF INF INF INF INF INF INF INF INF INF INF INF INF INF INF INF INF INF INF INF INF INF INF INF INF INF INF INF INF INF INF INF INF INF INF INF INF INF INF INF INF INF INF INF INF INF INF INF INF INF INF INF INF INF INF INF INF INF INF INF INF INF INF INF INF INF INF INF INF INF INF INF INF INF INF INF INF INF INF INF INF INF INF INF INF INF INF INF INF INF 0 3 4 2 5 2 5 6 4 7 4 7 8 6 9 6 9 10 8 11 8 11 12 10 13 10 13 14 12 15 12 15 16 14 17 14 17 18 16 19 16 19 20 18 21 18 21 22 20 23 20 23 24 22 25 22 25 26 24 27 24 27 28 26 29 26 29 30 28 31 28 31 32 30 33 30 33 34 32 35 32 35 36 34 37 34 37 38 36 39 36 39 40 38 41 38 41 42 40 43 40 43 44 42 45 42 45 46 44 47 44 47 48 46 49 46 49 50 48 51 48 51 52 50 53 50 53 54 52 55 52 55 56 54 57 54 57 58 56 59 56 59 60 58 61 58 61 62 60 63 60 63 64 62 65 62 65 66 64 67 64 67 68 66 69 66 69 70 68 71 68 71 72 70 73 70 73 74 72 75 72 75
INF INF INF INF INF INF INF INF INF INF INF INF INF INF INF INF INF INF INF INF INF INF INF INF INF INF INF INF INF INF INF INF INF INF INF INF INF INF INF INF INF INF INF INF INF INF INF INF INF INF INF INF INF INF INF INF INF INF INF INF INF INF INF INF INF INF INF INF INF INF INF INF INF INF INF INF INF INF INF INF INF INF INF INF INF INF INF INF INF INF INF INF INF INF INF INF INF INF INF INF INF INF INF INF INF INF INF INF INF INF INF INF INF INF INF INF INF INF INF INF INF INF INF INF INF INF INF INF INF INF INF INF INF INF INF INF INF INF INF INF INF INF INF INF INF INF INF INF INF INF INF INF INF INF INF INF INF INF INF INF INF INF INF INF INF INF INF INF INF INF INF INF INF INF INF INF INF INF INF INF INF INF INF INF INF INF INF INF INF INF INF INF INF INF INF INF INF INF INF INF INF INF INF INF INF INF INF INF INF INF INF INF INF INF INF INF INF INF INF INF INF INF INF INF INF INF INF INF INF INF INF INF INF INF INF INF INF INF INF INF INF INF INF INF INF INF INF INF INF INF INF INF INF INF INF INF INF INF INF INF INF INF INF INF INF INF INF INF INF INF INF INF INF INF INF INF INF INF INF INF INF INF INF INF INF INF INF INF INF INF INF INF INF INF INF INF INF INF INF INF INF INF INF INF INF INF INF INF INF INF INF INF INF INF INF INF INF INF INF 0 3 1 4 5 2 5 3 6 7 4 7 5 8 9 6 9 7 10 11 8 11 9 12 13 10 13 11 14 15 12 15 13 16 17 14 17 15 18 19 16 19 17 20 21 18 21 19 22 23 20 23 21 24 25 22 25 23 26 27 24 27 25 28 29 26 29 27 30 31 28 31 29 32 33 30 33 31 34 35 32 35 33 36 37 34 37 35 38 39 36 39 37 40 41 38 41 39 42 43 40 43 41 44 45 42 45 43 46 47 44 47 45 48 49 46 49 47 50 51 48 51 49 52 53 50 53 51 54 55 52 55 53 56 57 54 57 55 58 59 56 59 57 60 61 58 61 59 62 63 60 63 61 64 65 62 65 63 66 67 64 67 65 68 69 66 69 67 70 71 68 71 69 72 73 70 73 71 74 75 72
INF INF INF INF INF INF INF INF INF INF INF INF INF INF INF INF INF INF INF INF INF INF INF INF INF INF INF INF INF INF INF INF INF INF INF INF INF INF INF INF INF INF INF INF INF INF INF INF INF INF INF INF INF INF INF INF INF INF INF INF INF INF INF INF INF INF INF INF INF INF INF INF INF INF INF INF INF INF INF INF INF INF INF INF INF INF INF INF INF INF INF INF INF INF INF INF INF INF INF INF INF INF INF INF INF INF INF INF INF INF INF INF INF INF INF INF INF INF INF INF INF INF INF INF INF INF INF INF INF INF INF INF INF INF INF INF INF INF INF INF INF INF INF INF INF INF INF INF INF INF INF INF INF INF INF INF INF INF INF INF INF INF INF INF INF INF INF INF INF INF INF INF INF INF INF INF INF INF INF INF INF INF INF INF INF INF INF INF INF INF INF INF INF INF INF INF INF INF INF INF INF INF INF INF INF INF INF INF INF INF INF INF INF INF INF INF INF INF INF INF INF INF INF INF INF INF INF INF INF INF INF INF INF INF INF INF INF INF INF INF INF INF INF INF INF INF INF INF INF INF INF INF INF INF INF INF INF INF INF INF INF INF INF INF INF INF INF INF INF INF INF INF INF INF INF INF INF INF INF INF INF INF INF INF INF INF INF INF INF INF INF INF INF INF INF INF INF INF INF INF INF INF INF INF INF INF INF INF INF INF INF INF INF INF INF INF INF INF INF INF 0 -2 1 2 5 2 0 3 4 7 4 2 5 6 9 6 4 7 8 11 8 6 9 10 13 10 8 11 12 15 12 10 13 14 17 14 12 15 16 19 16 14 17 18 21 18 16 19 20 23 20 18 21 22 25 22 20 23 24 27 24 22 25 26 29 26 24 27 28 31 28 26 29 30 33 30 28 31 32 35 32 30 33 34 37 34 32 35 36 39 36 34 37 38 41 38 36 39 40 43 40 38 41 42 45 42 40 43 44 47 44 42 45 46 49 46 44 47 48 51 48 46 49 50 53 50 48 51 52 55 52 50 53 54 57 54 52 55 56 59 56 54 57 58 61 58 56 59 60 63 60 58 61 62 65 62 60 63 64 67 64 62 65 66 69 66 64 67 68 71 68 66 69 70 73 70 68 71 72 75
INF INF INF INF INF INF INF INF INF INF INF INF INF INF INF INF INF INF INF INF INF INF INF INF INF INF INF INF INF INF INF INF INF INF INF INF INF INF INF INF INF INF INF INF INF INF INF INF INF INF INF INF INF INF INF INF INF INF INF INF INF INF INF INF INF INF INF INF INF INF INF INF INF INF INF INF INF INF INF INF INF INF INF INF INF INF INF INF INF INF INF INF INF INF INF INF INF INF INF INF INF INF INF INF INF INF INF INF INF INF INF INF INF INF INF INF INF INF INF INF INF INF INF INF INF INF INF INF INF INF INF INF INF INF INF INF INF INF INF INF INF INF INF INF INF INF INF INF INF INF INF INF INF INF INF INF INF INF INF INF INF INF INF INF INF INF INF INF INF INF INF INF INF INF INF INF INF INF INF INF INF INF INF INF INF INF INF INF INF INF INF INF INF INF INF INF INF INF INF INF INF INF INF INF INF INF INF INF INF INF INF INF INF INF INF INF INF INF INF INF INF INF INF INF INF INF INF INF INF INF INF INF INF INF INF INF INF INF INF INF INF INF INF INF INF INF INF INF INF INF INF INF INF INF INF INF INF INF INF INF INF INF INF INF INF INF INF INF INF INF INF INF INF INF INF INF INF INF INF INF INF INF INF INF INF INF INF INF INF INF INF INF INF INF INF INF INF INF INF INF INF INF INF INF INF INF INF INF INF INF INF INF INF INF INF INF INF INF INF INF INF 0 3 4 7 8 2 5 6 9 10 4 7 8 11 12 6 9 10 13 14 8 11 12 15 16 10 13 14 17 18 12 15 16 19 20 14 17 18 21 22 16 19 20 23 24 18 21 22 25 26 20 23 24 27 28 22 25 26 29 30 24 27 28 31 32 26 29 30 33 34 28 31 32 35 36 30 33 34 37 38 32 35 36 39 40 34 37 38 41 42 36 39 40 43 44 38 41 42 45 46 40 43 44 47 48 42 45 46 49 50 44 47 48 51 52 46 49 50 53 54 48 51 52 55 56 50 53 54 57 58 52 55 56 59 60 54 57 58 61 62 56 59 60 63 64 58 61 62 65 66 60 63 64 67 68 62 65 66 69 70 64 67 68 71 72 66 69 70 73 74 68 71 72 75 76 70 73 74 77
INF INF INF INF INF INF INF INF INF INF INF INF INF INF INF INF INF INF INF INF INF INF INF INF INF INF INF INF INF INF INF INF INF INF INF INF INF INF INF INF INF INF INF INF INF INF INF INF INF INF INF INF INF INF INF INF INF INF INF INF INF INF INF INF INF INF INF INF INF INF INF INF INF INF INF INF INF INF INF INF INF INF INF INF INF INF INF INF INF INF INF INF INF INF INF INF INF INF INF INF INF INF INF INF INF INF INF INF INF INF INF INF INF INF INF INF INF INF INF INF INF INF INF INF INF INF INF INF INF INF INF INF INF INF INF INF INF INF INF INF INF INF INF INF INF INF INF INF INF INF INF INF INF INF INF INF INF INF INF INF INF INF INF INF INF INF INF INF INF INF INF INF INF INF INF INF INF INF INF INF INF INF INF INF INF INF INF INF INF INF INF INF INF INF INF INF INF INF INF INF INF INF INF INF INF INF INF INF INF INF INF INF INF INF INF INF INF INF INF INF INF INF INF INF INF INF INF INF INF INF INF INF INF INF INF INF INF INF INF INF INF INF INF INF INF INF INF INF INF INF INF INF INF INF INF INF INF INF INF INF INF INF INF INF INF INF INF INF INF INF INF INF INF INF INF INF INF INF INF INF INF INF INF INF INF INF INF INF INF INF INF INF INF INF INF INF INF INF INF INF INF INF INF INF INF INF INF INF INF INF INF INF INF INF INF INF INF INF INF INF INF INF 0 3 4 7 5 2 5 6 9 7 4 7 8 11 9 6 9 10 13 11 8 11 12 15 13 10 13 14 17 15 12 15 16 19 17 14 17 18 21 19 16 19 20 23 21 18 21 22 25 23 20 23 24 27 25 22 25 26 29 27 24 27 28 31 29 26 29 30 33 31 28 31 32 35 33 30 33 34 37 35 32 35 36 39 37 34 37 38 41 39 36 39 40 43 41 38 41 42 45 43 40 43 44 47 45 42 45 46 49 47 44 47 48 51 49 46 49 50 53 51 48 51 52 55 53 50 53 54 57 55 52 55 56 59 57 54 57 58 61 59 56 59 60 63 61 58 61 62 65 63 60 63 64 67 65 62 65 66 69 67 64 67 68 71 69 66 69 70 73 71 68 71 72 75 73 70 73 74
INF INF INF INF INF INF INF INF INF INF INF INF INF INF INF INF INF INF INF INF INF INF INF INF INF INF INF INF INF INF INF INF INF INF INF INF INF INF INF INF INF INF INF INF INF INF INF INF INF INF INF INF INF INF INF INF INF INF INF INF INF INF INF INF INF INF INF INF INF INF INF INF INF INF INF INF INF INF INF INF INF INF INF INF INF INF INF INF INF INF INF INF INF INF INF INF INF INF INF INF INF INF INF INF INF INF INF INF INF INF INF INF INF INF INF INF INF INF INF INF INF INF INF INF INF INF INF INF INF INF INF INF INF INF INF INF INF INF INF INF INF INF INF INF INF INF INF INF INF INF INF INF INF INF INF INF INF INF INF INF INF INF INF INF INF INF INF INF INF INF INF INF INF INF INF INF INF INF INF INF INF INF INF INF INF INF INF INF INF INF INF INF INF INF INF INF INF INF INF INF INF INF INF INF INF INF INF INF INF INF INF INF INF INF INF INF INF INF INF INF INF INF INF INF INF INF INF INF INF INF INF INF INF INF INF INF INF INF INF INF INF INF INF INF INF INF INF INF INF INF INF INF INF INF INF INF INF INF INF INF INF INF INF INF INF INF INF INF INF INF INF INF INF INF INF INF INF INF INF INF INF INF INF INF INF INF INF INF INF INF INF INF INF INF INF INF INF INF INF INF INF INF INF INF INF INF INF INF INF INF INF INF INF INF INF INF INF INF INF INF INF INF INF 0 3 4 2 5 2 5 6 4 7 4 7 8 6 9 6 9 10 8 11 8 11 12 10 13 10 13 14 12 15 12 15 16 14 17 14 17 18 16 19 16 19 20 18 21 18 21 22 20 23 20 23 24 22 25 22 25 26 24 27 24 27 28 26 29 26 29 30 28 31 28 31 32 30 33 30 33 34 32 35 32 35 36 34 37 34 37 38 36 39 36 39 40 38 41 38 41 42 40 43 40 43 44 42 45 42 45 46 44 47 44 47 48 46 49 46 49 50 48 51 48 51 52 50 53 50 53 54 52 55 52 55 56 54 57 54 57 58 56 59 56 59 60 58 61 58 61 62 60 63 60 63 64 62 65 62 65 66 64 67 64 67 68 66 69 66 69 70 68 71 68 71 72 70 73 70 73
INF INF INF INF INF INF INF INF INF INF INF INF INF INF INF INF INF INF INF INF INF INF INF INF INF INF INF INF INF INF INF INF INF INF INF INF INF INF INF INF INF INF INF INF INF INF INF INF INF INF INF INF INF INF INF INF INF INF INF INF INF INF INF INF INF INF INF INF INF INF INF INF INF INF INF INF INF INF INF INF INF INF INF INF INF INF INF INF INF INF INF INF INF INF INF INF INF INF INF INF INF INF INF INF INF INF INF INF INF INF INF INF INF INF INF INF INF INF INF INF INF INF INF INF INF INF INF INF INF INF INF INF INF INF INF INF INF INF INF INF INF INF INF INF INF INF INF INF INF INF INF INF INF INF INF INF INF INF INF INF INF INF INF INF INF INF INF INF INF INF INF INF INF INF INF INF INF INF INF INF INF INF INF INF INF INF INF INF INF INF INF INF INF INF INF INF INF INF INF INF INF INF INF INF INF INF INF INF INF INF INF INF INF INF INF INF INF INF INF INF INF INF INF INF INF INF INF INF INF INF INF INF INF INF INF INF INF INF INF INF INF INF INF INF INF INF INF INF INF INF INF INF INF INF INF INF INF INF INF INF INF INF INF INF INF INF INF INF INF INF INF INF INF INF INF INF INF INF INF INF INF INF INF INF INF INF INF INF INF INF INF INF INF INF INF INF INF INF INF INF INF INF INF INF INF INF INF INF INF INF INF INF INF INF INF INF INF INF INF INF INF INF INF INF 0 3 1 4 5 2 5 3 6 7 4 7 5 8 9 6 9 7 10 11 8 11 9 12 13 10 13 11 14 15 12 15 13 16 17 14 17 15 18 19 16 19 17 20 21 18 21 19 22 23 20 23 21 24 25 22 25 23 26 27 24 27 25 28 29 26 29 27 30 31 28 31 29 32 33 30 33 31 34 35 32 35 33 36 37 34 37 35 38 39 36 39 37 40 41 38 41 39 42 43 40 43 41 44 45 42 45 43 46 47 44 47 45 48 49 46 49 47 50 51 48 51 49 52 53 50 53 51 54 55 52 55 53 56 57 54 57 55 58 59 56 59 57 60 61 58 61 59 62 63 60 63 61 64 65 62 65 63 66 67 64 67 65 68 69 66 69 67 70 71 68 71 69 72 73 70
INF INF INF INF INF INF INF INF INF INF INF INF INF INF INF INF INF INF INF INF INF INF INF INF INF INF INF INF INF INF INF INF INF INF INF INF INF INF INF INF INF INF INF INF INF INF INF INF INF INF INF INF INF INF INF INF INF INF INF INF INF INF INF INF INF INF INF INF INF INF INF INF INF INF INF INF INF INF INF INF INF INF INF INF INF INF INF INF INF INF INF INF INF INF INF INF INF INF INF INF INF INF INF INF INF INF INF INF INF INF INF INF INF INF INF INF INF INF INF INF INF INF INF INF INF INF INF INF INF INF INF INF INF INF INF INF INF INF INF INF INF INF INF INF INF INF INF INF INF INF INF INF INF INF INF INF INF INF INF INF INF INF INF INF INF INF INF INF INF INF INF INF INF INF INF INF INF INF INF INF INF INF INF INF INF INF INF INF INF INF INF INF INF INF INF INF INF INF INF INF INF INF INF INF INF INF INF INF INF INF INF INF INF INF INF INF INF INF INF INF INF INF INF INF INF INF INF INF INF INF INF INF INF INF INF INF INF INF INF INF INF INF INF INF INF INF INF INF INF INF INF INF INF INF INF INF INF INF INF INF INF INF INF INF INF INF INF INF INF INF INF INF INF INF INF INF INF INF INF INF INF INF INF INF INF INF INF INF INF INF INF INF INF INF INF INF INF INF INF INF INF INF INF INF INF INF INF INF INF INF INF INF INF INF INF INF INF INF INF INF INF INF INF INF INF 0 -2 1 2 5 2 0 3 4 7 4 2 5 6 9 6 4 7 8 11 8 6 9 10 13 10 8 11 12 15 12 10 13 14 17 14 12 15 16 19 16 14 17 18 21 18 16 19 20 23 20 18 21 22 25 22 20 23 24 27 24 22 25 26 29 26 24 27 28 31 28 26 29 30 33 30 28 31 32 35 32 30 33 34 37 34 32 35 36 39 36 34 37 38 41 38 36 39 40 43 40 38 41 42 45 42 40 43 44 47 44 42 45 46 49 46 44 47 48 51 48 46 49 50 53 50 48 51 52 55 52 50 53 54 57 54 52 55 56 59 56 54 57 58 61 58 56 59 60 63 60 58 61 62 65 62 60 63 64 67 64 62 65 66 69 66 64 67 68 71 68 66 69 70 73
INF INF INF INF INF INF INF INF INF INF INF INF INF INF INF INF INF INF INF INF INF INF INF INF INF INF INF INF INF INF INF INF INF INF INF INF INF INF INF INF INF INF INF INF INF INF INF INF INF INF INF INF INF INF INF INF INF INF INF INF INF INF INF INF INF INF INF INF INF INF INF INF INF INF INF INF INF INF INF INF INF INF INF INF INF INF INF INF INF INF INF INF INF INF INF INF INF INF INF INF INF INF INF INF INF INF INF INF INF INF INF INF INF INF INF INF INF INF INF INF INF INF INF INF INF INF INF INF INF INF INF INF INF INF INF INF INF INF INF INF INF INF INF INF INF INF INF INF INF INF INF INF INF INF INF INF INF INF INF INF INF INF INF INF INF INF INF INF INF INF INF INF INF INF INF INF INF INF INF INF INF INF INF INF INF INF INF INF INF INF INF INF INF INF INF INF INF INF INF INF INF INF INF INF INF INF INF INF INF INF INF INF INF INF INF INF INF INF INF INF INF INF INF INF INF INF INF INF INF INF INF INF INF INF INF INF INF INF INF INF INF INF INF INF INF INF INF INF INF INF INF INF INF INF INF INF INF INF INF INF INF INF INF INF INF INF INF INF INF INF INF INF INF INF INF INF INF INF INF INF INF INF INF INF INF INF INF INF INF INF INF INF INF INF INF INF INF INF INF INF INF INF INF INF INF INF INF INF INF INF INF INF INF INF INF INF INF INF INF INF INF INF INF INF INF INF 0 3 4 7 8 2 5 6 9 10 4 7 8 11 12 6 9 10 13 14 8 11 12 15 16 10 13 14 17 18 12 15 16 19 20 14 17 18 21 22 16 19 20 23 24 18 21 22 25 26 20 23 24 27 28 22 25 26 29 30 24 27 28 31 32 26 29 30 33 34 28 31 32 35 36 30 33 34 37 38 32 35 36 39 40 34 37 38 41 42 36 39 40 43 44 38 41 42 45 46 40 43 44 47 48 42 45 46 49 50 44 47 48 51 52 46 49 50 53 54 48 51 52 55 56 50 53 54 57 58 52 55 56 59 60 54 57 58 61 62 56 59 60 63 64 58 61 62 65 66 60 63 64 67 68 62 65 66 69 70 64 67 68 71 72 66 69 70 73 74 68 71 72 75
INF INF INF INF INF INF INF INF INF INF INF INF INF INF INF INF INF INF INF INF INF INF INF INF INF INF INF INF INF INF INF INF INF INF INF INF INF INF INF INF INF INF INF INF INF INF INF INF INF INF INF INF INF INF INF INF INF INF INF INF INF INF INF INF INF INF INF INF INF INF INF INF INF INF INF INF INF INF INF INF INF INF INF INF INF INF INF INF INF INF INF INF INF INF INF INF INF INF INF INF INF INF INF INF INF INF INF INF INF INF INF INF INF INF INF INF INF INF INF INF INF INF INF INF INF INF INF INF INF INF INF INF INF INF INF INF INF INF INF INF INF INF INF INF INF INF INF INF INF INF INF INF INF INF INF INF INF INF INF INF INF INF INF INF INF INF INF INF INF INF INF INF INF INF INF INF INF INF INF INF INF INF INF INF INF INF INF INF INF INF INF INF INF INF INF INF INF INF INF INF INF INF INF INF INF INF INF INF INF INF INF INF INF INF INF INF INF INF INF INF INF INF INF INF INF INF INF INF INF INF INF INF INF INF INF INF INF INF INF INF INF INF INF INF INF INF INF INF INF INF INF INF INF INF INF INF INF INF INF INF INF INF INF INF INF INF INF INF INF INF INF INF INF INF INF INF INF INF INF INF INF INF INF INF INF INF INF INF INF INF INF INF INF INF INF INF INF INF INF INF INF INF INF INF INF INF INF INF INF INF INF INF INF INF INF INF INF INF INF INF INF INF INF INF INF INF INF 0 3 4 7 5 2 5 6 9 7 4 7 8 11 9 6 9 10 13 11 8 11 12 15 13 10 13 14 17 15 12 15 16 19 17 14 17 18 21 19 16 19 20 23 21 18 21 22 25 23 20 23 24 27 25 22 25 26 29 27 24 27 28 31 29 26 29 30 33 31 28 31 32 35 33 30 33 34 37 35 32 35 36 39 37 34 37 38 41 39 36 39 40 43 41 38 41 42 45 43 40 43 44 47 45 42 45 46 49 47 44 47 48 51 49 46 49 50 53 51 48 51 52 55 53 50 53 54 57 55 52 55 56 59 57 54 57 58 61 59 56 59 60 63 61 58 61 62 65 63 60 63 64 67 65 62 65 66 69 67 64 67 68 71 69 66 69 70 73 71 68 71 72
INF INF INF INF INF INF INF INF INF INF INF INF INF INF INF INF INF INF INF INF INF INF INF INF INF INF INF INF INF INF INF INF INF INF INF INF INF INF INF INF INF INF INF INF INF INF INF INF INF INF INF INF INF INF INF INF INF INF INF INF INF INF INF INF INF INF INF INF INF INF INF INF INF INF INF INF INF INF INF INF INF INF INF INF INF INF INF INF INF INF INF INF INF INF INF INF INF INF INF INF INF INF INF INF INF INF INF INF INF INF INF INF INF INF INF INF INF INF INF INF INF INF INF INF INF INF INF INF INF INF INF INF INF INF INF INF INF INF INF INF INF INF INF INF INF INF INF INF INF INF INF INF INF INF INF INF INF INF INF INF INF INF INF INF INF INF INF INF INF INF INF INF INF INF INF INF INF INF INF INF INF INF INF INF INF INF INF INF INF INF INF INF INF INF INF INF INF INF INF INF INF INF INF INF INF INF INF INF INF INF INF INF INF INF INF INF INF INF INF INF INF INF INF INF INF INF INF INF INF INF INF INF INF INF INF INF INF INF INF INF INF INF INF INF INF INF INF INF INF INF INF INF INF INF INF INF INF INF INF INF INF INF INF INF INF INF INF INF INF INF INF INF INF INF INF INF INF INF INF INF INF INF INF INF INF INF INF INF INF INF INF INF INF INF INF INF INF INF INF INF INF INF INF INF INF INF INF INF INF INF INF INF INF INF INF INF INF INF INF INF INF INF INF INF INF INF INF INF 0 3 4 2 5 2 5 6 4 7 4 7 8 6 9 6 9 10 8 11 8 11 12 10 13 10 13 14 12 15 12 15 16 14 17 14 17 18 16 19 16 19 20 18 21 18 21 22 20 23 20 23 24 22 25 22 25 26 24 27 24 27 28 26 29 26 29 30 28 31 28 31 32 30 33 30 33 34 32 35 32 35 36 34 37 34 37 38 36 39 36 39 40 38 41 38 41 42 40 43 40 43 44 42 45 42 45 46 44 47 44 47 48 46 49 46 49 50 48 51 48 51 52 50 53 50 53 54 52 55 52 55 56 54 57 54 57 58 56 59 56 59 60 58 61 58 61 62 60 63 60 63 64 62 65 62 65 66 64 67 64 67 68 66 69 66 69 70 68 71 68 71
INF INF INF INF INF INF INF INF INF INF INF INF INF INF INF INF INF INF INF INF INF INF INF INF INF INF INF INF INF INF INF INF INF INF INF INF INF INF INF INF INF INF INF INF INF INF INF INF INF INF INF INF INF INF INF INF INF INF INF INF INF INF INF INF INF INF INF INF INF INF INF INF INF INF INF INF INF INF INF INF INF INF INF INF INF INF INF INF INF INF INF INF INF INF INF INF INF INF INF INF INF INF INF INF INF INF INF INF INF INF INF INF INF INF INF INF INF INF INF INF INF INF INF INF INF INF INF INF INF INF INF INF INF INF INF INF INF INF INF INF INF INF INF INF INF INF INF INF INF INF INF INF INF INF INF INF INF INF INF INF INF INF INF INF INF INF INF INF INF INF INF INF INF INF INF INF INF INF INF INF INF INF INF INF INF INF INF INF INF INF INF INF INF INF INF INF INF INF INF INF INF INF INF INF INF INF INF INF INF INF INF INF INF INF INF INF INF INF INF INF INF INF INF INF INF INF INF INF INF INF INF INF INF INF INF INF INF INF INF INF INF INF INF INF INF INF INF INF INF INF INF INF INF INF INF INF INF INF INF INF INF INF INF INF INF INF INF INF INF INF INF INF INF INF INF INF INF INF INF INF INF INF INF INF INF INF INF INF INF INF INF INF INF INF INF INF INF INF INF INF INF INF INF INF INF INF INF INF INF INF INF INF INF INF INF INF INF INF INF INF INF INF INF INF INF INF INF INF INF 0 3 1 4 5 2 5 3 6 7 4 7 5 8 9 6 9 7 10 11 8 11 9 12 13 10 13 11 14 15 12 15 13 16 17 14 17 15 18 19 16 19 17 20 21 18 21 19 22 23 20 23 21 24 25 22 25 23 26 27 24 27 25 28 29 26 29 27 30 31 28 31 29 32 33 30 33 31 34 35 32 35 33 36 37 34 37 35 38 39 36 39 37 40 41 38 41 39 42 43 40 43 41 44 45 42 45 43 46 47 44 47 45 48 49 46 49 47 50 51 48 51 49 52 53 50 53 51 54 55 52 55 53 56 57 54 57 55 58 59 56 59 57 60 61 58 61 59 62 63 60 63 61 64 65 62 65 63 66 67 64 67 65 68 69 66 69 67 70 71 68
INF INF INF INF INF INF INF INF INF INF INF INF INF INF INF INF INF INF INF INF INF INF INF INF INF INF INF INF INF INF INF INF INF INF INF INF INF INF INF INF INF INF INF INF INF INF INF INF INF INF INF INF INF INF INF INF INF INF INF INF INF INF INF INF INF INF INF INF INF INF INF INF INF INF INF INF INF INF INF INF INF INF INF INF INF INF INF INF INF INF INF INF INF INF INF INF INF INF INF INF INF INF INF INF INF INF INF INF INF INF INF INF INF INF INF INF INF INF INF INF INF INF INF INF INF INF INF INF INF INF INF INF INF INF INF INF INF INF INF INF INF INF INF INF INF INF INF INF INF INF INF INF INF INF INF INF INF INF INF INF INF INF INF INF INF INF INF INF INF INF INF INF INF INF INF INF INF INF INF INF INF INF INF INF INF INF INF INF INF INF INF INF INF INF INF INF INF INF INF INF INF INF INF INF INF INF INF INF INF INF INF INF INF INF INF INF INF INF INF INF INF INF INF INF INF INF INF INF INF INF INF INF INF INF INF INF INF INF INF INF INF INF INF INF INF INF INF INF INF INF INF INF INF INF INF INF INF INF INF INF INF INF INF INF INF INF INF INF INF INF INF INF INF INF INF INF INF INF INF INF INF INF INF INF INF INF INF INF INF INF INF INF INF INF INF INF INF INF INF INF INF INF INF INF INF INF INF INF INF INF INF INF INF INF INF INF INF INF INF INF INF INF INF INF INF INF INF INF INF INF 0 -2 1 2 5 2 0 3 4 7 4 2 5 6 9 6 4 7 8 11 8 6 9 10 13 10 8 11 12 15 12 10 13 14 17 14 12 15 16 19 16 14 17 18 21 18 16 19 20 23 20 18 21 22 25 22 20 23 24 27 24 22 25 26 29 26 24 27 28 31 28 26 29 30 33 30 28 31 32 35 32 30 33 34 37 34 32 35 36 39 36 34 37 38 41 38 36 39 40 43 40 38 41 42 45 42 40 43 44 47 44 42 45 46 49 46 44 47 48 51 48 46 49 50 53 50 48 51 52 55 52 50 53 54 57 54 52 55 56 59 56 54 57 58 61 58 56 59 60 63 60 58 61 62 65 62 60 63 64 67 64 62 65 66 69 66 64 67 68 71
INF INF INF INF INF INF INF INF INF INF INF INF INF INF INF INF INF INF INF INF INF INF INF INF INF INF INF INF INF INF INF INF INF INF INF INF INF INF INF INF INF INF INF INF INF INF INF INF INF INF INF INF INF INF INF INF INF INF INF INF INF INF INF INF INF INF INF INF INF INF INF INF INF INF INF INF INF INF INF INF INF INF INF INF INF INF INF INF INF INF INF INF INF INF INF INF INF INF INF INF INF INF INF INF INF INF INF INF INF INF INF INF INF INF INF INF INF INF INF INF INF INF INF INF INF INF INF INF INF INF INF INF INF INF INF INF INF INF INF INF INF INF INF INF INF INF INF INF INF INF INF INF INF INF INF INF INF INF INF INF INF INF INF INF INF INF INF INF INF INF INF INF INF INF INF INF INF INF INF INF INF INF INF INF INF INF INF INF INF INF INF INF INF INF INF INF INF INF INF INF INF INF INF INF INF INF INF INF INF INF INF INF INF INF INF INF INF INF INF INF INF INF INF INF INF INF INF INF INF INF INF INF INF INF INF INF INF INF INF INF INF INF INF INF INF INF INF INF INF INF INF INF INF INF INF INF INF INF INF INF INF INF INF INF INF INF INF INF INF INF INF INF INF INF INF INF INF INF INF INF INF INF INF INF INF INF INF INF INF INF INF INF INF INF INF INF INF INF INF INF INF INF INF INF INF INF INF INF INF INF INF INF INF INF INF INF INF INF INF INF INF INF INF INF INF INF INF INF INF INF INF 0 3 4 7 8 2 5 6 9 10 4 7 8 11 12 6 9 10 13 14 8 11 12 15 16 10 13 14 17 18 12 15 16 19 20 14 17 18 21 22 16 19 20 23 24 18 21 22 25 26 20 23 24 27 28 22 25 26 29 30 24 27 28 31 32 26 29 30 33 34 28 31 32 35 36 30 33 34 37 38 32 35 36 39 40 34 37 38 41 42 36 39 40 43 44 38 41 42 45 46 40 43 44 47 48 42 45 46 49 50 44 47 48 51 52 46 49 50 53 54 48 51 52 55 56 50 53 54 57 58 52 55 56 59 60 54 57 58 61 62 56 59 60 63 64 58 61 62 65 66 60 63 64 67 68 62 65 66 69 70 64 67 68 71 72 66 69 70 73
INF INF INF INF INF INF INF INF INF INF INF INF INF INF INF INF INF INF INF INF INF INF INF INF INF INF INF INF INF INF INF INF INF INF INF INF INF INF INF INF INF INF INF INF INF INF INF INF INF INF INF INF INF INF INF INF INF INF INF INF INF INF INF INF INF INF INF INF INF INF INF INF INF INF INF INF INF INF INF INF INF INF INF INF INF INF INF INF INF INF INF INF INF INF INF INF INF INF INF INF INF INF INF INF INF INF INF INF INF INF INF INF INF INF INF INF INF INF INF INF INF INF INF INF INF INF INF INF INF INF INF INF INF INF INF INF INF INF INF INF INF INF INF INF INF INF INF INF INF INF INF INF INF INF INF INF INF INF INF INF INF INF INF INF INF INF INF INF INF INF INF INF INF INF INF INF INF INF INF INF INF INF INF INF INF INF INF INF INF INF INF INF INF INF INF INF INF INF INF INF INF INF INF INF INF INF INF INF INF INF INF INF INF INF INF INF INF INF INF INF INF INF INF INF INF INF INF INF INF INF INF INF INF INF INF INF INF INF INF INF INF INF INF INF INF INF INF INF INF INF INF INF INF INF INF INF INF INF INF INF INF INF INF INF INF INF INF INF INF INF INF INF INF INF INF INF INF INF INF INF INF INF INF INF INF INF INF INF INF INF INF INF INF INF INF INF INF INF INF INF INF INF INF INF INF INF INF INF INF INF INF INF INF INF INF INF INF INF INF INF INF INF INF INF INF INF INF INF INF INF INF INF 0 3 4 7 5 2 5 6 9 7 4 7 8 11 9 6 9 10 13 11 8 11 12 15 13 10 13 14 17 15 12 15 16 19 17 14 17 18 21 19 16 19 20 23 21 18 21 22 25 23 20 23 24 27 25 22 25 26 29 27 24 27 28 31 29 26 29 30 33 31 28 31 32 35 33 30 33 34 37 35 32 35 36 39 37 34 37 38 41 39 36 39 40 43 41 38 41 42 45 43 40 43 44 47 45 42 45 46 49 47 44 47 48 51 49 46 49 50 53 51 48 51 52 55 53 50 53 54 57 55 52 55 56 59 57 54 57 58 61 59 56 59 60 63 61 58 61 62 65 63 60 63 64 67 65 62 65 66 69 67 64 67 68 71 69 66 69 70
INF INF INF INF INF INF INF INF INF INF INF INF INF INF INF INF INF INF INF INF INF INF INF INF INF INF INF INF INF INF INF INF INF INF INF INF INF INF INF INF INF INF INF INF INF INF INF INF INF INF INF INF INF INF INF INF INF INF INF INF INF INF INF INF INF INF INF INF INF INF INF INF INF INF INF INF INF INF INF INF INF INF INF INF INF INF INF INF INF INF INF INF INF INF INF INF INF INF INF INF INF INF INF INF INF INF INF INF INF INF INF INF INF INF INF INF INF INF INF INF INF INF INF INF INF INF INF INF INF INF INF INF INF INF INF INF INF INF INF INF INF INF INF INF INF INF INF INF INF INF INF INF INF INF INF INF INF INF INF INF INF INF INF INF INF INF INF INF INF INF INF INF INF INF INF INF INF INF INF INF INF INF INF INF INF INF INF INF INF INF INF INF INF INF INF INF INF INF INF INF INF INF INF INF INF INF INF INF INF INF INF INF INF INF INF INF INF INF INF INF INF INF INF INF INF INF INF INF INF INF INF INF INF INF INF INF INF INF INF INF INF INF INF INF INF INF INF INF INF INF INF INF INF INF INF INF INF INF INF INF INF INF INF INF INF INF INF INF INF INF INF INF INF INF INF INF INF INF INF INF INF INF INF INF INF INF INF INF INF INF INF INF INF INF INF INF INF INF INF INF INF INF INF INF INF INF INF INF INF INF INF INF INF INF INF INF INF INF INF INF INF INF INF INF INF INF INF INF INF INF INF INF INF 0 3 4 2 5 2 5 6 4 7 4 7 8 6 9 6 9 10 8 11 8 11 12 10 13 10 13 14 12 15 12 15 16 14 17 14 17 18 16 19 16 19 20 18 21 18 21 22 20 23 20 23 24 22 25 22 25 26 24 27 24 27 28 26 29 26 29 30 28 31 28 31 32 30 33 30 33 34 32 35 32 35 36 34 37 34 37 38 36 39 36 39 40 38 41 38 41 42 40 43 40 43 44 42 45 42 45 46 44 47 44 47 48 46 49 46 49 50 48 51 48 51 52 50 53 50 53 54 52 55 52 55 56 54 57 54 57 58 56 59 56 59 60 58 61 58 61 62 60 63 60 63 64 62 65 62 65 66 64 67 64 67 68 66 69 66 69
INF INF INF INF INF INF INF INF INF INF INF INF INF INF INF INF INF INF INF INF INF INF INF INF INF INF INF INF INF INF INF INF INF INF INF INF INF INF INF INF INF INF INF INF INF INF INF INF INF INF INF INF INF INF INF INF INF INF INF INF INF INF INF INF INF INF INF INF INF INF INF INF INF INF INF INF INF INF INF INF INF INF INF INF INF INF INF INF INF INF INF INF INF INF INF INF INF INF INF INF INF INF INF INF INF INF INF INF INF INF INF INF INF INF INF INF INF INF INF INF INF INF INF INF INF INF INF INF INF INF INF INF INF INF INF INF INF INF INF INF INF INF INF INF INF INF INF INF INF INF INF INF INF INF INF INF INF INF INF INF INF INF INF INF INF INF INF INF INF INF INF INF INF INF INF INF INF INF INF INF INF INF INF INF INF INF INF INF INF INF INF INF INF INF INF INF INF INF INF INF INF INF INF INF INF INF INF INF INF INF INF INF INF INF INF INF INF INF INF INF INF INF INF INF INF INF INF INF INF INF INF INF INF INF INF INF INF INF INF INF INF INF INF INF INF INF INF INF INF INF INF INF INF INF INF INF INF INF INF INF INF INF INF INF INF INF INF INF INF INF INF INF INF INF INF INF INF INF INF INF INF INF INF INF INF INF INF INF INF INF INF INF INF INF INF INF INF INF INF INF INF INF INF INF INF INF INF INF INF INF INF INF INF INF INF INF INF INF INF INF INF INF INF INF INF INF INF INF INF INF INF INF INF INF 0 3 1 4 5 2 5 3 6 7 4 7 5 8 9 6 9 7 10 11 8 11 9 12 13 10 13 11 14 15 12 15 13 16 17 14 17 15 18 19 16 19 17 20 21 18 21 19 22 23 20 23 21 24 25 22 25 23 26 27 24 27 25 28 29 26 29 27 30 31 28 31 29 32 33 30 33 31 34 35 32 35 33 36 37 34 37 35 38 39 36 39 37 40 41 38 41 39 42 43 40 43 41 44 45 42 45 43 46 47 44 47 45 48 49 46 49 47 50 51 48 51 49 52 53 50 53 51 54 55 52 55 53 56 57 54 57 55 58 59 56 59 57 60 61 58 61 59 62 63 60 63 61 64 65 62 65 63 66 67 64 67 65 68 69 66
INF INF INF INF INF INF INF INF INF INF INF INF INF INF INF INF INF INF INF INF INF INF INF INF INF INF INF INF INF INF INF INF INF INF INF INF INF INF INF INF INF INF INF INF INF INF INF INF INF INF INF INF INF INF INF INF INF INF INF INF INF INF INF INF INF INF INF INF INF INF INF INF INF INF INF INF INF INF INF INF INF INF INF INF INF INF INF INF INF INF INF INF INF INF INF INF INF INF INF INF INF INF INF INF INF INF INF INF INF INF INF INF INF INF INF INF INF INF INF INF INF INF INF INF INF INF INF INF INF INF INF INF INF INF INF INF INF INF INF INF INF INF INF INF INF INF INF INF INF INF INF INF INF INF INF INF INF INF INF INF INF INF INF INF INF INF INF INF INF INF INF INF INF INF INF INF INF INF INF INF INF INF INF INF INF INF INF INF INF INF INF INF INF INF INF INF INF INF INF INF INF INF INF INF INF INF INF INF INF INF INF INF INF INF INF INF INF INF INF INF INF INF INF INF INF INF INF INF INF INF INF INF INF INF INF INF INF INF INF INF INF INF INF INF INF INF INF INF INF INF INF INF INF INF INF INF INF INF INF INF INF INF INF INF INF INF INF INF INF INF INF INF INF INF INF INF INF INF INF INF INF INF INF INF INF INF INF INF INF INF INF INF INF INF INF INF INF INF INF INF INF INF INF INF INF INF INF INF INF INF INF INF INF INF INF INF INF INF INF INF INF INF INF INF INF INF INF INF INF INF INF INF INF INF INF 0 -2 1 2 5 2 0 3 4 7 4 2 5 6 9 6 4 7 8 11 8 6 9 10 13 10 8 11 12 15 12 10 13 14 17 14 12 15 16 19 16 14 17 18 21 18 16 19 20 23 20 18 21 22 25 22 20 23 24 27 24 22 25 26 29 26 24 27 28 31 28 26 29 30 33 30 28 31 32 35 32 30 33 34 37 34 32 35 36 39 36 34 37 38 41 38 36 39 40 43 40 38 41 42 45 42 40 43 44 47 44 42 45 46 49 46 44 47 48 51 48 46 49 50 53 50 48 51 52 55 52 50 53 54 57 54 52 55 56 59 56 54 57 58 61 58 56 59 60 63 60 58 61 62 65 62 60 63 64 67 64 62 65 66 69
INF INF INF INF INF INF INF INF INF INF INF INF INF INF INF INF INF INF INF INF INF INF INF INF INF INF INF INF INF INF INF INF INF INF INF INF INF INF INF INF INF INF INF INF INF INF INF INF INF INF INF INF INF INF INF INF INF INF INF INF INF INF INF INF INF INF INF INF INF INF INF INF INF INF INF INF INF INF INF INF INF INF INF INF INF INF INF INF INF INF INF INF INF INF INF INF INF INF INF INF INF INF INF INF INF INF INF INF INF INF INF INF INF INF INF INF INF INF INF INF INF INF INF INF INF INF INF INF INF INF INF INF INF INF INF INF INF INF INF INF INF INF INF INF INF INF INF INF INF INF INF INF INF INF INF INF INF INF INF INF INF INF INF INF INF INF INF INF INF INF INF INF INF INF INF INF INF INF INF INF INF INF INF INF INF INF INF INF INF INF INF INF INF INF INF INF INF INF INF INF INF INF INF INF INF INF INF INF INF INF INF INF INF INF INF INF INF INF INF INF INF INF INF INF INF INF INF INF INF INF INF INF INF INF INF INF INF INF INF INF INF INF INF INF INF INF INF INF INF INF INF INF INF INF INF INF INF INF INF INF INF INF INF INF INF INF INF INF INF INF INF INF INF INF INF INF INF INF INF INF INF INF INF INF INF INF INF INF INF INF INF INF INF INF INF INF INF INF INF INF INF INF INF INF INF INF INF INF INF INF INF INF INF INF INF INF INF INF INF INF INF INF INF INF INF INF INF INF INF INF INF INF INF INF INF INF 0 3 4 7 8 2 5 6 9 10 4 7 8 11 12 6 9 10 13 14 8 11 12 15 16 10 13 14 17 18 12 15 16 19 20 14 17 18 21 22 16 19 20 23 24 18 21 22 25 26 20 23 24 27 28 22 25 26 29 30 24 27 28 31 32 26 29 30 33 34 28 31 32 35 36 30 33 34 37 38 32 35 36 39 40 34 37 38 41 42 36 39 40 43 44 38 41 42 45 46 40 43 44 47 48 42 45 46 49 50 44 47 48 51 52 46 49 50 53 54 48 51 52 55 56 50 53 54 57 58 52 55 56 59 60 54 57 58 61 62 56 59 60 63 64 58 61 62 65 66 60 63 64 67 68 62 65 66 69 70 64 67 68 71
INF INF INF INF INF INF INF INF INF INF INF INF INF INF INF INF INF INF INF INF INF INF INF INF INF INF INF INF INF INF INF INF INF INF INF INF INF INF INF INF INF INF INF INF INF INF INF INF INF INF INF INF INF INF INF INF INF INF INF INF INF INF INF INF INF INF INF INF INF INF INF INF INF INF INF INF INF INF INF INF INF INF INF INF INF INF INF INF INF INF INF INF INF INF INF INF INF INF INF INF INF INF INF INF INF INF INF INF INF INF INF INF INF INF INF INF INF INF INF INF INF INF INF INF INF INF INF INF INF INF INF INF INF INF INF INF INF INF INF INF INF INF INF INF INF INF INF INF INF INF INF INF INF INF INF INF INF INF INF INF INF INF INF INF INF INF INF INF INF INF INF INF INF INF INF INF INF INF INF INF INF INF INF INF INF INF INF INF INF INF INF INF INF INF INF INF INF INF INF INF INF INF INF INF INF INF INF INF INF INF INF INF INF INF INF INF INF INF INF INF INF INF INF INF INF INF INF INF INF INF INF INF INF INF INF INF INF INF INF INF INF INF INF INF INF INF INF INF INF INF INF INF INF INF INF INF INF INF INF INF INF INF INF INF INF INF INF INF INF INF INF INF INF INF INF INF INF INF INF INF INF INF INF INF INF INF INF INF INF INF INF INF INF INF INF INF INF INF INF INF INF INF INF INF INF INF INF INF INF INF INF INF INF INF INF INF INF INF INF INF INF INF INF INF INF INF INF INF INF INF INF INF INF INF INF INF INF 0 3 4 7 5 2 5 6 9 7 4 7 8 11 9 6 9 10 13 11 8 11 12 15 13 10 13 14 17 15 12 15 16 19 17 14 17 18 21 19 16 19 20 23 21 18 21 22 25 23 20 23 24 27 25 22 25 26 29 27 24 27 28 31 29 26 29 30 33 31 28 31 32 35 33 30 33 34 37 35 32 35 36 39 37 34 37 38 41 39 36 39 40 43 41 38 41 42 45 43 40 43 44 47 45 42 45 46 49 47 44 47 48 51 49 46 49 50 53 51 48 51 52 55 53 50 53 54 57 55 52 55 56 59 57 54 57 58 61 59 56 59 60 63 61 58 61 62 65 63 60 63 64 67 65 62 65 66 69 67 64 67 68
INF INF INF INF INF INF INF INF INF INF INF INF INF INF INF INF INF INF INF INF INF INF INF INF INF INF INF INF INF INF INF INF INF INF INF INF INF INF INF INF INF INF INF INF INF INF INF INF INF INF INF INF INF INF INF INF INF INF INF INF INF INF INF INF INF INF INF INF INF INF INF INF INF INF INF INF INF INF INF INF INF INF INF INF INF INF INF INF INF INF INF INF INF INF INF INF INF INF INF INF INF INF INF INF INF INF INF INF INF INF INF INF INF INF INF INF INF INF INF INF INF INF INF INF INF INF INF INF INF INF INF INF INF INF INF INF INF INF INF INF INF INF INF INF INF INF INF INF INF INF INF INF INF INF INF INF INF INF INF INF INF INF INF INF INF INF INF INF INF INF INF INF INF INF INF INF INF INF INF INF INF INF INF INF INF INF INF INF INF INF INF INF INF INF INF INF INF INF INF INF INF INF INF INF INF INF INF INF INF INF INF INF INF INF INF INF INF INF INF INF INF INF INF INF INF INF INF INF INF INF INF INF INF INF INF INF INF INF INF INF INF INF INF INF INF INF INF INF INF INF INF INF INF INF INF INF INF INF INF INF INF INF INF INF INF INF INF INF INF INF INF INF INF INF INF INF INF INF INF INF INF INF INF INF INF INF INF INF INF INF INF INF INF INF INF INF INF INF INF INF INF INF INF INF INF INF INF INF INF INF INF INF INF INF INF INF INF INF INF INF INF INF INF INF INF INF INF INF INF INF INF INF INF INF INF INF INF INF 0 3 4 2 5 2 5 6 4 7 4 7 8 6 9 6 9 10 8 11 8 11 12 10 13 10 13 14 12 15 12 15 16 14 17 14 17 18 16 19 16 19 20 18 21 18 21 22 20 23 20 23 24 22 25 22 25 26 24 27 24 27 28 26 29 26 29 30 28 31 28 31 32 30 33 30 33 34 32 35 32 35 36 34 37 34 37 38 36 39 36 39 40 38 41 38 41 42 40 43 40 43 44 42 45 42 45 46 44 47 44 47 48 46 49 46 49 50 48 51 48 51 52 50 53 50 53 54 52 55 52 55 56 54 57 54 57 58 56 59 56 59 60 58 61 58 61 62 60 63 60 63 64 62 65 62 65 66 64 67 64 67
INF INF INF INF INF INF INF INF INF INF INF INF INF INF INF INF INF INF INF INF INF INF INF INF INF INF INF INF INF INF INF INF INF INF INF INF INF INF INF INF INF INF INF INF INF INF INF INF INF INF INF INF INF INF INF INF INF INF INF INF INF INF INF INF INF INF INF INF INF INF INF INF INF INF INF INF INF INF INF INF INF INF INF INF INF INF INF INF INF INF INF INF INF INF INF INF INF INF INF INF INF INF INF INF INF INF INF INF INF INF INF INF INF INF INF INF INF INF INF INF INF INF INF INF INF INF INF INF INF INF INF INF INF INF INF INF INF INF INF INF INF INF INF INF INF INF INF INF INF INF INF INF INF INF INF INF INF INF INF INF INF INF INF INF INF INF INF INF INF INF INF INF INF INF INF INF INF INF INF INF INF INF INF INF INF INF INF INF INF INF INF INF INF INF INF INF INF INF INF INF INF INF INF INF INF INF INF INF INF INF INF INF INF INF INF INF INF INF INF INF INF INF INF INF INF INF INF INF INF INF INF INF INF INF INF INF INF INF INF INF INF INF INF INF INF INF INF INF INF INF INF INF INF INF INF INF INF INF INF INF INF INF INF INF INF INF INF INF INF INF INF INF INF INF INF INF INF INF INF INF INF INF INF INF INF INF INF INF INF INF INF INF INF INF INF INF INF INF INF INF INF INF INF INF INF INF INF INF INF INF INF INF INF INF INF INF INF INF INF INF INF INF INF INF INF INF INF INF INF INF INF INF INF INF INF INF INF INF INF 0 3 1 4 5 2 5 3 6 7 4 7 5 8 9 6 9 7 10 11 8 11 9 12 13 10 13 11 14 15 12 15 13 16 17 14 17 15 18 19 16 19 17 20 21 18 21 19 22 23 20 23 21 24 25 22 25 23 26 27 24 27 25 28 29 26 29 27 30 31 28 31 29 32 33 30 33 31 34 35 32 35 33 36 37 34 37 35 38 39 36 39 37 40 41 38 41 39 42 43 40 43 41 44 45 42 45 43 46 47 44 47 45 48 49 46 49 47 50 51 48 51 49 52 53 50 53 51 54 55 52 55 53 56 57 54 57 55 58 59 56 59 57 60 61 58 61 59 62 63 60 63 61 64 65 62 65 63 66 67 64
INF INF INF INF INF INF INF INF INF INF INF INF INF INF INF INF INF INF INF INF INF INF INF INF INF INF INF INF INF INF INF INF INF INF INF INF INF INF INF INF INF INF INF INF INF INF INF INF INF INF INF INF INF INF INF INF INF INF INF INF INF INF INF INF INF INF INF INF INF INF INF INF INF INF INF INF INF INF INF INF INF INF INF INF INF INF INF INF INF INF INF INF INF INF INF INF INF INF INF INF INF INF INF INF INF INF INF INF INF INF INF INF INF INF INF INF INF INF INF INF INF INF INF INF INF INF INF INF INF INF INF INF INF INF INF INF INF INF INF INF INF INF INF INF INF INF INF INF INF INF INF INF INF INF INF INF INF INF INF INF INF INF INF INF INF INF INF INF INF INF INF INF INF INF INF INF INF INF INF INF INF INF INF INF INF INF INF INF INF INF INF INF INF INF INF INF INF INF INF INF INF INF INF INF INF INF INF INF INF INF INF INF INF INF INF INF INF INF INF INF INF INF INF INF INF INF INF INF INF INF INF INF INF INF INF INF INF INF INF INF INF INF INF INF INF INF INF INF INF INF INF INF INF INF INF INF INF INF INF INF INF INF INF INF INF INF INF INF INF INF INF INF INF INF INF INF INF INF INF INF INF INF INF INF INF INF INF INF INF INF INF INF INF INF INF INF INF INF INF INF INF INF INF INF INF INF INF INF INF INF INF INF INF INF INF INF INF INF INF INF INF INF INF INF INF INF INF INF INF INF INF INF INF INF INF INF INF INF INF INF 0 -2 1 2 5 2 0 3 4 7 4 2 5 6 9 6 4 7 8 11 8 6 9 10 13 10 8 11 12 15 12 10 13 14 17 14 12 15 16 19 16 14 17 18 21 18 16 19 20 23 20 18 21 22 25 22 20 23 24 27 24 22 25 26 29 26 24 27 28 31 28 26 29 30 33 30 28 31 32 35 32 30 33 34 37 34 32 35 36 39 36 34 37 38 41 38 36 39 40 43 40 38 41 42 45 42 40 43 44 47 44 42 45 46 49 46 44 47 48 51 48 46 49 50 53 50 48 51 52 55 52 50 53 54 57 54 52 55 56 59 56 54 57 58 61 58 56 59 60 63 60 58 61 62 65 62 60 63 64 67
INF INF INF INF INF INF INF INF INF INF INF INF INF INF INF INF INF INF INF INF INF INF INF INF INF INF INF INF INF INF INF INF INF INF INF INF INF INF INF INF INF INF INF INF INF INF INF INF INF INF INF INF INF INF INF INF INF INF INF INF INF INF INF INF INF INF INF INF INF INF INF INF INF INF INF INF INF INF INF INF INF INF INF INF INF INF INF INF INF INF INF INF INF INF INF INF INF INF INF INF INF INF INF INF INF INF INF INF INF INF INF INF INF INF INF INF INF INF INF INF INF INF INF INF INF INF INF INF INF INF INF INF INF INF INF INF INF INF INF INF INF INF INF INF INF INF INF INF INF INF INF INF INF INF INF INF INF INF INF INF INF INF INF INF INF INF INF INF INF INF INF INF INF INF INF INF INF INF INF INF INF INF INF INF INF INF INF INF INF INF INF INF INF INF INF INF INF INF INF INF INF INF INF INF INF INF INF INF INF INF INF INF INF INF INF INF INF INF INF INF INF INF INF INF INF INF INF INF INF INF INF INF INF INF INF INF INF INF INF INF INF INF INF INF INF INF INF INF INF INF INF INF INF INF INF INF INF INF INF INF INF INF INF INF INF INF INF INF INF INF INF INF INF INF INF INF INF INF INF INF INF INF INF INF INF INF INF INF INF INF INF INF INF INF INF INF INF INF INF INF INF INF INF INF INF INF INF INF INF INF INF INF INF INF INF INF INF INF INF INF INF INF INF INF INF INF INF INF INF INF INF INF INF INF INF INF INF INF INF INF INF 0 3 4 7 8 2 5 6 9 10 4 7 8 11 12 6 9 10 13 14 8 11 12 15 16 10 13 14 17 18 12 15 16 19 20 14 17 18 21 22 16 19 20 23 24 18 21 22 25 26 20 23 24 27 28 22 25 26 29 30 24 27 28 31 32 26 29 30 33 34 28 31 32 35 36 30 33 34 37 38 32 35 36 39 40 34 37 38 41 42 36 39 40 43 44 38 41 42 45 46 40 43 44 47 48 42 45 46 49 50 44 47 48 51 52 46 49 50 53 54 48 51 52 55 56 50 53 54 57 58 52 55 56 59 60 54 57 58 61 62 56 59 60 63 64 58 61 62 65 66 60 63 64 67 68 62 65 66 69
INF INF INF INF INF INF INF INF INF INF INF INF INF INF INF INF INF INF INF INF INF INF INF INF INF INF INF INF INF INF INF INF INF INF INF INF INF INF INF INF INF INF INF INF INF INF INF INF INF INF INF INF INF INF INF INF INF INF INF INF INF INF INF INF INF INF INF INF INF INF INF INF INF INF INF INF INF INF INF INF INF INF INF INF INF INF INF INF INF INF INF INF INF INF INF INF INF INF INF INF INF INF INF INF INF INF INF INF INF INF INF INF INF INF INF INF INF INF INF INF INF INF INF INF INF INF INF INF INF INF INF INF INF INF INF INF INF INF INF INF INF INF INF INF INF INF INF INF INF INF INF INF INF INF INF INF INF INF INF INF INF INF INF INF INF INF INF INF INF INF INF INF INF INF INF INF INF INF INF INF INF INF INF INF INF INF INF INF INF INF INF INF INF INF INF INF INF INF INF INF INF INF INF INF INF INF INF INF INF INF INF INF INF INF INF INF INF INF INF INF INF INF INF INF INF INF INF INF INF INF INF INF INF INF INF INF INF INF INF INF INF INF INF INF INF INF INF INF INF INF INF INF INF INF INF INF INF INF INF INF INF INF INF INF INF INF INF INF INF INF INF INF INF INF INF INF INF INF INF INF INF INF INF INF INF INF INF INF INF INF INF INF INF INF INF INF INF INF INF INF INF INF INF INF INF INF INF INF INF INF INF INF INF INF INF INF INF INF INF INF INF INF INF INF INF INF INF INF INF INF INF INF INF INF INF INF INF INF INF INF INF INF 0 3 4 7 5 2 5 6 9 7 4 7 8 11 9 6 9 10 13 11 8 11 12 15 13 10 13 14 17 15 12 15 16 19 17 14 17 18 21 19 16 19 20 23 21 18 21 22 25 23 20 23 24 27 25 22 25 26 29 27 24 27 28 31 29 26 29 30 33 31 28 31 32 35 33 30 33 34 37 35 32 35 36 39 37 34 37 38 41 39 36 39 40 43 41 38 41 42 45 43 40 43 44 47 45 42 45 46 49 47 44 47 48 51 49 46 49 50 53 51 48 51 52 55 53 50 53 54 57 55 52 55 56 59 57 54 57 58 61 59 56 59 60 63 61 58 61 62 65 63 60 63 64 67 65 62 65 66
INF INF INF INF INF INF INF INF INF INF INF INF INF INF INF INF INF INF INF INF INF INF INF INF INF INF INF INF INF INF INF INF INF INF INF INF INF INF INF INF INF INF INF INF INF INF INF INF INF INF INF INF INF INF INF INF INF INF INF INF INF INF INF INF INF INF INF INF INF INF INF INF INF INF INF INF INF INF INF INF INF INF INF INF INF INF INF INF INF INF INF INF INF INF INF INF INF INF INF INF INF INF INF INF INF INF INF INF INF INF INF INF INF INF INF INF INF INF INF INF INF INF INF INF INF INF INF INF INF INF INF INF INF INF INF INF INF INF INF INF INF INF INF INF INF INF INF INF INF INF INF INF INF INF INF INF INF INF INF INF INF INF INF INF INF INF INF INF INF INF INF INF INF INF INF INF INF INF INF INF INF INF INF INF INF INF INF INF INF INF INF INF INF INF INF INF INF INF INF INF INF INF INF INF INF INF INF INF INF INF INF INF INF INF INF INF INF INF INF INF INF INF INF INF INF INF INF INF INF INF INF INF INF INF INF INF INF INF INF INF INF INF INF INF INF INF INF INF INF INF INF INF INF INF INF INF INF INF INF INF INF INF INF INF INF INF INF INF INF INF INF INF INF INF INF INF INF INF INF INF INF INF INF INF INF INF INF INF INF INF INF INF INF INF INF INF INF INF INF INF INF INF INF INF INF INF INF INF INF INF INF INF INF INF INF INF INF INF INF INF INF INF INF INF INF INF INF INF INF INF INF INF INF INF INF INF INF INF INF INF INF INF INF 0 3 4 2 5 2 5 6 4 7 4 7 8 6 9 6 9 10 8 11 8 11 12 10 13 10 13 14 12 15 12 15 16 14 17 14 17 18 16 19 16 19 20 18 21 18 21 22 20 23 20 23 24 22 25 22 25 26 24 27 24 27 28 26 29 26 29 30 28 31 28 31 32 30 33 30 33 34 32 35 32 35 36 34 37 34 37 38 36 39 36 39 40 38 41 38 41 42 40 43 40 43 44 42 45 42 45 46 44 47 44 47 48 46 49 46 49 50 48 51 48 51 52 50 53 50 53 54 52 55 52 55 56 54 57 54 57 58 56 59 56 59 60 58 61 58 61 62 60 63 60 63 64 62 65 62 65
INF INF INF INF INF INF INF INF INF INF INF INF INF INF INF INF INF INF INF INF INF INF INF INF INF INF INF INF INF INF INF INF INF INF INF INF INF INF INF INF INF INF INF INF INF INF INF INF INF INF INF INF INF INF INF INF INF INF INF INF INF INF INF INF INF INF INF INF INF INF INF INF INF INF INF INF INF INF INF INF INF INF INF INF INF INF INF INF INF INF INF INF INF INF INF INF INF INF INF INF INF INF INF INF INF INF INF INF INF INF INF INF INF INF INF INF INF INF INF INF INF INF INF INF INF INF INF INF INF INF INF INF INF INF INF INF INF INF INF INF INF INF INF INF INF INF INF INF INF INF INF INF INF INF INF INF INF INF INF INF INF INF INF INF INF INF INF INF INF INF INF INF INF INF INF INF INF INF INF INF INF INF INF INF INF INF INF INF INF INF INF INF INF INF INF INF INF INF INF INF INF INF INF INF INF INF INF INF INF INF INF INF INF INF INF INF INF INF INF INF INF INF INF INF INF INF INF INF INF INF INF INF INF INF INF INF INF INF INF INF INF INF INF INF INF INF INF INF INF INF INF INF INF INF INF INF INF INF INF INF INF INF INF INF INF INF INF INF INF INF INF INF INF INF INF INF INF INF INF INF INF INF INF INF INF INF INF INF INF INF INF INF INF INF INF INF INF INF INF INF INF INF INF INF INF INF INF INF INF INF INF INF INF INF INF INF INF INF INF INF INF INF INF INF INF INF INF INF INF INF INF INF INF INF INF INF INF INF INF INF INF INF INF INF 0 3 1 4 5 2 5 3 6 7 4 7 5 8 9 6 9 7 10 11 8 11 9 12 13 10 13 11 14 15 12 15 13 16 17 14 17 15 18 19 16 19 17 20 21 18 21 19 22 23 20 23 21 24 25 22 25 23 26 27 24 27 25 28 29 26 29 27 30 31 28 31 29 32 33 30 33 31 34 35 32 35 33 36 37 34 37 35 38 39 36 39 37 40 41 38 41 39 42 43 40 43 41 44 45 42 45 43 46 47 44 47 45 48 49 46 49 47 50 51 48 51 49 52 53 50 53 51 54 55 52 55 53 56 57 54 57 55 58 59 56 59 57 60 61 58 61 59 62 63 60 63 61 64 65 62
INF INF INF INF INF INF INF INF INF INF INF INF INF INF INF INF INF INF INF INF INF INF INF INF INF INF INF INF INF INF INF INF INF INF INF INF INF INF INF INF INF INF INF INF INF INF INF INF INF INF INF INF INF INF INF INF INF INF INF INF INF INF INF INF INF INF INF INF INF INF INF INF INF INF INF INF INF INF INF INF INF INF INF INF INF INF INF INF INF INF INF INF INF INF INF INF INF INF INF INF INF INF INF INF INF INF INF INF INF INF INF INF INF INF INF INF INF INF INF INF INF INF INF INF INF INF INF INF INF INF INF INF INF INF INF INF INF INF INF INF INF INF INF INF INF INF INF INF INF INF INF INF INF INF INF INF INF INF INF INF INF INF INF INF INF INF INF INF INF INF INF INF INF INF INF INF INF INF INF INF INF INF INF INF INF INF INF INF INF INF INF INF INF INF INF INF INF INF INF INF INF INF INF INF INF INF INF INF INF INF INF INF INF INF INF INF INF INF INF INF INF INF INF INF INF INF INF INF INF INF INF INF INF INF INF INF INF INF INF INF INF INF INF INF INF INF INF INF INF INF INF INF INF INF INF INF INF INF INF INF INF INF INF INF INF INF INF INF INF INF INF INF INF INF INF INF INF INF INF INF INF INF INF INF INF INF INF INF INF INF INF INF INF INF INF INF INF INF INF INF INF INF INF INF INF INF INF INF INF INF INF INF INF INF INF INF INF INF INF INF INF INF INF INF INF INF INF INF INF INF INF INF INF INF INF INF INF INF INF INF INF INF INF INF INF 0 -2 1 2 5 2 0 3 4 7 4 2 5 6 9 6 4 7 8 11 8 6 9 10 13 10 8 11 12 15 12 10 13 14 17 14 12 15 16 19 16 14 17 18 21 18 16 19 20 23 20 18 21 22 25 22 20 23 24 27 24 22 25 26 29 26 24 27 28 31 28 26 29 30 33 30 28 31 32 35 32 30 33 34 37 34 32 35 36 39 36 34 37 38 41 38 36 39 40 43 40 38 41 42 45 42 40 43 44 47 44 42 45 46 49 46 44 47 48 51 48 46 49 50 53 50 48 51 52 55 52 50 53 54 57 54 52 55 56 59 56 54 57 58 61 58 56 59 60 63 60 58 61 62 65
INF INF INF INF INF INF INF INF INF INF INF INF INF INF INF INF INF INF INF INF INF INF INF INF INF INF INF INF INF INF INF INF INF INF INF INF INF INF INF INF INF INF INF INF INF INF INF INF INF INF INF INF INF INF INF INF INF INF INF INF INF INF INF INF INF INF INF INF INF INF INF INF INF INF INF INF INF INF INF INF INF INF INF INF INF INF INF INF INF INF INF INF INF INF INF INF INF INF INF INF INF INF INF INF INF INF INF INF INF INF INF INF INF INF INF INF INF INF INF INF INF INF INF INF INF INF INF INF INF INF INF INF INF INF INF INF INF INF INF INF INF INF INF INF INF INF INF INF INF INF INF INF INF INF INF INF INF INF INF INF INF INF INF INF INF INF INF INF INF INF INF INF INF INF INF INF INF INF INF INF INF INF INF INF INF INF INF INF INF INF INF INF INF INF INF INF INF INF INF INF INF INF INF INF INF INF INF INF INF INF INF INF INF INF INF INF INF INF INF INF INF INF INF INF INF INF INF INF INF INF INF INF INF INF INF INF INF INF INF INF INF INF INF INF INF INF INF INF INF INF INF INF INF INF INF INF INF INF INF INF INF INF INF INF INF INF INF INF INF INF INF INF INF INF INF INF INF INF INF INF INF INF INF INF INF INF INF INF INF INF INF INF INF INF INF INF INF INF INF INF INF INF INF INF INF INF INF INF INF INF INF INF INF INF INF INF INF INF INF INF INF INF INF INF INF INF INF INF INF INF INF INF INF INF INF INF INF INF INF INF INF INF INF INF INF INF 0 3 4 7 8 2 5 6 9 10 4 7 8 11 12 6 9 10 13 14 8 11 12 15 16 10 13 14 17 18 12 15 16 19 20 14 17 18 21 22 16 19 20 23 24 18 21 22 25 26 20 23 24 27 28 22 25 26 29 30 24 27 28 31 32 26 29 30 33 34 28 31 32 35 36 30 33 34 37 38 32 35 36 39 40 34 37 38 41 42 36 39 40 43 44 38 41 42 45 46 40 43 44 47 48 42 45 46 49 50 44 47 48 51 52 46 49 50 53 54 48 51 52 55 56 50 53 54 57 58 52 55 56 59 60 54 57 58 61 62 56 59 60 63 64 58 61 62 65 66 60 63 64 67
INF INF INF INF INF INF INF INF INF INF INF INF INF INF INF INF INF INF INF INF INF INF INF INF INF INF INF INF INF INF INF INF INF INF INF INF INF INF INF INF INF INF INF INF INF INF INF INF INF INF INF INF INF INF INF INF INF INF INF INF INF INF INF INF INF INF INF INF INF INF INF INF INF INF INF INF INF INF INF INF INF INF INF INF INF INF INF INF INF INF INF INF INF INF INF INF INF INF INF INF INF INF INF INF INF INF INF INF INF INF INF INF INF INF INF INF INF INF INF INF INF INF INF INF INF INF INF INF INF INF INF INF INF INF INF INF INF INF INF INF INF INF INF INF INF INF INF INF INF INF INF INF INF INF INF INF INF INF INF INF INF INF INF INF INF INF INF INF INF INF INF INF INF INF INF INF INF INF INF INF INF INF INF INF INF INF INF INF INF INF INF INF INF INF INF INF INF INF INF INF INF INF INF INF INF INF INF INF INF INF INF INF INF INF INF INF INF INF INF INF INF INF INF INF INF INF INF INF INF INF INF INF INF INF INF INF INF INF INF INF INF INF INF INF INF INF INF INF INF INF INF INF INF INF INF INF INF INF INF INF INF INF INF INF INF INF INF INF INF INF INF INF INF INF INF INF INF INF INF INF INF INF INF INF INF INF INF INF INF INF INF INF INF INF INF INF INF INF INF INF INF INF INF INF INF INF INF INF INF INF INF INF INF INF INF INF INF INF INF INF INF INF INF INF INF INF INF INF INF INF INF INF INF INF INF INF INF INF INF INF INF INF INF INF INF INF INF 0 3 4 7 5 2 5 6 9 7 4 7 8 11 9 6 9 10 13 11 8 11 12 15 13 10 13 14 17 15 12 15 16 19 17 14 17 18 21 19 16 19 20 23 21 18 21 22 25 23 20 23 24 27 25 22 25 26 29 27 24 27 28 31 29 26 29 30 33 31 28 31 32 35 33 30 33 34 37 35 32 35 36 39 37 34 37 38 41 39 36 39 40 43 41 38 41 42 45 43 40 43 44 47 45 42 45 46 49 47 44 47 48 51 49 46 49 50 53 51 48 51 52 55 53 50 53 54 57 55 52 55 56 59 57 54 57 58 61 59 56 59 60 63 61 58 61 62 65 63 60 63 64
INF INF INF INF INF INF INF INF INF INF INF INF INF INF INF INF INF INF INF INF INF INF INF INF INF INF INF INF INF INF INF INF INF INF INF INF INF INF INF INF INF INF INF INF INF INF INF INF INF INF INF INF INF INF INF INF INF INF INF INF INF INF INF INF INF INF INF INF INF INF INF INF INF INF INF INF INF INF INF INF INF INF INF INF INF INF INF INF INF INF INF INF INF INF INF INF INF INF INF INF INF INF INF INF INF INF INF INF INF INF INF INF INF INF INF INF INF INF INF INF INF INF INF INF INF INF INF INF INF INF INF INF INF INF INF INF INF INF INF INF INF INF INF INF INF INF INF INF INF INF INF INF INF INF INF INF INF INF INF INF INF INF INF INF INF INF INF INF INF INF INF INF INF INF INF INF INF INF INF INF INF INF INF INF INF INF INF INF INF INF INF INF INF INF INF INF INF INF INF INF INF INF INF INF INF INF INF INF INF INF INF INF INF INF INF INF INF INF INF INF INF INF INF INF INF INF INF INF INF INF INF INF INF INF INF INF INF INF INF INF INF INF INF INF INF INF INF INF INF INF INF INF INF INF INF INF INF INF INF INF INF INF INF INF INF INF INF INF INF INF INF INF INF INF INF INF INF INF INF INF INF INF INF INF INF INF INF INF INF INF INF INF INF INF INF INF INF INF INF INF INF INF INF INF INF INF INF INF INF INF INF INF INF INF INF INF INF INF INF INF INF INF INF INF INF INF INF INF INF INF INF INF INF INF INF INF INF INF INF INF INF INF INF INF INF INF INF INF 0 3 4 2 5 2 5 6 4 7 4 7 8 6 9 6 9 10 8 11 8 11 12 10 13 10 13 14 12 15 12 15 16 14 17 14 17 18 16 19 16 19 20 18 21 18 21 22 20 23 20 23 24 22 25 22 25 26 24 27 24 27 28 26 29 26 29 30 28 31 28 31 32 30 33 30 33 34 32 35 32 35 36 34 37 34 37 38 36 39 36 39 40 38 41 38 41 42 40 43 40 43 44 42 45 42 45 46 44 47 44 47 48 46 49 46 49 50 48 51 48 51 52 50 53 50 53 54 52 55 52 55 56 54 57 54 57 58 56 59 56 59 60 58 61 58 61 62 60 63 60 63
INF INF INF INF INF INF INF INF INF INF INF INF INF INF INF INF INF INF INF INF INF INF INF INF INF INF INF INF INF INF INF INF INF INF INF INF INF INF INF INF INF INF INF INF INF INF INF INF INF INF INF INF INF INF INF INF INF INF INF INF INF INF INF INF INF INF INF INF INF INF INF INF INF INF INF INF INF INF INF INF INF INF INF INF INF INF INF INF INF INF INF INF INF INF INF INF INF INF INF INF INF INF INF INF INF INF INF INF INF INF INF INF INF INF INF INF INF INF INF INF INF INF INF INF INF INF INF INF INF INF INF INF INF INF INF INF INF INF INF INF INF INF INF INF INF INF INF INF INF INF INF INF INF INF INF INF INF INF INF INF INF INF INF INF INF INF INF INF INF INF INF INF INF INF INF INF INF INF INF INF INF INF INF INF INF INF INF INF INF INF INF INF INF INF INF INF INF INF INF INF INF INF INF INF INF INF INF INF INF INF INF INF INF INF INF INF INF INF INF INF INF INF INF INF INF INF INF INF INF INF INF INF INF INF INF INF INF INF INF INF INF INF INF INF INF INF INF INF INF INF INF INF INF INF INF INF INF INF INF INF INF INF INF INF INF INF INF INF INF INF INF INF INF INF INF INF INF INF INF INF INF INF INF INF INF INF INF INF INF INF INF INF INF INF INF INF INF INF INF INF INF INF INF INF INF INF INF INF INF INF INF INF INF INF INF INF INF INF INF INF INF INF INF INF INF INF INF INF INF INF INF INF INF INF INF INF INF INF INF INF INF INF INF INF INF INF INF INF INF 0 3 1 4 5 2 5 3 6 7 4 7 5 8 9 6 9 7 10 11 8 11 9 12 13 10 13 11 14 15 12 15 13 16 17 14 17 15 18 19 16 19 17 20 21 18 21 19 22 23 20 23 21 24 25 22 25 23 26 27 24 27 25 28 29 26 29 27 30 31 28 31 29 32 33 30 33 31 34 35 32 35 33 36 37 34 37 35 38 39 36 39 37 40 41 38 41 39 42 43 40 43 41 44 45 42 45 43 46 47 44 47 45 48 49 46 49 47 50 51 48 51 49 52 53 50 53 51 54 55 52 55 53 56 57 54 57 55 58 59 56 59 57 60 61 58 61 59 62 63 60
INF INF INF INF INF INF INF INF INF INF INF INF INF INF INF INF INF INF INF INF INF INF INF INF INF INF INF INF INF INF INF INF INF INF INF INF INF INF INF INF INF INF INF INF INF INF INF INF INF INF INF INF INF INF INF INF INF INF INF INF INF INF INF INF INF INF INF INF INF INF INF INF INF INF INF INF INF INF INF INF INF INF INF INF INF INF INF INF INF INF INF INF INF INF INF INF INF INF INF INF INF INF INF INF INF INF INF INF INF INF INF INF INF INF INF INF INF INF INF INF INF INF INF INF INF INF INF INF INF INF INF INF INF INF INF INF INF INF INF INF INF INF INF INF INF INF INF INF INF INF INF INF INF INF INF INF INF INF INF INF INF INF INF INF INF INF INF INF INF INF INF INF INF INF INF INF INF INF INF INF INF INF INF INF INF INF INF INF INF INF INF INF INF INF INF INF INF INF INF INF INF INF INF INF INF INF INF INF INF INF INF INF INF INF INF INF INF INF INF INF INF INF INF INF INF INF INF INF INF INF INF INF INF INF INF INF INF INF INF INF INF INF INF INF INF INF INF INF INF INF INF INF INF INF INF INF INF INF INF INF INF INF INF INF INF INF INF INF INF INF INF INF INF INF INF INF INF INF INF INF INF INF INF INF INF INF INF INF INF INF INF INF INF INF INF INF INF INF INF INF INF INF INF INF INF INF INF INF INF INF INF INF INF INF INF INF INF INF INF INF INF INF INF INF INF INF INF INF INF INF INF INF INF INF INF INF INF INF INF INF INF INF INF INF INF INF INF INF INF INF 0 -2 1 2 5 2 0 3 4 7 4 2 5 6 9 6 4 7 8 11 8 6 9 10 13 10 8 11 12 15 12 10 13 14 17 14 12 15 16 19 16 14 17 18 21 18 16 19 20 23 20 18 21 22 25 22 20 23 24 27 24 22 25 26 29 26 24 27 28 31 28 26 29 30 33 30 28 31 32 35 32 30 33 34 37 34 32 35 36 39 36 34 37 38 41 38 36 39 40 43 40 38 41 42 45 42 40 43 44 47 44 42 45 46 49 46 44 47 48 51 48 46 49 50 53 50 48 51 52 55 52 50 53 54 57 54 52 55 56 59 56 54 57 58 61 58 56 59 60 63
INF INF INF INF INF INF INF INF INF INF INF INF INF INF INF INF INF INF INF INF INF INF INF INF INF INF INF INF INF INF INF INF INF INF INF INF INF INF INF INF INF INF INF INF INF INF INF INF INF INF INF INF INF INF INF INF INF INF INF INF INF INF INF INF INF INF INF INF INF INF INF INF INF INF INF INF INF INF INF INF INF INF INF INF INF INF INF INF INF INF INF INF INF INF INF INF INF INF INF INF INF INF INF INF INF INF INF INF INF INF INF INF INF INF INF INF INF INF INF INF INF INF INF INF INF INF INF INF INF INF INF INF INF INF INF INF INF INF INF INF INF INF INF INF INF INF INF INF INF INF INF INF INF INF INF INF INF INF INF INF INF INF INF INF INF INF INF INF INF INF INF INF INF INF INF INF INF INF INF INF INF INF INF INF INF INF INF INF INF INF INF INF INF INF INF INF INF INF INF INF INF INF INF INF INF INF INF INF INF INF INF INF INF INF INF INF INF INF INF INF INF INF INF INF INF INF INF INF INF INF INF INF INF INF INF INF INF INF INF INF INF INF INF INF INF INF INF INF INF INF INF INF INF INF INF INF INF INF INF INF INF INF INF INF INF INF INF INF INF INF INF INF INF INF INF INF INF INF INF INF INF INF INF INF INF INF INF INF INF INF INF INF INF INF INF INF INF INF INF INF INF INF INF INF INF INF INF INF INF INF INF INF INF INF INF INF INF INF INF INF INF INF INF INF INF INF INF INF INF INF INF INF INF INF INF INF INF INF INF INF INF INF INF INF INF INF INF INF INF INF INF 0 3 4 7 8 2 5 6 9 10 4 7 8 11 12 6 9 10 13 14 8 11 12 15 16 10 13 14 17 18 12 15 16 19 20 14 17 18 21 22 16 19 20 23 24 18 21 22 25 26 20 23 24 27 28 22 25 26 29 30 24 27 28 31 32 26 29 30 33 34 28 31 32 35 36 30 33 34 37 38 32 35 36 39 40 34 37 38 41 42 36 39 40 43 44 38 41 42 45 46 40 43 44 47 48 42 45 46 49 50 44 47 48 51 52 46 49 50 53 54 48 51 52 55 56 50 53 54 57 58 52 55 56 59 60 54 57 58 61 62 56 59 60 63 64 58 61 62 65
INF INF INF INF INF INF INF INF INF INF INF INF INF INF INF INF INF INF INF INF INF INF INF INF INF INF INF INF INF INF INF INF INF INF INF INF INF INF INF INF INF INF INF INF INF INF INF INF INF INF INF INF INF INF INF INF INF INF INF INF INF INF INF INF INF INF INF INF INF INF INF INF INF INF INF INF INF INF INF INF INF INF INF INF INF INF INF INF INF INF INF INF INF INF INF INF INF INF INF INF INF INF INF INF INF INF INF INF INF INF INF INF INF INF INF INF INF INF INF INF INF INF INF INF INF INF INF INF INF INF INF INF INF INF INF INF INF INF INF INF INF INF INF INF INF INF INF INF INF INF INF INF INF INF INF INF INF INF INF INF INF INF INF INF INF INF INF INF INF INF INF INF INF INF INF INF INF INF INF INF INF INF INF INF INF INF INF INF INF INF INF INF INF INF INF INF INF INF INF INF INF INF INF INF INF INF INF INF INF INF INF INF INF INF INF INF INF INF INF INF INF INF INF INF INF INF INF INF INF INF INF INF INF INF INF INF INF INF INF INF INF INF INF INF INF INF INF INF INF INF INF INF INF INF INF INF INF INF INF INF INF INF INF INF INF INF INF INF INF INF INF INF INF INF INF INF INF INF INF INF INF INF INF INF INF INF INF INF INF INF INF INF INF INF INF INF INF INF INF INF INF INF INF INF INF INF INF INF INF INF INF INF INF INF INF INF INF INF INF INF INF INF INF INF INF INF INF INF INF INF INF INF INF INF INF INF INF INF INF INF INF INF INF INF INF INF INF INF INF INF INF INF 0 3 4 7 5 2 5 6 9 7 4 7 8 11 9 6 9 10 13 11 8 11 12 15 13 10 13 14 17 15 12 15 16 19 17 14 17 18 21 19 16 19 20 23 21 18 21 22 25 23 20 23 24 27 25 22 25 26 29 27 24 27 28 31 29 26 29 30 33 31 28 31 32 35 33 30 33 34 37 35 32 35 36 39 37 34 37 38 41 39 36 39 40 43 41 38 41 42 45 43 40 43 44 47 45 42 45 46 49 47 44 47 48 51 49 46 49 50 53 51 48 51 52 55 53 50 53 54 57 55 52 55 56 59 57 54 57 58 61 59 56 59 60 63 61 58 61 62
INF INF INF INF INF INF INF INF INF INF INF INF INF INF INF INF INF INF INF INF INF INF INF INF INF INF INF INF INF INF INF INF INF INF INF INF INF INF INF INF INF INF INF INF INF INF INF INF INF INF INF INF INF INF INF INF INF INF INF INF INF INF INF INF INF INF INF INF INF INF INF INF INF INF INF INF INF INF INF INF INF INF INF INF INF INF INF INF INF INF INF INF INF INF INF INF INF INF INF INF INF INF INF INF INF INF INF INF INF INF INF INF INF INF INF INF INF INF INF INF INF INF INF INF INF INF INF INF INF INF INF INF INF INF INF INF INF INF INF INF INF INF INF INF INF INF INF INF INF INF INF INF INF INF INF INF INF INF INF INF INF INF INF INF INF INF INF INF INF INF INF INF INF INF INF INF INF INF INF INF INF INF INF INF INF INF INF INF INF INF INF INF INF INF INF INF INF INF INF INF INF INF INF INF INF INF INF INF INF INF INF INF INF INF INF INF INF INF INF INF INF INF INF INF INF INF INF INF INF INF INF INF INF INF INF INF INF INF INF INF INF INF INF INF INF INF INF INF INF INF INF INF INF INF INF INF INF INF INF INF INF INF INF INF INF INF INF INF INF INF INF INF INF INF INF INF INF INF INF INF INF INF INF INF INF INF INF INF INF INF INF INF INF INF INF INF INF INF INF INF INF INF INF INF INF INF INF INF INF INF INF INF INF INF INF INF INF INF INF INF INF INF INF INF INF INF INF INF INF INF INF INF INF INF INF INF INF INF INF INF INF INF INF INF INF INF INF INF INF INF INF INF INF 0 3 4 2 5 2 5 6 4 7 4 7 8 6 9 6 9 10 8 11 8 11 12 10 13 10 13 14 12 15 12 15 16 14 17 14 17 18 16 19 16 19 20 18 21 18 21 22 20 23 20 23 24 22 25 22 25 26 24 27 24 27 28 26 29 26 29 30 28 31 28 31 32 30 33 30 33 34 32 35 32 35 36 34 37 34 37 38 36 39 36 39 40 38 41 38 41 42 40 43 40 43 44 42 45 42 45 46 44 47 44 47 48 46 49 46 49 50 48 51 48 51 52 50 53 50 53 54 52 55 52 55 56 54 57 54 57 58 56 59 56 59 60 58 61 58 61
INF INF INF INF INF INF INF INF INF INF INF INF INF INF INF INF INF INF INF INF INF INF INF INF INF INF INF INF INF INF INF INF INF INF INF INF INF INF INF INF INF INF INF INF INF INF INF INF INF INF INF INF INF INF INF INF INF INF INF INF INF INF INF INF INF INF INF INF INF INF INF INF INF INF INF INF INF INF INF INF INF INF INF INF INF INF INF INF INF INF INF INF INF INF INF INF INF INF INF INF INF INF INF INF INF INF INF INF INF INF INF INF INF INF INF INF INF INF INF INF INF INF INF INF INF INF INF INF INF INF INF INF INF INF INF INF INF INF INF INF INF INF INF INF INF INF INF INF INF INF INF INF INF INF INF INF INF INF INF INF INF INF INF INF INF INF INF INF INF INF INF INF INF INF INF INF INF INF INF INF INF INF INF INF INF INF INF INF INF INF INF INF INF INF INF INF INF INF INF INF INF INF INF INF INF INF INF INF INF INF INF INF INF INF INF INF INF INF INF INF INF INF INF INF INF INF INF INF INF INF INF INF INF INF INF INF INF INF INF INF INF INF INF INF INF INF INF INF INF INF INF INF INF INF INF INF INF INF INF INF INF INF INF INF INF INF INF INF INF INF INF INF INF INF INF INF INF INF INF INF INF INF INF INF INF INF INF INF INF INF INF INF INF INF INF INF INF INF INF INF INF INF INF INF INF INF INF INF INF INF INF INF INF INF INF INF INF INF INF INF INF INF INF INF INF INF INF INF INF INF INF INF INF INF INF INF INF INF INF INF INF INF INF INF INF INF INF INF INF INF INF INF INF INF 0 3 1 4 5 2 5 3 6 7 4 7 5 8 9 6 9 7 10 11 8 11 9 12 13 10 13 11 14 15 12 15 13 16 17 14 17 15 18 19 16 19 17 20 21 18 21 19 22 23 20 23 21 24 25 22 25 23 26 27 24 27 25 28 29 26 29 27 30 31 28 31 29 32 33 30 33 31 34 35 32 35 33 36 37 34 37 35 38 39 36 39 37 40 41 38 41 39 42 43 40 43 41 44 45 42 45 43 46 47 44 47 45 48 49 46 49 47 50 51 48 51 49 52 53 50 53 51 54 55 52 55 53 56 57 54 57 55 58 59 56 59 57 60 61 58
INF INF INF INF INF INF INF INF INF INF INF INF INF INF INF INF INF INF INF INF INF INF INF INF INF INF INF INF INF INF INF INF INF INF INF INF INF INF INF INF INF INF INF INF INF INF INF INF INF INF INF INF INF INF INF INF INF INF INF INF INF INF INF INF INF INF INF INF INF INF INF INF INF INF INF INF INF INF INF INF INF INF INF INF INF INF INF INF INF INF INF INF INF INF INF INF INF INF INF INF INF INF INF INF INF INF INF INF INF INF INF INF INF INF INF INF INF INF INF INF INF INF INF INF INF INF INF INF INF INF INF INF INF INF INF INF INF INF INF INF INF INF INF INF INF INF INF INF INF INF INF INF INF INF INF INF INF INF INF INF INF INF INF INF INF INF INF INF INF INF INF INF INF INF INF INF INF INF INF INF INF INF INF INF INF INF INF INF INF INF INF INF INF INF INF INF INF INF INF INF INF INF INF INF INF INF INF INF INF INF INF INF INF INF INF INF INF INF INF INF INF INF INF INF INF INF INF INF INF INF INF INF INF INF INF INF INF INF INF INF INF INF INF INF INF INF INF INF INF INF INF INF INF INF INF INF INF INF INF INF INF INF INF INF INF INF INF INF INF INF INF INF INF INF INF INF INF INF INF INF INF INF INF INF INF INF INF INF INF INF INF INF INF INF INF INF INF INF INF INF INF INF INF INF INF INF INF INF INF INF INF INF INF INF INF INF INF INF INF INF INF INF INF INF INF INF INF INF INF INF INF INF INF INF INF INF INF INF INF INF INF INF INF INF INF INF INF INF INF INF INF INF INF INF INF 0 -2 1 2 5 2 0 3 4 7 4 2 5 6 9 6 4 7 8 11 8 6 9 10 13 10 8 11 12 15 12 10 13 14 17 14 12 15 16 19 16 14 17 18 21 18 16 19 20 23 20 18 21 22 25 22 20 23 24 27 24 22 25 26 29 26 24 27 28 31 28 26 29 30 33 30 28 31 32 35 32 30 33 34 37 34 32 35 36 39 36 34 37 38 41 38 36 39 40 43 40 38 41 42 45 42 40 43 44 47 44 42 45 46 49 46 44 47 48 51 48 46 49 50 53 50 48 51 52 55 52 50 53 54 57 54 52 55 56 59 56 54 57 58 61
INF INF INF INF INF INF INF INF INF INF INF INF INF INF INF INF INF INF INF INF INF INF INF INF INF INF INF INF INF INF INF INF INF INF INF INF INF INF INF INF INF INF INF INF INF INF INF INF INF INF INF INF INF INF INF INF INF INF INF INF INF INF INF INF INF INF INF INF INF INF INF INF INF INF INF INF INF INF INF INF INF INF INF INF INF INF INF INF INF INF INF INF INF INF INF INF INF INF INF INF INF INF INF INF INF INF INF INF INF INF INF INF INF INF INF INF INF INF INF INF INF INF INF INF INF INF INF INF INF INF INF INF INF INF INF INF INF INF INF INF INF INF INF INF INF INF INF INF INF INF INF INF INF INF INF INF INF INF INF INF INF INF INF INF INF INF INF INF INF INF INF INF INF INF INF INF INF INF INF INF INF INF INF INF INF INF INF INF INF INF INF INF INF INF INF INF INF INF INF INF INF INF INF INF INF INF INF INF INF INF INF INF INF INF INF INF INF INF INF INF INF INF INF INF INF INF INF INF INF INF INF INF INF INF INF INF INF INF INF INF INF INF INF INF INF INF INF INF INF INF INF INF INF INF INF INF INF INF INF INF INF INF INF INF INF INF INF INF INF INF INF INF INF INF INF INF INF INF INF INF INF INF INF INF INF INF INF INF INF INF INF INF INF INF INF INF INF INF INF INF INF INF INF INF INF INF INF INF INF INF INF INF INF INF INF INF INF INF INF INF INF INF INF INF INF INF INF INF INF INF INF INF INF INF INF INF INF INF INF INF INF INF INF INF INF INF INF INF INF INF INF INF INF INF INF INF 0 3 4 7 8 2 5 6 9 10 4 7 8 11 12 6 9 10 13 14 8 11 12 15 16 10 13 14 17 18 12 15 16 19 20 14 17 18 21 22 16 19 20 23 24 18 21 22 25 26 20 23 24 27 28 22 25 26 29 30 24 27 28 31 32 26 29 30 33 34 28 31 32 35 36 30 33 34 37 38 32 35 36 39 40 34 37 38 41 42 36 39 40 43 44 38 41 42 45 46 40 43 44 47 48 42 45 46 49 50 44 47 48 51 52 46 49 50 53 54 48 51 52 55 56 50 53 54 57 58 52 55 56 59 60 54 57 58 61 62 56 59 60 63
INF INF INF INF INF INF INF INF INF INF INF INF INF INF INF INF INF INF INF INF INF INF INF INF INF INF INF INF INF INF INF INF INF INF INF INF INF INF INF INF INF INF INF INF INF INF INF INF INF INF INF INF INF INF INF INF INF INF INF INF INF INF INF INF INF INF INF INF INF INF INF INF INF INF INF INF INF INF INF INF INF INF INF INF INF INF INF INF INF INF INF INF INF INF INF INF INF INF INF INF INF INF INF INF INF INF INF INF INF INF INF INF INF INF INF INF INF INF INF INF INF INF INF INF INF INF INF INF INF INF INF INF INF INF INF INF INF INF INF INF INF INF INF INF INF INF INF INF INF INF INF INF INF INF INF INF INF INF INF INF INF INF INF INF INF INF INF INF INF INF INF INF INF INF INF INF INF INF INF INF INF INF INF INF INF INF INF INF INF INF INF INF INF INF INF INF INF INF INF INF INF INF INF INF INF INF INF INF INF INF INF INF INF INF INF INF INF INF INF INF INF INF INF INF INF INF INF INF INF INF INF INF INF INF INF INF INF INF INF INF INF INF INF INF INF INF INF INF INF INF INF INF INF INF INF INF INF INF INF INF INF INF INF INF INF INF INF INF INF INF INF INF INF INF INF INF INF INF INF INF INF INF INF INF INF INF INF INF INF INF INF INF INF INF INF INF INF INF INF INF INF INF INF INF INF INF INF INF INF INF INF INF INF INF INF INF INF INF INF INF INF INF INF INF INF INF INF INF INF INF INF INF INF INF INF INF INF INF INF INF INF INF INF INF INF INF INF INF INF INF INF INF INF INF INF INF INF 0 3 4 7 5 2 5 6 9 7 4 7 8 11 9 6 9 10 13 11 8 11 12 15 13 10 13 14 17 15 12 15 16 19 17 14 17 18 21 19 16 19 20 23 21 18 21 22 25 23 20 23 24 27 25 22 25 26 29 27 24 27 28 31 29 26 29 30 33 31 28 31 32 35 33 30 33 34 37 35 32 35 36 39 37 34 37 38 41 39 36 39 40 43 41 38 41 42 45 43 40 43 44 47 45 42 45 46 49 47 44 47 48 51 49 46 49 50 53 51 48 51 52 55 53 50 53 54 57 55 52 55 56 59 57 54 57 58 61 59 56 59 60
INF INF INF INF INF INF INF INF INF INF INF INF INF INF INF INF INF INF INF INF INF INF INF INF INF INF INF INF INF INF INF INF INF INF INF INF INF INF INF INF INF INF INF INF INF INF INF INF INF INF INF INF INF INF INF INF INF INF INF INF INF INF INF INF INF INF INF INF INF INF INF INF INF INF INF INF INF INF INF INF INF INF INF INF INF INF INF INF INF INF INF INF INF INF INF INF INF INF INF INF INF INF INF INF INF INF INF INF INF INF INF INF INF INF INF INF INF INF INF INF INF INF INF INF INF INF INF INF INF INF INF INF INF INF INF INF INF INF INF INF INF INF INF INF INF INF INF INF INF INF INF INF INF INF INF INF INF INF INF INF INF INF INF INF INF INF INF INF INF INF INF INF INF INF INF INF INF INF INF INF INF INF INF INF INF INF INF INF INF INF INF INF INF INF INF INF INF INF INF INF INF INF INF INF INF INF INF INF INF INF INF INF INF INF INF INF INF INF INF INF INF INF INF INF INF INF INF INF INF INF INF INF INF INF INF INF INF INF INF INF INF INF INF INF INF INF INF INF INF INF INF INF INF INF INF INF INF INF INF INF INF INF INF INF INF INF INF INF INF INF INF INF INF INF INF INF INF INF INF INF INF INF INF INF INF INF INF INF INF INF INF INF INF INF INF INF INF INF INF INF INF INF INF INF INF INF INF INF INF INF INF INF INF INF INF INF INF INF INF INF INF INF INF INF INF INF INF INF INF INF INF INF INF INF INF INF INF INF INF INF INF INF INF INF INF INF INF INF INF INF INF INF INF INF INF INF INF INF 0 3 4 2 5 2 5 6 4 7 4 7 8 6 9 6 9 10 8 11 8 11 12 10 13 10 13 14 12 15 12 15 16 14 17 14 17 18 16 19 16 19 20 18 21 18 21 22 20 23 20 23 24 22 25 22 25 26 24 27 24 27 28 26 29 26 29 30 28 31 28 31 32 30 33 30 33 34 32 35 32 35 36 34 37 34 37 38 36 39 36 39 40 38 41 38 41 42 40 43 40 43 44 42 45 42 45 46 44 47 44 47 48 46 49 46 49 50 48 51 48 51 52 50 53 50 53 54 52 55 52 55 56 54 57 54 57 58 56 59 56 59
INF INF INF INF INF INF INF INF INF INF INF INF INF INF INF INF INF INF INF INF INF INF INF INF INF INF INF INF INF INF INF INF INF INF INF INF INF INF INF INF INF INF INF INF INF INF INF INF INF INF INF INF INF INF INF INF INF INF INF INF INF INF INF INF INF INF INF INF INF INF INF INF INF INF INF INF INF INF INF INF INF INF INF INF INF INF INF INF INF INF INF INF INF INF INF INF INF INF INF INF INF INF INF INF INF INF INF INF INF INF INF INF INF INF INF INF INF INF INF INF INF INF INF INF INF INF INF INF INF INF INF INF INF INF INF INF INF INF INF INF INF INF INF INF INF INF INF INF INF INF INF INF INF INF INF INF INF INF INF INF INF INF INF INF INF INF INF INF INF INF INF INF INF INF INF INF INF INF INF INF INF INF INF INF INF INF INF INF INF INF INF INF INF INF INF INF INF INF INF INF INF INF INF INF INF INF INF INF INF INF INF INF INF INF INF INF INF INF INF INF INF INF INF INF INF INF INF INF INF INF INF INF INF INF INF INF INF INF INF INF INF INF INF INF INF INF INF INF INF INF INF INF INF INF INF INF INF INF INF INF INF INF INF INF INF INF INF INF INF INF INF INF INF INF INF INF INF INF INF INF INF INF INF INF INF INF INF INF INF INF INF INF INF INF INF INF INF INF INF INF INF INF INF INF INF INF INF INF INF INF INF INF INF INF INF INF INF INF INF INF INF INF INF INF INF INF INF INF INF INF INF INF INF INF INF INF INF INF INF INF INF INF INF INF INF INF INF INF INF INF INF INF INF INF INF INF INF INF INF 0 3 1 4 5 2 5 3 6 7 4 7 5 8 9 6 9 7 10 11 8 11 9 12 13 10 13 11 14 15 12 15 13 16 17 14 17 15 18 19 16 19 17 20 21 18 21 19 22 23 20 23 21 24 25 22 25 23 26 27 24 27 25 28 29 26 29 27 30 31 28 31 29 32 33 30 33 31 34 35 32 35 33 36 37 34 37 35 38 39 36 39 37 40 41 38 41 39 42 43 40 43 41 44 45 42 45 43 46 47 44 47 45 48 49 46 49 47 50 51 48 51 49 52 53 50 53 51 54 55 52 55 53 56 57 54 57 55 58 59 56
INF INF INF INF INF INF INF INF INF INF INF INF INF INF INF INF INF INF INF INF INF INF INF INF INF INF INF INF INF INF INF INF INF INF INF INF INF INF INF INF INF INF INF INF INF INF INF INF INF INF INF INF INF INF INF INF INF INF INF INF INF INF INF INF INF INF INF INF INF INF INF INF INF INF INF INF INF INF INF INF INF INF INF INF INF INF INF INF INF INF INF INF INF INF INF INF INF INF INF INF INF INF INF INF INF INF INF INF INF INF INF INF INF INF INF INF INF INF INF INF INF INF INF INF INF INF INF INF INF INF INF INF INF INF INF INF INF INF INF INF INF INF INF INF INF INF INF INF INF INF INF INF INF INF INF INF INF INF INF INF INF INF INF INF INF INF INF INF INF INF INF INF INF INF INF INF INF INF INF INF INF INF INF INF INF INF INF INF INF INF INF INF INF INF INF INF INF INF INF INF INF INF INF INF INF INF INF INF INF INF INF INF INF INF INF INF INF INF INF INF INF INF INF INF INF INF INF INF INF INF INF INF INF INF INF INF INF INF INF INF INF INF INF INF INF INF INF INF INF INF INF INF INF INF INF INF INF INF INF INF INF INF INF INF INF INF INF INF INF INF INF INF INF INF INF INF INF INF INF INF INF INF INF INF INF INF INF INF INF INF INF INF INF INF INF INF INF INF INF INF INF INF INF INF INF INF INF INF INF INF INF INF INF INF INF INF INF INF INF INF INF INF INF INF INF INF INF INF INF INF INF INF INF INF INF INF INF INF INF INF INF INF INF INF INF INF INF INF INF INF INF INF INF INF INF INF INF INF INF INF 0 -2 1 2 5 2 0 3 4 7 4 2 5 6 9 6 4 7 8 11 8 6 9 10 13 10 8 11 12 15 12 10 13 14 17 14 12 15 16 19 16 14 17 18 21 18 16 19 20 23 20 18 21 22 25 22 20 23 24 27 24 22 25 26 29 26 24 27 28 31 28 26 29 30 33 30 28 31 32 35 32 30 33 34 37 34 32 35 36 39 36 34 37 38 41 38 36 39 40 43 40 38 41 42 45 42 40 43 44 47 44 42 45 46 49 46 44 47 48 51 48 46 49 50 53 50 48 51 52 55 52 50 53 54 57 54 52 55 56 59
INF INF INF INF INF INF INF INF INF INF INF INF INF INF INF INF INF INF INF INF INF INF INF INF INF INF INF INF INF INF INF INF INF INF INF INF INF INF INF INF INF INF INF INF INF INF INF INF INF INF INF INF INF INF INF INF INF INF INF INF INF INF INF INF INF INF INF INF INF INF INF INF INF INF INF INF INF INF INF INF INF INF INF INF INF INF INF INF INF INF INF INF INF INF INF INF INF INF INF INF INF INF INF INF INF INF INF INF INF INF INF INF INF INF INF INF INF INF INF INF INF INF INF INF INF INF INF INF INF INF INF INF INF INF INF INF INF INF INF INF INF INF INF INF INF INF INF INF INF INF INF INF INF INF INF INF INF INF INF INF INF INF INF INF INF INF INF INF INF INF INF INF INF INF INF INF INF INF INF INF INF INF INF INF INF INF INF INF INF INF INF INF INF INF INF INF INF INF INF INF INF INF INF INF INF INF INF INF INF INF INF INF INF INF INF INF INF INF INF INF INF INF INF INF INF INF INF INF INF INF INF INF INF INF INF INF INF INF INF INF INF INF INF INF INF INF INF INF INF INF INF INF INF INF INF INF INF INF INF INF INF INF INF INF INF INF INF INF INF INF INF INF INF INF INF INF INF INF INF INF INF INF INF INF INF INF INF INF INF INF INF INF INF INF INF INF INF INF INF INF INF INF INF INF INF INF INF INF INF INF INF INF INF INF INF INF INF INF INF INF INF INF INF INF INF INF INF INF INF INF INF INF INF INF INF INF INF INF INF INF INF INF INF INF INF INF INF INF INF INF INF INF INF INF INF INF INF INF INF INF INF 0 3 4 7 8 2 5 6 9 10 4 7 8 11 12 6 9 10 13 14 8 11 12 15 16 10 13 14 17 18 12 15 16 19 20 14 17 18 21 22 16 19 20 23 24 18 21 22 25 26 20 23 24 27 28 22 25 26 29 30 24 27 28 31 32 26 29 30 33 34 28 31 32 35 36 30 33 34 37 38 32 35 36 39 40 34 37 38 41 42 36 39 40 43 44 38 41 42 45 46 40 43 44 47 48 42 45 46 49 50 44 47 48 51 52 46 49 50 53 54 48 51 52 55 56 50 53 54 57 58 52 55 56 59 60 54 57 58 61
INF INF INF INF INF INF INF INF INF INF INF INF INF INF INF INF INF INF INF INF INF INF INF INF INF INF INF INF INF INF INF INF INF INF INF INF INF INF INF INF INF INF INF INF INF INF INF INF INF INF INF INF INF INF INF INF INF INF INF INF INF INF INF INF INF INF INF INF INF INF INF INF INF INF INF INF INF INF INF INF INF INF INF INF INF INF INF INF INF INF INF INF INF INF INF INF INF INF INF INF INF INF INF INF INF INF INF INF INF INF INF INF INF INF INF INF INF INF INF INF INF INF INF INF INF INF INF INF INF INF INF INF INF INF INF INF INF INF INF INF INF INF INF INF INF INF INF INF INF INF INF INF INF INF INF INF INF INF INF INF INF INF INF INF INF INF INF INF INF INF INF INF INF INF INF INF INF INF INF INF INF INF INF INF INF INF INF INF INF INF INF INF INF INF INF INF INF INF INF INF INF INF INF INF INF INF INF INF INF INF INF INF INF INF INF INF INF INF INF INF INF INF INF INF INF INF INF INF INF INF INF INF INF INF INF INF INF INF INF INF INF INF INF INF INF INF INF INF INF INF INF INF INF INF INF INF INF INF INF INF INF INF INF INF INF INF INF INF INF INF INF INF INF INF INF INF INF INF INF INF INF INF INF INF INF INF INF INF INF INF INF INF INF INF INF INF INF INF INF INF INF INF INF INF INF INF INF INF INF INF INF INF INF INF INF INF INF INF INF INF INF INF INF INF INF INF INF INF INF INF INF INF INF INF INF INF INF INF INF INF INF INF INF INF INF INF INF INF INF INF INF INF INF INF INF INF INF INF INF INF INF INF 0 3 4 7 5 2 5 6 9 7 4 7 8 11 9 6 9 10 13 11 8 11 12 15 13 10 13 14 17 15 12 15 16 19 17 14 17 18 21 19 16 19 20 23 21 18 21 22 25 23 20 23 24 27 25 22 25 26 29 27 24 27 28 31 29 26 29 30 33 31 28 31 32 35 33 30 33 34 37 35 32 35 36 39 37 34 37 38 41 39 36 39 40 43 41 38 41 42 45 43 40 43 44 47 45 42 45 46 49 47 44 47 48 51 49 46 49 50 53 51 48 51 52 55 53 50 53 54 57 55 52 55 56 59 57 54 57 58
INF INF INF INF INF INF INF INF INF INF INF INF INF INF INF INF INF INF INF INF INF INF INF INF INF INF INF INF INF INF INF INF INF INF INF INF INF INF INF INF INF INF INF INF INF INF INF INF INF INF INF INF INF INF INF INF INF INF INF INF INF INF INF INF INF INF INF INF INF INF INF INF INF INF INF INF INF INF INF INF INF INF INF INF INF INF INF INF INF INF INF INF INF INF INF INF INF INF INF INF INF INF INF INF INF INF INF INF INF INF INF INF INF INF INF INF INF INF INF INF INF INF INF INF INF INF INF INF INF INF INF INF INF INF INF INF INF INF INF INF INF INF INF INF INF INF INF INF INF INF INF INF INF INF INF INF INF INF INF INF INF INF INF INF INF INF INF INF INF INF INF INF INF INF INF INF INF INF INF INF INF INF INF INF INF INF INF INF INF INF INF INF INF INF INF INF INF INF INF INF INF INF INF INF INF INF INF INF INF INF INF INF INF INF INF INF INF INF INF INF INF INF INF INF INF INF INF INF INF INF INF INF INF INF INF INF INF INF INF INF INF INF INF INF INF INF INF INF INF INF INF INF INF INF INF INF INF INF INF INF INF INF INF INF INF INF INF INF INF INF INF INF INF INF INF INF INF INF INF INF INF INF INF INF INF INF INF INF INF INF INF INF INF INF INF INF INF INF INF INF INF INF INF INF INF INF INF INF INF INF INF INF INF INF INF INF INF INF INF INF INF INF INF INF INF INF INF INF INF INF INF INF INF INF INF INF INF INF INF INF INF INF INF INF INF INF INF INF INF INF INF INF INF INF INF INF INF INF INF INF INF INF INF 0 3 4 2 5 2 5 6 4 7 4 7 8 6 9 6 9 10 8 11 8 11 12 10 13 10 13 14 12 15 12 15 16 14 17 14 17 18 16 19 16 19 20 18 21 18 21 22 20 23 20 23 24 22 25 22 25 26 24 27 24 27 28 26 29 26 29 30 28 31 28 31 32 30 33 30 33 34 32 35 32 35 36 34 37 34 37 38 36 39 36 39 40 38 41 38 41 42 40 43 40 43 44 42 45 42 45 46 44 47 44 47 48 46 49 46 49 50 48 51 48 51 52 50 53 50 53 54 52 55 52 55 56 54 57 54 57
INF INF INF INF INF INF INF INF INF INF INF INF INF INF INF INF INF INF INF INF INF INF INF INF INF INF INF INF INF INF INF INF INF INF INF INF INF INF INF INF INF INF INF INF INF INF INF INF INF INF INF INF INF INF INF INF INF INF INF INF INF INF INF INF INF INF INF INF INF INF INF INF INF INF INF INF INF INF INF INF INF INF INF INF INF INF INF INF INF INF INF INF INF INF INF INF INF INF INF INF INF INF INF INF INF INF INF INF INF INF INF INF INF INF INF INF INF INF INF INF INF INF INF INF INF INF INF INF INF INF INF INF INF INF INF INF INF INF INF INF INF INF INF INF INF INF INF INF INF INF INF INF INF INF INF INF INF INF INF INF INF INF INF INF INF INF INF INF INF INF INF INF INF INF INF INF INF INF INF INF INF INF INF INF INF INF INF INF INF INF INF INF INF INF INF INF INF INF INF INF INF INF INF INF INF INF INF INF INF INF INF INF INF INF INF INF INF INF INF INF INF INF INF INF INF INF INF INF INF INF INF INF INF INF INF INF INF INF INF INF INF INF INF INF INF INF INF INF INF INF INF INF INF INF INF INF INF INF INF INF INF INF INF INF INF INF INF INF INF INF INF INF INF INF INF INF INF INF INF INF INF INF INF INF INF INF INF INF INF INF INF INF INF INF INF INF INF INF INF INF INF INF INF INF INF INF INF INF INF INF INF INF INF INF INF INF INF INF INF INF INF INF INF INF INF INF INF INF INF INF INF INF INF INF INF INF INF INF INF INF INF INF INF INF INF INF INF INF INF INF INF INF INF INF INF INF INF INF INF INF INF INF INF INF 0 3 1 4 5 2 5 3 6 7 4 7 5 8 9 6 9 7 10 11 8 11 9 12 13 10 13 11 14 15 12 15 13 16 17 14 17 15 18 19 16 19 17 20 21 18 21 19 22 23 20 23 21 24 25 22 25 23 26 27 24 27 25 28 29 26 29 27 30 31 28 31 29 32 33 30 33 31 34 35 32 35 33 36 37 34 37 35 38 39 36 39 37 40 41 38 41 39 42 43 40 43 41 44 45 42 45 43 46 47 44 47 45 48 49 46 49 47 50 51 48 51 49 52 53 50 53 51 54 55 52 55 53 56 57 54
INF INF INF INF INF INF INF INF INF INF INF INF INF INF INF INF INF INF INF INF INF INF INF INF INF INF INF INF INF INF INF INF INF INF INF INF INF INF INF INF INF INF INF INF INF INF INF INF INF INF INF INF INF INF INF INF INF INF INF INF INF INF INF INF INF INF INF INF INF INF INF INF INF INF INF INF INF INF INF INF INF INF INF INF INF INF INF INF INF INF INF INF INF INF INF INF INF INF INF INF INF INF INF INF INF INF INF INF INF INF INF INF INF INF INF INF INF INF INF INF INF INF INF INF INF INF INF INF INF INF INF INF INF INF INF INF INF INF INF INF INF INF INF INF INF INF INF INF INF INF INF INF INF INF INF INF INF INF INF INF INF INF INF INF INF INF INF INF INF INF INF INF INF INF INF INF INF INF INF INF INF INF INF INF INF INF INF INF INF INF INF INF INF INF INF INF INF INF INF INF INF INF INF INF INF INF INF INF INF INF INF INF INF INF INF INF INF INF INF INF INF INF INF INF INF INF INF INF INF INF INF INF INF INF INF INF INF INF INF INF INF INF INF INF INF INF INF INF INF INF INF INF INF INF INF INF INF INF INF INF INF INF INF INF INF INF INF INF INF INF INF INF INF INF INF INF INF INF INF INF INF INF INF INF INF INF INF INF INF INF INF INF INF INF INF INF INF INF INF INF INF INF INF INF INF INF INF INF INF INF INF INF INF INF INF INF INF INF INF INF INF INF INF INF INF INF INF INF INF INF INF INF INF INF INF INF INF INF INF INF INF INF INF INF INF INF INF INF INF INF INF INF INF INF INF INF INF INF INF INF INF INF INF INF INF 0 -2 1 2 5 2 0 3 4 7 4 2 5 6 9 6 4 7 8 11 8 6 9 10 13 10 8 11 12 15 12 10 13 14 17 14 12 15 16 19 16 14 17 18 21 18 16 19 20 23 20 18 21 22 25 22 20 23 24 27 24 22 25 26 29 26 24 27 28 31 28 26 29 30 33 30 28 31 32 35 32 30 33 34 37 34 32 35 36 39 36 34 37 38 41 38 36 39 40 43 40 38 41 42 45 42 40 43 44 47 44 42 45 46 49 46 44 47 48 51 48 46 49 50 53 50 48 51 52 55 52 50 53 54 57
INF INF INF INF INF INF INF INF INF INF INF INF INF INF INF INF INF INF INF INF INF INF INF INF INF INF INF INF INF INF INF INF INF INF INF INF INF INF INF INF INF INF INF INF INF INF INF INF INF INF INF INF INF INF INF INF INF INF INF INF INF INF INF INF INF INF INF INF INF INF INF INF INF INF INF INF INF INF INF INF INF INF INF INF INF INF INF INF INF INF INF INF INF INF INF INF INF INF INF INF INF INF INF INF INF INF INF INF INF INF INF INF INF INF INF INF INF INF INF INF INF INF INF INF INF INF INF INF INF INF INF INF INF INF INF INF INF INF INF INF INF INF INF INF INF INF INF INF INF INF INF INF INF INF INF INF INF INF INF INF INF INF INF INF INF INF INF INF INF INF INF INF INF INF INF INF INF INF INF INF INF INF INF INF INF INF INF INF INF INF INF INF INF INF INF INF INF INF INF INF INF INF INF INF INF INF INF INF INF INF INF INF INF INF INF INF INF INF INF INF INF INF INF INF INF INF INF INF INF INF INF INF INF INF INF INF INF INF INF INF INF INF INF INF INF INF INF INF INF INF INF INF INF INF INF INF INF INF INF INF INF INF INF INF INF INF INF INF INF INF INF INF INF INF INF INF INF INF INF INF INF INF INF INF INF INF INF INF INF INF INF INF INF INF INF INF INF INF INF INF INF INF INF INF INF INF INF INF INF INF INF INF INF INF INF INF INF INF INF INF INF INF INF INF INF INF INF INF INF INF INF INF INF INF INF INF INF INF INF INF INF INF INF INF INF INF INF INF INF INF INF INF INF INF INF INF INF INF INF INF INF INF INF INF INF INF 0 3 4 7 8 2 5 6 9 10 4 7 8 11 12 6 9 10 13 14 8 11 12 15 16 10 13 14 17 18 12 15 16 19 20 14 17 18 21 22 16 19 20 23 24 18 21 22 25 26 20 23 24 27 28 22 25 26 29 30 24 27 28 31 32 26 29 30 33 34 28 31 32 35 36 30 33 34 37 38 32 35 36 39 40 34 37 38 41 42 36 39 40 43 44 38 41 42 45 46 40 43 44 47 48 42 45 46 49 50 44 47 48 51 52 46 49 50 53 54 48 51 52 55 56 50 53 54 57 58 52 55 56 59
INF INF INF INF INF INF INF INF INF INF INF INF INF INF INF INF INF INF INF INF INF INF INF INF INF INF INF INF INF INF INF INF INF INF INF INF INF INF INF INF INF INF INF INF INF INF INF INF INF INF INF INF INF INF INF INF INF INF INF INF INF INF INF INF INF INF INF INF INF INF INF INF INF INF INF INF INF INF INF INF INF INF INF INF INF INF INF INF INF INF INF INF INF INF INF INF INF INF INF INF INF INF INF INF INF INF INF INF INF INF INF INF INF INF INF INF INF INF INF INF INF INF INF INF INF INF INF INF INF INF INF INF INF INF INF INF INF INF INF INF INF INF INF INF INF INF INF INF INF INF INF INF INF INF INF INF INF INF INF INF INF INF INF INF INF INF INF INF INF INF INF INF INF INF INF INF INF INF INF INF INF INF INF INF INF INF INF INF INF INF INF INF INF INF INF INF INF INF INF INF INF INF INF INF INF INF INF INF INF INF INF INF INF INF INF INF INF INF INF INF INF INF INF INF INF INF INF INF INF INF INF INF INF INF INF INF INF INF INF INF INF INF INF INF INF INF INF INF INF INF INF INF INF INF INF INF INF INF INF INF INF INF INF INF INF INF INF INF INF INF INF INF INF INF INF INF INF INF INF INF INF INF INF INF INF INF INF INF INF INF INF INF INF INF INF INF INF INF INF INF INF INF INF INF INF INF INF INF INF INF INF INF INF INF INF INF INF INF INF INF INF INF INF INF INF INF INF INF INF INF INF INF INF INF INF INF INF INF INF INF INF INF INF INF INF INF INF INF INF INF INF INF INF INF INF INF INF INF INF INF INF INF INF INF INF INF INF 0 3 4 7 5 2 5 6 9 7 4 7 8 11 9 6 9 10 13 11 8 11 12 15 13 10 13 14 17 15 12 15 16 19 17 14 17 18 21 19 16 19 20 23 21 18 21 22 25 23 20 23 24 27 25 22 25 26 29 27 24 27 28 31 29 26 29 30 33 31 28 31 32 35 33 30 33 34 37 35 32 35 36 39 37 34 37 38 41 39 36 39 40 43 41 38 41 42 45 43 40 43 44 47 45 42 45 46 49 47 44 47 48 51 49 46 49 50 53 51 48 51 52 55 53 50 53 54 57 55 52 55 56
INF INF INF INF INF INF INF INF INF INF INF INF INF INF INF INF INF INF INF INF INF INF INF INF INF INF INF INF INF INF INF INF INF INF INF INF INF INF INF INF INF INF INF INF INF INF INF INF INF INF INF INF INF INF INF INF INF INF INF INF INF INF INF INF INF INF INF INF INF INF INF INF INF INF INF INF INF INF INF INF INF INF INF INF INF INF INF INF INF INF INF INF INF INF INF INF INF INF INF INF INF INF INF INF INF INF INF INF INF INF INF INF INF INF INF INF INF INF INF INF INF INF INF INF INF INF INF INF INF INF INF INF INF INF INF INF INF INF INF INF INF INF INF INF INF INF INF INF INF INF INF INF INF INF INF INF INF INF INF INF INF INF INF INF INF INF INF INF INF INF INF INF INF INF INF INF INF INF INF INF INF INF INF INF INF INF INF INF INF INF INF INF INF INF INF INF INF INF INF INF INF INF INF INF INF INF INF INF INF INF INF INF INF INF INF INF INF INF INF INF INF INF INF INF INF INF INF INF INF INF INF INF INF INF INF INF INF INF INF INF INF INF INF INF INF INF INF INF INF INF INF INF INF INF INF INF INF INF INF INF INF INF INF INF INF INF INF INF INF INF INF INF INF INF INF INF INF INF INF INF INF INF INF INF INF INF INF INF INF INF INF INF INF INF INF INF INF INF INF INF INF INF INF INF INF INF INF INF INF INF INF INF INF INF INF INF INF INF INF INF INF INF INF INF INF INF INF INF INF INF INF INF INF INF INF INF INF INF INF INF INF INF INF INF INF INF INF INF INF INF INF INF INF INF INF INF INF INF INF INF INF INF INF INF INF INF INF INF 0 3 4 2 5 2 5 6 4 7 4 7 8 6 9 6 9 10 8 11 8 11 12 10 13 10 13 14 12 15 12 15 16 14 17 14 17 18 16 19 16 19 20 18 21 18 21 22 20 23 20 23 24 22 25 22 25 26 24 27 24 27 28 26 29 26 29 30 28 31 28 31 32 30 33 30 33 34 32 35 32 35 36 34 37 34 37 38 36 39 36 39 40 38 41 38 41 42 40 43 40 43 44 42 45 42 45 46 44 47 44 47 48 46 49 46 49 50 48 51 48 51 52 50 53 50 53 54 52 55 52 55
INF INF INF INF INF INF INF INF INF INF INF INF INF INF INF INF INF INF INF INF INF INF INF INF INF INF INF INF INF INF INF INF INF INF INF INF INF INF INF INF INF INF INF INF INF INF INF INF INF INF INF INF INF INF INF INF INF INF INF INF INF INF INF INF INF INF INF INF INF INF INF INF INF INF INF INF INF INF INF INF INF INF INF INF INF INF INF INF INF INF INF INF INF INF INF INF INF INF INF INF INF INF INF INF INF INF INF INF INF INF INF INF INF INF INF INF INF INF INF INF INF INF INF INF INF INF INF INF INF INF INF INF INF INF INF INF INF INF INF INF INF INF INF INF INF INF INF INF INF INF INF INF INF INF INF INF INF INF INF INF INF INF INF INF INF INF INF INF INF INF INF INF INF INF INF INF INF INF INF INF INF INF INF INF INF INF INF INF INF INF INF INF INF INF INF INF INF INF INF INF INF INF INF INF INF INF INF INF INF INF INF INF INF INF INF INF INF INF INF INF INF INF INF INF INF INF INF INF INF INF INF INF INF INF INF INF INF INF INF INF INF INF INF INF INF INF INF INF INF INF INF INF INF INF INF INF INF INF INF INF INF INF INF INF INF INF INF INF INF INF INF INF INF INF INF INF INF INF INF INF INF INF INF INF INF INF INF INF INF INF INF INF INF INF INF INF INF INF INF INF INF INF INF INF INF INF INF INF INF INF INF INF INF INF INF INF INF INF INF INF INF INF INF INF INF INF INF INF INF INF INF INF INF INF INF INF INF INF INF INF INF INF INF INF INF INF INF INF INF INF INF INF INF INF INF INF INF INF INF INF INF INF INF INF INF INF INF INF INF 0 3 1 4 5 2 5 3 6 7 4 7 5 8 9 6 9 7 10 11 8 11 9 12 13 10 13 11 14 15 12 15 13 16 17 14 17 15 18 19 16 19 17 20 21 18 21 19 22 23 20 23 21 24 25 22 25 23 26 27 24 27 25 28 29 26 29 27 30 31 28 31 29 32 33 30 33 31 34 35 32 35 33 36 37 34 37 35 38 39 36 39 37 40 41 38 41 39 42 43 40 43 41 44 45 42 45 43 46 47 44 47 45 48 49 46 49 47 50 51 48 51 49 52 53 50 53 51 54 55 52
INF INF INF INF INF INF INF INF INF INF INF INF INF INF INF INF INF INF INF INF INF INF INF INF INF INF INF INF INF INF INF INF INF INF INF INF INF INF INF INF INF INF INF INF INF INF INF INF INF INF INF INF INF INF INF INF INF INF INF INF INF INF INF INF INF INF INF INF INF INF INF INF INF INF INF INF INF INF INF INF INF INF INF INF INF INF INF INF INF INF INF INF INF INF INF INF INF INF INF INF INF INF INF INF INF INF INF INF INF INF INF INF INF INF INF INF INF INF INF INF INF INF INF INF INF INF INF INF INF INF INF INF INF INF INF INF INF INF INF INF INF INF INF INF INF INF INF INF INF INF INF INF INF INF INF INF INF INF INF INF INF INF INF INF INF INF INF INF INF INF INF INF INF INF INF INF INF INF INF INF INF INF INF INF INF INF INF INF INF INF INF INF INF INF INF INF INF INF INF INF INF INF INF INF INF INF INF INF INF INF INF INF INF INF INF INF INF INF INF INF INF INF INF INF INF INF INF INF INF INF INF INF INF INF INF INF INF INF INF INF INF INF INF INF INF INF INF INF INF INF INF INF INF INF INF INF INF INF INF INF INF INF INF INF INF INF INF INF INF INF INF INF INF INF INF INF INF INF INF INF INF INF INF INF INF INF INF INF INF INF INF INF INF INF INF INF INF INF INF INF INF INF INF INF INF INF INF INF INF INF INF INF INF INF INF INF INF INF INF INF INF INF INF INF INF INF INF INF INF INF INF INF INF INF INF INF INF INF INF INF INF INF INF INF INF INF INF INF INF INF INF INF INF INF INF INF INF INF INF INF INF INF INF INF INF INF INF INF INF INF 0 -2 1 2 5 2 0 3 4 7 4 2 5 6 9 6 4 7 8 11 8 6 9 10 13 10 8 11 12 15 12 10 13 14 17 14 12 15 16 19 16 14 17 18 21 18 16 19 20 23 20 18 21 22 25 22 20 23 24 27 24 22 25 26 29 26 24 27 28 31 28 26 29 30 33 30 28 31 32 35 32 30 33 34 37 34 32 35 36 39 36 34 37 38 41 38 36 39 40 43 40 38 41 42 45 42 40 43 44 47 44 42 45 46 49 46 44 47 48 51 48 46 49 50 53 50 48 51 52 55
INF INF INF INF INF INF INF INF INF INF INF INF INF INF INF INF INF INF INF INF INF INF INF INF INF INF INF INF INF INF INF INF INF INF INF INF INF INF INF INF INF INF INF INF INF INF INF INF INF INF INF INF INF INF INF INF INF INF INF INF INF INF INF INF INF INF INF INF INF INF INF INF INF INF INF INF INF INF INF INF INF INF INF INF INF INF INF INF INF INF INF INF INF INF INF INF INF INF INF INF INF INF INF INF INF INF INF INF INF INF INF INF INF INF INF INF INF INF INF INF INF INF INF INF INF INF INF INF INF INF INF INF INF INF INF INF INF INF INF INF INF INF INF INF INF INF INF INF INF INF INF INF INF INF INF INF INF INF INF INF INF INF INF INF INF INF INF INF INF INF INF INF INF INF INF INF INF INF INF INF INF INF INF INF INF INF INF INF INF INF INF INF INF INF INF INF INF INF INF INF INF INF INF INF INF INF INF INF INF INF INF INF INF INF INF INF INF INF INF INF INF INF INF INF INF INF INF INF INF INF INF INF INF INF INF INF INF INF INF INF INF INF INF INF INF INF INF INF INF INF INF INF INF INF INF INF INF INF INF INF INF INF INF INF INF INF INF INF INF INF INF INF INF INF INF INF INF INF INF INF INF INF INF INF INF INF INF INF INF INF INF INF INF INF INF INF INF INF INF INF INF INF INF INF INF INF INF INF INF INF INF INF INF INF INF INF INF INF INF INF INF INF INF INF INF INF INF INF INF INF INF INF INF INF INF INF INF INF INF INF INF INF INF INF INF INF INF INF INF INF INF INF INF INF INF INF INF INF INF INF INF INF INF INF INF INF INF INF INF INF INF 0 3 4 7 8 2 5 6 9 10 4 7 8 11 12 6 9 10 13 14 8 11 12 15 16 10 13 14 17 18 12 15 16 19 20 14 17 18 21 22 16 19 20 23 24 18 21 22 25 26 20 23 24 27 28 22 25 26 29 30 24 27 28 31 32 26 29 30 33 34 28 31 32 35 36 30 33 34 37 38 32 35 36 39 40 34 37 38 41 42 36 39 40 43 44 38 41 42 45 46 40 43 44 47 48 42 45 46 49 50 44 47 48 51 52 46 49 50 53 54 48 51 52 55 56 50 53 54 57
INF INF INF INF INF INF INF INF INF INF INF INF INF INF INF INF INF INF INF INF INF INF INF INF INF INF INF INF INF INF INF INF INF INF INF INF INF INF INF INF INF INF INF INF INF INF INF INF INF INF INF INF INF INF INF INF INF INF INF INF INF INF INF INF INF INF INF INF INF INF INF INF INF INF INF INF INF INF INF INF INF INF INF INF INF INF INF INF INF INF INF INF INF INF INF INF INF INF INF INF INF INF INF INF INF INF INF INF INF INF INF INF INF INF INF INF INF INF INF INF INF INF INF INF INF INF INF INF INF INF INF INF INF INF INF INF INF INF INF INF INF INF INF INF INF INF INF INF INF INF INF INF INF INF INF INF INF INF INF INF INF INF INF INF INF INF INF INF INF INF INF INF INF INF INF INF INF INF INF INF INF INF INF INF INF INF INF INF INF INF INF INF INF INF INF INF INF INF INF INF INF INF INF INF INF INF INF INF INF INF INF INF INF INF INF INF INF INF INF INF INF INF INF INF INF INF INF INF INF INF INF INF INF INF INF INF INF INF INF INF INF INF INF INF INF INF INF INF INF INF INF INF INF INF INF INF INF INF INF INF INF INF INF INF INF INF INF INF INF INF INF INF INF INF INF INF INF INF INF INF INF INF INF INF INF INF INF INF INF INF INF INF INF INF INF INF INF INF INF INF INF INF INF INF INF INF INF INF INF INF INF INF INF INF INF INF INF INF INF INF INF INF INF INF INF INF INF INF INF INF INF INF INF INF INF INF INF INF INF INF INF INF INF INF INF INF INF INF INF INF INF INF INF INF INF INF INF INF INF INF INF INF INF INF INF INF INF INF INF INF INF INF 0 3 4 7 5 2 5 6 9 7 4 7 8 11 9 6 9 10 13 11 8 11 12 15 13 10 13 14 17 15 12 15 16 19 17 14 17 18 21 19 16 19 20 23 21 18 21 22 25 23 20 23 24 27 25 22 25 26 29 27 24 27 28 31 29 26 29 30 33 31 28 31 32 35 33 30 33 34 37 35 32 35 36 39 37 34 37 38 41 39 36 39 40 43 41 38 41 42 45 43 40 43 44 47 45 42 45 46 49 47 44 47 48 51 49 46 49 50 53 51 48 51 52 55 53 50 53 54
INF INF INF INF INF INF INF INF INF INF INF INF INF INF INF INF INF INF INF INF INF INF INF INF INF INF INF INF INF INF INF INF INF INF INF INF INF INF INF INF INF INF INF INF INF INF INF INF INF INF INF INF INF INF INF INF INF INF INF INF INF INF INF INF INF INF INF INF INF INF INF INF INF INF INF INF INF INF INF INF INF INF INF INF INF INF INF INF INF INF INF INF INF INF INF INF INF INF INF INF INF INF INF INF INF INF INF INF INF INF INF INF INF INF INF INF INF INF INF INF INF INF INF INF INF INF INF INF INF INF INF INF INF INF INF INF INF INF INF INF INF INF INF INF INF INF INF INF INF INF INF INF INF INF INF INF INF INF INF INF INF INF INF INF INF INF INF INF INF INF INF INF INF INF INF INF INF INF INF INF INF INF INF INF INF INF INF INF INF INF INF INF INF INF INF INF INF INF INF INF INF INF INF INF INF INF INF INF INF INF INF INF INF INF INF INF INF INF INF INF INF INF INF INF INF INF INF INF INF INF INF INF INF INF INF INF INF INF INF INF INF INF INF INF INF INF INF INF INF INF INF INF INF INF INF INF INF INF INF INF INF INF INF INF INF INF INF INF INF INF INF INF INF INF INF INF INF INF INF INF INF INF INF INF INF INF INF INF INF INF INF INF INF INF INF INF INF INF INF INF INF INF INF INF INF INF INF INF INF INF INF INF INF INF INF INF INF INF INF INF INF INF INF INF INF INF INF INF INF INF INF INF INF INF INF INF INF INF INF INF INF INF INF INF INF INF INF INF INF INF INF INF INF INF INF INF INF INF INF INF INF INF INF INF INF INF INF INF INF INF INF INF INF 0 3 4 2 5 2 5 6 4 7 4 7 8 6 9 6 9 10 8 11 8 11 12 10 13 10 13 14 12 15 12 15 16 14 17 14 17 18 16 19 16 19 20 18 21 18 21 22 20 23 20 23 24 22 25 22 25 26 24 27 24 27 28 26 29 26 29 30 28 31 28 31 32 30 33 30 33 34 32 35 32 35 36 34 37 34 37 38 36 39 36 39 40 38 41 38 41 42 40 43 40 43 44 42 45 42 45 46 44 47 44 47 48 46 49 46 49 50 48 51 48 51 52 50 53 50 53
INF INF INF INF INF INF INF INF INF INF INF INF INF INF INF INF INF INF INF INF INF INF INF INF INF INF INF INF INF INF INF INF INF INF INF INF INF INF INF INF INF INF INF INF INF INF INF INF INF INF INF INF INF INF INF INF INF INF INF INF INF INF INF INF INF INF INF INF INF INF INF INF INF INF INF INF INF INF INF INF INF INF INF INF INF INF INF INF INF INF INF INF INF INF INF INF INF INF INF INF INF INF INF INF INF INF INF INF INF INF INF INF INF INF INF INF INF INF INF INF INF INF INF INF INF INF INF INF INF INF INF INF INF INF INF INF INF INF INF INF INF INF INF INF INF INF INF INF INF INF INF INF INF INF INF INF INF INF INF INF INF INF INF INF INF INF INF INF INF INF INF INF INF INF INF INF INF INF INF INF INF INF INF INF INF INF INF INF INF INF INF INF INF INF INF INF INF INF INF INF INF INF INF INF INF INF INF INF INF INF INF INF INF INF INF INF INF INF INF INF INF INF INF INF INF INF INF INF INF INF INF INF INF INF INF INF INF INF INF INF INF INF INF INF INF INF INF INF INF INF INF INF INF INF INF INF INF INF INF INF INF INF INF INF INF INF INF INF INF INF INF INF INF INF INF INF INF INF INF INF INF INF INF INF INF INF INF INF INF INF INF INF INF INF INF INF INF INF INF INF INF INF INF INF INF INF INF INF INF INF INF INF INF INF INF INF INF INF INF INF INF INF INF INF INF INF INF INF INF INF INF INF INF INF INF INF INF INF INF INF INF INF INF INF INF INF INF INF INF INF INF INF INF INF INF INF INF INF INF INF INF INF INF INF INF INF INF INF INF INF INF INF INF INF 0 3 1 4 5 2 5 3 6 7 4 7 5 8 9 6 9 7 10 11 8 11 9 12 13 10 13 11 14 15 12 15 13 16 17 14 17 15 18 19 16 19 17 20 21 18 21 19 22 23 20 23 21 24 25 22 25 23 26 27 24 27 25 28 29 26 29 27 30 31 28 31 29 32 33 30 33 31 34 35 32 35 33 36 37 34 37 35 38 39 36 39 37 40 41 38 41 39 42 43 40 43 41 44 45 42 45 43 46 47 44 47 45 48 49 46 49 47 50 51 48 51 49 52 53 50
INF INF INF INF INF INF INF INF INF INF INF INF INF INF INF INF INF INF INF INF INF INF INF INF INF INF INF INF INF INF INF INF INF INF INF INF INF INF INF INF INF INF INF INF INF INF INF INF INF INF INF INF INF INF INF INF INF INF INF INF INF INF INF INF INF INF INF INF INF INF INF INF INF INF INF INF INF INF INF INF INF INF INF INF INF INF INF INF INF INF INF INF INF INF INF INF INF INF INF INF INF INF INF INF INF INF INF INF INF INF INF INF INF INF INF INF INF INF INF INF INF INF INF INF INF INF INF INF INF INF INF INF INF INF INF INF INF INF INF INF INF INF INF INF INF INF INF INF INF INF INF INF INF INF INF INF INF INF INF INF INF INF INF INF INF INF INF INF INF INF INF INF INF INF INF INF INF INF INF INF INF INF INF INF INF INF INF INF INF INF INF INF INF INF INF INF INF INF INF INF INF INF INF INF INF INF INF INF INF INF INF INF INF INF INF INF INF INF INF INF INF INF INF INF INF INF INF INF INF INF INF INF INF INF INF INF INF INF INF INF INF INF INF INF INF INF INF INF INF INF INF INF INF INF INF INF INF INF INF INF INF INF INF INF INF INF INF INF INF INF INF INF INF INF INF INF INF INF INF INF INF INF INF INF INF INF INF INF INF INF INF INF INF INF INF INF INF INF INF INF INF INF INF INF INF INF INF INF INF INF INF INF INF INF INF INF INF INF INF INF INF INF INF INF INF INF INF INF INF INF INF INF INF INF INF INF INF INF INF INF INF INF INF INF INF INF INF INF INF INF INF INF INF INF INF INF INF INF INF INF INF INF INF INF INF INF INF INF INF INF INF INF INF INF INF 0 -2 1 2 5 2 0 3 4 7 4 2 5 6 9 6 4 7 8 11 8 6 9 10 13 10 8 11 12 15 12 10 13 14 17 14 12 15 16 19 16 14 17 18 21 18 16 19 20 23 20 18 21 22 25 22 20 23 24 27 24 22 25 26 29 26 24 27 28 31 28 26 29 30 33 30 28 31 32 35 32 30 33 34 37 34 32 35 36 39 36 34 37 38 41 38 36 39 40 43 40 38 41 42 45 42 40 43 44 47 44 42 45 46 49 46 44 47 48 51 48 46 49 50 53
INF INF INF INF INF INF INF INF INF INF INF INF INF INF INF INF INF INF INF INF INF INF INF INF INF INF INF INF INF INF INF INF INF INF INF INF INF INF INF INF INF INF INF INF INF INF INF INF INF INF INF INF INF INF INF INF INF INF INF INF INF INF INF INF INF INF INF INF INF INF INF INF INF INF INF INF INF INF INF INF INF INF INF INF INF INF INF INF INF INF INF INF INF INF INF INF INF INF INF INF INF INF INF INF INF INF INF INF INF INF INF INF INF INF INF INF INF INF INF INF INF INF INF INF INF INF INF INF INF INF INF INF INF INF INF INF INF INF INF INF INF INF INF INF INF INF INF INF INF INF INF INF INF INF INF INF INF INF INF INF INF INF INF INF INF INF INF INF INF INF INF INF INF INF INF INF INF INF INF INF INF INF INF INF INF INF INF INF INF INF INF INF INF INF INF INF INF INF INF INF INF INF INF INF INF INF INF INF INF INF INF INF INF INF INF INF INF INF INF INF INF INF INF INF INF INF INF INF INF INF INF INF INF INF INF INF INF INF INF INF INF INF INF INF INF INF INF INF INF INF INF INF INF INF INF INF INF INF INF INF INF INF INF INF INF INF INF INF INF INF INF INF INF INF INF INF INF INF INF INF INF INF INF INF INF INF INF INF INF INF INF INF INF INF INF INF INF INF INF INF INF INF INF INF INF INF INF INF INF INF INF INF INF INF INF INF INF INF INF INF INF INF INF INF INF INF INF INF INF INF INF INF INF INF INF INF INF INF INF INF INF INF INF INF INF INF INF INF INF INF INF INF INF INF INF INF INF INF INF INF INF INF INF INF INF INF INF INF INF INF INF INF INF INF INF INF 0 3 4 7 8 2 5 6 9 10 4 7 8 11 12 6 9 10 13 14 8 11 12 15 16 10 13 14 17 18 12 15 16 19 20 14 17 18 21 22 16 19 20 23 24 18 21 22 25 26 20 23 24 27 28 22 25 26 29 30 24 27 28 31 32 26 29 30 33 34 28 31 32 35 36 30 33 34 37 38 32 35 36 39 40 34 37 38 41 42 36 39 40 43 44 38 41 42 45 46 40 43 44 47 48 42 45 46 49 50 44 47 48 51 52 46 49 50 53 54 48 51 52 55
INF INF INF INF INF INF INF INF INF INF INF INF INF INF INF INF INF INF INF INF INF INF INF INF INF INF INF INF INF INF INF INF INF INF INF INF INF INF INF INF INF INF INF INF INF INF INF INF INF INF INF INF INF INF INF INF INF INF INF INF INF INF INF INF INF INF INF INF INF INF INF INF INF INF INF INF INF INF INF INF INF INF INF INF INF INF INF INF INF INF INF INF INF INF INF INF INF INF INF INF INF INF INF INF INF INF INF INF INF INF INF INF INF INF INF INF INF INF INF INF INF INF INF INF INF INF INF INF INF INF INF INF INF INF INF INF INF INF INF INF INF INF INF INF INF INF INF INF INF INF INF INF INF INF INF INF INF INF INF INF INF INF INF INF INF INF INF INF INF INF INF INF INF INF INF INF INF INF INF INF INF INF INF INF INF INF INF INF INF INF INF INF INF INF INF INF INF INF INF INF INF INF INF INF INF INF INF INF INF INF INF INF INF INF INF INF INF INF INF INF INF INF INF INF INF INF INF INF INF INF INF INF INF INF INF INF INF INF INF INF INF INF INF INF INF INF INF INF INF INF INF INF INF INF INF INF INF INF INF INF INF INF INF INF INF INF INF INF INF INF INF INF INF INF INF INF INF INF INF INF INF INF INF INF INF INF INF INF INF INF INF INF INF INF INF INF INF INF INF INF INF INF INF INF INF INF INF INF INF INF INF INF INF INF INF INF INF INF INF INF INF INF INF INF INF INF INF INF INF INF INF INF INF INF INF INF INF INF INF INF INF INF INF INF INF INF INF INF INF INF INF INF INF INF INF INF INF INF INF INF INF INF INF INF INF INF INF INF INF INF INF INF INF INF INF INF INF 0 3 4 7 5 2 5 6 9 7 4 7 8 11 9 6 9 10 13 11 8 11 12 15 13 10 13 14 17 15 12 15 16 19 17 14 17 18 21 19 16 19 20 23 21 18 21 22 25 23 20 23 24 27 25 22 25 26 29 27 24 27 28 31 29 26 29 30 33 31 28 31 32 35 33 30 33 34 37 35 32 35 36 39 37 34 37 38 41 39 36 39 40 43 41 38 41 42 45 43 40 43 44 47 45 42 45 46 49 47 44 47 48 51 49 46 49 50 53 51 48 51 52
INF INF INF INF INF INF INF INF INF INF INF INF INF INF INF INF INF INF INF INF INF INF INF INF INF INF INF INF INF INF INF INF INF INF INF INF INF INF INF INF INF INF INF INF INF INF INF INF INF INF INF INF INF INF INF INF INF INF INF INF INF INF INF INF INF INF INF INF INF INF INF INF INF INF INF INF INF INF INF INF INF INF INF INF INF INF INF INF INF INF INF INF INF INF INF INF INF INF INF INF INF INF INF INF INF INF INF INF INF INF INF INF INF INF INF INF INF INF INF INF INF INF INF INF INF INF INF INF INF INF INF INF INF INF INF INF INF INF INF INF INF INF INF INF INF INF INF INF INF INF INF INF INF INF INF INF INF INF INF INF INF INF INF INF INF INF INF INF INF INF INF INF INF INF INF INF INF INF INF INF INF INF INF INF INF INF INF INF INF INF INF INF INF INF INF INF INF INF INF INF INF INF INF INF INF INF INF INF INF INF INF INF INF INF INF INF INF INF INF INF INF INF INF INF INF INF INF INF INF INF INF INF INF INF INF INF INF INF INF INF INF INF INF INF INF INF INF INF INF INF INF INF INF INF INF INF INF INF INF INF INF INF INF INF INF INF INF INF INF INF INF INF INF INF INF INF INF INF INF INF INF INF INF INF INF INF INF INF INF INF INF INF INF INF INF INF INF INF INF INF INF INF INF INF INF INF INF INF INF INF INF INF INF INF INF INF INF INF INF INF INF INF INF INF INF INF INF INF INF INF INF INF INF INF INF INF INF INF INF INF INF INF INF INF INF INF INF INF INF INF INF INF INF INF INF INF INF INF INF INF INF INF INF INF INF INF INF INF INF INF INF INF INF INF INF INF INF INF 0 3 4 2 5 2 5 6 4 7 4 7 8 6 9 6 9 10 8 11 8 11 12 10 13 10 13 14 12 15 12 15 16 14 17 14 17 18 16 19 16 19 20 18 21 18 21 22 20 23 20 23 24 22 25 22 25 26 24 27 24 27 28 26 29 26 29 30 28 31 28 31 32 30 33 30 33 34 32 35 32 35 36 34 37 34 37 38 36 39 36 39 40 38 41 38 41 42 40 43 40 43 44 42 45 42 45 46 44 47 44 47 48 46 49 46 49 50 48 51 48 51
INF INF INF INF INF INF INF INF INF INF INF INF INF INF INF INF INF INF INF INF INF INF INF INF INF INF INF INF INF INF INF INF INF INF INF INF INF INF INF INF INF INF INF INF INF INF INF INF INF INF INF INF INF INF INF INF INF INF INF INF INF INF INF INF INF INF INF INF INF INF INF INF INF INF INF INF INF INF INF INF INF INF INF INF INF INF INF INF INF INF INF INF INF INF INF INF INF INF INF INF INF INF INF INF INF INF INF INF INF INF INF INF INF INF INF INF INF INF INF INF INF INF INF INF INF INF INF INF INF INF INF INF INF INF INF INF INF INF INF INF INF INF INF INF INF INF INF INF INF INF INF INF INF INF INF INF INF INF INF INF INF INF INF INF INF INF INF INF INF INF INF INF INF INF INF INF INF INF INF INF INF INF INF INF INF INF INF INF INF INF INF INF INF INF INF INF INF INF INF INF INF INF INF INF INF INF INF INF INF INF INF INF INF INF INF INF INF INF INF INF INF INF INF INF INF INF INF INF INF INF INF INF INF INF INF INF INF INF INF INF INF INF INF INF INF INF INF INF INF INF INF INF INF INF INF INF INF INF INF INF INF INF INF INF INF INF INF INF INF INF INF INF INF INF INF INF INF INF INF INF INF INF INF INF INF INF INF INF INF INF INF INF INF INF INF INF INF INF INF INF INF INF INF INF INF INF INF INF INF INF INF INF INF INF INF INF INF INF INF INF INF INF INF INF INF INF INF INF INF INF INF INF INF INF INF INF INF INF INF INF INF INF INF INF INF INF INF INF INF INF INF INF INF INF INF INF INF INF INF INF INF INF INF INF INF INF INF INF INF INF INF INF INF INF INF INF INF INF INF 0 3 1 4 5 2 5 3 6 7 4 7 5 8 9 6 9 7 10 11 8 11 9 12 13 10 13 11 14 15 12 15 13 16 17 14 17 15 18 19 16 19 17 20 21 18 21 19 22 23 20 23 21 24 25 22 25 23 26 27 24 27 25 28 29 26 29 27 30 31 28 31 29 32 33 30 33 31 34 35 32 35 33 36 37 34 37 35 38 39 36 39 37 40 41 38 41 39 42 43 40 43 41 44 45 42 45 43 46 47 44 47 45 48 49 46 49 47 50 51 48
INF INF INF INF INF INF INF INF INF INF INF INF INF INF INF INF INF INF INF INF INF INF INF INF INF INF INF INF INF INF INF INF INF INF INF INF INF INF INF INF INF INF INF INF INF INF INF INF INF INF INF INF INF INF INF INF INF INF INF INF INF INF INF INF INF INF INF INF INF INF INF INF INF INF INF INF INF INF INF INF INF INF INF INF INF INF INF INF INF INF INF INF INF INF INF INF INF INF INF INF INF INF INF INF INF INF INF INF INF INF INF INF INF INF INF INF INF INF INF INF INF INF INF INF INF INF INF INF INF INF INF INF INF INF INF INF INF INF INF INF INF INF INF INF INF INF INF INF INF INF INF INF INF INF INF INF INF INF INF INF INF INF INF INF INF INF INF INF INF INF INF INF INF INF INF INF INF INF INF INF INF INF INF INF INF INF INF INF INF INF INF INF INF INF INF INF INF INF INF INF INF INF INF INF INF INF INF INF INF INF INF INF INF INF INF INF INF INF INF INF INF INF INF INF INF INF INF INF INF INF INF INF INF INF INF INF INF INF INF INF INF INF INF INF INF INF INF INF INF INF INF INF INF INF INF INF INF INF INF INF INF INF INF INF INF INF INF INF INF INF INF INF INF INF INF INF INF INF INF INF INF INF INF INF INF INF INF INF INF INF INF INF INF INF INF INF INF INF INF INF INF INF INF INF INF INF INF INF INF INF INF INF INF INF INF INF INF INF INF INF INF INF INF INF INF INF INF INF INF INF INF INF INF INF INF INF INF INF INF INF INF INF INF INF INF INF INF INF INF INF INF INF INF INF INF INF INF INF INF INF INF INF INF INF INF INF INF INF INF INF INF INF INF INF INF INF INF INF INF INF 0 -2 1 2 5 2 0 3 4 7 4 2 5 6 9 6 4 7 8 11 8 6 9 10 13 10 8 11 12 15 12 10 13 14 17 14 12 15 16 19 16 14 17 18 21 18 16 19 20 23 20 18 21 22 25 22 20 23 24 27 24 22 25 26 29 26 24 27 28 31 28 26 29 30 33 30 28 31 32 35 32 30 33 34 37 34 32 35 36 39 36 34 37 38 41 38 36 39 40 43 40 38 41 42 45 42 40 43 44 47 44 42 45 46 49 46 44 47 48 51
INF INF INF INF INF INF INF INF INF INF INF INF INF INF INF INF INF INF INF INF INF INF INF INF INF INF INF INF INF INF INF INF INF INF INF INF INF INF INF INF INF INF INF INF INF INF INF INF INF INF INF INF INF INF INF INF INF INF INF INF INF INF INF INF INF INF INF INF INF INF INF INF INF INF INF INF INF INF INF INF INF INF INF INF INF INF INF INF INF INF INF INF INF INF INF INF INF INF INF INF INF INF INF INF INF INF INF INF INF INF INF INF INF INF INF INF INF INF INF INF INF INF INF INF INF INF INF INF INF INF INF INF INF INF INF INF INF INF INF INF INF INF INF INF INF INF INF INF INF INF INF INF INF INF INF INF INF INF INF INF INF INF INF INF INF INF INF INF INF INF INF INF INF INF INF INF INF INF INF INF INF INF INF INF INF INF INF INF INF INF INF INF INF INF INF INF INF INF INF INF INF INF INF INF INF INF INF INF INF INF INF INF INF INF INF INF INF INF INF INF INF INF INF INF INF INF INF INF INF INF INF INF INF INF INF INF INF INF INF INF INF INF INF INF INF INF INF INF INF INF INF INF INF INF INF INF INF INF INF INF INF INF INF INF INF INF INF INF INF INF INF INF INF INF INF INF INF INF INF INF INF INF INF INF INF INF INF INF INF INF INF INF INF INF INF INF INF INF INF INF INF INF INF INF INF INF INF INF INF INF INF INF INF INF INF INF INF INF INF INF INF INF INF INF INF INF INF INF INF INF INF INF INF INF INF INF INF INF INF INF INF INF INF INF INF INF INF INF INF INF INF INF INF INF INF INF INF INF INF INF INF INF INF INF INF INF INF INF INF INF INF INF INF INF INF INF INF INF INF INF INF 0 3 4 7 8 2 5 6 9 10 4 7 8 11 12 6 9 10 13 14 8 11 12 15 16 10 13 14 17 18 12 15 16 19 20 14 17 18 21 22 16 19 20 23 24 18 21 22 25 26 20 23 24 27 28 22 25 26 29 30 24 27 28 31 32 26 29 30 33 34 28 31 32 35 36 30 33 34 37 38 32 35 36 39 40 34 37 38 41 42 36 39 40 43 44 38 41 42 45 46 40 43 44 47 48 42 45 46 49 50 44 47 48 51 52 46 49 50 53
INF INF INF INF INF INF INF INF INF INF INF INF INF INF INF INF INF INF INF INF INF INF INF INF INF INF INF INF INF INF INF INF INF INF INF INF INF INF INF INF INF INF INF INF INF INF INF INF INF INF INF INF INF INF INF INF INF INF INF INF INF INF INF INF INF INF INF INF INF INF INF INF INF INF INF INF INF INF INF INF INF INF INF INF INF INF INF INF INF INF INF INF INF INF INF INF INF INF INF INF INF INF INF INF INF INF INF INF INF INF INF INF INF INF INF INF INF INF INF INF INF INF INF INF INF INF INF INF INF INF INF INF INF INF INF INF INF INF INF INF INF INF INF INF INF INF INF INF INF INF INF INF INF INF INF INF INF INF INF INF INF INF INF INF INF INF INF INF INF INF INF INF INF INF INF INF INF INF INF INF INF INF INF INF INF INF INF INF INF INF INF INF INF INF INF INF INF INF INF INF INF INF INF INF INF INF INF INF INF INF INF INF INF INF INF INF INF INF INF INF INF INF INF INF INF INF INF INF INF INF INF INF INF INF INF INF INF INF INF INF INF INF INF INF INF INF INF INF INF INF INF INF INF INF INF INF INF INF INF INF INF INF INF INF INF INF INF INF INF INF INF INF INF INF INF INF INF INF INF INF INF INF INF INF INF INF INF INF INF INF INF INF INF INF INF INF INF INF INF INF INF INF INF INF INF INF INF INF INF INF INF INF INF INF INF INF INF INF INF INF INF INF INF INF INF INF INF INF INF INF INF INF INF INF INF INF INF INF INF INF INF INF INF INF INF INF INF INF INF INF INF INF INF INF INF INF INF INF INF INF INF INF INF INF INF INF INF INF INF INF INF INF INF INF INF INF INF INF INF INF INF INF 0 3 4 7 5 2 5 6 9 7 4 7 8 11 9 6 9 10 13 11 8 11 12 15 13 10 13 14 17 15 12 15 16 19 17 14 17 18 21 19 16 19 20 23 21 18 21 22 25 23 20 23 24 27 25 22 25 26 29 27 24 27 28 31 29 26 29 30 33 31 28 31 32 35 33 30 33 34 37 35 32 35 36 39 37 34 37 38 41 39 36 39 40 43 41 38 41 42 45 43 40 43 44 47 45 42 45 46 49 47 44 47 48 51 49 46 49 50
INF INF INF INF INF INF INF INF INF INF INF INF INF INF INF INF INF INF INF INF INF INF INF INF INF INF INF INF INF INF INF INF INF INF INF INF INF INF INF INF INF INF INF INF INF INF INF INF INF INF INF INF INF INF INF INF INF INF INF INF INF INF INF INF INF INF INF INF INF INF INF INF INF INF INF INF INF INF INF INF INF INF INF INF INF INF INF INF INF INF INF INF INF INF INF INF INF INF INF INF INF INF INF INF INF INF INF INF INF INF INF INF INF INF INF INF INF INF INF INF INF INF INF INF INF INF INF INF INF INF INF INF INF INF INF INF INF INF INF INF INF INF INF INF INF INF INF INF INF INF INF INF INF INF INF INF INF INF INF INF INF INF INF INF INF INF INF INF INF INF INF INF INF INF INF INF INF INF INF INF INF INF INF INF INF INF INF INF INF INF INF INF INF INF INF INF INF INF INF INF INF INF INF INF INF INF INF INF INF INF INF INF INF INF INF INF INF INF INF INF INF INF INF INF INF INF INF INF INF INF INF INF INF INF INF INF INF INF INF INF INF INF INF INF INF INF INF INF INF INF INF INF INF INF INF INF INF INF INF INF INF INF INF INF INF INF INF INF INF INF INF INF INF INF INF INF INF INF INF INF INF INF INF INF INF INF INF INF INF INF INF INF INF INF INF INF INF INF INF INF INF INF INF INF INF INF INF INF INF INF INF INF INF INF INF INF INF INF INF INF INF INF INF INF INF INF INF INF INF INF INF INF INF INF INF INF INF INF INF INF INF INF INF INF INF INF INF INF INF INF INF INF INF INF INF INF INF INF INF INF INF INF INF INF INF INF INF INF INF INF INF INF INF INF INF INF INF INF INF INF INF INF INF 0 3 4 2 5 2 5 6 4 7 4 7 8 6 9 6 9 10 8 11 8 11 12 10 13 10 13 14 12 15 12 15 16 14 17 14 17 18 16 19 16 19 20 18 21 18 21 22 20 23 20 23 24 22 25 22 25 26 24 27 24 27 28 26 29 26 29 30 28 31 28 31 32 30 33 30 33 34 32 35 32 35 36 34 37 34 37 38 36 39 36 39 40 38 41 38 41 42 40 43 40 43 44 42 45 42 45 46 44 47 44 47 48 46 49 46 49
INF INF INF INF INF INF INF INF INF INF INF INF INF INF INF INF INF INF INF INF INF INF INF INF INF INF INF INF INF INF INF INF INF INF INF INF INF INF INF INF INF INF INF INF INF INF INF INF INF INF INF INF INF INF INF INF INF INF INF INF INF INF INF INF INF INF INF INF INF INF INF INF INF INF INF INF INF INF INF INF INF INF INF INF INF INF INF INF INF INF INF INF INF INF INF INF INF INF INF INF INF INF INF INF INF INF INF INF INF INF INF INF INF INF INF INF INF INF INF INF INF INF INF INF INF INF INF INF INF INF INF INF INF INF INF INF INF INF INF INF INF INF INF INF INF INF INF INF INF INF INF INF INF INF INF INF INF INF INF INF INF INF INF INF INF INF INF INF INF INF INF INF INF INF INF INF INF INF INF INF INF INF INF INF INF INF INF INF INF INF INF INF INF INF INF INF INF INF INF INF INF INF INF INF INF INF INF INF INF INF INF INF INF INF INF INF INF INF INF INF INF INF INF INF INF INF INF INF INF INF INF INF INF INF INF INF INF INF INF INF INF INF INF INF INF INF INF INF INF INF INF INF INF INF INF INF INF INF INF INF INF INF INF INF INF INF INF INF INF INF INF INF INF INF INF INF INF INF INF INF INF INF INF INF INF INF INF INF INF INF INF INF INF INF INF INF INF INF INF INF INF INF INF INF INF INF INF INF INF INF INF INF INF INF INF INF INF INF INF INF INF INF INF INF INF INF INF INF INF INF INF INF INF INF INF INF INF INF INF INF INF INF INF INF INF INF INF INF INF INF INF INF INF INF INF INF INF INF INF INF INF INF INF INF INF INF INF INF INF INF INF INF INF INF INF INF INF INF INF INF INF INF INF INF 0 3 1 4 5 2 5 3 6 7 4 7 5 8 9 6 9 7 10 11 8 11 9 12 13 10 13 11 14 15 12 15 13 16 17 14 17 15 18 19 16 19 17 20 21 18 21 19 22 23 20 23 21 24 25 22 25 23 26 27 24 27 25 28 29 26 29 27 30 31 28 31 29 32 33 30 33 31 34 35 32 35 33 36 37 34 37 35 38 39 36 39 37 40 41 38 41 39 42 43 40 43 41 44 45 42 45 43 46 47 44 47 45 48 49 46
INF INF INF INF INF INF INF INF INF INF INF INF INF INF INF INF INF INF INF INF INF INF INF INF INF INF INF INF INF INF INF INF INF INF INF INF INF INF INF INF INF INF INF INF INF INF INF INF INF INF INF INF INF INF INF INF INF INF INF INF INF INF INF INF INF INF INF INF INF INF INF INF INF INF INF INF INF INF INF INF INF INF INF INF INF INF INF INF INF INF INF INF INF INF INF INF INF INF INF INF INF INF INF INF INF INF INF INF INF INF INF INF INF INF INF INF INF INF INF INF INF INF INF INF INF INF INF INF INF INF INF INF INF INF INF INF INF INF INF INF INF INF INF INF INF INF INF INF INF INF INF INF INF INF INF INF INF INF INF INF INF INF INF INF INF INF INF INF INF INF INF INF INF INF INF INF INF INF INF INF INF INF INF INF INF INF INF INF INF INF INF INF INF INF INF INF INF INF INF INF INF INF INF INF INF INF INF INF INF INF INF INF INF INF INF INF INF INF INF INF INF INF INF INF INF INF INF INF INF INF INF INF INF INF INF INF INF INF INF INF INF INF INF INF INF INF INF INF INF INF INF INF INF INF INF INF INF INF INF INF INF INF INF INF INF INF INF INF INF INF INF INF INF INF INF INF INF INF INF INF INF INF INF INF INF INF INF INF INF INF INF INF INF INF INF INF INF INF INF INF INF INF INF INF INF INF INF INF INF INF INF INF INF INF INF INF INF INF INF INF INF INF INF INF INF INF INF INF INF INF INF INF INF INF INF INF INF INF INF INF INF INF INF INF INF INF INF INF INF INF INF INF INF INF INF INF INF INF INF INF INF INF INF INF INF INF INF INF INF INF INF INF INF INF INF INF INF INF INF INF INF INF INF INF INF 0 -2 1 2 5 2 0 3 4 7 4 2 5 6 9 6 4 7 8 11 8 6 9 10 13 10 8 11 12 15 12 10 13 14 17 14 12 15 16 19 16 14 17 18 21 18 16 19 20 23 20 18 21 22 25 22 20 23 24 27 24 22 25 26 29 26 24 27 28 31 28 26 29 30 33 30 28 31 32 35 32 30 33 34 37 34 32 35 36 39 36 34 37 38 41 38 36 39 40 43 40 38 41 42 45 42 40 43 44 47 44 42 45 46 49
INF INF INF INF INF INF INF INF INF INF INF INF INF INF INF INF INF INF INF INF INF INF INF INF INF INF INF INF INF INF INF INF INF INF INF INF INF INF INF INF INF INF INF INF INF INF INF INF INF INF INF INF INF INF INF INF INF INF INF INF INF INF INF INF INF INF INF INF INF INF INF INF INF INF INF INF INF INF INF INF INF INF INF INF INF INF INF INF INF INF INF INF INF INF INF INF INF INF INF INF INF INF INF INF INF INF INF INF INF INF INF INF INF INF INF INF INF INF INF INF INF INF INF INF INF INF INF INF INF INF INF INF INF INF INF INF INF INF INF INF INF INF INF INF INF INF INF INF INF INF INF INF INF INF INF INF INF INF INF INF INF INF INF INF INF INF INF INF INF INF INF INF INF INF INF INF INF INF INF INF INF INF INF INF INF INF INF INF INF INF INF INF INF INF INF INF INF INF INF INF INF INF INF INF INF INF INF INF INF INF INF INF INF INF INF INF INF INF INF INF INF INF INF INF INF INF INF INF INF INF INF INF INF INF INF INF INF INF INF INF INF INF INF INF INF INF INF INF INF INF INF INF INF INF INF INF INF INF INF INF INF INF INF INF INF INF INF INF INF INF INF INF INF INF INF INF INF INF INF INF INF INF INF INF INF INF INF INF INF INF INF INF INF INF INF INF INF INF INF INF INF INF INF INF INF INF INF INF INF INF INF INF INF INF INF INF INF INF INF INF INF INF INF INF INF INF INF INF INF INF INF INF INF INF INF INF INF INF INF INF INF INF INF INF INF INF INF INF INF INF INF INF INF INF INF INF INF INF INF INF INF INF INF INF INF INF INF INF INF INF INF INF INF INF INF INF INF INF INF INF INF INF INF INF INF INF 0 3 4 7 8 2 5 6 9 10 4 7 8 11 12 6 9 10 13 14 8 11 12 15 16 10 13 14 17 18 12 15 16 19 20 14 17 18 21 22 16 19 20 23 24 18 21 22 25 26 20 23 24 27 28 22 25 26 29 30 24 27 28 31 32 26 29 30 33 34 28 31 32 35 36 30 33 34 37 38 32 35 36 39 40 34 37 38 41 42 36 39 40 43 44 38 41 42 45 46 40 43 44 47 48 42 45 46 49 50 44 47 48 51
INF INF INF INF INF INF INF INF INF INF INF INF INF INF INF INF INF INF INF INF INF INF INF INF INF INF INF INF INF INF INF INF INF INF INF INF INF INF INF INF INF INF INF INF INF INF INF INF INF INF INF INF INF INF INF INF INF INF INF INF INF INF INF INF INF INF INF INF INF INF INF INF INF INF INF INF INF INF INF INF INF INF INF INF INF INF INF INF INF INF INF INF INF INF INF INF INF INF INF INF INF INF INF INF INF INF INF INF INF INF INF INF INF INF INF INF INF INF INF INF INF INF INF INF INF INF INF INF INF INF INF INF INF INF INF INF INF INF INF INF INF INF INF INF INF INF INF INF INF INF INF INF INF INF INF INF INF INF INF INF INF INF INF INF INF INF INF INF INF INF INF INF INF INF INF INF INF INF INF INF INF INF INF INF INF INF INF INF INF INF INF INF INF INF INF INF INF INF INF INF INF INF INF INF INF INF INF INF INF INF INF INF INF INF INF INF INF INF INF INF INF INF INF INF INF INF INF INF INF INF INF INF INF INF INF INF INF INF INF INF INF INF INF INF INF INF INF INF INF INF INF INF INF INF INF INF INF INF INF INF INF INF INF INF INF INF INF INF INF INF INF INF INF INF INF INF INF INF INF INF INF INF INF INF INF INF INF INF INF INF INF INF INF INF INF INF INF INF INF INF INF INF INF INF INF INF INF INF INF INF INF INF INF INF INF INF INF INF INF INF INF INF INF INF INF INF INF INF INF INF INF INF INF INF INF INF INF INF INF INF INF INF INF INF INF INF INF INF INF INF INF INF INF INF INF INF INF INF INF INF INF INF INF INF INF INF INF INF INF INF INF INF INF INF INF INF INF INF INF INF INF INF INF INF INF INF INF 0 3 4 7 5 2 5 6 9 7 4 7 8 11 9 6 9 10 13 11 8 11 12 15 13 10 13 14 17 15 12 15 16 19 17 14 17 18 21 19 16 19 20 23 21 18 21 22 25 23 20 23 24 27 25 22 25 26 29 27 24 27 28 31 29 26 29 30 33 31 28 31 32 35 33 30 33 34 37 35 32 35 36 39 37 34 37 38 41 39 36 39 40 43 41 38 41 42 45 43 40 43 44 47 45 42 45 46 49 47 44 47 48
INF INF INF INF INF INF INF INF INF INF INF INF INF INF INF INF INF INF INF INF INF INF INF INF INF INF INF INF INF INF INF INF INF INF INF INF INF INF INF INF INF INF INF INF INF INF INF INF INF INF INF INF INF INF INF INF INF INF INF INF INF INF INF INF INF INF INF INF INF INF INF INF INF INF INF INF INF INF INF INF INF INF INF INF INF INF INF INF INF INF INF INF INF INF INF INF INF INF INF INF INF INF INF INF INF INF INF INF INF INF INF INF INF INF INF INF INF INF INF INF INF INF INF INF INF INF INF INF INF INF INF INF INF INF INF INF INF INF INF INF INF INF INF INF INF INF INF INF INF INF INF INF INF INF INF INF INF INF INF INF INF INF INF INF INF INF INF INF INF INF INF INF INF INF INF INF INF INF INF INF INF INF INF INF INF INF INF INF INF INF INF INF INF INF INF INF INF INF INF INF INF INF INF INF INF INF INF INF INF INF INF INF INF INF INF INF INF INF INF INF INF INF INF INF INF INF INF INF INF INF INF INF INF INF INF INF INF INF INF INF INF INF INF INF INF INF INF INF INF INF INF INF INF INF INF INF INF INF INF INF INF INF INF INF INF INF INF INF INF INF INF INF INF INF INF INF INF INF INF INF INF INF INF INF INF INF INF INF INF INF INF INF INF INF INF INF INF INF INF INF INF INF INF INF INF INF INF INF INF INF INF INF INF INF INF INF INF INF INF INF INF INF INF INF INF INF INF INF INF INF INF INF INF INF INF INF INF INF INF INF INF INF INF INF INF INF INF INF INF INF INF INF INF INF INF INF INF INF INF INF INF INF INF INF INF INF INF INF INF INF INF INF INF INF INF INF INF INF INF INF INF INF INF INF INF INF INF INF 0 3 4 2 5 2 5 6 4 7 4 7 8 6 9 6 9 10 8 11 8 11 12 10 13 10 13 14 12 15 12 15 16 14 17 14 17 18 16 19 16 19 20 18 21 18 21 22 20 23 20 23 24 22 25 22 25 26 24 27 24 27 28 26 29 26 29 30 28 31 28 31 32 30 33 30 33 34 32 35 32 35 36 34 37 34 37 38 36 39 36 39 40 38 41 38 41 42 40 43 40 43 44 42 45 42 45 46 44 47 44 47
INF INF INF INF INF INF INF INF INF INF INF INF INF INF INF INF INF INF INF INF INF INF INF INF INF INF INF INF INF INF INF INF INF INF INF INF INF INF INF INF INF INF INF INF INF INF INF INF INF INF INF INF INF INF INF INF INF INF INF INF INF INF INF INF INF INF INF INF INF INF INF INF INF INF INF INF INF INF INF INF INF INF INF INF INF INF INF INF INF INF INF INF INF INF INF INF INF INF INF INF INF INF INF INF INF INF INF INF INF INF INF INF INF INF INF INF INF INF INF INF INF INF INF INF INF INF INF INF INF INF INF INF INF INF INF INF INF INF INF INF INF INF INF INF INF INF INF INF INF INF INF INF INF INF INF INF INF INF INF INF INF INF INF INF INF INF INF INF INF INF INF INF INF INF INF INF INF INF INF INF INF INF INF INF INF INF INF INF INF INF INF INF INF INF INF INF INF INF INF INF INF INF INF INF INF INF INF INF INF INF INF INF INF INF INF INF INF INF INF INF INF INF INF INF INF INF INF INF INF INF INF INF INF INF INF INF INF INF INF INF INF INF INF INF INF INF INF INF INF INF INF INF INF INF INF INF INF INF INF INF INF INF INF INF INF INF INF INF INF INF INF INF INF INF INF INF INF INF INF INF INF INF INF INF INF INF INF INF INF INF INF INF INF INF INF INF INF INF INF INF INF INF INF INF INF INF INF INF INF INF INF INF INF INF INF INF INF INF INF INF INF INF INF INF INF INF INF INF INF INF INF INF INF INF INF INF INF INF INF INF INF INF INF INF INF INF INF INF INF INF INF INF INF INF INF INF INF INF INF INF INF INF INF INF INF INF INF INF INF INF INF INF INF INF INF INF INF INF INF INF INF INF INF INF INF INF INF INF INF 0 3 1 4 5 2 5 3 6 7 4 7 5 8 9 6 9 7 10 11 8 11 9 12 13 10 13 11 14 15 12 15 13 16 17 14 17 15 18 19 16 19 17 20 21 18 21 19 22 23 20 23 21 24 25 22 25 23 26 27 24 27 25 28 29 26 29 27 30 31 28 31 29 32 33 30 33 31 34 35 32 35 33 36 37 34 37 35 38 39 36 39 37 40 41 38 41 39 42 43 40 43 41 44 45 42 45 43 46 47 44
INF INF INF INF INF INF INF INF INF INF INF INF INF INF INF INF INF INF INF INF INF INF INF INF INF INF INF INF INF INF INF INF INF INF INF INF INF INF INF INF INF INF INF INF INF INF INF INF INF INF INF INF INF INF INF INF INF INF INF INF INF INF INF INF INF INF INF INF INF INF INF INF INF INF INF INF INF INF INF INF INF INF INF INF INF INF INF INF INF INF INF INF INF INF INF INF INF INF INF INF INF INF INF INF INF INF INF INF INF INF INF INF INF INF INF INF INF INF INF INF INF INF INF INF INF INF INF INF INF INF INF INF INF INF INF INF INF INF INF INF INF INF INF INF INF INF INF INF INF INF INF INF INF INF INF INF INF INF INF INF INF INF INF INF INF INF INF INF INF INF INF INF INF INF INF INF INF INF INF INF INF INF INF INF INF INF INF INF INF INF INF INF INF INF INF INF INF INF INF INF INF INF INF INF INF INF INF INF INF INF INF INF INF INF INF INF INF INF INF INF INF INF INF INF INF INF INF INF INF INF INF INF INF INF INF INF INF INF INF INF INF INF INF INF INF INF INF INF INF INF INF INF INF INF INF INF INF INF INF INF INF INF INF INF INF INF INF INF INF INF INF INF INF INF INF INF INF INF INF INF INF INF INF INF INF INF INF INF INF INF INF INF INF INF INF INF INF INF INF INF INF INF INF INF INF INF INF INF INF INF INF INF INF INF INF INF INF INF INF INF INF INF INF INF INF INF INF INF INF INF INF INF INF INF INF INF INF INF INF INF INF INF INF INF INF INF INF INF INF INF INF INF INF INF INF INF INF INF INF INF INF INF INF INF INF INF INF INF INF INF INF INF INF INF INF INF INF INF INF INF INF INF INF INF INF INF INF INF INF INF 0 -2 1 2 5 2 0 3 4 7 4 2 5 6 9 6 4 7 8 11 8 6 9 10 13 10 8 11 12 15 12 10 13 14 17 14 12 15 16 19 16 14 17 18 21 18 16 19 20 23 20 18 21 22 25 22 20 23 24 27 24 22 25 26 29 26 24 27 28 31 28 26 29 30 33 30 28 31 32 35 32 30 33 34 37 34 32 35 36 39 36 34 37 38 41 38 36 39 40 43 40 38 41 42 45 42 40 43 44 47
INF INF INF INF INF INF INF INF INF INF INF INF INF INF INF INF INF INF INF INF INF INF INF INF INF INF INF INF INF INF INF INF INF INF INF INF INF INF INF INF INF INF INF INF INF INF INF INF INF INF INF INF INF INF INF INF INF INF INF INF INF INF INF INF INF INF INF INF INF INF INF INF INF INF INF INF INF INF INF INF INF INF INF INF INF INF INF INF INF INF INF INF INF INF INF INF INF INF INF INF INF INF INF INF INF INF INF INF INF INF INF INF INF INF INF INF INF INF INF INF INF INF INF INF INF INF INF INF INF INF INF INF INF INF INF INF INF INF INF INF INF INF INF INF INF INF INF INF INF INF INF INF INF INF INF INF INF INF INF INF INF INF INF INF INF INF INF INF INF INF INF INF INF INF INF INF INF INF INF INF INF INF INF INF INF INF INF INF INF INF INF INF INF INF INF INF INF INF INF INF INF INF INF INF INF INF INF INF INF INF INF INF INF INF INF INF INF INF INF INF INF INF INF INF INF INF INF INF INF INF INF INF INF INF INF INF INF INF INF INF INF INF INF INF INF INF INF INF INF INF INF INF INF INF INF INF INF INF INF INF INF INF INF INF INF INF INF INF INF INF INF INF INF INF INF INF INF INF INF INF INF INF INF INF INF INF INF INF INF INF INF INF INF INF INF INF INF INF INF INF INF INF INF INF INF INF INF INF INF INF INF INF INF INF INF INF INF INF INF INF INF INF INF INF INF INF INF INF INF INF INF INF INF INF INF INF INF INF INF INF INF INF INF INF INF INF INF INF INF INF INF INF INF INF INF INF INF INF INF INF INF INF INF INF INF INF INF INF INF INF INF INF INF INF INF INF INF INF INF INF INF INF INF INF INF INF INF INF INF INF INF 0 3 4 7 8 2 5 6 9 10 4 7 8 11 12 6 9 10 13 14 8 11 12 15 16 10 13 14 17 18 12 15 16 19 20 14 17 18 21 22 16 19 20 23 24 18 21 22 25 26 20 23 24 27 28 22 25 26 29 30 24 27 28 31 32 26 29 30 33 34 28 31 32 35 36 30 33 34 37 38 32 35 36 39 40 34 37 38 41 42 36 39 40 43 44 38 41 42 45 46 40 43 44 47 48 42 45 46 49
INF INF INF INF INF INF INF INF INF INF INF INF INF INF INF INF INF INF INF INF INF INF INF INF INF INF INF INF INF INF INF INF INF INF INF INF INF INF INF INF INF INF INF INF INF INF INF INF INF INF INF INF INF INF INF INF INF INF INF INF INF INF INF INF INF INF INF INF INF INF INF INF INF INF INF INF INF INF INF INF INF INF INF INF INF INF INF INF INF INF INF INF INF INF INF INF INF INF INF INF INF INF INF INF INF INF INF INF INF INF INF INF INF INF INF INF INF INF INF INF INF INF INF INF INF INF INF INF INF INF INF INF INF INF INF INF INF INF INF INF INF INF INF INF INF INF INF INF INF INF INF INF INF INF INF INF INF INF INF INF INF INF INF INF INF INF INF INF INF INF INF INF INF INF INF INF INF INF INF INF INF INF INF INF INF INF INF INF INF INF INF INF INF INF INF INF INF INF INF INF INF INF INF INF INF INF INF INF INF INF INF INF INF INF INF INF INF INF INF INF INF INF INF INF INF INF INF INF INF INF INF INF INF INF INF INF INF INF INF INF INF INF INF INF INF INF INF INF INF INF INF INF INF INF INF INF INF INF INF INF INF INF INF INF INF INF INF INF INF INF INF INF INF INF INF INF INF INF INF INF INF INF INF INF INF INF INF INF INF INF INF INF INF INF INF INF INF INF INF INF INF INF INF INF INF INF INF INF INF INF INF INF INF INF INF INF INF INF INF INF INF INF INF INF INF INF INF INF INF INF INF INF INF INF INF INF INF INF INF INF INF INF INF INF INF INF INF INF INF INF INF INF INF INF INF INF INF INF INF INF INF INF INF INF INF INF INF INF INF INF INF INF INF INF INF INF INF INF INF INF INF INF INF INF INF INF INF INF INF INF INF INF 0 3 4 7 5 2 5 6 9 7 4 7 8 11 9 6 9 10 13 11 8 11 12 15 13 10 13 14 17 15 12 15 16 19 17 14 17 18 21 19 16 19 20 23 21 18 21 22 25 23 20 23 24 27 25 22 25 26 29 27 24 27 28 31 29 26 29 30 33 31 28 31 32 35 33 30 33 34 37 35 32 35 36 39 37 34 37 38 41 39 36 39 40 43 41 38 41 42 45 43 40 43 44 47 45 42 45 46
INF INF INF INF INF INF INF INF INF INF INF INF INF INF INF INF INF INF INF INF INF INF INF INF INF INF INF INF INF INF INF INF INF INF INF INF INF INF INF INF INF INF INF INF INF INF INF INF INF INF INF INF INF INF INF INF INF INF INF INF INF INF INF INF INF INF INF INF INF INF INF INF INF INF INF INF INF INF INF INF INF INF INF INF INF INF INF INF INF INF INF INF INF INF INF INF INF INF INF INF INF INF INF INF INF INF INF INF INF INF INF INF INF INF INF INF INF INF INF INF INF INF INF INF INF INF INF INF INF INF INF INF INF INF INF INF INF INF INF INF INF INF INF INF INF INF INF INF INF INF INF INF INF INF INF INF INF INF INF INF INF INF INF INF INF INF INF INF INF INF INF INF INF INF INF INF INF INF INF INF INF INF INF INF INF INF INF INF INF INF INF INF INF INF INF INF INF INF INF INF INF INF INF INF INF INF INF INF INF INF INF INF INF INF INF INF INF INF INF INF INF INF INF INF INF INF INF INF INF INF INF INF INF INF INF INF INF INF INF INF INF INF INF INF INF INF INF INF INF INF INF INF INF INF INF INF INF INF INF INF INF INF INF INF INF INF INF INF INF INF INF INF INF INF INF INF INF INF INF INF INF INF INF INF INF INF INF INF INF INF INF INF INF INF INF INF INF INF INF INF INF INF INF INF INF INF INF INF INF INF INF INF INF INF INF INF INF INF INF INF INF INF INF INF INF INF INF INF INF INF INF INF INF INF INF INF INF INF INF INF INF INF INF INF INF INF INF INF INF INF INF INF INF INF INF INF INF INF INF INF INF INF INF INF INF INF INF INF INF INF INF INF INF INF INF INF INF INF INF INF INF INF INF INF INF INF INF INF INF INF INF INF INF 0 3 4 2 5 2 5 6 4 7 4 7 8 6 9 6 9 10 8 11 8 11 12 10 13 10 13 14 12 15 12 15 16 14 17 14 17 18 16 19 16 19 20 18 21 18 21 22 20 23 20 23 24 22 25 22 25 26 24 27 24 27 28 26 29 26 29 30 28 31 28 31 32 30 33 30 33 34 32 35 32 35 36 34 37 34 37 38 36 39 36 39 40 38 41 38 41 42 40 43 40 43 44 42 45 42 45
INF INF INF INF INF INF INF INF INF INF INF INF INF INF INF INF INF INF INF INF INF INF INF INF INF INF INF INF INF INF INF INF INF INF INF INF INF INF INF INF INF INF INF INF INF INF INF INF INF INF INF INF INF INF INF INF INF INF INF INF INF INF INF INF INF INF INF INF INF INF INF INF INF INF INF INF INF INF INF INF INF INF INF INF INF INF INF INF INF INF INF INF INF INF INF INF INF INF INF INF INF INF INF INF INF INF INF INF INF INF INF INF INF INF INF INF INF INF INF INF INF INF INF INF INF INF INF INF INF INF INF INF INF INF INF INF INF INF INF INF INF INF INF INF INF INF INF INF INF INF INF INF INF INF INF INF INF INF INF INF INF INF INF INF INF INF INF INF INF INF INF INF INF INF INF INF INF INF INF INF INF INF INF INF INF INF INF INF INF INF INF INF INF INF INF INF INF INF INF INF INF INF INF INF INF INF INF INF INF INF INF INF INF INF INF INF INF INF INF INF INF INF INF INF INF INF INF INF INF INF INF INF INF INF INF INF INF INF INF INF INF INF INF INF INF INF INF INF INF INF INF INF INF INF INF INF INF INF INF INF INF INF INF INF INF INF INF INF INF INF INF INF INF INF INF INF INF INF INF INF INF INF INF INF INF INF INF INF INF INF INF INF INF INF INF INF INF INF INF INF INF INF INF INF INF INF INF INF INF INF INF INF INF INF INF INF INF INF INF INF INF INF INF INF INF INF INF INF INF INF INF INF INF INF INF INF INF INF INF INF INF INF INF INF INF INF INF INF INF INF INF INF INF INF INF INF INF INF INF INF INF INF INF INF INF INF INF INF INF INF INF INF INF INF INF INF INF INF INF INF INF INF INF INF INF INF INF INF INF INF INF INF INF INF 0 3 1 4 5 2 5 3 6 7 4 7 5 8 9 6 9 7 10 11 8 11 9 12 13 10 13 11 14 15 12 15 13 16 17 14 17 15 18 19 16 19 17 20 21 18 21 19 22 23 20 23 21 24 25 22 25 23 26 27 24 27 25 28 29 26 29 27 30 31 28 31 29 32 33 30 33 31 34 35 32 35 33 36 37 34 37 35 38 39 36 39 37 40 41 38 41 39 42 43 40 43 41 44 45 42
INF INF INF INF INF INF INF INF INF INF INF INF INF INF INF INF INF INF INF INF INF INF INF INF INF INF INF INF INF INF INF INF INF INF INF INF INF INF INF INF INF INF INF INF INF INF INF INF INF INF INF INF INF INF INF INF INF INF INF INF INF INF INF INF INF INF INF INF INF INF INF INF INF INF INF INF INF INF INF INF INF INF INF INF INF INF INF INF INF INF INF INF INF INF INF INF INF INF INF INF INF INF INF INF INF INF INF INF INF INF INF INF INF INF INF INF INF INF INF INF INF INF INF INF INF INF INF INF INF INF INF INF INF INF INF INF INF INF INF INF INF INF INF INF INF INF INF INF INF INF INF INF INF INF INF INF INF INF INF INF INF INF INF INF INF INF INF INF INF INF INF INF INF INF INF INF INF INF INF INF INF INF INF INF INF INF INF INF INF INF INF INF INF INF INF INF INF INF INF INF INF INF INF INF INF INF INF INF INF INF INF INF INF INF INF INF INF INF INF INF INF INF INF INF INF INF INF INF INF INF INF INF INF INF INF INF INF INF INF INF INF INF INF INF INF INF INF INF INF INF INF INF INF INF INF INF INF INF INF INF INF INF INF INF INF INF INF INF INF INF INF INF INF INF INF INF INF INF INF INF INF INF INF INF INF INF INF INF INF INF INF INF INF INF INF INF INF INF INF INF INF INF INF INF INF INF INF INF INF INF INF INF INF INF INF INF INF INF INF INF INF INF INF INF INF INF INF INF INF INF INF INF INF INF INF INF INF INF INF INF INF INF INF INF INF INF INF INF INF INF INF INF INF INF INF INF INF INF INF INF INF INF INF INF INF INF INF INF INF INF INF INF INF INF INF INF INF INF INF INF INF INF INF INF INF INF INF INF INF INF INF INF INF INF INF 0 -2 1 2 5 2 0 3 4 7 4 2 5 6 9 6 4 7 8 11 8 6 9 10 13 10 8 11 12 15 12 10 13 14 17 14 12 15 16 19 16 14 17 18 21 18 16 19 20 23 20 18 21 22 25 22 20 23 24 27 24 22 25 26 29 26 24 27 28 31 28 26 29 30 33 30 28 31 32 35 32 30 33 34 37 34 32 35 36 39 36 34 37 38 41 38 36 39 40 43 40 38 41 42 45
INF INF INF INF INF INF INF INF INF INF INF INF INF INF INF INF INF INF INF INF INF INF INF INF INF INF INF INF INF INF INF INF INF INF INF INF INF INF INF INF INF INF INF INF INF INF INF INF INF INF INF INF INF INF INF INF INF INF INF INF INF INF INF INF INF INF INF INF INF INF INF INF INF INF INF INF INF INF INF INF INF INF INF INF INF INF INF INF INF INF INF INF INF INF INF INF INF INF INF INF INF INF INF INF INF INF INF INF INF INF INF INF INF INF INF INF INF INF INF INF INF INF INF INF INF INF INF INF INF INF INF INF INF INF INF INF INF INF INF INF INF INF INF INF INF INF INF INF INF INF INF INF INF INF INF INF INF INF INF INF INF INF INF INF INF INF INF INF INF INF INF INF INF INF INF INF INF INF INF INF INF INF INF INF INF INF INF INF INF INF INF INF INF INF INF INF INF INF INF INF INF INF INF INF INF INF INF INF INF INF INF INF INF INF INF INF INF INF INF INF INF INF INF INF INF INF INF INF INF INF INF INF INF INF INF INF INF INF INF INF INF INF INF INF INF INF INF INF INF INF INF INF INF INF INF INF INF INF INF INF INF INF INF INF INF INF INF INF INF INF INF INF INF INF INF INF INF INF INF INF INF INF INF INF INF INF INF INF INF INF INF INF INF INF INF INF INF INF INF INF INF INF INF INF INF INF INF INF INF INF INF INF INF INF INF INF INF INF INF INF INF INF INF INF INF INF INF INF INF INF INF INF INF INF INF INF INF INF INF INF INF INF INF INF INF INF INF INF INF INF INF INF INF INF INF INF INF INF INF INF INF INF INF INF INF INF INF INF INF INF INF INF INF INF INF INF INF INF INF INF INF INF INF INF INF INF INF INF INF INF INF INF INF INF INF INF 0 3 4 7 8 2 5 6 9 10 4 7 8 11 12 6 9 10 13 14 8 11 12 15 16 10 13 14 17 18 12 15 16 19 20 14 17 18 21 22 16 19 20 23 24 18 21 22 25 26 20 23 24 27 28 22 25 26 29 30 24 27 28 31 32 26 29 30 33 34 28 31 32 35 36 30 33 34 37 38 32 35 36 39 40 34 37 38 41 42 36 39 40 43 44 38 41 42 45 46 40 43 44 47
INF INF INF INF INF INF INF INF INF INF INF INF INF INF INF INF INF INF INF INF INF INF INF INF INF INF INF INF INF INF INF INF INF INF INF INF INF INF INF INF INF INF INF INF INF INF INF INF INF INF INF INF INF INF INF INF INF INF INF INF INF INF INF INF INF INF INF INF INF INF INF INF INF INF INF INF INF INF INF INF INF INF INF INF INF INF INF INF INF INF INF INF INF INF INF INF INF INF INF INF INF INF INF INF INF INF INF INF INF INF INF INF INF INF INF INF INF INF INF INF INF INF INF INF INF INF INF INF INF INF INF INF INF INF INF INF INF INF INF INF INF INF INF INF INF INF INF INF INF INF INF INF INF INF INF INF INF INF INF INF INF INF INF INF INF INF INF INF INF INF INF INF INF INF INF INF INF INF INF INF INF INF INF INF INF INF INF INF INF INF INF INF INF INF INF INF INF INF INF INF INF INF INF INF INF INF INF INF INF INF INF INF INF INF INF INF INF INF INF INF INF INF INF INF INF INF INF INF INF INF INF INF INF INF INF INF INF INF INF INF INF INF INF INF INF INF INF INF INF INF INF INF INF INF INF INF INF INF INF INF INF INF INF INF INF INF INF INF INF INF INF INF INF INF INF INF INF INF INF INF INF INF INF INF INF INF INF INF INF INF INF INF INF INF INF INF INF INF INF INF INF INF INF INF INF INF INF INF INF INF INF INF INF INF INF INF INF INF INF INF INF INF INF INF INF INF INF INF INF INF INF INF INF INF INF INF INF INF INF INF INF INF INF INF INF INF INF INF INF INF INF INF INF INF INF INF INF INF INF INF INF INF INF INF INF INF INF INF INF INF INF INF INF INF INF INF INF INF INF INF INF INF INF INF INF INF INF INF INF INF INF INF INF INF INF INF INF 0 3 4 7 5 2 5 6 9 7 4 7 8 11 9 6 9 10 13 11 8 11 12 15 13 10 13 14 17 15 12 15 16 19 17 14 17 18 21 19 16 19 20 23 21 18 21 22 25 23 20 23 24 27 25 22 25 26 29 27 24 27 28 31 29 26 29 30 33 31 28 31 32 35 33 30 33 34 37 35 32 35 36 39 37 34 37 38 41 39 36 39 40 43 41 38 41 42 45 43 40 43 44
INF INF INF INF INF INF INF INF INF INF INF INF INF INF INF INF INF INF INF INF INF INF INF INF INF INF INF INF INF INF INF INF INF INF INF INF INF INF INF INF INF INF INF INF INF INF INF INF INF INF INF INF INF INF INF INF INF INF INF INF INF INF INF INF INF INF INF INF INF INF INF INF INF INF INF INF INF INF INF INF INF INF INF INF INF INF INF INF INF INF INF INF INF INF INF INF INF INF INF INF INF INF INF INF INF INF INF INF INF INF INF INF INF INF INF INF INF INF INF INF INF INF INF INF INF INF INF INF INF INF INF INF INF INF INF INF INF INF INF INF INF INF INF INF INF INF INF INF INF INF INF INF INF INF INF INF INF INF INF INF INF INF INF INF INF INF INF INF INF INF INF INF INF INF INF INF INF INF INF INF INF INF INF INF INF INF INF INF INF INF INF INF INF INF INF INF INF INF INF INF INF INF INF INF INF INF INF INF INF INF INF INF INF INF INF INF INF INF INF INF INF INF INF INF INF INF INF INF INF INF INF INF INF INF INF INF INF INF INF INF INF INF INF INF INF INF INF INF INF INF INF INF INF INF INF INF INF INF INF INF INF INF INF INF INF INF INF INF INF INF INF INF INF INF INF INF INF INF INF INF INF INF INF INF INF INF INF INF INF INF INF INF INF INF INF INF INF INF INF INF INF INF INF INF INF INF INF INF INF INF INF INF INF INF INF INF INF INF INF INF INF INF INF INF INF INF INF INF INF INF INF INF INF INF INF INF INF INF INF INF INF INF INF INF INF INF INF INF INF INF INF INF INF INF INF INF INF INF INF INF INF INF INF INF INF INF INF INF INF INF INF INF INF INF INF INF INF INF INF INF INF INF INF INF INF INF INF INF INF INF INF INF INF INF INF INF INF INF 0 3 4 2 5 2 5 6 4 7 4 7 8 6 9 6 9 10 8 11 8 11 12 10 13 10 13 14 12 15 12 15 16 14 17 14 17 18 16 19 16 19 20 18 21 18 21 22 20 23 20 23 24 22 25 22 25 26 24 27 24 27 28 26 29 26 29 30 28 31 28 31 32 30 33 30 33 34 32 35 32 35 36 34 37 34 37 38 36 39 36 39 40 38 41 38 41 42 40 43 40 43
INF INF INF INF INF INF INF INF INF INF INF INF INF INF INF INF INF INF INF INF INF INF INF INF INF INF INF INF INF INF INF INF INF INF INF INF INF INF INF INF INF INF INF INF INF INF INF INF INF INF INF INF INF INF INF INF INF INF INF INF INF INF INF INF INF INF INF INF INF INF INF INF INF INF INF INF INF INF INF INF INF INF INF INF INF INF INF INF INF INF INF INF INF INF INF INF INF INF INF INF INF INF INF INF INF INF INF INF INF INF INF INF INF INF INF INF INF INF INF INF INF INF INF INF INF INF INF INF INF INF INF INF INF INF INF INF INF INF INF INF INF INF INF INF INF INF INF INF INF INF INF INF INF INF INF INF INF INF INF INF INF INF INF INF INF INF INF INF INF INF INF INF INF INF INF INF INF INF INF INF INF INF INF INF INF INF INF INF INF INF INF INF INF INF INF INF INF INF INF INF INF INF INF INF INF INF INF INF INF INF INF INF INF INF INF INF INF INF INF INF INF INF INF INF INF INF INF INF INF INF INF INF INF INF INF INF INF INF INF INF INF INF INF INF INF INF INF INF INF INF INF INF INF INF INF INF INF INF INF INF INF INF INF INF INF INF INF INF INF INF INF INF INF INF INF INF INF INF INF INF INF INF INF INF INF INF INF INF INF INF INF INF INF INF INF INF INF INF INF INF INF INF INF INF INF INF INF INF INF INF INF INF INF INF INF INF INF INF INF INF INF INF INF INF INF INF INF INF INF INF INF INF INF INF INF INF INF INF INF INF INF INF INF INF INF INF INF INF INF INF INF INF INF INF INF INF INF INF INF INF INF INF INF INF INF INF INF INF INF INF INF INF INF INF INF INF INF INF INF INF INF INF INF INF INF INF INF INF INF INF INF INF INF INF INF INF INF INF INF 0 3 1 4 5 2 5 3 6 7 4 7 5 8 9 6 9 7 10 11 8 11 9 12 13 10 13 11 14 15 12 15 13 16 17 14 17 15 18 19 16 19 17 20 21 18 21 19 22 23 20 23 21 24 25 22 25 23 26 27 24 27 25 28 29 26 29 27 30 31 28 31 29 32 33 30 33 31 34 35 32 35 33 36 37 34 37 35 38 39 36 39 37 40 41 38 41 39 42 43 40
INF INF INF INF INF INF INF INF INF INF INF INF INF INF INF INF INF INF INF INF INF INF INF INF INF INF INF INF INF INF INF INF INF INF INF INF INF INF INF INF INF INF INF INF INF INF INF INF INF INF INF INF INF INF INF INF INF INF INF INF INF INF INF INF INF INF INF INF INF INF INF INF INF INF INF INF INF INF INF INF INF INF INF INF INF INF INF INF INF INF INF INF INF INF INF INF INF INF INF INF INF INF INF INF INF INF INF INF INF INF INF INF INF INF INF INF INF INF INF INF INF INF INF INF INF INF INF INF INF INF INF INF INF INF INF INF INF INF INF INF INF INF INF INF INF INF INF INF INF INF INF INF INF INF INF INF INF INF INF INF INF INF INF INF INF INF INF INF INF INF INF INF INF INF INF INF INF INF INF INF INF INF INF INF INF INF INF INF INF INF INF INF INF INF INF INF INF INF INF INF INF INF INF INF INF INF INF INF INF INF INF INF INF INF INF INF INF INF INF INF INF INF INF INF INF INF INF INF INF INF INF INF INF INF INF INF INF INF INF INF INF INF INF INF INF INF INF INF INF INF INF INF INF INF INF INF INF INF INF INF INF INF INF INF INF INF INF INF INF INF INF INF INF INF INF INF INF INF INF INF INF INF INF INF INF INF INF INF INF INF INF INF INF INF INF INF INF INF INF INF INF INF INF INF INF INF INF INF INF INF INF INF INF INF INF INF INF INF INF INF INF INF INF INF INF INF INF INF INF INF INF INF INF INF INF INF INF INF INF INF INF INF INF INF INF INF INF INF INF INF INF INF INF INF INF INF INF INF INF INF INF INF INF INF INF INF INF INF INF INF INF INF INF INF INF INF INF INF INF INF INF INF INF INF INF INF INF INF INF INF INF INF INF INF INF INF INF INF INF INF 0 -2 1 2 5 2 0 3 4 7 4 2 5 6 9 6 4 7 8 11 8 6 9 10 13 10 8 11 12 15 12 10 13 14 17 14 12 15 16 19 16 14 17 18 21 18 16 19 20 23 20 18 21 22 25 22 20 23 24 27 24 22 25 26 29 26 24 27 28 31 28 26 29 30 33 30 28 31 32 35 32 30 33 34 37 34 32 35 36 39 36 34 37 38 41 38 36 39 40 43
INF INF INF INF INF INF INF INF INF INF INF INF INF INF INF INF INF INF INF INF INF INF INF INF INF INF INF INF INF INF INF INF INF INF INF INF INF INF INF INF INF INF INF INF INF INF INF INF INF INF INF INF INF INF INF INF INF INF INF INF INF INF INF INF INF INF INF INF INF INF INF INF INF INF INF INF INF INF INF INF INF INF INF INF INF INF INF INF INF INF INF INF INF INF INF INF INF INF INF INF INF INF INF INF INF INF INF INF INF INF INF INF INF INF INF INF INF INF INF INF INF INF INF INF INF INF INF INF INF INF INF INF INF INF INF INF INF INF INF INF INF INF INF INF INF INF INF INF INF INF INF INF INF INF INF INF INF INF INF INF INF INF INF INF INF INF INF INF INF INF INF INF INF INF INF INF INF INF INF INF INF INF INF INF INF INF INF INF INF INF INF INF INF INF INF INF INF INF INF INF INF INF INF INF INF INF INF INF INF INF INF INF INF INF INF INF INF INF INF INF INF INF INF INF INF INF INF INF INF INF INF INF INF INF INF INF INF INF INF INF INF INF INF INF INF INF INF INF INF INF INF INF INF INF INF INF INF INF INF INF INF INF INF INF INF INF INF INF INF INF INF INF INF INF INF INF INF INF INF INF INF INF INF INF INF INF INF INF INF INF INF INF INF INF INF INF INF INF INF INF INF INF INF INF INF INF INF INF INF INF INF INF INF INF INF INF INF INF INF INF INF INF INF INF INF INF INF INF INF INF INF INF INF INF INF INF INF INF INF INF INF INF INF INF INF INF INF INF INF INF INF INF INF INF INF INF INF INF INF INF INF INF INF INF INF INF INF INF INF INF INF INF INF INF INF INF INF INF INF INF INF INF INF INF INF INF INF INF INF INF INF INF INF INF INF INF INF INF INF INF INF 0 3 4 7 8 2 5 6 9 10 4 7 8 11 12 6 9 10 13 14 8 11 12 15 16 10 13 14 17 18 12 15 16 19 20 14 17 18 21 22 16 19 20 23 24 18 21 22 25 26 20 23 24 27 28 22 25 26 29 30 24 27 28 31 32 26 29 30 33 34 28 31 32 35 36 30 33 34 37 38 32 35 36 39 40 34 37 38 41 42 36 39 40 43 44 38 41 42 45
INF INF INF INF INF INF INF INF INF INF INF INF INF INF INF INF INF INF INF INF INF INF INF INF INF INF INF INF INF INF INF INF INF INF INF INF INF INF INF INF INF INF INF INF INF INF INF INF INF INF INF INF INF INF INF INF INF INF INF INF INF INF INF INF INF INF INF INF INF INF INF INF INF INF INF INF INF INF INF INF INF INF INF INF INF INF INF INF INF INF INF INF INF INF INF INF INF INF INF INF INF INF INF INF INF INF INF INF INF INF INF INF INF INF INF INF INF INF INF INF INF INF INF INF INF INF INF INF INF INF INF INF INF INF INF INF INF INF INF INF INF INF INF INF INF INF INF INF INF INF INF INF INF INF INF INF INF INF INF INF INF INF INF INF INF INF INF INF INF INF INF INF INF INF INF INF INF INF INF INF INF INF INF INF INF INF INF INF INF INF INF INF INF INF INF INF INF INF INF INF INF INF INF INF INF INF INF INF INF INF INF INF INF INF INF INF INF INF INF INF INF INF INF INF INF INF INF INF INF INF INF INF INF INF INF INF INF INF INF INF INF INF INF INF INF INF INF INF INF INF INF INF INF INF INF INF INF INF INF INF INF INF INF INF INF INF INF INF INF INF INF INF INF INF INF INF INF INF INF INF INF INF INF INF INF INF INF INF INF INF INF INF INF INF INF INF INF INF INF INF INF INF INF INF INF INF INF INF INF INF INF INF INF INF INF INF INF INF INF INF INF INF INF INF INF INF INF INF INF INF INF INF INF INF INF INF INF INF INF INF INF INF INF INF INF INF INF INF INF INF INF INF INF INF INF INF INF INF INF INF INF INF INF INF INF INF INF INF INF INF INF INF INF INF INF INF INF INF INF INF INF INF INF INF INF INF INF INF INF INF INF INF INF INF INF INF INF INF INF INF INF INF 0 3 4 7 5 2 5 6 9 7 4 7 8 11 9 6 9 10 13 11 8 11 12 15 13 10 13 14 17 15 12 15 16 19 17 14 17 18 21 19 16 19 20 23 21 18 21 22 25 23 20 23 24 27 25 22 25 26 29 27 24 27 28 31 29 26 29 30 33 31 28 31 32 35 33 30 33 34 37 35 32 35 36 39 37 34 37 38 41 39 36 39 40 43 41 38 41 42
INF INF INF INF INF INF INF INF INF INF INF INF INF INF INF INF INF INF INF INF INF INF INF INF INF INF INF INF INF INF INF INF INF INF INF INF INF INF INF INF INF INF INF INF INF INF INF INF INF INF INF INF INF INF INF INF INF INF INF INF INF INF INF INF INF INF INF INF INF INF INF INF INF INF INF INF INF INF INF INF INF INF INF INF INF INF INF INF INF INF INF INF INF INF INF INF INF INF INF INF INF INF INF INF INF INF INF INF INF INF INF INF INF INF INF INF INF INF INF INF INF INF INF INF INF INF INF INF INF INF INF INF INF INF INF INF INF INF INF INF INF INF INF INF INF INF INF INF INF INF INF INF INF INF INF INF INF INF INF INF INF INF INF INF INF INF INF INF INF INF INF INF INF INF INF INF INF INF INF INF INF INF INF INF INF INF INF INF INF INF INF INF INF INF INF INF INF INF INF INF INF INF INF INF INF INF INF INF INF INF INF INF INF INF INF INF INF INF INF INF INF INF INF INF INF INF INF INF INF INF INF INF INF INF INF INF INF INF INF INF INF INF INF INF INF INF INF INF INF INF INF INF INF INF INF INF INF INF INF INF INF INF INF INF INF INF INF INF INF INF INF INF INF INF INF INF INF INF INF INF INF INF INF INF INF INF INF INF INF INF INF INF INF INF INF INF INF INF INF INF INF INF INF INF INF INF INF INF INF INF INF INF INF INF INF INF INF INF INF INF INF INF INF INF INF INF INF INF INF INF INF INF INF INF INF INF INF INF INF INF INF INF INF INF INF INF INF INF INF INF INF INF INF INF INF INF INF INF INF INF INF INF INF INF INF INF INF INF INF INF INF INF INF INF INF INF INF INF INF INF INF INF INF INF INF INF INF INF INF INF INF INF INF INF INF INF INF INF INF INF INF INF INF 0 3 4 2 5 2 5 6 4 7 4 7 8 6 9 6 9 10 8 11 8 11 12 10 13 10 13 14 12 15 12 15 16 14 17 14 17 18 16 19 16 19 20 18 21 18 21 22 20 23 20 23 24 22 25 22 25 26 24 27 24 27 28 26 29 26 29 30 28 31 28 31 32 30 33 30 33 34 32 35 32 35 36 34 37 34 37 38 36 39 36 39 40 38 41 38 41
INF INF INF INF INF INF INF INF INF INF INF INF INF INF INF INF INF INF INF INF INF INF INF INF INF INF INF INF INF INF INF INF INF INF INF INF INF INF INF INF INF INF INF INF INF INF INF INF INF INF INF INF INF INF INF INF INF INF INF INF INF INF INF INF INF INF INF INF INF INF INF INF INF INF INF INF INF INF INF INF INF INF INF INF INF INF INF INF INF INF INF INF INF INF INF INF INF INF INF INF INF INF INF INF INF INF INF INF INF INF INF INF INF INF INF INF INF INF INF INF INF INF INF INF INF INF INF INF INF INF INF INF INF INF INF INF INF INF INF INF INF INF INF INF INF INF INF INF INF INF INF INF INF INF INF INF INF INF INF INF INF INF INF INF INF INF INF INF INF INF INF INF INF INF INF INF INF INF INF INF INF INF INF INF INF INF INF INF INF INF INF INF INF INF INF INF INF INF INF INF INF INF INF INF INF INF INF INF INF INF INF INF INF INF INF INF INF INF INF INF INF INF INF INF INF INF INF INF INF INF INF INF INF INF INF INF INF INF INF INF INF INF INF INF INF INF INF INF INF INF INF INF INF INF INF INF INF INF INF INF INF INF INF INF INF INF INF INF INF INF INF INF INF INF INF INF INF INF INF INF INF INF INF INF INF INF INF INF INF INF INF INF INF INF INF INF INF INF INF INF INF INF INF INF INF INF INF INF INF INF INF INF INF INF INF INF INF INF INF INF INF INF INF INF INF INF INF INF INF INF INF INF INF INF INF INF INF INF INF INF INF INF INF INF INF INF INF INF INF INF INF INF INF INF INF INF INF INF INF INF INF INF INF INF INF INF INF INF INF INF INF INF INF INF INF INF INF INF INF INF INF INF INF INF INF INF INF INF INF INF INF INF INF INF INF INF INF INF INF INF INF INF INF INF 0 3 1 4 5 2 5 3 6 7 4 7 5 8 9 6 9 7 10 11 8 11 9 12 13 10 13 11 14 15 12 15 13 16 17 14 17 15 18 19 16 19 17 20 21 18 21 19 22 23 20 23 21 24 25 22 25 23 26 27 24 27 25 28 29 26 29 27 30 31 28 31 29 32 33 30 33 31 34 35 32 35 33 36 37 34 37 35 38 39 36 39 37 40 41 38
INF INF INF INF INF INF INF INF INF INF INF INF INF INF INF INF INF INF INF INF INF INF INF INF INF INF INF INF INF INF INF INF INF INF INF INF INF INF INF INF INF INF INF INF INF INF INF INF INF INF INF INF INF INF INF INF INF INF INF INF INF INF INF INF INF INF INF INF INF INF INF INF INF INF INF INF INF INF INF INF INF INF INF INF INF INF INF INF INF INF INF INF INF INF INF INF INF INF INF INF INF INF INF INF INF INF INF INF INF INF INF INF INF INF INF INF INF INF INF INF INF INF INF INF INF INF INF INF INF INF INF INF INF INF INF INF INF INF INF INF INF INF INF INF INF INF INF INF INF INF INF INF INF INF INF INF INF INF INF INF INF INF INF INF INF INF INF INF INF INF INF INF INF INF INF INF INF INF INF INF INF INF INF INF INF INF INF INF INF INF INF INF INF INF INF INF INF INF INF INF INF INF INF INF INF INF INF INF INF INF INF INF INF INF INF INF INF INF INF INF INF INF INF INF INF INF INF INF INF INF INF INF INF INF INF INF INF INF INF INF INF INF INF INF INF INF INF INF INF INF INF INF INF INF INF INF INF INF INF INF INF INF INF INF INF INF INF INF INF INF INF INF INF INF INF INF INF INF INF INF INF INF INF INF INF INF INF INF INF INF INF INF INF INF INF INF INF INF INF INF INF INF INF INF INF INF INF INF INF INF INF INF INF INF INF INF INF INF INF INF INF INF INF INF INF INF INF INF INF INF INF INF INF INF INF INF INF INF INF INF INF INF INF INF INF INF INF INF INF INF INF INF INF INF INF INF INF INF INF INF INF INF INF INF INF INF INF INF INF INF INF INF INF INF INF INF INF INF INF INF INF INF INF INF INF INF INF INF INF INF INF INF INF INF INF INF INF INF INF INF INF INF INF INF INF 0 -2 1 2 5 2 0 3 4 7 4 2 5 6 9 6 4 7 8 11 8 6 9 10 13 10 8 11 12 15 12 10 13 14 17 14 12 15 16 19 16 14 17 18 21 18 16 19 20 23 20 18 21 22 25 22 20 23 24 27 24 22 25 26 29 26 24 27 28 31 28 26 29 30 33 30 28 31 32 35 32 30 33 34 37 34 32 35 36 39 36 34 37 38 41
INF INF INF INF INF INF INF INF INF INF INF INF INF INF INF INF INF INF INF INF INF INF INF INF INF INF INF INF INF INF INF INF INF INF INF INF INF INF INF INF INF INF INF INF INF INF INF INF INF INF INF INF INF INF INF INF INF INF INF INF INF INF INF INF INF INF INF INF INF INF INF INF INF INF INF INF INF INF INF INF INF INF INF INF INF INF INF INF INF INF INF INF INF INF INF INF INF INF INF INF INF INF INF INF INF INF INF INF INF INF INF INF INF INF INF INF INF INF INF INF INF INF INF INF INF INF INF INF INF INF INF INF INF INF INF INF INF INF INF INF INF INF INF INF INF INF INF INF INF INF INF INF INF INF INF INF INF INF INF INF INF INF INF INF INF INF INF INF INF INF INF INF INF INF INF INF INF INF INF INF INF INF INF INF INF INF INF INF INF INF INF INF INF INF INF INF INF INF INF INF INF INF INF INF INF INF INF INF INF INF INF INF INF INF INF INF INF INF INF INF INF INF INF INF INF INF INF INF INF INF INF INF INF INF INF INF INF INF INF INF INF INF INF INF INF INF INF INF INF INF INF INF INF INF INF INF INF INF INF INF INF INF INF INF INF INF INF INF INF INF INF INF INF INF INF INF INF INF INF INF INF INF INF INF INF INF INF INF INF INF INF INF INF INF INF INF INF INF INF INF INF INF INF INF INF INF INF INF INF INF INF INF INF INF INF INF INF INF INF INF INF INF INF INF INF INF INF INF INF INF INF INF INF INF INF INF INF INF INF INF INF INF INF INF INF INF INF INF INF INF INF INF INF INF INF INF INF INF INF INF INF INF INF INF INF INF INF INF INF INF INF INF INF INF INF INF INF INF INF INF INF INF INF INF INF INF INF INF INF INF INF INF INF INF INF INF INF INF INF INF INF INF INF INF INF INF 0 3 4 7 8 2 5 6 9 10 4 7 8 11 12 6 9 10 13 14 8 11 12 15 16 10 13 14 17 18 12 15 16 19 20 14 17 18 21 22 16 19 20 23 24 18 21 22 25 26 20 23 24 27 28 22 25 26 29 30 24 27 28 31 32 26 29 30 33 34 28 31 32 35 36 30 33 34 37 38 32 35 36 39 40 34 37 38 41 42 36 39 40 43
INF INF INF INF INF INF INF INF INF INF INF INF INF INF INF INF INF INF INF INF INF INF INF INF INF INF INF INF INF INF INF INF INF INF INF INF INF INF INF INF INF INF INF INF INF INF INF INF INF INF INF INF INF INF INF INF INF INF INF INF INF INF INF INF INF INF INF INF INF INF INF INF INF INF INF INF INF INF INF INF INF INF INF INF INF INF INF INF INF INF INF INF INF INF INF INF INF INF INF INF INF INF INF INF INF INF INF INF INF INF INF INF INF INF INF INF INF INF INF INF INF INF INF INF INF INF INF INF INF INF INF INF INF INF INF INF INF INF INF INF INF INF INF INF INF INF INF INF INF INF INF INF INF INF INF INF INF INF INF INF INF INF INF INF INF INF INF INF INF INF INF INF INF INF INF INF INF INF INF INF INF INF INF INF INF INF INF INF INF INF INF INF INF INF INF INF INF INF INF INF INF INF INF INF INF INF INF INF INF INF INF INF INF INF INF INF INF INF INF INF INF INF INF INF INF INF INF INF INF INF INF INF INF INF INF INF INF INF INF INF INF INF INF INF INF INF INF INF INF INF INF INF INF INF INF INF INF INF INF INF INF INF INF INF INF INF INF INF INF INF INF INF INF INF INF INF INF INF INF INF INF INF INF INF INF INF INF INF INF INF INF INF INF INF INF INF INF INF INF INF INF INF INF INF INF INF INF INF INF INF INF INF INF INF INF INF INF INF INF INF INF INF INF INF INF INF INF INF INF INF INF INF INF INF INF INF INF INF INF INF INF INF INF INF INF INF INF INF INF INF INF INF INF INF INF INF INF INF INF INF INF INF INF INF INF INF INF INF INF INF INF INF INF INF INF INF INF INF INF INF INF INF INF INF INF INF INF INF INF INF INF INF INF INF INF INF INF INF INF INF INF INF INF INF INF INF INF 0 3 4 7 5 2 5 6 9 7 4 7 8 11 9 6 9 10 13 11 8 11 12 15 13 10 13 14 17 15 12 15 16 19 17 14 17 18 21 19 16 19 20 23 21 18 21 22 25 23 20 23 24 27 25 22 25 26 29 27 24 27 28 31 29 26 29 30 33 31 28 31 32 35 33 30 33 34 37 35 32 35 36 39 37 34 37 38 41 39 36 39 40
INF INF INF INF INF INF INF INF INF INF INF INF INF INF INF INF INF INF INF INF INF INF INF INF INF INF INF INF INF INF INF INF INF INF INF INF INF INF INF INF INF INF INF INF INF INF INF INF INF INF INF INF INF INF INF INF INF INF INF INF INF INF INF INF INF INF INF INF INF INF INF INF INF INF INF INF INF INF INF INF INF INF INF INF INF INF INF INF INF INF INF INF INF INF INF INF INF INF INF INF INF INF INF INF INF INF INF INF INF INF INF INF INF INF INF INF INF INF INF INF INF INF INF INF INF INF INF INF INF INF INF INF INF INF INF INF INF INF INF INF INF INF INF INF INF INF INF INF INF INF INF INF INF INF INF INF INF INF INF INF INF INF INF INF INF INF INF INF INF INF INF INF INF INF INF INF INF INF INF INF INF INF INF INF INF INF INF INF INF INF INF INF INF INF INF INF INF INF INF INF INF INF INF INF INF INF INF INF INF INF INF INF INF INF INF INF INF INF INF INF INF INF INF INF INF INF INF INF INF INF INF INF INF INF INF INF INF INF INF INF INF INF INF INF INF INF INF INF INF INF INF INF INF INF INF INF INF INF INF INF INF INF INF INF INF INF INF INF INF INF INF INF INF INF INF INF INF INF INF INF INF INF INF INF INF INF INF INF INF INF INF INF INF INF INF INF INF INF INF INF INF INF INF INF INF INF INF INF INF INF INF INF INF INF INF INF INF INF INF INF INF INF INF INF INF INF INF INF INF INF INF INF INF INF INF INF INF INF INF INF INF INF INF INF INF INF INF INF INF INF INF INF INF INF INF INF INF INF INF INF INF INF INF INF INF INF INF INF INF INF INF INF INF INF INF INF INF INF INF INF INF INF INF INF INF INF INF INF INF INF INF INF INF INF INF INF INF INF INF INF INF INF INF INF INF INF INF INF 0 3 4 2 5 2 5 6 4 7 4 7 8 6 9 6 9 10 8 11 8 11 12 10 13 10 13 14 12 15 12 15 16 14 17 14 17 18 16 19 16 19 20 18 21 18 21 22 20 23 20 23 24 22 25 22 25 26 24 27 24 27 28 26 29 26 29 30 28 31 28 31 32 30 33 30 33 34 32 35 32 35 36 34 37 34 37 38 36 39 36 39
INF INF INF INF INF INF INF INF INF INF INF INF INF INF INF INF INF INF INF INF INF INF INF INF INF INF INF INF INF INF INF INF INF INF INF INF INF INF INF INF INF INF INF INF INF INF INF INF INF INF INF INF INF INF INF INF INF INF INF INF INF INF INF INF INF INF INF INF INF INF INF INF INF INF INF INF INF INF INF INF INF INF INF INF INF INF INF INF INF INF INF INF INF INF INF INF INF INF INF INF INF INF INF INF INF INF INF INF INF INF INF INF INF INF INF INF INF INF INF INF INF INF INF INF INF INF INF INF INF INF INF INF INF INF INF INF INF INF INF INF INF INF INF INF INF INF INF INF INF INF INF INF INF INF INF INF INF INF INF INF INF INF INF INF INF INF INF INF INF INF INF INF INF INF INF INF INF INF INF INF INF INF INF INF INF INF INF INF INF INF INF INF INF INF INF INF INF INF INF INF INF INF INF INF INF INF INF INF INF INF INF INF INF INF INF INF INF INF INF INF INF INF INF INF INF INF INF INF INF INF INF INF INF INF INF INF INF INF INF INF INF INF INF INF INF INF INF INF INF INF INF INF INF INF INF INF INF INF INF INF INF INF INF INF INF INF INF INF INF INF INF INF INF INF INF INF INF INF INF INF INF INF INF INF INF INF INF INF INF INF INF INF INF INF INF INF INF INF INF INF INF INF INF INF INF INF INF INF INF INF INF INF INF INF INF INF INF INF INF INF INF INF INF INF INF INF INF INF INF INF INF INF INF INF INF INF INF INF INF INF INF INF INF INF INF INF INF INF INF INF INF INF INF INF INF INF INF INF INF INF INF INF INF INF INF INF INF INF INF INF INF INF INF INF INF INF INF INF INF INF INF INF INF INF INF INF INF INF INF INF INF INF INF INF INF INF INF INF INF INF INF INF INF INF INF INF INF INF INF 0 3 1 4 5 2 5 3 6 7 4 7 5 8 9 6 9 7 10 11 8 11 9 12 13 10 13 11 14 15 12 15 13 16 17 14 17 15 18 19 16 19 17 20 21 18 21 19 22 23 20 23 21 24 25 22 25 23 26 27 24 27 25 28 29 26 29 27 30 31 28 31 29 32 33 30 33 31 34 35 32 35 33 36 37 34 37 35 38 39 36
INF INF INF INF INF INF INF INF INF INF INF INF INF INF INF INF INF INF INF INF INF INF INF INF INF INF INF INF INF INF INF INF INF INF INF INF INF INF INF INF INF INF INF INF INF INF INF INF INF INF INF INF INF INF INF INF INF INF INF INF INF INF INF INF INF INF INF INF INF INF INF INF INF INF INF INF INF INF INF INF INF INF INF INF INF INF INF INF INF INF INF INF INF INF INF INF INF INF INF INF INF INF INF INF INF INF INF INF INF INF INF INF INF INF INF INF INF INF INF INF INF INF INF INF INF INF INF INF INF INF INF INF INF INF INF INF INF INF INF INF INF INF INF INF INF INF INF INF INF INF INF INF INF INF INF INF INF INF INF INF INF INF INF INF INF INF INF INF INF INF INF INF INF INF INF INF INF INF INF INF INF INF INF INF INF INF INF INF INF INF INF INF INF INF INF INF INF INF INF INF INF INF INF INF INF INF INF INF INF INF INF INF INF INF INF INF INF INF INF INF INF INF INF INF INF INF INF INF INF INF INF INF INF INF INF INF INF INF INF INF INF INF INF INF INF INF INF INF INF INF INF INF INF INF INF INF INF INF INF INF INF INF INF INF INF INF INF INF INF INF INF INF INF INF INF INF INF INF INF INF INF INF INF INF INF INF INF INF INF INF INF INF INF INF INF INF INF INF INF INF INF INF INF INF INF INF INF INF INF INF INF INF INF INF INF INF INF INF INF INF INF INF INF INF INF INF INF INF INF INF INF INF INF INF INF INF INF INF INF INF INF INF INF INF INF INF INF INF INF INF INF INF INF INF INF INF INF INF INF INF INF INF INF INF INF INF INF INF INF INF INF INF INF INF INF INF INF INF INF INF INF INF INF INF INF INF INF INF INF INF INF INF INF INF INF INF INF INF INF INF INF INF INF INF INF INF INF INF INF INF 0 -2 1 2 5 2 0 3 4 7 4 2 5 6 9 6 4 7 8 11 8 6 9 10 13 10 8 11 12 15 12 10 13 14 17 14 12 15 16 19 16 14 17 18 21 18 16 19 20 23 20 18 21 22 25 22 20 23 24 27 24 22 25 26 29 26 24 27 28 31 28 26 29 30 33 30 28 31 32 35 32 30 33 34 37 34 32 35 36 39
INF INF INF INF INF INF INF INF INF INF INF INF INF INF INF INF INF INF INF INF INF INF INF INF INF INF INF INF INF INF INF INF INF INF INF INF INF INF INF INF INF INF INF INF INF INF INF INF INF INF INF INF INF INF INF INF INF INF INF INF INF INF INF INF INF INF INF INF INF INF INF INF INF INF INF INF INF INF INF INF INF INF INF INF INF INF INF INF INF INF INF INF INF INF INF INF INF INF INF INF INF INF INF INF INF INF INF INF INF INF INF INF INF INF INF INF INF INF INF INF INF INF INF INF INF INF INF INF INF INF INF INF INF INF INF INF INF INF INF INF INF INF INF INF INF INF INF INF INF INF INF INF INF INF INF INF INF INF INF INF INF INF INF INF INF INF INF INF INF INF INF INF INF INF INF INF INF INF INF INF INF INF INF INF INF INF INF INF INF INF INF INF INF INF INF INF INF INF INF INF INF INF INF INF INF INF INF INF INF INF INF INF INF INF INF INF INF INF INF INF INF INF INF INF INF INF INF INF INF INF INF INF INF INF INF INF INF INF INF INF INF INF INF INF INF INF INF INF INF INF INF INF INF INF INF INF INF INF INF INF INF INF INF INF INF INF INF INF INF INF INF INF INF INF INF INF INF INF INF INF INF INF INF INF INF INF INF INF INF INF INF INF INF INF INF INF INF INF INF INF INF INF INF INF INF INF INF INF INF INF INF INF INF INF INF INF INF INF INF INF INF INF INF INF INF INF INF INF INF INF INF INF INF INF INF INF INF INF INF INF INF INF INF INF INF INF INF INF INF INF INF INF INF INF INF INF INF INF INF INF INF INF INF INF INF INF INF INF INF INF INF INF INF INF INF INF INF INF INF INF INF INF INF INF INF INF INF INF INF INF INF INF INF INF INF INF INF INF INF INF INF INF INF INF INF INF INF INF INF INF INF 0 3 4 7 8 2 5 6 9 10 4 7 8 11 12 6 9 10 13 14 8 11 12 15 16 10 13 14 17 18 12 15 16 19 20 14 17 18 21 22 16 19 20 23 24 18 21 22 25 26 20 23 24 27 28 22 25 26 29 30 24 27 28 31 32 26 29 30 33 34 28 31 32 35 36 30 33 34 37 38 32 35 36 39 40 34 37 38 41
INF INF INF INF INF INF INF INF INF INF INF INF INF INF INF INF INF INF INF INF INF INF INF INF INF INF INF INF INF INF INF INF INF INF INF INF INF INF INF INF INF INF INF INF INF INF INF INF INF INF INF INF INF INF INF INF INF INF INF INF INF INF INF INF INF INF INF INF INF INF INF INF INF INF INF INF INF INF INF INF INF INF INF INF INF INF INF INF INF INF INF INF INF INF INF INF INF INF INF INF INF INF INF INF INF INF INF INF INF INF INF INF INF INF INF INF INF INF INF INF INF INF INF INF INF INF INF INF INF INF INF INF INF INF INF INF INF INF INF INF INF INF INF INF INF INF INF INF INF INF INF INF INF INF INF INF INF INF INF INF INF INF INF INF INF INF INF INF INF INF INF INF INF INF INF INF INF INF INF INF INF INF INF INF INF INF INF INF INF INF INF INF INF INF INF INF INF INF INF INF INF INF INF INF INF INF INF INF INF INF INF INF INF INF INF INF INF INF INF INF INF INF INF INF INF INF INF INF INF INF INF INF INF INF INF INF INF INF INF INF INF INF INF INF INF INF INF INF INF INF INF INF INF INF INF INF INF INF INF INF INF INF INF INF INF INF INF INF INF INF INF INF INF INF INF INF INF INF INF INF INF INF INF INF INF INF INF INF INF INF INF INF INF INF INF INF INF INF INF INF INF INF INF INF INF INF INF INF INF INF INF INF INF INF INF INF INF INF INF INF INF INF INF INF INF INF INF INF INF INF INF INF INF INF INF INF INF INF INF INF INF INF INF INF INF INF INF INF INF INF INF INF INF INF INF INF INF INF INF INF INF INF INF INF INF INF INF INF INF INF INF INF INF INF INF INF INF INF INF INF INF INF INF INF INF INF INF INF INF INF INF INF INF INF INF INF INF INF INF INF INF INF INF INF INF INF INF INF INF INF INF INF 0 3 4 7 5 2 5 6 9 7 4 7 8 11 9 6 9 10 13 11 8 11 12 15 13 10 13 14 17 15 12 15 16 19 17 14 17 18 21 19 16 19 20 23 21 18 21 22 25 23 20 23 24 27 25 22 25 26 29 27 24 27 28 31 29 26 29 30 33 31 28 31 32 35 33 30 33 34 37 35 32 35 36 39 37 34 37 38
INF INF INF INF INF INF INF INF INF INF INF INF INF INF INF INF INF INF INF INF INF INF INF INF INF INF INF INF INF INF INF INF INF INF INF INF INF INF INF INF INF INF INF INF INF INF INF INF INF INF INF INF INF INF INF INF INF INF INF INF INF INF INF INF INF INF INF INF INF INF INF INF INF INF INF INF INF INF INF INF INF INF INF INF INF INF INF INF INF INF INF INF INF INF INF INF INF INF INF INF INF INF INF INF INF INF INF INF INF INF INF INF INF INF INF INF INF INF INF INF INF INF INF INF INF INF INF INF INF INF INF INF INF INF INF INF INF INF INF INF INF INF INF INF INF INF INF INF INF INF INF INF INF INF INF INF INF INF INF INF INF INF INF INF INF INF INF INF INF INF INF INF INF INF INF INF INF INF INF INF INF INF INF INF INF INF INF INF INF INF INF INF INF INF INF INF INF INF INF INF INF INF INF INF INF INF INF INF INF INF INF INF INF INF INF INF INF INF INF INF INF INF INF INF INF INF INF INF INF INF INF INF INF INF INF INF INF INF INF INF INF INF INF INF INF INF INF INF INF INF INF INF INF INF INF INF INF INF INF INF INF INF INF INF INF INF INF INF INF INF INF INF INF INF INF INF INF INF INF INF INF INF INF INF INF INF INF INF INF INF INF INF INF INF INF INF INF INF INF INF INF INF INF INF INF INF INF INF INF INF INF INF INF INF INF INF INF INF INF INF INF INF INF INF INF INF INF INF INF INF INF INF INF INF INF INF INF INF INF INF INF INF INF INF INF INF INF INF INF INF INF INF INF INF INF INF INF INF INF INF INF INF INF INF INF INF INF INF INF INF INF INF INF INF INF INF INF INF INF INF INF INF INF INF INF INF INF INF INF INF INF INF INF INF INF INF INF INF INF INF INF INF INF INF INF INF INF INF INF INF INF INF INF 0 3 4 2 5 2 5 6 4 7 4 7 8 6 9 6 9 10 8 11 8 11 12 10 13 10 13 14 12 15 12 15 16 14 17 14 17 18 16 19 16 19 20 18 21 18 21 22 20 23 20 23 24 22 25 22 25 26 24 27 24 27 28 26 29 26 29 30 28 31 28 31 32 30 33 30 33 34 32 35 32 35 36 34 37 34 37
INF INF INF INF INF INF INF INF INF INF INF INF INF INF INF INF INF INF INF INF INF INF INF INF INF INF INF INF INF INF INF INF INF INF INF INF INF INF INF INF INF INF INF INF INF INF INF INF INF INF INF INF INF INF INF INF INF INF INF INF INF INF INF INF INF INF INF INF INF INF INF INF INF INF INF INF INF INF INF INF INF INF INF INF INF INF INF INF INF INF INF INF INF INF INF INF INF INF INF INF INF INF INF INF INF INF INF INF INF INF INF INF INF INF INF INF INF INF INF INF INF INF INF INF INF INF INF INF INF INF INF INF INF INF INF INF INF INF INF INF INF INF INF INF INF INF INF INF INF INF INF INF INF INF INF INF INF INF INF INF INF INF INF INF INF INF INF INF INF INF INF INF INF INF INF INF INF INF INF INF INF INF INF INF INF INF INF INF INF INF INF INF INF INF INF INF INF INF INF INF INF INF INF INF INF INF INF INF INF INF INF INF INF INF INF INF INF INF INF INF INF INF INF INF INF INF INF INF INF INF INF INF INF INF INF INF INF INF INF INF INF INF INF INF INF INF INF INF INF INF INF INF INF INF INF INF INF INF INF INF INF INF INF INF INF INF INF INF INF INF INF INF INF INF INF INF INF INF INF INF INF INF INF INF INF INF INF INF INF INF INF INF INF INF INF INF INF INF INF INF INF INF INF INF INF INF INF INF INF INF INF INF INF INF INF INF INF INF INF INF INF INF INF INF INF INF INF INF INF INF INF INF INF INF INF INF INF INF INF INF INF INF INF INF INF INF INF INF INF INF INF INF INF INF INF INF INF INF INF INF INF INF INF INF INF INF INF INF INF INF INF INF INF INF INF INF INF INF INF INF INF INF INF INF INF INF INF INF INF INF INF INF INF INF INF INF INF INF INF INF INF INF INF INF INF INF INF INF INF INF INF INF INF INF 0 3 1 4 5 2 5 3 6 7 4 7 5 8 9 6 9 7 10 11 8 11 9 12 13 10 13 11 14 15 12 15 13 16 17 14 17 15 18 19 16 19 17 20 21 18 21 19 22 23 20 23 21 24 25 22 25 23 26 27 24 27 25 28 29 26 29 27 30 31 28 31 29 32 33 30 33 31 34 35 32 35 33 36 37 34
INF INF INF INF INF INF INF INF INF INF INF INF INF INF INF INF INF INF INF INF INF INF INF INF INF INF INF INF INF INF INF INF INF INF INF INF INF INF INF INF INF INF INF INF INF INF INF INF INF INF INF INF INF INF INF INF INF INF INF INF INF INF INF INF INF INF INF INF INF INF INF INF INF INF INF INF INF INF INF INF INF INF INF INF INF INF INF INF INF INF INF INF INF INF INF INF INF INF INF INF INF INF INF INF INF INF INF INF INF INF INF INF INF INF INF INF INF INF INF INF INF INF INF INF INF INF INF INF INF INF INF INF INF INF INF INF INF INF INF INF INF INF INF INF INF INF INF INF INF INF INF INF INF INF INF INF INF INF INF INF INF INF INF INF INF INF INF INF INF INF INF INF INF INF INF INF INF INF INF INF INF INF INF INF INF INF INF INF INF INF INF INF INF INF INF INF INF INF INF INF INF INF INF INF INF INF INF INF INF INF INF INF INF INF INF INF INF INF INF INF INF INF INF INF INF INF INF INF INF INF INF INF INF INF INF INF INF INF INF INF INF INF INF INF INF INF INF INF INF INF INF INF INF INF INF INF INF INF INF INF INF INF INF INF INF INF INF INF INF INF INF INF INF INF INF INF INF INF INF INF INF INF INF INF INF INF INF INF INF INF INF INF INF INF INF INF INF INF INF INF INF INF INF INF INF INF INF INF INF INF INF INF INF INF INF INF INF INF INF INF INF INF INF INF INF INF INF INF INF INF INF INF INF INF INF INF INF INF INF INF INF INF INF INF INF INF INF INF INF INF INF INF INF INF INF INF INF INF INF INF INF INF INF INF INF INF INF INF INF INF INF INF INF INF INF INF INF INF INF INF INF INF INF INF INF INF INF INF INF INF INF INF INF INF INF INF INF INF INF INF INF INF INF INF INF INF INF INF INF INF INF INF INF INF INF 0 -2 1 2 5 2 0 3 4 7 4 2 5 6 9 6 4 7 8 11 8 6 9 10 13 10 8 11 12 15 12 10 13 14 17 14 12 15 16 19 16 14 17 18 21 18 16 19 20 23 20 18 21 22 25 22 20 23 24 27 24 22 25 26 29 26 24 27 28 31 28 26 29 30 33 30 28 31 32 35 32 30 33 34 37
INF INF INF INF INF INF INF INF INF INF INF INF INF INF INF INF INF INF INF INF INF INF INF INF INF INF INF INF INF INF INF INF INF INF INF INF INF INF INF INF INF INF INF INF INF INF INF INF INF INF INF INF INF INF INF INF INF INF INF INF INF INF INF INF INF INF INF INF INF INF INF INF INF INF INF INF INF INF INF INF INF INF INF INF INF INF INF INF INF INF INF INF INF INF INF INF INF INF INF INF INF INF INF INF INF INF INF INF INF INF INF INF INF INF INF INF INF INF INF INF INF INF INF INF INF INF INF INF INF INF INF INF INF INF INF INF INF INF INF INF INF INF INF INF INF INF INF INF INF INF INF INF INF INF INF INF INF INF INF INF INF INF INF INF INF INF INF INF INF INF INF INF INF INF INF INF INF INF INF INF INF INF INF INF INF INF INF INF INF INF INF INF INF INF INF INF INF INF INF INF INF INF INF INF INF INF INF INF INF INF INF INF INF INF INF INF INF INF INF INF INF INF INF INF INF INF INF INF INF INF INF INF INF INF INF INF INF INF INF INF INF INF INF INF INF INF INF INF INF INF INF INF INF INF INF INF INF INF INF INF INF INF INF INF INF INF INF INF INF INF INF INF INF INF INF INF INF INF INF INF INF INF INF INF INF INF INF INF INF INF INF INF INF INF INF INF INF INF INF INF INF INF INF INF INF INF INF INF INF INF INF INF INF INF INF INF INF INF INF INF INF INF INF INF INF INF INF INF INF INF INF INF INF INF INF INF INF INF INF INF INF INF INF INF INF INF INF INF INF INF INF INF INF INF INF INF INF INF INF INF INF INF INF INF INF INF INF INF INF INF INF INF INF INF INF INF INF INF INF INF INF INF INF INF INF INF INF INF INF INF INF INF INF INF INF INF INF INF INF INF INF INF INF INF INF INF INF INF INF INF INF INF INF INF INF INF 0 3 4 7 8 2 5 6 9 10 4 7 8 11 12 6 9 10 13 14 8 11 12 15 16 10 13 14 17 18 12 15 16 19 20 14 17 18 21 22 16 19 20 23 24 18 21 22 25 26 20 23 24 27 28 22 25 26 29 30 24 27 28 31 32 26 29 30 33 34 28 31 32 35 36 30 33 34 37 38 32 35 36 39
INF INF INF INF INF INF INF INF INF INF INF INF INF INF INF INF INF INF INF INF INF INF INF INF INF INF INF INF INF INF INF INF INF INF INF INF INF INF INF INF INF INF INF INF INF INF INF INF INF INF INF INF INF INF INF INF INF INF INF INF INF INF INF INF INF INF INF INF INF INF INF INF INF INF INF INF INF INF INF INF INF INF INF INF INF INF INF INF INF INF INF INF INF INF INF INF INF INF INF INF INF INF INF INF INF INF INF INF INF INF INF INF INF INF INF INF INF INF INF INF INF INF INF INF INF INF INF INF INF INF INF INF INF INF INF INF INF INF INF INF INF INF INF INF INF INF INF INF INF INF INF INF INF INF INF INF INF INF INF INF INF INF INF INF INF INF INF INF INF INF INF INF INF INF INF INF INF INF INF INF INF INF INF INF INF INF INF INF INF INF INF INF INF INF INF INF INF INF INF INF INF INF INF INF INF INF INF INF INF INF INF INF INF INF INF INF INF INF INF INF INF INF INF INF INF INF INF INF INF INF INF INF INF INF INF INF INF INF INF INF INF INF INF INF INF INF INF INF INF INF INF INF INF INF INF INF INF INF INF INF INF INF INF INF INF INF INF INF INF INF INF INF INF INF INF INF INF INF INF INF INF INF INF INF INF INF INF INF INF INF INF INF INF INF INF INF INF INF INF INF INF INF INF INF INF INF INF INF INF INF INF INF INF INF INF INF INF INF INF INF INF INF INF INF INF INF INF INF INF INF INF INF INF INF INF INF INF INF INF INF INF INF INF INF INF INF INF INF INF INF INF INF INF INF INF INF INF INF INF INF INF INF INF INF INF INF INF INF INF INF INF INF INF INF INF INF INF INF INF INF INF INF INF INF INF INF INF INF INF INF INF INF INF INF INF INF INF INF INF INF INF INF INF INF INF INF INF INF INF INF INF INF INF INF INF INF INF 0 3 4 7 5 2 5 6 9 7 4 7 8 11 9 6 9 10 13 11 8 11 12 15 13 10 13 14 17 15 12 15 16 19 17 14 17 18 21 19 16 19 20 23 21 18 21 22 25 23 20 23 24 27 25 22 25 26 29 27 24 27 28 31 29 26 29 30 33 31 28 31 32 35 33 30 33 34 37 35 32 35 36
INF INF INF INF INF INF INF INF INF INF INF INF INF INF INF INF INF INF INF INF INF INF INF INF INF INF INF INF INF INF INF INF INF INF INF INF INF INF INF INF INF INF INF INF INF INF INF INF INF INF INF INF INF INF INF INF INF INF INF INF INF INF INF INF INF INF INF INF INF INF INF INF INF INF INF INF INF INF INF INF INF INF INF INF INF INF INF INF INF INF INF INF INF INF INF INF INF INF INF INF INF INF INF INF INF INF INF INF INF INF INF INF INF INF INF INF INF INF INF INF INF INF INF INF INF INF INF INF INF INF INF INF INF INF INF INF INF INF INF INF INF INF INF INF INF INF INF INF INF INF INF INF INF INF INF INF INF INF INF INF INF INF INF INF INF INF INF INF INF INF INF INF INF INF INF INF INF INF INF INF INF INF INF INF INF INF INF INF INF INF INF INF INF INF INF INF INF INF INF INF INF INF INF INF INF INF INF INF INF INF INF INF INF INF INF INF INF INF INF INF INF INF INF INF INF INF INF INF INF INF INF INF INF INF INF INF INF INF INF INF INF INF INF INF INF INF INF INF INF INF INF INF INF INF INF INF INF INF INF INF INF INF INF INF INF INF INF INF INF INF INF INF INF INF INF INF INF INF INF INF INF INF INF INF INF INF INF INF INF INF INF INF INF INF INF INF INF INF INF INF INF INF INF INF INF INF INF INF INF INF INF INF INF INF INF INF INF INF INF INF INF INF INF INF INF INF INF INF INF INF INF INF INF INF INF INF INF INF INF INF INF INF INF INF INF INF INF INF INF INF INF INF INF INF INF INF INF INF INF INF INF INF INF INF INF INF INF INF INF INF INF INF INF INF INF INF INF INF INF INF INF INF INF INF INF INF INF INF INF INF INF INF INF INF INF INF INF INF INF INF INF INF INF INF INF INF INF INF INF INF INF INF INF INF INF INF INF INF 0 3 4 2 5 2 5 6 4 7 4 7 8 6 9 6 9 10 8 11 8 11 12 10 13 10 13 14 12 15 12 15 16 14 17 14 17 18 16 19 16 19 20 18 21 18 21 22 20 23 20 23 24 22 25 22 25 26 24 27 24 27 28 26 29 26 29 30 28 31 28 31 32 30 33 30 33 34 32 35 32 35
INF INF INF INF INF INF INF INF INF INF INF INF INF INF INF INF INF INF INF INF INF INF INF INF INF INF INF INF INF INF INF INF INF INF INF INF INF INF INF INF INF INF INF INF INF INF INF INF INF INF INF INF INF INF INF INF INF INF INF INF INF INF INF INF INF INF INF INF INF INF INF INF INF INF INF INF INF INF INF INF INF INF INF INF INF INF INF INF INF INF INF INF INF INF INF INF INF INF INF INF INF INF INF INF INF INF INF INF INF INF INF INF INF INF INF INF INF INF INF INF INF INF INF INF INF INF INF INF INF INF INF INF INF INF INF INF INF INF INF INF INF INF INF INF INF INF INF INF INF INF INF INF INF INF INF INF INF INF INF INF INF INF INF INF INF INF INF INF INF INF INF INF INF INF INF INF INF INF INF INF INF INF INF INF INF INF INF INF INF INF INF INF INF INF INF INF INF INF INF INF INF INF INF INF INF INF INF INF INF INF INF INF INF INF INF INF INF INF INF INF INF INF INF INF INF INF INF INF INF INF INF INF INF INF INF INF INF INF INF INF INF INF INF INF INF INF INF INF INF INF INF INF INF INF INF INF INF INF INF INF INF INF INF INF INF INF INF INF INF INF INF INF INF INF INF INF INF INF INF INF INF INF INF INF INF INF INF INF INF INF INF INF INF INF INF INF INF INF INF INF INF INF INF INF INF INF INF INF INF INF INF INF INF INF INF INF INF INF INF INF INF INF INF INF INF INF INF INF INF INF INF INF INF INF INF INF INF INF INF INF INF INF INF INF INF INF INF INF INF INF INF INF INF INF INF INF INF INF INF INF INF INF INF INF INF INF INF INF INF INF INF INF INF INF INF INF INF INF INF INF INF INF INF INF INF INF INF INF INF INF INF INF INF INF INF INF INF INF INF INF INF INF INF INF INF INF INF INF INF INF INF INF INF INF INF INF INF INF INF 0 3 1 4 5 2 5 3 6 7 4 7 5 8 9 6 9 7 10 11 8 11 9 12 13 10 13 11 14 15 12 15 13 16 17 14 17 15 18 19 16 19 17 20 21 18 21 19 22 23 20 23 21 24 25 22 25 23 26 27 24 27 25 28 29 26 29 27 30 31 28 31 29 32 33 30 33 31 34 35 32
INF INF INF INF INF INF INF INF INF INF INF INF INF INF INF INF INF INF INF INF INF INF INF INF INF INF INF INF INF INF INF INF INF INF INF INF INF INF INF INF INF INF INF INF INF INF INF INF INF INF INF INF INF INF INF INF INF INF INF INF INF INF INF INF INF INF INF INF INF INF INF INF INF INF INF INF INF INF INF INF INF INF INF INF INF INF INF INF INF INF INF INF INF INF INF INF INF INF INF INF INF INF INF INF INF INF INF INF INF INF INF INF INF INF INF INF INF INF INF INF INF INF INF INF INF INF INF INF INF INF INF INF INF INF INF INF INF INF INF INF INF INF INF INF INF INF INF INF INF INF INF INF INF INF INF INF INF INF INF INF INF INF INF INF INF INF INF INF INF INF INF INF INF INF INF INF INF INF INF INF INF INF INF INF INF INF INF INF INF INF INF INF INF INF INF INF INF INF INF INF INF INF INF INF INF INF INF INF INF INF INF INF INF INF INF INF INF INF INF INF INF INF INF INF INF INF INF INF INF INF INF INF INF INF INF INF INF INF INF INF INF INF INF INF INF INF INF INF INF INF INF INF INF INF INF INF INF INF INF INF INF INF INF INF INF INF INF INF INF INF INF INF INF INF INF INF INF INF INF INF INF INF INF INF INF INF INF INF INF INF INF INF INF INF INF INF INF INF INF INF INF INF INF INF INF INF INF INF INF INF INF INF INF INF INF INF INF INF INF INF INF INF INF INF INF INF INF INF INF INF INF INF INF INF INF INF INF INF INF INF INF INF INF INF INF INF INF INF INF INF INF INF INF INF INF INF INF INF INF INF INF INF INF INF INF INF INF INF INF INF INF INF INF INF INF INF INF INF INF INF INF INF INF INF INF INF INF INF INF INF INF INF INF INF INF INF INF INF INF INF INF INF INF INF INF INF INF INF INF INF INF INF INF INF INF INF INF INF INF INF 0 -2 1 2 5 2 0 3 4 7 4 2 5 6 9 6 4 7 8 11 8 6 9 10 13 10 8 11 12 15 12 10 13 14 17 14 12 15 16 19 16 14 17 18 21 18 16 19 20 23 20 18 21 22 25 22 20 23 24 27 24 22 25 26 29 26 24 27 28 31 28 26 29 30 33 30 28 31 32 35
INF INF INF INF INF INF INF INF INF INF INF INF INF INF INF INF INF INF INF INF INF INF INF INF INF INF INF INF INF INF INF INF INF INF INF INF INF INF INF INF INF INF INF INF INF INF INF INF INF INF INF INF INF INF INF INF INF INF INF INF INF INF INF INF INF INF INF INF INF INF INF INF INF INF INF INF INF INF INF INF INF INF INF INF INF INF INF INF INF INF INF INF INF INF INF INF INF INF INF INF INF INF INF INF INF INF INF INF INF INF INF INF INF INF INF INF INF INF INF INF INF INF INF INF INF INF INF INF INF INF INF INF INF INF INF INF INF INF INF INF INF INF INF INF INF INF INF INF INF INF INF INF INF INF INF INF INF INF INF INF INF INF INF INF INF INF INF INF INF INF INF INF INF INF INF INF INF INF INF INF INF INF INF INF INF INF INF INF INF INF INF INF INF INF INF INF INF INF INF INF INF INF INF INF INF INF INF INF INF INF INF INF INF INF INF INF INF INF INF INF INF INF INF INF INF INF INF INF INF INF INF INF INF INF INF INF INF INF INF INF INF INF INF INF INF INF INF INF INF INF INF INF INF INF INF INF INF INF INF INF INF INF INF INF INF INF INF INF INF INF INF INF INF INF INF INF INF INF INF INF INF INF INF INF INF INF INF INF INF INF INF INF INF INF INF INF INF INF INF INF INF INF INF INF INF INF INF INF INF INF INF INF INF INF INF INF INF INF INF INF INF INF INF INF INF INF INF INF INF INF INF INF INF INF INF INF INF INF INF INF INF INF INF INF INF INF INF INF INF INF INF INF INF INF INF INF INF INF INF INF INF INF INF INF INF INF INF INF INF INF INF INF INF INF INF INF INF INF INF INF INF INF INF INF INF INF INF INF INF INF INF INF INF INF INF INF INF INF INF INF INF INF INF INF INF INF INF INF INF INF INF INF INF INF INF INF INF INF INF INF INF 0 3 4 7 8 2 5 6 9 10 4 7 8 11 12 6 9 10 13 14 8 11 12 15 16 10 13 14 17 18 12 15 16 19 20 14 17 18 21 22 16 19 20 23 24 18 21 22 25 26 20 23 24 27 28 22 25 26 29 30 24 27 28 31 32 26 29 30 33 34 28 31 32 35 36 30 33 34 37
INF INF INF INF INF INF INF INF INF INF INF INF INF INF INF INF INF INF INF INF INF INF INF INF INF INF INF INF INF INF INF INF INF INF INF INF INF INF INF INF INF INF INF INF INF INF INF INF INF INF INF INF INF INF INF INF INF INF INF INF INF INF INF INF INF INF INF INF INF INF INF INF INF INF INF INF INF INF INF INF INF INF INF INF INF INF INF INF INF INF INF INF INF INF INF INF INF INF INF INF INF INF INF INF INF INF INF INF INF INF INF INF INF INF INF INF INF INF INF INF INF INF INF INF INF INF INF INF INF INF INF INF INF INF INF INF INF INF INF INF INF INF INF INF INF INF INF INF INF INF INF INF INF INF INF INF INF INF INF INF INF INF INF INF INF INF INF INF INF INF INF INF INF INF INF INF INF INF INF INF INF INF INF INF INF INF INF INF INF INF INF INF INF INF INF INF INF INF INF INF INF INF INF INF INF INF INF INF INF INF INF INF INF INF INF INF INF INF INF INF INF INF INF INF INF INF INF INF INF INF INF INF INF INF INF INF INF INF INF INF INF INF INF INF INF INF INF INF INF INF INF INF INF INF INF INF INF INF INF INF INF INF INF INF INF INF INF INF INF INF INF INF INF INF INF INF INF INF INF INF INF INF INF INF INF INF INF INF INF INF INF INF INF INF INF INF INF INF INF INF INF INF INF INF INF INF INF INF INF INF INF INF INF INF INF INF INF INF INF INF INF INF INF INF INF INF INF INF INF INF INF INF INF INF INF INF INF INF INF INF INF INF INF INF INF INF INF INF INF INF INF INF INF INF INF INF INF INF INF INF INF INF INF INF INF INF INF INF INF INF INF INF INF INF INF INF INF INF INF INF INF INF INF INF INF INF INF INF INF INF INF INF INF INF INF INF INF INF INF INF INF INF INF INF INF INF INF INF INF INF INF INF INF INF INF INF INF INF INF INF INF INF 0 3 4 7 5 2 5 6 9 7 4 7 8 11 9 6 9 10 13 11 8 11 12 15 13 10 13 14 17 15 12 15 16 19 17 14 17 18 21 19 16 19 20 23 21 18 21 22 25 23 20 23 24 27 25 22 25 26 29 27 24 27 28 31 29 26 29 30 33 31 28 31 32 35 33 30 33 34
INF INF INF INF INF INF INF INF INF INF INF INF INF INF INF INF INF INF INF INF INF INF INF INF INF INF INF INF INF INF INF INF INF INF INF INF INF INF INF INF INF INF INF INF INF INF INF INF INF INF INF INF INF INF INF INF INF INF INF INF INF INF INF INF INF INF INF INF INF INF INF INF INF INF INF INF INF INF INF INF INF INF INF INF INF INF INF INF INF INF INF INF INF INF INF INF INF INF INF INF INF INF INF INF INF INF INF INF INF INF INF INF INF INF INF INF INF INF INF INF INF INF INF INF INF INF INF INF INF INF INF INF INF INF INF INF INF INF INF INF INF INF INF INF INF INF INF INF INF INF INF INF INF INF INF INF INF INF INF INF INF INF INF INF INF INF INF INF INF INF INF INF INF INF INF INF INF INF INF INF INF INF INF INF INF INF INF INF INF INF INF INF INF INF INF INF INF INF INF INF INF INF INF INF INF INF INF INF INF INF INF INF INF INF INF INF INF INF INF INF INF INF INF INF INF INF INF INF INF INF INF INF INF INF INF INF INF INF INF INF INF INF INF INF INF INF INF INF INF INF INF INF INF INF INF INF INF INF INF INF INF INF INF INF INF INF INF INF INF INF INF INF INF INF INF INF INF INF INF INF INF INF INF INF INF INF INF INF INF INF INF INF INF INF INF INF INF INF INF INF INF INF INF INF INF INF INF INF INF INF INF INF INF INF INF INF INF INF INF INF INF INF INF INF INF INF INF INF INF INF INF INF INF INF INF INF INF INF INF INF INF INF INF INF INF INF INF INF INF INF INF INF INF INF INF INF INF INF INF INF INF INF INF INF INF INF INF INF INF INF INF INF INF INF INF INF INF INF INF INF INF INF INF INF INF INF INF INF INF INF INF INF INF INF INF INF INF INF INF INF INF INF INF INF INF INF INF INF INF INF INF INF INF INF INF INF INF INF INF INF INF INF INF 0 3 4 2 5 2 5 6 4 7 4 7 8 6 9 6 9 10 8 11 8 11 12 10 13 10 13 14 12 15 12 15 16 14 17 14 17 18 16 19 16 19 20 18 21 18 21 22 20 23 20 23 24 22 25 22 25 26 24 27 24 27 28 26 29 26 29 30 28 31 28 31 32 30 33 30 33
INF INF INF INF INF INF INF INF INF INF INF INF INF INF INF INF INF INF INF INF INF INF INF INF INF INF INF INF INF INF INF INF INF INF INF INF INF INF INF INF INF INF INF INF INF INF INF INF INF INF INF INF INF INF INF INF INF INF INF INF INF INF INF INF INF INF INF INF INF INF INF INF INF INF INF INF INF INF INF INF INF INF INF INF INF INF INF INF INF INF INF INF INF INF INF INF INF INF INF INF INF INF INF INF INF INF INF INF INF INF INF INF INF INF INF INF INF INF INF INF INF INF INF INF INF INF INF INF INF INF INF INF INF INF INF INF INF INF INF INF INF INF INF INF INF INF INF INF INF INF INF INF INF INF INF INF INF INF INF INF INF INF INF INF INF INF INF INF INF INF INF INF INF INF INF INF INF INF INF INF INF INF INF INF INF INF INF INF INF INF INF INF INF INF INF INF INF INF INF INF INF INF INF INF INF INF INF INF INF INF INF INF INF INF INF INF INF INF INF INF INF INF INF INF INF INF INF INF INF INF INF INF INF INF INF INF INF INF INF INF INF INF INF INF INF INF INF INF INF INF INF INF INF INF INF INF INF INF INF INF INF INF INF INF INF INF INF INF INF INF INF INF INF INF INF INF INF INF INF INF INF INF INF INF INF INF INF INF INF INF INF INF INF INF INF INF INF INF INF INF INF INF INF INF INF INF INF INF INF INF INF INF INF INF INF INF INF INF INF INF INF INF INF INF INF INF INF INF INF INF INF INF INF INF INF INF INF INF INF INF INF INF INF INF INF INF INF INF INF INF INF INF INF INF INF INF INF INF INF INF INF INF INF INF INF INF INF INF INF INF INF INF INF INF INF INF INF INF INF INF INF INF INF INF INF INF INF INF INF INF INF INF INF INF INF INF INF INF INF INF INF INF INF INF INF INF INF INF INF INF INF INF INF INF INF INF INF INF INF INF INF INF INF INF 0 3 1 4 5 2 5 3 6 7 4 7 5 8 9 6 9 7 10 11 8 11 9 12 13 10 13 11 14 15 12 15 13 16 17 14 17 15 18 19 16 19 17 20 21 18 21 19 22 23 20 23 21 24 25 22 25 23 26 27 24 27 25 28 29 26 29 27 30 31 28 31 29 32 33 30
INF INF INF INF INF INF INF INF INF INF INF INF INF INF INF INF INF INF INF INF INF INF INF INF INF INF INF INF INF INF INF INF INF INF INF INF INF INF INF INF INF INF INF INF INF INF INF INF INF INF INF INF INF INF INF INF INF INF INF INF INF INF INF INF INF INF INF INF INF INF INF INF INF INF INF INF INF INF INF INF INF INF INF INF INF INF INF INF INF INF INF INF INF INF INF INF INF INF INF INF INF INF INF INF INF INF INF INF INF INF INF INF INF INF INF INF INF INF INF INF INF INF INF INF INF INF INF INF INF INF INF INF INF INF INF INF INF INF INF INF INF INF INF INF INF INF INF INF INF INF INF INF INF INF INF INF INF INF INF INF INF INF INF INF INF INF INF INF INF INF INF INF INF INF INF INF INF INF INF INF INF INF INF INF INF INF INF INF INF INF INF INF INF INF INF INF INF INF INF INF INF INF INF INF INF INF INF INF INF INF INF INF INF INF INF INF INF INF INF INF INF INF INF INF INF INF INF INF INF INF INF INF INF INF INF INF INF INF INF INF INF INF INF INF INF INF INF INF INF INF INF INF INF INF INF INF INF INF INF INF INF INF INF INF INF INF INF INF INF INF INF INF INF INF INF INF INF INF INF INF INF INF INF INF INF INF INF INF INF INF INF INF INF INF INF INF INF INF INF INF INF INF INF INF INF INF INF INF INF INF INF INF INF INF INF INF INF INF INF INF INF INF INF INF INF INF INF INF INF INF INF INF INF INF INF INF INF INF INF INF INF INF INF INF INF INF INF INF INF INF INF INF INF INF INF INF INF INF INF INF INF INF INF INF INF INF INF INF INF INF INF INF INF INF INF INF INF INF INF INF INF INF INF INF INF INF INF INF INF INF INF INF INF INF INF INF INF INF INF INF INF INF INF INF INF INF INF INF INF INF INF INF INF INF INF INF INF INF INF INF INF INF INF INF INF 0 -2 1 2 5 2 0 3 4 7 4 2 5 6 9 6 4 7 8 11 8 6 9 10 13 10 8 11 12 15 12 10 13 14 17 14 12 15 16 19 16 14 17 18 21 18 16 19 20 23 20 18 21 22 25 22 20 23 24 27 24 22 25 26 29 26 24 27 28 31 28 26 29 30 33
INF INF INF INF INF INF INF INF INF INF INF INF INF INF INF INF INF INF INF INF INF INF INF INF INF INF INF INF INF INF INF INF INF INF INF INF INF INF INF INF INF INF INF INF INF INF INF INF INF INF INF INF INF INF INF INF INF INF INF INF INF INF INF INF INF INF INF INF INF INF INF INF INF INF INF INF INF INF INF INF INF INF INF INF INF INF INF INF INF INF INF INF INF INF INF INF INF INF INF INF INF INF INF INF INF INF INF INF INF INF INF INF INF INF INF INF INF INF INF INF INF INF INF INF INF INF INF INF INF INF INF INF INF INF INF INF INF INF INF INF INF INF INF INF INF INF INF INF INF INF INF INF INF INF INF INF INF INF INF INF INF INF INF INF INF INF INF INF INF INF INF INF INF INF INF INF INF INF INF INF INF INF INF INF INF INF INF INF INF INF INF INF INF INF INF INF INF INF INF INF INF INF INF INF INF INF INF INF INF INF INF INF INF INF INF INF INF INF INF INF INF INF INF INF INF INF INF INF INF INF INF INF INF INF INF INF INF INF INF INF INF INF INF INF INF INF INF INF INF INF INF INF INF INF INF INF INF INF INF INF INF INF INF INF INF INF INF INF INF INF INF INF INF INF INF INF INF INF INF INF INF INF INF INF INF INF INF INF INF INF INF INF INF INF INF INF INF INF INF INF INF INF INF INF INF INF INF INF INF INF INF INF INF INF INF INF INF INF INF INF INF INF INF INF INF INF INF INF INF INF INF INF INF INF INF INF INF INF INF INF INF INF INF INF INF INF INF INF INF INF INF INF INF INF INF INF INF INF INF INF INF INF INF INF INF INF INF INF INF INF INF INF INF INF INF INF INF INF INF INF INF INF INF INF INF INF INF INF INF INF INF INF INF INF INF INF INF INF INF INF INF INF INF INF INF INF INF INF INF INF INF INF INF INF INF INF INF INF INF INF INF INF INF INF INF INF 0 3 4 7 8 2 5 6 9 10 4 7 8 11 12 6 9 10 13 14 8 11 12 15 16 10 13 14 17 18 12 15 16 19 20 14 17 18 21 22 16 19 20 23 24 18 21 22 25 26 20 23 24 27 28 22 25 26 29 30 24 27 28 31 32 26 29 30 33 34 28 31 32 35
INF INF INF INF INF INF INF INF INF INF INF INF INF INF INF INF INF INF INF INF INF INF INF INF INF INF INF INF INF INF INF INF INF INF INF INF INF INF INF INF INF INF INF INF INF INF INF INF INF INF INF INF INF INF INF INF INF INF INF INF INF INF INF INF INF INF INF INF INF INF INF INF INF INF INF INF INF INF INF INF INF INF INF INF INF INF INF INF INF INF INF INF INF INF INF INF INF INF INF INF INF INF INF INF INF INF INF INF INF INF INF INF INF INF INF INF INF INF INF INF INF INF INF INF INF INF INF INF INF INF INF INF INF INF INF INF INF INF INF INF INF INF INF INF INF INF INF INF INF INF INF INF INF INF INF INF INF INF INF INF INF INF INF INF INF INF INF INF INF INF INF INF INF INF INF INF INF INF INF INF INF INF INF INF INF INF INF INF INF INF INF INF INF INF INF INF INF INF INF INF INF INF INF INF INF INF INF INF INF INF INF INF INF INF INF INF INF INF INF INF INF INF INF INF INF INF INF INF INF INF INF INF INF INF INF INF INF INF INF INF INF INF INF INF INF INF INF INF INF INF INF INF INF INF INF INF INF INF INF INF INF INF INF INF INF INF INF INF INF INF INF INF INF INF INF INF INF INF INF INF INF INF INF INF INF INF INF INF INF INF INF INF INF INF INF INF INF INF INF INF INF INF INF INF INF INF INF INF INF INF INF INF INF INF INF INF INF INF INF INF INF INF INF INF INF INF INF INF INF INF INF INF INF INF INF INF INF INF INF INF INF INF INF INF INF INF INF INF INF INF INF INF INF INF INF INF INF INF INF INF INF INF INF INF INF INF INF INF INF INF INF INF INF INF INF INF INF INF INF INF INF INF INF INF INF INF INF INF INF INF INF INF INF INF INF INF INF INF INF INF INF INF INF INF INF INF INF INF INF INF INF INF INF INF INF INF INF INF INF INF INF INF INF INF INF INF INF 0 3 4 7 5 2 5 6 9 7 4 7 8 11 9 6 9 10 13 11 8 11 12 15 13 10 13 14 17 15 12 15 16 19 17 14 17 18 21 19 16 19 20 23 21 18 21 22 25 23 20 23 24 27 25 22 25 26 29 27 24 27 28 31 29 26 29 30 33 31 28 31 32
INF INF INF INF INF INF INF INF INF INF INF INF INF INF INF INF INF INF INF INF INF INF INF INF INF INF INF INF INF INF INF INF INF INF INF INF INF INF INF INF INF INF INF INF INF INF INF INF INF INF INF INF INF INF INF INF INF INF INF INF INF INF INF INF INF INF INF INF INF INF INF INF INF INF INF INF INF INF INF INF INF INF INF INF INF INF INF INF INF INF INF INF INF INF INF INF INF INF INF INF INF INF INF INF INF INF INF INF INF INF INF INF INF INF INF INF INF INF INF INF INF INF INF INF INF INF INF INF INF INF INF INF INF INF INF INF INF INF INF INF INF INF INF INF INF INF INF INF INF INF INF INF INF INF INF INF INF INF INF INF INF INF INF INF INF INF INF INF INF INF INF INF INF INF INF INF INF INF INF INF INF INF INF INF INF INF INF INF INF INF INF INF INF INF INF INF INF INF INF INF INF INF INF INF INF INF INF INF INF INF INF INF INF INF INF INF INF INF INF INF INF INF INF INF INF INF INF INF INF INF INF INF INF INF INF INF INF INF INF INF INF INF INF INF INF INF INF INF INF INF INF INF INF INF INF INF INF INF INF INF INF INF INF INF INF INF INF INF INF INF INF INF INF INF INF INF INF INF INF INF INF INF INF INF INF INF INF INF INF INF INF INF INF INF INF INF INF INF INF INF INF INF INF INF INF INF INF INF INF INF INF INF INF INF INF INF INF INF INF INF INF INF INF INF INF INF INF INF INF INF INF INF INF INF INF INF INF INF INF INF INF INF INF INF INF INF INF INF INF INF INF INF INF INF INF INF INF INF INF INF INF INF INF INF INF INF INF INF INF INF INF INF INF INF INF INF INF INF INF INF INF INF INF INF INF INF INF INF INF INF INF INF INF INF INF INF INF INF INF INF INF INF INF INF INF INF INF INF INF INF INF INF INF INF INF INF INF INF INF INF INF INF INF INF INF INF INF INF 0 3 4 2 5 2 5 6 4 7 4 7 8 6 9 6 9 10 8 11 8 11 12 10 13 10 13 14 12 15 12 15 16 14 17 14 17 18 16 19 16 19 20 18 21 18 21 22 20 23 20 23 24 22 25 22 25 26 24 27 24 27 28 26 29 26 29 30 28 31 28 31
INF INF INF INF INF INF INF INF INF INF INF INF INF INF INF INF INF INF INF INF INF INF INF INF INF INF INF INF INF INF INF INF INF INF INF INF INF INF INF INF INF INF INF INF INF INF INF INF INF INF INF INF INF INF INF INF INF INF INF INF INF INF INF INF INF INF INF INF INF INF INF INF INF INF INF INF INF INF INF INF INF INF INF INF INF INF INF INF INF INF INF INF INF INF INF INF INF INF INF INF INF INF INF INF INF INF INF INF INF INF INF INF INF INF INF INF INF INF INF INF INF INF INF INF INF INF INF INF INF INF INF INF INF INF INF INF INF INF INF INF INF INF INF INF INF INF INF INF INF INF INF INF INF INF INF INF INF INF INF INF INF INF INF INF INF INF INF INF INF INF INF INF INF INF INF INF INF INF INF INF INF INF INF INF INF INF INF INF INF INF INF INF INF INF INF INF INF INF INF INF INF INF INF INF INF INF INF INF INF INF INF INF INF INF INF INF INF INF INF INF INF INF INF INF INF INF INF INF INF INF INF INF INF INF INF INF INF INF INF INF INF INF INF INF INF INF INF INF INF INF INF INF INF INF INF INF INF INF INF INF INF INF INF INF INF INF INF INF INF INF INF INF INF INF INF INF INF INF INF INF INF INF INF INF INF INF INF INF INF INF INF INF INF INF INF INF INF INF INF INF INF INF INF INF INF INF INF INF INF INF INF INF INF INF INF INF INF INF INF INF INF INF INF INF INF INF INF INF INF INF INF INF INF INF INF INF INF INF INF INF INF INF INF INF INF INF INF INF INF INF INF INF INF INF INF INF INF INF INF INF INF INF INF INF INF INF INF INF INF INF INF INF INF INF INF INF INF INF INF INF INF INF INF INF INF INF INF INF INF INF INF INF INF INF INF INF INF INF INF INF INF INF INF INF INF INF INF INF INF INF INF INF INF INF INF INF INF INF INF INF INF INF INF INF INF INF INF INF INF 0 3 1 4 5 2 5 3 6 7 4 7 5 8 9 6 9 7 10 11 8 11 9 12 13 10 13 11 14 15 12 15 13 16 17 14 17 15 18 19 16 19 17 20 21 18 21 19 22 23 20 23 21 24 25 22 25 23 26 27 24 27 25 28 29 26 29 27 30 31 28
INF INF INF INF INF INF INF INF INF INF INF INF INF INF INF INF INF INF INF INF INF INF INF INF INF INF INF INF INF INF INF INF INF INF INF INF INF INF INF INF INF INF INF INF INF INF INF INF INF INF INF INF INF INF INF INF INF INF INF INF INF INF INF INF INF INF INF INF INF INF INF INF INF INF INF INF INF INF INF INF INF INF INF INF INF INF INF INF INF INF INF INF INF INF INF INF INF INF INF INF INF INF INF INF INF INF INF INF INF INF INF INF INF INF INF INF INF INF INF INF INF INF INF INF INF INF INF INF INF INF INF INF INF INF INF INF INF INF INF INF INF INF INF INF INF INF INF INF INF INF INF INF INF INF INF INF INF INF INF INF INF INF INF INF INF INF INF INF INF INF INF INF INF INF INF INF INF INF INF INF INF INF INF INF INF INF INF INF INF INF INF INF INF INF INF INF INF INF INF INF INF INF INF INF INF INF INF INF INF INF INF INF INF INF INF INF INF INF INF INF INF INF INF INF INF INF INF INF INF INF INF INF INF INF INF INF INF INF INF INF INF INF INF INF INF INF INF INF INF INF INF INF INF INF INF INF INF INF INF INF INF INF INF INF INF INF INF INF INF INF INF INF INF INF INF INF INF INF INF INF INF INF INF INF INF INF INF INF INF INF INF INF INF INF INF INF INF INF INF INF INF INF INF INF INF INF INF INF INF INF INF INF INF INF INF INF INF INF INF INF INF INF INF INF INF INF INF INF INF INF INF INF INF INF INF INF INF INF INF INF INF INF INF INF INF INF INF INF INF INF INF INF INF INF INF INF INF INF INF INF INF INF INF INF INF INF INF INF INF INF INF INF INF INF INF INF INF INF INF INF INF INF INF INF INF INF INF INF INF INF INF INF INF INF INF INF INF INF INF INF INF INF INF INF INF INF INF INF INF INF INF INF INF INF INF INF INF INF INF INF INF INF INF INF INF INF INF INF INF INF 0 -2 1 2 5 2 0 3 4 7 4 2 5 6 9 6 4 7 8 11 8 6 9 10 13 10 8 11 12 15 12 10 13 14 17 14 12 15 16 19 16 14 17 18 21 18 16 19 20 23 20 18 21 22 25 22 20 23 24 27 24 22 25 26 29 26 24 27 28 31
INF INF INF INF INF INF INF INF INF INF INF INF INF INF INF INF INF INF INF INF INF INF INF INF INF INF INF INF INF INF INF INF INF INF INF INF INF INF INF INF INF INF INF INF INF INF INF INF INF INF INF INF INF INF INF INF INF INF INF INF INF INF INF INF INF INF INF INF INF INF INF INF INF INF INF INF INF INF INF INF INF INF INF INF INF INF INF INF INF INF INF INF INF INF INF INF INF INF INF INF INF INF INF INF INF INF INF INF INF INF INF INF INF INF INF INF INF INF INF INF INF INF INF INF INF INF INF INF INF INF INF INF INF INF INF INF INF INF INF INF INF INF INF INF INF INF INF INF INF INF INF INF INF INF INF INF INF INF INF INF INF INF INF INF INF INF INF INF INF INF INF INF INF INF INF INF INF INF INF INF INF INF INF INF INF INF INF INF INF INF INF INF INF INF INF INF INF INF INF INF INF INF INF INF INF INF INF INF INF INF INF INF INF INF INF INF INF INF INF INF INF INF INF INF INF INF INF INF INF INF INF INF INF INF INF INF INF INF INF INF INF INF INF INF INF INF INF INF INF INF INF INF INF INF INF INF INF INF INF INF INF INF INF INF INF INF INF INF INF INF INF INF INF INF INF INF INF INF INF INF INF INF INF INF INF INF INF INF INF INF INF INF INF INF INF INF INF INF INF INF INF INF INF INF INF INF INF INF INF INF INF INF INF INF INF INF INF INF INF INF INF INF INF INF INF INF INF INF INF INF INF INF INF INF INF INF INF INF INF INF INF INF INF INF INF INF INF INF INF INF INF INF INF INF INF INF INF INF INF INF INF INF INF INF INF INF INF INF INF INF INF INF INF INF INF INF INF INF INF INF INF INF INF INF INF INF INF INF INF INF INF INF INF INF INF INF INF INF INF INF INF INF INF INF INF INF INF INF INF INF INF INF INF INF INF INF INF INF INF INF INF INF INF INF INF INF INF INF INF INF INF 0 3 4 7 8 2 5 6 9 10 4 7 8 11 12 6 9 10 13 14 8 11 12 15 16 10 13 14 17 18 12 15 16 19 20 14 17 18 21 22 16 19 20 23 24 18 21 22 25 26 20 23 24 27 28 22 25 26 29 30 24 27 28 31 32 26 29 30 33
INF INF INF INF INF INF INF INF INF INF INF INF INF INF INF INF INF INF INF INF INF INF INF INF INF INF INF INF INF INF INF INF INF INF INF INF INF INF INF INF INF INF INF INF INF INF INF INF INF INF INF INF INF INF INF INF INF INF INF INF INF INF INF INF INF INF INF INF INF INF INF INF INF INF INF INF INF INF INF INF INF INF INF INF INF INF INF INF INF INF INF INF INF INF INF INF INF INF INF INF INF INF INF INF INF INF INF INF INF INF INF INF INF INF INF INF INF INF INF INF INF INF INF INF INF INF INF INF INF INF INF INF INF INF INF INF INF INF INF INF INF INF INF INF INF INF INF INF INF INF INF INF INF INF INF INF INF INF INF INF INF INF INF INF INF INF INF INF INF INF INF INF INF INF INF INF INF INF INF INF INF INF INF INF INF INF INF INF INF INF INF INF INF INF INF INF INF INF INF INF INF INF INF INF INF INF INF INF INF INF INF INF INF INF INF INF INF INF INF INF INF INF INF INF INF INF INF INF INF INF INF INF INF INF INF INF INF INF INF INF INF INF INF INF INF INF INF INF INF INF INF INF INF INF INF INF INF INF INF INF INF INF INF INF INF INF INF INF INF INF INF INF INF INF INF INF INF INF INF INF INF INF INF INF INF INF INF INF INF INF INF INF INF INF INF INF INF INF INF INF INF INF INF INF INF INF INF INF INF INF INF INF INF INF INF INF INF INF INF INF INF INF INF INF INF INF INF INF INF INF INF INF INF INF INF INF INF INF INF INF INF INF INF INF INF INF INF INF INF INF INF INF INF INF INF INF INF INF INF INF INF INF INF INF INF INF INF INF INF INF INF INF INF INF INF INF INF INF INF INF INF INF INF INF INF INF INF INF INF INF INF INF INF INF INF INF INF INF INF INF INF INF INF INF INF INF INF INF INF INF INF INF INF INF INF INF INF INF INF INF INF INF INF INF INF INF INF INF INF INF INF INF 0 3 4 7 5 2 5 6 9 7 4 7 8 11 9 6 9 10 13 11 8 11 12 15 13 10 13 14 17 15 12 15 16 19 17 14 17 18 21 19 16 19 20 23 21 18 21 22 25 23 20 23 24 27 25 22 25 26 29 27 24 27 28 31 29 26 29 30
INF INF INF INF INF INF INF INF INF INF INF INF INF INF INF INF INF INF INF INF INF INF INF INF INF INF INF INF INF INF INF INF INF INF INF INF INF INF INF INF INF INF INF INF INF INF INF INF INF INF INF INF INF INF INF INF INF INF INF INF INF INF INF INF INF INF INF INF INF INF INF INF INF INF INF INF INF INF INF INF INF INF INF INF INF INF INF INF INF INF INF INF INF INF INF INF INF INF INF INF INF INF INF INF INF INF INF INF INF INF INF INF INF INF INF INF INF INF INF INF INF INF INF INF INF INF INF INF INF INF INF INF INF INF INF INF INF INF INF INF INF INF INF INF INF INF INF INF INF INF INF INF INF INF INF INF INF INF INF INF INF INF INF INF INF INF INF INF INF INF INF INF INF INF INF INF INF INF INF INF INF INF INF INF INF INF INF INF INF INF INF INF INF INF INF INF INF INF INF INF INF INF INF INF INF INF INF INF INF INF INF INF INF INF INF INF INF INF INF INF INF INF INF INF INF INF INF INF INF INF INF INF INF INF INF INF INF INF INF INF INF INF INF INF INF INF INF INF INF INF INF INF INF INF INF INF INF INF INF INF INF INF INF INF INF INF INF INF INF INF INF INF INF INF INF INF INF INF INF INF INF INF INF INF INF INF INF INF INF INF INF INF INF INF INF INF INF INF INF INF INF INF INF INF INF INF INF INF INF INF INF INF INF INF INF INF INF INF INF INF INF INF INF INF INF INF INF INF INF INF INF INF INF INF INF INF INF INF INF INF INF INF INF INF INF INF INF INF INF INF INF INF INF INF INF INF INF INF INF INF INF INF INF INF INF INF INF INF INF INF INF INF INF INF INF INF INF INF INF INF INF INF INF INF INF INF INF INF INF INF INF INF INF INF INF INF INF INF INF INF INF INF INF INF INF INF INF INF INF INF INF INF INF INF INF INF INF INF INF INF INF INF INF INF INF INF INF INF INF INF INF INF INF 0 3 4 2 5 2 5 6 4 7 4 7 8 6 9 6 9 10 8 11 8 11 12 10 13 10 13 14 12 15 12 15 16 14 17 14 17 18 16 19 16 19 20 18 21 18 21 22 20 23 20 23 24 22 25 22 25 26 24 27 24 27 28 26 29 26 29
INF INF INF INF INF INF INF INF INF INF INF INF INF INF INF INF INF INF INF INF INF INF INF INF INF INF INF INF INF INF INF INF INF INF INF INF INF INF INF INF INF INF INF INF INF INF INF INF INF INF INF INF INF INF INF INF INF INF INF INF INF INF INF INF INF INF INF INF INF INF INF INF INF INF INF INF INF INF INF INF INF INF INF INF INF INF INF INF INF INF INF INF INF INF INF INF INF INF INF INF INF INF INF INF INF INF INF INF INF INF INF INF INF INF INF INF INF INF INF INF INF INF INF INF INF INF INF INF INF INF INF INF INF INF INF INF INF INF INF INF INF INF INF INF INF INF INF INF INF INF INF INF INF INF INF INF INF INF INF INF INF INF INF INF INF INF INF INF INF INF INF INF INF INF INF INF INF INF INF INF INF INF INF INF INF INF INF INF INF INF INF INF INF INF INF INF INF INF INF INF INF INF INF INF INF INF INF INF INF INF INF INF INF INF INF INF INF INF INF INF INF INF INF INF INF INF INF INF INF INF INF INF INF INF INF INF INF INF INF INF INF INF INF INF INF INF INF INF INF INF INF INF INF INF INF INF INF INF INF INF INF INF INF INF INF INF INF INF INF INF INF INF INF INF INF INF INF INF INF INF INF INF INF INF INF INF INF INF INF INF INF INF INF INF INF INF INF INF INF INF INF INF INF INF INF INF INF INF INF INF INF INF INF INF INF INF INF INF INF INF INF INF INF INF INF INF INF INF INF INF INF INF INF INF INF INF INF INF INF INF INF INF INF INF INF INF INF INF INF INF INF INF INF INF INF INF INF INF INF INF INF INF INF INF INF INF INF INF INF INF INF INF INF INF INF INF INF INF INF INF INF INF INF INF INF INF INF INF INF INF INF INF INF INF INF INF INF INF INF INF INF INF INF INF INF INF INF INF INF INF INF INF INF INF INF INF INF INF INF INF INF INF INF INF INF INF INF INF INF INF INF INF INF INF 0 3 1 4 5 2 5 3 6 7 4 7 5 8 9 6 9 7 10 11 8 11 9 12 13 10 13 11 14 15 12 15 13 16 17 14 17 15 18 19 16 19 17 20 21 18 21 19 22 23 20 23 21 24 25 22 25 23 26 27 24 27 25 28 29 26
INF INF INF INF INF INF INF INF INF INF INF INF INF INF INF INF INF INF INF INF INF INF INF INF INF INF INF INF INF INF INF INF INF INF INF INF INF INF INF INF INF INF INF INF INF INF INF INF INF INF INF INF INF INF INF INF INF INF INF INF INF INF INF INF INF INF INF INF INF INF INF INF INF INF INF INF INF INF INF INF INF INF INF INF INF INF INF INF INF INF INF INF INF INF INF INF INF INF INF INF INF INF INF INF INF INF INF INF INF INF INF INF INF INF INF INF INF INF INF INF INF INF INF INF INF INF INF INF INF INF INF INF INF INF INF INF INF INF INF INF INF INF INF INF INF INF INF INF INF INF INF INF INF INF INF INF INF INF INF INF INF INF INF INF INF INF INF INF INF INF INF INF INF INF INF INF INF INF INF INF INF INF INF INF INF INF INF INF INF INF INF INF INF INF INF INF INF INF INF INF INF INF INF INF INF INF INF INF INF INF INF INF INF INF INF INF INF INF INF INF INF INF INF INF INF INF INF INF INF INF INF INF INF INF INF INF INF INF INF INF INF INF INF INF INF INF INF INF INF INF INF INF INF INF INF INF INF INF INF INF INF INF INF INF INF INF INF INF INF INF INF INF INF INF INF INF INF INF INF INF INF INF INF INF INF INF INF INF INF INF INF INF INF INF INF INF INF INF INF INF INF INF INF INF INF INF INF INF INF INF INF INF INF INF INF INF INF INF INF INF INF INF INF INF INF INF INF INF INF INF INF INF INF INF INF INF INF INF INF INF INF INF INF INF INF INF INF INF INF INF INF INF INF INF INF INF INF INF INF INF INF INF INF INF INF INF INF INF INF INF INF INF INF INF INF INF INF INF INF INF INF INF INF INF INF INF INF INF INF INF INF INF INF INF INF INF INF INF INF INF INF INF INF INF INF INF INF INF INF INF INF INF INF INF INF INF INF INF INF INF INF INF INF INF INF INF INF INF INF INF INF INF INF INF INF 0 -2 1 2 5 2 0 3 4 7 4 2 5 6 9 6 4 7 8 11 8 6 9 10 13 10 8 11 12 15 12 10 13 14 17 14 12 15 16 19 16 14 17 18 21 18 16 19 20 23 20 18 21 22 25 22 20 23 24 27 24 22 25 26 29
INF INF INF INF INF INF INF INF INF INF INF INF INF INF INF INF INF INF INF INF INF INF INF INF INF INF INF INF INF INF INF INF INF INF INF INF INF INF INF INF INF INF INF INF INF INF INF INF INF INF INF INF INF INF INF INF INF INF INF INF INF INF INF INF INF INF INF INF INF INF INF INF INF INF INF INF INF INF INF INF INF INF INF INF INF INF INF INF INF INF INF INF INF INF INF INF INF INF INF INF INF INF INF INF INF INF INF INF INF INF INF INF INF INF INF INF INF INF INF INF INF INF INF INF INF INF INF INF INF INF INF INF INF INF INF INF INF INF INF INF INF INF INF INF INF INF INF INF INF INF INF INF INF INF INF INF INF INF INF INF INF INF INF INF INF INF INF INF INF INF INF INF INF INF INF INF INF INF INF INF INF INF INF INF INF INF INF INF INF INF INF INF INF INF INF INF INF INF INF INF INF INF INF INF INF INF INF INF INF INF INF INF INF INF INF INF INF INF INF INF INF INF INF INF INF INF INF INF INF INF INF INF INF INF INF INF INF INF INF INF INF INF INF INF INF INF INF INF INF INF INF INF INF INF INF INF INF INF INF INF INF INF INF INF INF INF INF INF INF INF INF INF INF INF INF INF INF INF INF INF INF INF INF INF INF INF INF INF INF INF INF INF INF INF INF INF INF INF INF INF INF INF INF INF INF INF INF INF INF INF INF INF INF INF INF INF INF INF INF INF INF INF INF INF INF INF INF INF INF INF INF INF INF INF INF INF INF INF INF INF INF INF INF INF INF INF INF INF INF INF INF INF INF INF INF INF INF INF INF INF INF INF INF INF INF INF INF INF INF INF INF INF INF INF INF INF INF INF INF INF INF INF INF INF INF INF INF INF INF INF INF INF INF INF INF INF INF INF INF INF INF INF INF INF INF INF INF INF INF INF INF INF INF INF INF INF INF INF INF INF INF INF INF INF INF INF INF INF INF INF INF INF INF INF INF INF 0 3 4 7 8 2 5 6 9 10 4 7 8 11 12 6 9 10 13 14 8 11 12 15 16 10 13 14 17 18 12 15 16 19 20 14 17 18 21 22 16 19 20 23 24 18 21 22 25 26 20 23 24 27 28 22 25 26 29 30 24 27 28 31
INF INF INF INF INF INF INF INF INF INF INF INF INF INF INF INF INF INF INF INF INF INF INF INF INF INF INF INF INF INF INF INF INF INF INF INF INF INF INF INF INF INF INF INF INF INF INF INF INF INF INF INF INF INF INF INF INF INF INF INF INF INF INF INF INF INF INF INF INF INF INF INF INF INF INF INF INF INF INF INF INF INF INF INF INF INF INF INF INF INF INF INF INF INF INF INF INF INF INF INF INF INF INF INF INF INF INF INF INF INF INF INF INF INF INF INF INF INF INF INF INF INF INF INF INF INF INF INF INF INF INF INF INF INF INF INF INF INF INF INF INF INF INF INF INF INF INF INF INF INF INF INF INF INF INF INF INF INF INF INF INF INF INF INF INF INF INF INF INF INF INF INF INF INF INF INF INF INF INF INF INF INF INF INF INF INF INF INF INF INF INF INF INF INF INF INF INF INF INF INF INF INF INF INF INF INF INF INF INF INF INF INF INF INF INF INF INF INF INF INF INF INF INF INF INF INF INF INF INF INF INF INF INF INF INF INF INF INF INF INF INF INF INF INF INF INF INF INF INF INF INF INF INF INF INF INF INF INF INF INF INF INF INF INF INF INF INF INF INF INF INF INF INF INF INF INF INF INF INF INF INF INF INF INF INF INF INF INF INF INF INF INF INF INF INF INF INF INF INF INF INF INF INF INF INF INF INF INF INF INF INF INF INF INF INF INF INF INF INF INF INF INF INF INF INF INF INF INF INF INF INF INF INF INF INF INF INF INF INF INF INF INF INF INF INF INF INF INF INF INF INF INF INF INF INF INF INF INF INF INF INF INF INF INF INF INF INF INF INF INF INF INF INF INF INF INF INF INF INF INF INF INF INF INF INF INF INF INF INF INF INF INF INF INF INF INF INF INF INF INF INF INF INF INF INF INF INF INF INF INF INF INF INF INF INF INF INF INF INF INF INF INF INF INF INF INF INF INF INF INF INF INF INF INF INF INF INF 0 3 4 7 5 2 5 6 9 7 4 7 8 11 9 6 9 10 13 11 8 11 12 15 13 10 13 14 17 15 12 15 16 19 17 14 17 18 21 19 16 19 20 23 21 18 21 22 25 23 20 23 24 27 25 22 25 26 29 27 24 27 28
INF INF INF INF INF INF INF INF INF INF INF INF INF INF INF INF INF INF INF INF INF INF INF INF INF INF INF INF INF INF INF INF INF INF INF INF INF INF INF INF INF INF INF INF INF INF INF INF INF INF INF INF INF INF INF INF INF INF INF INF INF INF INF INF INF INF INF INF INF INF INF INF INF INF INF INF INF INF INF INF INF INF INF INF INF INF INF INF INF INF INF INF INF INF INF INF INF INF INF INF INF INF INF INF INF INF INF INF INF INF INF INF INF INF INF INF INF INF INF INF INF INF INF INF INF INF INF INF INF INF INF INF INF INF INF INF INF INF INF INF INF INF INF INF INF INF INF INF INF INF INF INF INF INF INF INF INF INF INF INF INF INF INF INF INF INF INF INF INF INF INF INF INF INF INF INF INF INF INF INF INF INF INF INF INF INF INF INF INF INF INF INF INF INF INF INF INF INF INF INF INF INF INF INF INF INF INF INF INF INF INF INF INF INF INF INF INF INF INF INF INF INF INF INF INF INF INF INF INF INF INF INF INF INF INF INF INF INF INF INF INF INF INF INF INF INF INF INF INF INF INF INF INF INF INF INF INF INF INF INF INF INF INF INF INF INF INF INF INF INF INF INF INF INF INF INF INF INF INF INF INF INF INF INF INF INF INF INF INF INF INF INF INF INF INF INF INF INF INF INF INF INF INF INF INF INF INF INF INF INF INF INF INF INF INF INF INF INF INF INF INF INF INF INF INF INF INF INF INF INF INF INF INF INF INF INF INF INF INF INF INF INF INF INF INF INF INF INF INF INF INF INF INF INF INF INF INF INF INF INF INF INF INF INF INF INF INF INF INF INF INF INF INF INF INF INF INF INF INF INF INF INF INF INF INF INF INF INF INF INF INF INF INF INF INF INF INF INF INF INF INF INF INF INF INF INF INF INF INF INF INF INF INF INF INF INF INF INF INF INF INF INF INF INF INF INF INF INF INF INF INF INF INF INF INF INF INF INF 0 3 4 2 5 2 5 6 4 7 4 7 8 6 9 6 9 10 8 11 8 11 12 10 13 10 13 14 12 15 12 15 16 14 17 14 17 18 16 19 16 19 20 18 21 18 21 22 20 23 20 23 24 22 25 22 25 26 24 27 24 27
INF INF INF INF INF INF INF INF INF INF INF INF INF INF INF INF INF INF INF INF INF INF INF INF INF INF INF INF INF INF INF INF INF INF INF INF INF INF INF INF INF INF INF INF INF INF INF INF INF INF INF INF INF INF INF INF INF INF INF INF INF INF INF INF INF INF INF INF INF INF INF INF INF INF INF INF INF INF INF INF INF INF INF INF INF INF INF INF INF INF INF INF INF INF INF INF INF INF INF INF INF INF INF INF INF INF INF INF INF INF INF INF INF INF INF INF INF INF INF INF INF INF INF INF INF INF INF INF INF INF INF INF INF INF INF INF INF INF INF INF INF INF INF INF INF INF INF INF INF INF INF INF INF INF INF INF INF INF INF INF INF INF INF INF INF INF INF INF INF INF INF INF INF INF INF INF INF INF INF INF INF INF INF INF INF INF INF INF INF INF INF INF INF INF INF INF INF INF INF INF INF INF INF INF INF INF INF INF INF INF INF INF INF INF INF INF INF INF INF INF INF INF INF INF INF INF INF INF INF INF INF INF INF INF INF INF INF INF INF INF INF INF INF INF INF INF INF INF INF INF INF INF INF INF INF INF INF INF INF INF INF INF INF INF INF INF INF INF INF INF INF INF INF INF INF INF INF INF INF INF INF INF INF INF INF INF INF INF INF INF INF INF INF INF INF INF INF INF INF INF INF INF INF INF INF INF INF INF INF INF INF INF INF INF INF INF INF INF INF INF INF INF INF INF INF INF INF INF INF INF INF INF INF INF INF INF INF INF INF INF INF INF INF INF INF INF INF INF INF INF INF INF INF INF INF INF INF INF INF INF INF INF INF INF INF INF INF INF INF INF INF INF INF INF INF INF INF INF INF INF INF INF INF INF INF INF INF INF INF INF INF INF INF INF INF INF INF INF INF INF INF INF INF INF INF INF INF INF INF INF INF INF INF INF INF INF INF INF INF INF INF INF INF INF INF INF INF INF INF INF INF INF INF INF INF INF INF INF INF 0 3 1 4 5 2 5 3 6 7 4 7 5 8 9 6 9 7 10 11 8 11 9 12 13 10 13 11 14 15 12 15 13 16 17 14 17 15 18 19 16 19 17 20 21 18 21 19 22 23 20 23 21 24 25 22 25 23 26 27 24
INF INF INF INF INF INF INF INF INF INF INF INF INF INF INF INF INF INF INF INF INF INF INF INF INF INF INF INF INF INF INF INF INF INF INF INF INF INF INF INF INF INF INF INF INF INF INF INF INF INF INF INF INF INF INF INF INF INF INF INF INF INF INF INF INF INF INF INF INF INF INF INF INF INF INF INF INF INF INF INF INF INF INF INF INF INF INF INF INF INF INF INF INF INF INF INF INF INF INF INF INF INF INF INF INF INF INF INF INF INF INF INF INF INF INF INF INF INF INF INF INF INF INF INF INF INF INF INF INF INF INF INF INF INF INF INF INF INF INF INF INF INF INF INF INF INF INF INF INF INF INF INF INF INF INF INF INF INF INF INF INF INF INF INF INF INF INF INF INF INF INF INF INF INF INF INF INF INF INF INF INF INF INF INF INF INF INF INF INF INF INF INF INF INF INF INF INF INF INF INF INF INF INF INF INF INF INF INF INF INF INF INF INF INF INF INF INF INF INF INF INF INF INF INF INF INF INF INF INF INF INF INF INF INF INF INF INF INF INF INF INF INF INF INF INF INF INF INF INF INF INF INF INF INF INF INF INF INF INF INF INF INF INF INF INF INF INF INF INF INF INF INF INF INF INF INF INF INF INF INF INF INF INF INF INF INF INF INF INF INF INF INF INF INF INF INF INF INF INF INF INF INF INF INF INF INF INF INF INF INF INF INF INF INF INF INF INF INF INF INF INF INF INF INF INF INF INF INF INF INF INF INF INF INF INF INF INF INF INF INF INF INF INF INF INF INF INF INF INF INF INF INF INF INF INF INF INF INF INF INF INF INF INF INF INF INF INF INF INF INF INF INF INF INF INF INF INF INF INF INF INF INF INF INF INF INF INF INF INF INF INF INF INF INF INF INF INF INF INF INF INF INF INF INF INF INF INF INF INF INF INF INF INF INF INF INF INF INF INF INF INF INF INF INF INF INF INF INF INF INF INF INF INF INF INF INF INF INF INF INF 0 -2 1 2 5 2 0 3 4 7 4 2 5 6 9 6 4 7 8 11 8 6 9 10 13 10 8 11 12 15 12 10 13 14 17 14 12 15 16 19 16 14 17 18 21 18 16 19 20 23 20 18 21 22 25 22 20 23 24 27
INF INF INF INF INF INF INF INF INF INF INF INF INF INF INF INF INF INF INF INF INF INF INF INF INF INF INF INF INF INF INF INF INF INF INF INF INF INF INF INF INF INF INF INF INF INF INF INF INF INF INF INF INF INF INF INF INF INF INF INF INF INF INF INF INF INF INF INF INF INF INF INF INF INF INF INF INF INF INF INF INF INF INF INF INF INF INF INF INF INF INF INF INF INF INF INF INF INF INF INF INF INF INF INF INF INF INF INF INF INF INF INF INF INF INF INF INF INF INF INF INF INF INF INF INF INF INF INF INF INF INF INF INF INF INF INF INF INF INF INF INF INF INF INF INF INF INF INF INF INF INF INF INF INF INF INF INF INF INF INF INF INF INF INF INF INF INF INF INF INF INF INF INF INF INF INF INF INF INF INF INF INF INF INF INF INF INF INF INF INF INF INF INF INF INF INF INF INF INF INF INF INF INF INF INF INF INF INF INF INF INF INF INF INF INF INF INF INF INF INF INF INF INF INF INF INF INF INF INF INF INF INF INF INF INF INF INF INF INF INF INF INF INF INF INF INF INF INF INF INF INF INF INF INF INF INF INF INF INF INF INF INF INF INF INF INF INF INF INF INF INF INF INF INF INF INF INF INF INF INF INF INF INF INF INF INF INF INF INF INF INF INF INF INF INF INF INF INF INF INF INF INF INF INF INF INF INF INF INF INF INF INF INF INF INF INF INF INF INF INF INF INF INF INF INF INF INF INF INF INF INF INF INF INF INF INF INF INF INF INF INF INF INF INF INF INF INF INF INF INF INF INF INF INF INF INF INF INF INF INF INF INF INF INF INF INF INF INF INF INF INF INF INF INF INF INF INF INF INF INF INF INF INF INF INF INF INF INF INF INF INF INF INF INF INF INF INF INF INF INF INF INF INF INF INF INF INF INF INF INF INF INF INF INF INF INF INF INF INF INF INF INF INF INF INF INF INF INF INF INF INF INF INF INF INF INF INF INF INF INF INF 0 3 4 7 8 2 5 6 9 10 4 7 8 11 12 6 9 10 13 14 8 11 12 15 16 10 13 14 17 18 12 15 16 19 20 14 17 18 21 22 16 19 20 23 24 18 21 22 25 26 20 23 24 27 28 22 25 26 29
INF INF INF INF INF INF INF INF INF INF INF INF INF INF INF INF INF INF INF INF INF INF INF INF INF INF INF INF INF INF INF INF INF INF INF INF INF INF INF INF INF INF INF INF INF INF INF INF INF INF INF INF INF INF INF INF INF INF INF INF INF INF INF INF INF INF INF INF INF INF INF INF INF INF INF INF INF INF INF INF INF INF INF INF INF INF INF INF INF INF INF INF INF INF INF INF INF INF INF INF INF INF INF INF INF INF INF INF INF INF INF INF INF INF INF INF INF INF INF INF INF INF INF INF INF INF INF INF INF INF INF INF INF INF INF INF INF INF INF INF INF INF INF INF INF INF INF INF INF INF INF INF INF INF INF INF INF INF INF INF INF INF INF INF INF INF INF INF INF INF INF INF INF INF INF INF INF INF INF INF INF INF INF INF INF INF INF INF INF INF INF INF INF INF INF INF INF INF INF INF INF INF INF INF INF INF INF INF INF INF INF INF INF INF INF INF INF INF INF INF INF INF INF INF INF INF INF INF INF INF INF INF INF INF INF INF INF INF INF INF INF INF INF INF INF INF INF INF INF INF INF INF INF INF INF INF INF INF INF INF INF INF INF INF INF INF INF INF INF INF INF INF INF INF INF INF INF INF INF INF INF INF INF INF INF INF INF INF INF INF INF INF INF INF INF INF INF INF INF INF INF INF INF INF INF INF INF INF INF INF INF INF INF INF INF INF INF INF INF INF INF INF INF INF INF INF INF INF INF INF INF INF INF INF INF INF INF INF INF INF INF INF INF INF INF INF INF INF INF INF INF INF INF INF INF INF INF INF INF INF INF INF INF INF INF INF INF INF INF INF INF INF INF INF INF INF INF INF INF INF INF INF INF INF INF INF INF INF INF INF INF INF INF INF INF INF INF INF INF INF INF INF INF INF INF INF INF INF INF INF INF INF INF INF INF INF INF INF INF INF INF INF INF INF INF INF INF INF INF INF INF INF INF INF INF INF INF INF INF INF INF INF 0 3 4 7 5 2 5 6 9 7 4 7 8 11 9 6 9 10 13 11 8 11 12 15 13 10 13 14 17 15 12 15 16 19 17 14 17 18 21 19 16 19 20 23 21 18 21 22 25 23 20 23 24 27 25 22 25 26
INF INF INF INF INF INF INF INF INF INF INF INF INF INF INF INF INF INF INF INF INF INF INF INF INF INF INF INF INF INF INF INF INF INF INF INF INF INF INF INF INF INF INF INF INF INF INF INF INF INF INF INF INF INF INF INF INF INF INF INF INF INF INF INF INF INF INF INF INF INF INF INF INF INF INF INF INF INF INF INF INF INF INF INF INF INF INF INF INF INF INF INF INF INF INF INF INF INF INF INF INF INF INF INF INF INF INF INF INF INF INF INF INF INF INF INF INF INF INF INF INF INF INF INF INF INF INF INF INF INF INF INF INF INF INF INF INF INF INF INF INF INF INF INF INF INF INF INF INF INF INF INF INF INF INF INF INF INF INF INF INF INF INF INF INF INF INF INF INF INF INF INF INF INF INF INF INF INF INF INF INF INF INF INF INF INF INF INF INF INF INF INF INF INF INF INF INF INF INF INF INF INF INF INF INF INF INF INF INF INF INF INF INF INF INF INF INF INF INF INF INF INF INF INF INF INF INF INF INF INF INF INF INF INF INF INF INF INF INF INF INF INF INF INF INF INF INF INF INF INF INF INF INF INF INF INF INF INF INF INF INF INF INF INF INF INF INF INF INF INF INF INF INF INF INF INF INF INF INF INF INF INF INF INF INF INF INF INF INF INF INF INF INF INF INF INF INF INF INF INF INF INF INF INF INF INF INF INF INF INF INF INF INF INF INF INF INF INF INF INF INF INF INF INF INF INF INF INF INF INF INF INF INF INF INF INF INF INF INF INF INF INF INF INF INF INF INF INF INF INF INF INF INF INF INF INF INF INF INF INF INF INF INF INF INF INF INF INF INF INF INF INF INF INF INF INF INF INF INF INF INF INF INF INF INF INF INF INF INF INF INF INF INF INF INF INF INF INF INF INF INF INF INF INF INF INF INF INF INF INF INF INF INF INF INF INF INF INF INF INF INF INF INF INF INF INF INF INF INF INF INF INF INF INF INF INF INF INF INF INF INF INF INF 0 3 4 2 5 2 5 6 4 7 4 7 8 6 9 6 9 10 8 11 8 11 12 10 13 10 13 14 12 15 12 15 16 14 17 14 17 18 16 19 16 19 20 18 21 18 21 22 20 23 20 23 24 22 25 22 25
INF INF INF INF INF INF INF INF INF INF INF INF INF INF INF INF INF INF INF INF INF INF INF INF INF INF INF INF INF INF INF INF INF INF INF INF INF INF INF INF INF INF INF INF INF INF INF INF INF INF INF INF INF INF INF INF INF INF INF INF INF INF INF INF INF INF INF INF INF INF INF INF INF INF INF INF INF INF INF INF INF INF INF INF INF INF INF INF INF INF INF INF INF INF INF INF INF INF INF INF INF INF INF INF INF INF INF INF INF INF INF INF INF INF INF INF INF INF INF INF INF INF INF INF INF INF INF INF INF INF INF INF INF INF INF INF INF INF INF INF INF INF INF INF INF INF INF INF INF INF INF INF INF INF INF INF INF INF INF INF INF INF INF INF INF INF INF INF INF INF INF INF INF INF INF INF INF INF INF INF INF INF INF INF INF INF INF INF INF INF INF INF INF INF INF INF INF INF INF INF INF INF INF INF INF INF INF INF INF INF INF INF INF INF INF INF INF INF INF INF INF INF INF INF INF INF INF INF INF INF INF INF INF INF INF INF INF INF INF INF INF INF INF INF INF INF INF INF INF INF INF INF INF INF INF INF INF INF INF INF INF INF INF INF INF INF INF INF INF INF INF INF INF INF INF INF INF INF INF INF INF INF INF INF INF INF INF INF INF INF INF INF INF INF INF INF INF INF INF INF INF INF INF INF INF INF INF INF INF INF INF INF INF INF INF INF INF INF INF INF INF INF INF INF INF INF INF INF INF INF INF INF INF INF INF INF INF INF INF INF INF INF INF INF INF INF INF INF INF INF INF INF INF INF INF INF INF INF INF INF INF INF INF INF INF INF INF INF INF INF INF INF INF INF INF INF INF INF INF INF INF INF INF INF INF INF INF INF INF INF INF INF INF INF INF INF INF INF INF INF INF INF INF INF INF INF INF INF INF INF INF INF INF INF INF INF INF INF INF INF INF INF INF INF INF INF INF INF INF INF INF INF INF INF INF INF INF INF INF INF INF INF INF INF 0 3 1 4 5 2 5 3 6 7 4 7 5 8 9 6 9 7 10 11 8 11 9 12 13 10 13 11 14 15 12 15 13 16 17 14 17 15 18 19 16 19 17 20 21 18 21 19 22 23 20 23 21 24 25 22
INF INF INF INF INF INF INF INF INF INF INF INF INF INF INF INF INF INF INF INF INF INF INF INF INF INF INF INF INF INF INF INF INF INF INF INF INF INF INF INF INF INF INF INF INF INF INF INF INF INF INF INF INF INF INF INF INF INF INF INF INF INF INF INF INF INF INF INF INF INF INF INF INF INF INF INF INF INF INF INF INF INF INF INF INF INF INF INF INF INF INF INF INF INF INF INF INF INF INF INF INF INF INF INF INF INF INF INF INF INF INF INF INF INF INF INF INF INF INF INF INF INF INF INF INF INF INF INF INF INF INF INF INF INF INF INF INF INF INF INF INF INF INF INF INF INF INF INF INF INF INF INF INF INF INF INF INF INF INF INF INF INF INF INF INF INF INF INF INF INF INF INF INF INF INF INF INF INF INF INF INF INF INF INF INF INF INF INF INF INF INF INF INF INF INF INF INF INF INF INF INF INF INF INF INF INF INF INF INF INF INF INF INF INF INF INF INF INF INF INF INF INF INF INF INF INF INF INF INF INF INF INF INF INF INF INF INF INF INF INF INF INF INF INF INF INF INF INF INF INF INF INF INF INF INF INF INF INF INF INF INF INF INF INF INF INF INF INF INF INF INF INF INF INF INF INF INF INF INF INF INF INF INF INF INF INF INF INF INF INF INF INF INF INF INF INF INF INF INF INF INF INF INF INF INF INF INF INF INF INF INF INF INF INF INF INF INF INF INF INF INF INF INF INF INF INF INF INF INF INF INF INF INF INF INF INF INF INF INF INF INF INF INF INF INF INF INF INF INF INF INF INF INF INF INF INF INF INF INF INF INF INF INF INF INF INF INF INF INF INF INF INF INF INF INF INF INF INF INF INF INF INF INF INF INF INF INF INF INF INF INF INF INF INF INF INF INF INF INF INF INF INF INF INF INF INF INF INF INF INF INF INF INF INF INF INF INF INF INF INF INF INF INF INF INF INF INF INF INF INF INF INF INF INF INF INF INF INF INF INF INF INF INF INF INF 0 -2 1 2 5 2 0 3 4 7 4 2 5 6 9 6 4 7 8 11 8 6 9 10 13 10 8 11 12 15 12 10 13 14 17 14 12 15 16 19 16 14 17 18 21 18 16 19 20 23 20 18 21 22 25
INF INF INF INF INF INF INF INF INF INF INF INF INF INF INF INF INF INF INF INF INF INF INF INF INF INF INF INF INF INF INF INF INF INF INF INF INF INF INF INF INF INF INF INF INF INF INF INF INF INF INF INF INF INF INF INF INF INF INF INF INF INF INF INF INF INF INF INF INF INF INF INF INF INF INF INF INF INF INF INF INF INF INF INF INF INF INF INF INF INF INF INF INF INF INF INF INF INF INF INF INF INF INF INF INF INF INF INF INF INF INF INF INF INF INF INF INF INF INF INF INF INF INF INF INF INF INF INF INF INF INF INF INF INF INF INF INF INF INF INF INF INF INF INF INF INF INF INF INF INF INF INF INF INF INF INF INF INF INF INF INF INF INF INF INF INF INF INF INF INF INF INF INF INF INF INF INF INF INF INF INF INF INF INF INF INF INF INF INF INF INF INF INF INF INF INF INF INF INF INF INF INF INF INF INF INF INF INF INF INF INF INF INF INF INF INF INF INF INF INF INF INF INF INF INF INF INF INF INF INF INF INF INF INF INF INF INF INF INF INF INF INF INF INF INF INF INF INF INF INF INF INF INF INF INF INF INF INF INF INF INF INF INF INF INF INF INF INF INF INF INF INF INF INF INF INF INF INF INF INF INF INF INF INF INF INF INF INF INF INF INF INF INF INF INF INF INF INF INF INF INF INF INF INF INF INF INF INF INF INF INF INF INF INF INF INF INF INF INF INF INF INF INF INF INF INF INF INF INF INF INF INF INF INF INF INF INF INF INF INF INF INF INF INF INF INF INF INF INF INF INF INF INF INF INF INF INF INF INF INF INF INF INF INF INF INF INF INF INF INF INF INF INF INF INF INF INF INF INF INF INF INF INF INF INF INF INF INF INF INF INF INF INF INF INF INF INF INF INF INF INF INF INF INF INF INF INF INF INF INF INF INF INF INF INF INF INF INF INF INF INF INF INF INF INF INF INF INF INF INF INF INF INF INF INF INF INF INF INF INF INF INF INF INF INF INF 0 3 4 7 8 2 5 6 9 10 4 7 8 11 12 6 9 10 13 14 8 11 12 15 16 10 13 14 17 18 12 15 16 19 20 14 17 18 21 22 16 19 20 23 24 18 21 22 25 26 20 23 24 27
INF INF INF INF INF INF INF INF INF INF INF INF INF INF INF INF INF INF INF INF INF INF INF INF INF INF INF INF INF INF INF INF INF INF INF INF INF INF INF INF INF INF INF INF INF INF INF INF INF INF INF INF INF INF INF INF INF INF INF INF INF INF INF INF INF INF INF INF INF INF INF INF INF INF INF INF INF INF INF INF INF INF INF INF INF INF INF INF INF INF INF INF INF INF INF INF INF INF INF INF INF INF INF INF INF INF INF INF INF INF INF INF INF INF INF INF INF INF INF INF INF INF INF INF INF INF INF INF INF INF INF INF INF INF INF INF INF INF INF INF INF INF INF INF INF INF INF INF INF INF INF INF INF INF INF INF INF INF INF INF INF INF INF INF INF INF INF INF INF INF INF INF INF INF INF INF INF INF INF INF INF INF INF INF INF INF INF INF INF INF INF INF INF INF INF INF INF INF INF INF INF INF INF INF INF INF INF INF INF INF INF INF INF INF INF INF INF INF INF INF INF INF INF INF INF INF INF INF INF INF INF INF INF INF INF INF INF INF INF INF INF INF INF INF INF INF INF INF INF INF INF INF INF INF INF INF INF INF INF INF INF INF INF INF INF INF INF INF INF INF INF INF INF INF INF INF INF INF INF INF INF INF INF INF INF INF INF INF INF INF INF INF INF INF INF INF INF INF INF INF INF INF INF INF INF INF INF INF INF INF INF INF INF INF INF INF INF INF INF INF INF INF INF INF INF INF INF INF INF INF INF INF INF INF INF INF INF INF INF INF INF INF INF INF INF INF INF INF INF INF INF INF INF INF INF INF INF INF INF INF INF INF INF INF INF INF INF INF INF INF INF INF INF INF INF INF INF INF INF INF INF INF INF INF INF INF INF INF INF INF INF INF INF INF INF INF INF INF INF INF INF INF INF INF INF INF INF INF INF INF INF INF INF INF INF INF INF INF INF INF INF INF INF INF INF INF INF INF INF INF INF INF INF INF INF INF INF INF INF INF INF INF INF INF INF INF INF 0 3 4 7 5 2 5 6 9 7 4 7 8 11 9 6 9 10 13 11 8 11 12 15 13 10 13 14 17 15 12 15 16 19 17 14 17 18 21 19 16 19 20 23 21 18 21 22 25 23 20 23 24
INF INF INF INF INF INF INF INF INF INF INF INF INF INF INF INF INF INF INF INF INF INF INF INF INF INF INF INF INF INF INF INF INF INF INF INF INF INF INF INF INF INF INF INF INF INF INF INF INF INF INF INF INF INF INF INF INF INF INF INF INF INF INF INF INF INF INF INF INF INF INF INF INF INF INF INF INF INF INF INF INF INF INF INF INF INF INF INF INF INF INF INF INF INF INF INF INF INF INF INF INF INF INF INF INF INF INF INF INF INF INF INF INF INF INF INF INF INF INF INF INF INF INF INF INF INF INF INF INF INF INF INF INF INF INF INF INF INF INF INF INF INF INF INF INF INF INF INF INF INF INF INF INF INF INF INF INF INF INF INF INF INF INF INF INF INF INF INF INF INF INF INF INF INF INF INF INF INF INF INF INF INF INF INF INF INF INF INF INF INF INF INF INF INF INF INF INF INF INF INF INF INF INF INF INF INF INF INF INF INF INF INF INF INF INF INF INF INF INF INF INF INF INF INF INF INF INF INF INF INF INF INF INF INF INF INF INF INF INF INF INF INF INF INF INF INF INF INF INF INF INF INF INF INF INF INF INF INF INF INF INF INF INF INF INF INF INF INF INF INF INF INF INF INF INF INF INF INF INF INF INF INF INF INF INF INF INF INF INF INF INF INF INF INF INF INF INF INF INF INF INF INF INF INF INF INF INF INF INF INF INF INF INF INF INF INF INF INF INF INF INF INF INF INF INF INF INF INF INF INF INF INF INF INF INF INF INF INF INF INF INF INF INF INF INF INF INF INF INF INF INF INF INF INF INF INF INF INF INF INF INF INF INF INF INF INF INF INF INF INF INF INF INF INF INF INF INF INF INF INF INF INF INF INF INF INF INF INF INF INF INF INF INF INF INF INF INF INF INF INF INF INF INF INF INF INF INF INF INF INF INF INF INF INF INF INF INF INF INF INF INF INF INF INF INF INF INF INF INF INF INF INF INF INF INF INF INF INF INF INF INF INF INF INF INF INF INF INF 0 3 4 2 5 2 5 6 4 7 4 7 8 6 9 6 9 10 8 11 8 11 12 10 13 10 13 14 12 15 12 15 16 14 17 14 17 18 16 19 16 19 20 18 21 18 21 22 20 23 20 23
INF INF INF INF INF INF INF INF INF INF INF INF INF INF INF INF INF INF INF INF INF INF INF INF INF INF INF INF INF INF INF INF INF INF INF INF INF INF INF INF INF INF INF INF INF INF INF INF INF INF INF INF INF INF INF INF INF INF INF INF INF INF INF INF INF INF INF INF INF INF INF INF INF INF INF INF INF INF INF INF INF INF INF INF INF INF INF INF INF INF INF INF INF INF INF INF INF INF INF INF INF INF INF INF INF INF INF INF INF INF INF INF INF INF INF INF INF INF INF INF INF INF INF INF INF INF INF INF INF INF INF INF INF INF INF INF INF INF INF INF INF INF INF INF INF INF INF INF INF INF INF INF INF INF INF INF INF INF INF INF INF INF INF INF INF INF INF INF INF INF INF INF INF INF INF INF INF INF INF INF INF INF INF INF INF INF INF INF INF INF INF INF INF INF INF INF INF INF INF INF INF INF INF INF INF INF INF INF INF INF INF INF INF INF INF INF INF INF INF INF INF INF INF INF INF INF INF INF INF INF INF INF INF INF INF INF INF INF INF INF INF INF INF INF INF INF INF INF INF INF INF INF INF INF INF INF INF INF INF INF INF INF INF INF INF INF INF INF INF INF INF INF INF INF INF INF INF INF INF INF INF INF INF INF INF INF INF INF INF INF INF INF INF INF INF INF INF INF INF INF INF INF INF INF INF INF INF INF INF INF INF INF INF INF INF INF INF INF INF INF INF INF INF INF INF INF INF INF INF INF INF INF INF INF INF INF INF INF INF INF INF INF INF INF INF INF INF INF INF INF INF INF INF INF INF INF INF INF INF INF INF INF INF INF INF INF INF INF INF INF INF INF INF INF INF INF INF INF INF INF INF INF INF INF INF INF INF INF INF INF INF INF INF INF INF INF INF INF INF INF INF INF INF INF INF INF INF INF INF INF INF INF INF INF INF INF INF INF INF INF INF INF INF INF INF INF INF INF INF INF INF INF INF INF INF INF INF INF INF INF INF INF INF INF INF INF INF INF INF 0 3 1 4 5 2 5 3 6 7 4 7 5 8 9 6 9 7 10 11 8 11 9 12 13 10 13 11 14 15 12 15 13 16 17 14 17 15 18 19 16 19 17 20 21 18 21 19 22 23 20
INF INF INF INF INF INF INF INF INF INF INF INF INF INF INF INF INF INF INF INF INF INF INF INF INF INF INF INF INF INF INF INF INF INF INF INF INF INF INF INF INF INF INF INF INF INF INF INF INF INF INF INF INF INF INF INF INF INF INF INF INF INF INF INF INF INF INF INF INF INF INF INF INF INF INF INF INF INF INF INF INF INF INF INF INF INF INF INF INF INF INF INF INF INF INF INF INF INF INF INF INF INF INF INF INF INF INF INF INF INF INF INF INF INF INF INF INF INF INF INF INF INF INF INF INF INF INF INF INF INF INF INF INF INF INF INF INF INF INF INF INF INF INF INF INF INF INF INF INF INF INF INF INF INF INF INF INF INF INF INF INF INF INF INF INF INF INF INF INF INF INF INF INF INF INF INF INF INF INF INF INF INF INF INF INF INF INF INF INF INF INF INF INF INF INF INF INF INF INF INF INF INF INF INF INF INF INF INF INF INF INF INF INF INF INF INF INF INF INF INF INF INF INF INF INF INF INF INF INF INF INF INF INF INF INF INF INF INF INF INF INF INF INF INF INF INF INF INF INF INF INF INF INF INF INF INF INF INF INF INF INF INF INF INF INF INF INF INF INF INF INF INF INF INF INF INF INF INF INF INF INF INF INF INF INF INF INF INF INF INF INF INF INF INF INF INF INF INF INF INF INF INF INF INF INF INF INF INF INF INF INF INF INF INF INF INF INF INF INF INF INF INF INF INF INF INF INF INF INF INF INF INF INF INF INF INF INF INF INF INF INF INF INF INF INF INF INF INF INF INF INF INF INF INF INF INF INF INF INF INF INF INF INF INF INF INF INF INF INF INF INF INF INF INF INF INF INF INF INF INF INF INF INF INF INF INF INF INF INF INF INF INF INF INF INF INF INF INF INF INF INF INF INF INF INF INF INF INF INF INF INF INF INF INF INF INF INF INF INF INF INF INF INF INF INF INF INF INF INF INF INF INF INF INF INF INF INF INF INF INF INF INF INF INF INF INF INF INF INF INF 0 -2 1 2 5 2 0 3 4 7 4 2 5 6 9 6 4 7 8 11 8 6 9 10 13 10 8 11 12 15 12 10 13 14 17 14 12 15 16 19 16 14 17 18 21 18 16 19 20 23
INF INF INF INF INF INF INF INF INF INF INF INF INF INF INF INF INF INF INF INF INF INF INF INF INF INF INF INF INF INF INF INF INF INF INF INF INF INF INF INF INF INF INF INF INF INF INF INF INF INF INF INF INF INF INF INF INF INF INF INF INF INF INF INF INF INF INF INF INF INF INF INF INF INF INF INF INF INF INF INF INF INF INF INF INF INF INF INF INF INF INF INF INF INF INF INF INF INF INF INF INF INF INF INF INF INF INF INF INF INF INF INF INF INF INF INF INF INF INF INF INF INF INF INF INF INF INF INF INF INF INF INF INF INF INF INF INF INF INF INF INF INF INF INF INF INF INF INF INF INF INF INF INF INF INF INF INF INF INF INF INF INF INF INF INF INF INF INF INF INF INF INF INF INF INF INF INF INF INF INF INF INF INF INF INF INF INF INF INF INF INF INF INF INF INF INF INF INF INF INF INF INF INF INF INF INF INF INF INF INF INF INF INF INF INF INF INF INF INF INF INF INF INF INF INF INF INF INF INF INF INF INF INF INF INF INF INF INF INF INF INF INF INF INF INF INF INF INF INF INF INF INF INF INF INF INF INF INF INF INF INF INF INF INF INF INF INF INF INF INF INF INF INF INF INF INF INF INF INF INF INF INF INF INF INF INF INF INF INF INF INF INF INF INF INF INF INF INF INF INF INF INF INF INF INF INF INF INF INF INF INF INF INF INF INF INF INF INF INF INF INF INF INF INF INF INF INF INF INF INF INF INF INF INF INF INF INF INF INF INF INF INF INF INF INF INF INF INF INF INF INF INF INF INF INF INF INF INF INF INF INF INF INF INF INF INF INF INF INF INF INF INF INF INF INF INF INF INF INF INF INF INF INF INF INF INF INF INF INF INF INF INF INF INF INF INF INF INF INF INF INF INF INF INF INF INF INF INF INF INF INF INF INF INF INF INF INF INF INF INF INF INF INF INF INF INF INF INF INF INF INF INF INF INF INF INF INF INF INF INF INF INF INF INF INF INF INF INF INF INF INF 0 3 4 7 8 2 5 6 9 10 4 7 8 11 12 6 9 10 13 14 8 11 12 15 16 10 13 14 17 18 12 15 16 19 20 14 17 18 21 22 16 19 20 23 24 18 21 22 25
INF INF INF INF INF INF INF INF INF INF INF INF INF INF INF INF INF INF INF INF INF INF INF INF INF INF INF INF INF INF INF INF INF INF INF INF INF INF INF INF INF INF INF INF INF INF INF INF INF INF INF INF INF INF INF INF INF INF INF INF INF INF INF INF INF INF INF INF INF INF INF INF INF INF INF INF INF INF INF INF INF INF INF INF INF INF INF INF INF INF INF INF INF INF INF INF INF INF INF INF INF INF INF INF INF INF INF INF INF INF INF INF INF INF INF INF INF INF INF INF INF INF INF INF INF INF INF INF INF INF INF INF INF INF INF INF INF INF INF INF INF INF INF INF INF INF INF INF INF INF INF INF INF INF INF INF INF INF INF INF INF INF INF INF INF INF INF INF INF INF INF INF INF INF INF INF INF INF INF INF INF INF INF INF INF INF INF INF INF INF INF INF INF INF INF INF INF INF INF INF INF INF INF INF INF INF INF INF INF INF INF INF INF INF INF INF INF INF INF INF INF INF INF INF INF INF INF INF INF INF INF INF INF INF INF INF INF INF INF INF INF INF INF INF INF INF INF INF INF INF INF INF INF INF INF INF INF INF INF INF INF INF INF INF INF INF INF INF INF INF INF INF INF INF INF INF INF INF INF INF INF INF INF INF INF INF INF INF INF INF INF INF INF INF INF INF INF INF INF INF INF INF INF INF INF INF INF INF INF INF INF INF INF INF INF INF INF INF INF INF INF INF INF INF INF INF INF INF INF INF INF INF INF INF INF INF INF INF INF INF INF INF INF INF INF INF INF INF INF INF INF INF INF INF INF INF INF INF INF INF INF INF INF INF INF INF INF INF INF INF INF INF INF INF INF INF INF INF INF INF INF INF INF INF INF INF INF INF INF INF INF INF INF INF INF INF INF INF INF INF INF INF INF INF INF INF INF INF INF INF INF INF INF INF INF INF INF INF INF INF INF INF INF INF INF INF INF INF INF INF INF INF INF INF INF INF INF INF INF INF INF INF INF INF INF INF INF INF INF INF INF INF 0 3 4 7 5 2 5 6 9 7 4 7 8 11 9 6 9 10 13 11 8 11 12 15 13 10 13 14 17 15 12 15 16 19 17 14 17 18 21 19 16 19 20 23 21 18 21 22
INF INF INF INF INF INF INF INF INF INF INF INF INF INF INF INF INF INF INF INF INF INF INF INF INF INF INF INF INF INF INF INF INF INF INF INF INF INF INF INF INF INF INF INF INF INF INF INF INF INF INF INF INF INF INF INF INF INF INF INF INF INF INF INF INF INF INF INF INF INF INF INF INF INF INF INF INF INF INF INF INF INF INF INF INF INF INF INF INF INF INF INF INF INF INF INF INF INF INF INF INF INF INF INF INF INF INF INF INF INF INF INF INF INF INF INF INF INF INF INF INF INF INF INF INF INF INF INF INF INF INF INF INF INF INF INF INF INF INF INF INF INF INF INF INF INF INF INF INF INF INF INF INF INF INF INF INF INF INF INF INF INF INF INF INF INF INF INF INF INF INF INF INF INF INF INF INF INF INF INF INF INF INF INF INF INF INF INF INF INF INF INF INF INF INF INF INF INF INF INF INF INF INF INF INF INF INF INF INF INF INF INF INF INF INF INF INF INF INF INF INF INF INF INF INF INF INF INF INF INF INF INF INF INF INF INF INF INF INF INF INF INF INF INF INF INF INF INF INF INF INF INF INF INF INF INF INF INF INF INF INF INF INF INF INF INF INF INF INF INF INF INF INF INF INF INF INF INF INF INF INF INF INF INF INF INF INF INF INF INF INF INF INF INF INF INF INF INF INF INF INF INF INF INF INF INF INF INF INF INF INF INF INF INF INF INF INF INF INF INF INF INF INF INF INF INF INF INF INF INF INF INF INF INF INF INF INF INF INF INF INF INF INF INF INF INF INF INF INF INF INF INF INF INF INF INF INF INF INF INF INF INF INF INF INF INF INF INF INF INF INF INF INF INF INF INF INF INF INF INF INF INF INF INF INF INF INF INF INF INF INF INF INF INF INF INF INF INF INF INF INF INF INF INF INF INF INF INF INF INF INF INF INF INF INF INF INF INF INF INF INF INF INF INF INF INF INF INF INF INF INF INF INF INF INF INF INF INF INF INF INF INF INF INF INF INF INF INF INF INF INF INF INF 0 3 4 2 5 2 5 6 4 7 4 7 8 6 9 6 9 10 8 11 8 11 12 10 13 10 13 14 12 15 12 15 16 14 17 14 17 18 16 19 16 19 20 18 21 18 21
INF INF INF INF INF INF INF INF INF INF INF INF INF INF INF INF INF INF INF INF INF INF INF INF INF INF INF INF INF INF INF INF INF INF INF INF INF INF INF INF INF INF INF INF INF INF INF INF INF INF INF INF INF INF INF INF INF INF INF INF INF INF INF INF INF INF INF INF INF INF INF INF INF INF INF INF INF INF INF INF INF INF INF INF INF INF INF INF INF INF INF INF INF INF INF INF INF INF INF INF INF INF INF INF INF INF INF INF INF INF INF INF INF INF INF INF INF INF INF INF INF INF INF INF INF INF INF INF INF INF INF INF INF INF INF INF INF INF INF INF INF INF INF INF INF INF INF INF INF INF INF INF INF INF INF INF INF INF INF INF INF INF INF INF INF INF INF INF INF INF INF INF INF INF INF INF INF INF INF INF INF INF INF INF INF INF INF INF INF INF INF INF INF INF INF INF INF INF INF INF INF INF INF INF INF INF INF INF INF INF INF INF INF INF INF INF INF INF INF INF INF INF INF INF INF INF INF INF INF INF INF INF INF INF INF INF INF INF INF INF INF INF INF INF INF INF INF INF INF INF INF INF INF INF INF INF INF INF INF INF INF INF INF INF INF INF INF INF INF INF INF INF INF INF INF INF INF INF INF INF INF INF INF INF INF INF INF INF INF INF INF INF INF INF INF INF INF INF INF INF INF INF INF INF INF INF INF INF INF INF INF INF INF INF INF INF INF INF INF INF INF INF INF INF INF INF INF INF INF INF INF INF INF INF INF INF INF INF INF INF INF INF INF INF INF INF INF INF INF INF INF INF INF INF INF INF INF INF INF INF INF INF INF INF INF INF INF INF INF INF INF INF INF INF INF INF INF INF INF INF INF INF INF INF INF INF INF INF INF INF INF INF INF INF INF INF INF INF INF INF INF INF INF INF INF INF INF INF INF INF INF INF INF INF INF INF INF INF INF INF INF INF INF INF INF INF INF INF INF INF INF INF INF INF INF INF INF INF INF INF INF INF INF INF INF INF INF INF INF INF INF INF INF INF 0 3 1 4 5 2 5 3 6 7 4 7 5 8 9 6 9 7 10 11 8 11 9 12 13 10 13 11 14 15 12 15 13 16 17 14 17 15 18 19 16 19 17 20 21 18
INF INF INF INF INF INF INF INF INF INF INF INF INF INF INF INF INF INF INF INF INF INF INF INF INF INF INF INF INF INF INF INF INF INF INF INF INF INF INF INF INF INF INF INF INF INF INF INF INF INF INF INF INF INF INF INF INF INF INF INF INF INF INF INF INF INF INF INF INF INF INF INF INF INF INF INF INF INF INF INF INF INF INF INF INF INF INF INF INF INF INF INF INF INF INF INF INF INF INF INF INF INF INF INF INF INF INF INF INF INF INF INF INF INF INF INF INF INF INF INF INF INF INF INF INF INF INF INF INF INF INF INF INF INF INF INF INF INF INF INF INF INF INF INF INF INF INF INF INF INF INF INF INF INF INF INF INF INF INF INF INF INF INF INF INF INF INF INF INF INF INF INF INF INF INF INF INF INF INF INF INF INF INF INF INF INF INF INF INF INF INF INF INF INF INF INF INF INF INF INF INF INF INF INF INF INF INF INF INF INF INF INF INF INF INF INF INF INF INF INF INF INF INF INF INF INF INF INF INF INF INF INF INF INF INF INF INF INF INF INF INF INF INF INF INF INF INF INF INF INF INF INF INF INF INF INF INF INF INF INF INF INF INF INF INF INF INF INF INF INF INF INF INF INF INF INF INF INF INF INF INF INF INF INF INF INF INF INF INF INF INF INF INF INF INF INF INF INF INF INF INF INF INF INF INF INF INF INF INF INF INF INF INF INF INF INF INF INF INF INF INF INF INF INF INF INF INF INF INF INF INF INF INF INF INF INF INF INF INF INF INF INF INF INF INF INF INF INF INF INF INF INF INF INF INF INF INF INF INF INF INF INF INF INF INF INF INF INF INF INF INF INF INF INF INF INF INF INF INF INF INF INF INF INF INF INF INF INF INF INF INF INF INF INF INF INF INF INF INF INF INF INF INF INF INF INF INF INF INF INF INF INF INF INF INF INF INF INF INF INF INF INF INF INF INF INF INF INF INF INF INF INF INF INF INF INF INF INF INF INF INF INF INF INF INF INF INF INF INF INF INF INF INF INF INF 0 -2 1 2 5 2 0 3 4 7 4 2 5 6 9 6 4 7 8 11 8 6 9 10 13 10 8 11 12 15 12 10 13 14 17 14 12 15 16 19 16 14 17 18 21
INF INF INF INF INF INF INF INF INF INF INF INF INF INF INF INF INF INF INF INF INF INF INF INF INF INF INF INF INF INF INF INF INF INF INF INF INF INF INF INF INF INF INF INF INF INF INF INF INF INF INF INF INF INF INF INF INF INF INF INF INF INF INF INF INF INF INF INF INF INF INF INF INF INF INF INF INF INF INF INF INF INF INF INF INF INF INF INF INF INF INF INF INF INF INF INF INF INF INF INF INF INF INF INF INF INF INF INF INF INF INF INF INF INF INF INF INF INF INF INF INF INF INF INF INF INF INF INF INF INF INF INF INF INF INF INF INF INF INF INF INF INF INF INF INF INF INF INF INF INF INF INF INF INF INF INF INF INF INF INF INF INF INF INF INF INF INF INF INF INF INF INF INF INF INF INF INF INF INF INF INF INF INF INF INF INF INF INF INF INF INF INF INF INF INF INF INF INF INF INF INF INF INF INF INF INF INF INF INF INF INF INF INF INF INF INF INF INF INF INF INF INF INF INF INF INF INF INF INF INF INF INF INF INF INF INF INF INF INF INF INF INF INF INF INF INF INF INF INF INF INF INF INF INF INF INF INF INF INF INF INF INF INF INF INF INF INF INF INF INF INF INF INF INF INF INF INF INF INF INF INF INF INF INF INF INF INF INF INF INF INF INF INF INF INF INF INF INF INF INF INF INF INF INF INF INF INF INF INF INF INF INF INF INF INF INF INF INF INF INF INF INF INF INF INF INF INF INF INF INF INF INF INF INF INF INF INF INF INF INF INF INF INF INF INF INF INF INF INF INF INF INF INF INF INF INF INF INF INF INF INF INF INF INF INF INF INF INF INF INF INF INF INF INF INF INF INF INF INF INF INF INF INF INF INF INF INF INF INF INF INF INF INF INF INF INF INF INF INF INF INF INF INF INF INF INF INF INF INF INF INF INF INF INF INF INF INF INF INF INF INF INF INF INF INF INF INF INF INF INF INF INF INF INF INF INF INF INF INF INF INF INF INF INF INF INF INF INF INF INF INF INF INF INF INF INF 0 3 4 7 8 2 5 6 9 10 4 7 8 11 12 6 9 10 13 14 8 11 12 15 16 10 13 14 17 18 12 15 16 19 20 14 17 18 21 22 16 19 20 23
INF INF INF INF INF INF INF INF INF INF INF INF INF INF INF INF INF INF INF INF INF INF INF INF INF INF INF INF INF INF INF INF INF INF INF INF INF INF INF INF INF INF INF INF INF INF INF INF INF INF INF INF INF INF INF INF INF INF INF INF INF INF INF INF INF INF INF INF INF INF INF INF INF INF INF INF INF INF INF INF INF INF INF INF INF INF INF INF INF INF INF INF INF INF INF INF INF INF INF INF INF INF INF INF INF INF INF INF INF INF INF INF INF INF INF INF INF INF INF INF INF INF INF INF INF INF INF INF INF INF INF INF INF INF INF INF INF INF INF INF INF INF INF INF INF INF INF INF INF INF INF INF INF INF INF INF INF INF INF INF INF INF INF INF INF INF INF INF INF INF INF INF INF INF INF INF INF INF INF INF INF INF INF INF INF INF INF INF INF INF INF INF INF INF INF INF INF INF INF INF INF INF INF INF INF INF INF INF INF INF INF INF INF INF INF INF INF INF INF INF INF INF INF INF INF INF INF INF INF INF INF INF INF INF INF INF INF INF INF INF INF INF INF INF INF INF INF INF INF INF INF INF INF INF INF INF INF INF INF INF INF INF INF INF INF INF INF INF INF INF INF INF INF INF INF INF INF INF INF INF INF INF INF INF INF INF INF INF INF INF INF INF INF INF INF INF INF INF INF INF INF INF INF INF INF INF INF INF INF INF INF INF INF INF INF INF INF INF INF INF INF INF INF INF INF INF INF INF INF INF INF INF INF INF INF INF INF INF INF INF INF INF INF INF INF INF INF INF INF INF INF INF INF INF INF INF INF INF INF INF INF INF INF INF INF INF INF INF INF INF INF INF INF INF INF INF INF INF INF INF INF INF INF INF INF INF INF INF INF INF INF INF INF INF INF INF INF INF INF INF INF INF INF INF INF INF INF INF INF INF INF INF INF INF INF INF INF INF INF INF INF INF INF INF INF INF INF INF INF INF INF INF INF INF INF INF INF INF INF INF INF INF INF INF INF INF INF INF INF INF INF INF INF INF INF INF INF 0 3 4 7 5 2 5 6 9 7 4 7 8 11 9 6 9 10 13 11 8 11 12 15 13 10 13 14 17 15 12 15 16 19 17 14 17 18 21 19 16 19 20
INF INF INF INF INF INF INF INF INF INF INF INF INF INF INF INF INF INF INF INF INF INF INF INF INF INF INF INF INF INF INF INF INF INF INF INF INF INF INF INF INF INF INF INF INF INF INF INF INF INF INF INF INF INF INF INF INF INF INF INF INF INF INF INF INF INF INF INF INF INF INF INF INF INF INF INF INF INF INF INF INF INF INF INF INF INF INF INF INF INF INF INF INF INF INF INF INF INF INF INF INF INF INF INF INF INF INF INF INF INF INF INF INF INF INF INF INF INF INF INF INF INF INF INF INF INF INF INF INF INF INF INF INF INF INF INF INF INF INF INF INF INF INF INF INF INF INF INF INF INF INF INF INF INF INF INF INF INF INF INF INF INF INF INF INF INF INF INF INF INF INF INF INF INF INF INF INF INF INF INF INF INF INF INF INF INF INF INF INF INF INF INF INF INF INF INF INF INF INF INF INF INF INF INF INF INF INF INF INF INF INF INF INF INF INF INF INF INF INF INF INF INF INF INF INF INF INF INF INF INF INF INF INF INF INF INF INF INF INF INF INF INF INF INF INF INF INF INF INF INF INF INF INF INF INF INF INF INF INF INF INF INF INF INF INF INF INF INF INF INF INF INF INF INF INF INF INF INF INF INF INF INF INF INF INF INF INF INF INF INF INF INF INF INF INF INF INF INF INF INF INF INF INF INF INF INF INF INF INF INF INF INF INF INF INF INF INF INF INF INF INF INF INF INF INF INF INF INF INF INF INF INF INF INF INF INF INF INF INF INF INF INF INF INF INF INF INF INF INF INF INF INF INF INF INF INF INF INF INF INF INF INF INF INF INF INF INF INF INF INF INF INF INF INF INF INF INF INF INF INF INF INF INF INF INF INF INF INF INF INF INF INF INF INF INF INF INF INF INF INF INF INF INF INF INF INF INF INF INF INF INF INF INF INF INF INF INF INF INF INF INF INF INF INF INF INF INF INF INF INF INF INF INF INF INF INF INF INF INF INF INF INF INF INF INF INF INF INF INF INF INF INF INF INF INF INF INF INF 0 3 4 2 5 2 5 6 4 7 4 7 8 6 9 6 9 10 8 11 8 11 12 10 13 10 13 14 12 15 12 15 16 14 17 14 17 18 16 19 16 19
INF INF INF INF INF INF INF INF INF INF INF INF INF INF INF INF INF INF INF INF INF INF INF INF INF INF INF INF INF INF INF INF INF INF INF INF INF INF INF INF INF INF INF INF INF INF INF INF INF INF INF INF INF INF INF INF INF INF INF INF INF INF INF INF INF INF INF INF INF INF INF INF INF INF INF INF INF INF INF INF INF INF INF INF INF INF INF INF INF INF INF INF INF INF INF INF INF INF INF INF INF INF INF INF INF INF INF INF INF INF INF INF INF INF INF INF INF INF INF INF INF INF INF INF INF INF INF INF INF INF INF INF INF INF INF INF INF INF INF INF INF INF INF INF INF INF INF INF INF INF INF INF INF INF INF INF INF INF INF INF INF INF INF INF INF INF INF INF INF INF INF INF INF INF INF INF INF INF INF INF INF INF INF INF INF INF INF INF INF INF INF INF INF INF INF INF INF INF INF INF INF INF INF INF INF INF INF INF INF INF INF INF INF INF INF INF INF INF INF INF INF INF INF INF INF INF INF INF INF INF INF INF INF INF INF INF INF INF INF INF INF INF INF INF INF INF INF INF INF INF INF INF INF INF INF INF INF INF INF INF INF INF INF INF INF INF INF INF INF INF INF INF INF INF INF INF INF INF INF INF INF INF INF INF INF INF INF INF INF INF INF INF INF INF INF INF INF INF INF INF INF INF INF INF INF INF INF INF INF INF INF INF INF INF INF INF INF INF INF INF INF INF INF INF INF INF INF INF INF INF INF INF INF INF INF INF INF INF INF INF INF INF INF INF INF INF INF INF INF INF INF INF INF INF INF INF INF INF INF INF INF INF INF INF INF INF INF INF INF INF INF INF INF INF INF INF INF INF INF INF INF INF INF INF INF INF INF INF INF INF INF INF INF INF INF INF INF INF INF INF INF INF INF INF INF INF INF INF INF INF INF INF INF INF INF INF INF INF INF INF INF INF INF INF INF INF INF INF INF INF INF INF INF INF INF INF INF INF INF INF INF INF INF INF INF INF INF INF INF INF INF INF INF INF INF INF INF INF INF 0 3 1 4 5 2 5 3 6 7 4 7 5 8 9 6 9 7 10 11 8 11 9 12 13 10 13 11 14 15 12 15 13 16 17 14 17 15 18 19 16
INF INF INF INF INF INF INF INF INF INF INF INF INF INF INF INF INF INF INF INF INF INF INF INF INF INF INF INF INF INF INF INF INF INF INF INF INF INF INF INF INF INF INF INF INF INF INF INF INF INF INF INF INF INF INF INF INF INF INF INF INF INF INF INF INF INF INF INF INF INF INF INF INF INF INF INF INF INF INF INF INF INF INF INF INF INF INF INF INF INF INF INF INF INF INF INF INF INF INF INF INF INF INF INF INF INF INF INF INF INF INF INF INF INF INF INF INF INF INF INF INF INF INF INF INF INF INF INF INF INF INF INF INF INF INF INF INF INF INF INF INF INF INF INF INF INF INF INF INF INF INF INF INF INF INF INF INF INF INF INF INF INF INF INF INF INF INF INF INF INF INF INF INF INF INF INF INF INF INF INF INF INF INF INF INF INF INF INF INF INF INF INF INF INF INF INF INF INF INF INF INF INF INF INF INF INF INF INF INF INF INF INF INF INF INF INF INF INF INF INF INF INF INF INF INF INF INF INF INF INF INF INF INF INF INF INF INF INF INF INF INF INF INF INF INF INF INF INF INF INF INF INF INF INF INF INF INF INF INF INF INF INF INF INF INF INF INF INF INF INF INF INF INF INF INF INF INF INF INF INF INF INF INF INF INF INF INF INF INF INF INF INF INF INF INF INF INF INF INF INF INF INF INF INF INF INF INF INF INF INF INF INF INF INF INF INF INF INF INF INF INF INF INF INF INF INF INF INF INF INF INF INF INF INF INF INF INF INF INF INF INF INF INF INF INF INF INF INF INF INF INF INF INF INF INF INF INF INF INF INF INF INF INF INF INF INF INF INF INF INF INF INF INF INF INF INF INF INF INF INF INF INF INF INF INF INF INF INF INF INF INF INF INF INF INF INF INF INF INF INF INF INF INF INF INF INF INF INF INF INF INF INF INF INF INF INF INF INF INF INF INF INF INF INF INF INF INF INF INF INF INF INF INF INF INF INF INF INF INF INF INF INF INF INF INF INF INF INF INF INF INF INF INF INF INF INF INF INF INF INF 0 -2 1 2 5 2 0 3 4 7 4 2 5 6 9 6 4 7 8 11 8 6 9 10 13 10 8 11 12 15 12 10 13 14 17 14 12 15 16 19
INF INF INF INF INF INF INF INF INF INF INF INF INF INF INF INF INF INF INF INF INF INF INF INF INF INF INF INF INF INF INF INF INF INF INF INF INF INF INF INF INF INF INF INF INF INF INF INF INF INF INF INF INF INF INF INF INF INF INF INF INF INF INF INF INF INF INF INF INF INF INF INF INF INF INF INF INF INF INF INF INF INF INF INF INF INF INF INF INF INF INF INF INF INF INF INF INF INF INF INF INF INF INF INF INF INF INF INF INF INF INF INF INF INF INF INF INF INF INF INF INF INF INF INF INF INF INF INF INF INF INF INF INF INF INF INF INF INF INF INF INF INF INF INF INF INF INF INF INF INF INF INF INF INF INF INF INF INF INF INF INF INF INF INF INF INF INF INF INF INF INF INF INF INF INF INF INF INF INF INF INF INF INF INF INF INF INF INF INF INF INF INF INF INF INF INF INF INF INF INF INF INF INF INF INF INF INF INF INF INF INF INF INF INF INF INF INF INF INF INF INF INF INF INF INF INF INF INF INF INF INF INF INF INF INF INF INF INF INF INF INF INF INF INF INF INF INF INF INF INF INF INF INF INF INF INF INF INF INF INF INF INF INF INF INF INF INF INF INF INF INF INF INF INF INF INF INF INF INF INF INF INF INF INF INF INF INF INF INF INF INF INF INF INF INF INF INF INF INF INF INF INF INF INF INF INF INF INF INF INF INF INF INF INF INF INF INF INF INF INF INF INF INF INF INF INF INF INF INF INF INF INF INF INF INF INF INF INF INF INF INF INF INF INF INF INF INF INF INF INF INF INF INF INF INF INF INF INF INF INF INF INF INF INF INF INF INF INF INF INF INF INF INF INF INF INF INF INF INF INF INF INF INF INF INF INF INF INF INF INF INF INF INF INF INF INF INF INF INF INF INF INF INF INF INF INF INF INF INF INF INF INF INF INF INF INF INF INF INF INF INF INF INF INF INF INF INF INF INF INF INF INF INF INF INF INF INF INF INF INF INF INF INF INF INF INF INF INF INF INF INF INF INF INF INF INF INF INF INF INF INF 0 3 4 7 8 2 5 6 9 10 4 7 8 11 12 6 9 10 13 14 8 11 12 15 16 10 13 14 17 18 12 15 16 19 20 14 17 18 21
INF INF INF INF INF INF INF INF INF INF INF INF INF INF INF INF INF INF INF INF INF INF INF INF INF INF INF INF INF INF INF INF INF INF INF INF INF INF INF INF INF INF INF INF INF INF INF INF INF INF INF INF INF INF INF INF INF INF INF INF INF INF INF INF INF INF INF INF INF INF INF INF INF INF INF INF INF INF INF INF INF INF INF INF INF INF INF INF INF INF INF INF INF INF INF INF INF INF INF INF INF INF INF INF INF INF INF INF INF INF INF INF INF INF INF INF INF INF INF INF INF INF INF INF INF INF INF INF INF INF INF INF INF INF INF INF INF INF INF INF INF INF INF INF INF INF INF INF INF INF INF INF INF INF INF INF INF INF INF INF INF INF INF INF INF INF INF INF INF INF INF INF INF INF INF INF INF INF INF INF INF INF INF INF INF INF INF INF INF INF INF INF INF INF INF INF INF INF INF INF INF INF INF INF INF INF INF INF INF INF INF INF INF INF INF INF INF INF INF INF INF INF INF INF INF INF INF INF INF INF INF INF INF INF INF INF INF INF INF INF INF INF INF INF INF INF INF INF INF INF INF INF INF INF INF INF INF INF INF INF INF INF INF INF INF INF INF INF INF INF INF INF INF INF INF INF INF INF INF INF INF INF INF INF INF INF INF INF INF INF INF INF INF INF INF INF INF INF INF INF INF INF INF INF INF INF INF INF INF INF INF INF INF INF INF INF INF INF INF INF INF INF INF INF INF INF INF INF INF INF INF INF INF INF INF INF INF INF INF INF INF INF INF INF INF INF INF INF INF INF INF INF INF INF INF INF INF INF INF INF INF INF INF INF INF INF INF INF INF INF INF INF INF INF INF INF INF INF INF INF INF INF INF INF INF INF INF INF INF INF INF INF INF INF INF INF INF INF INF INF INF INF INF INF INF INF INF INF INF INF INF INF INF INF INF INF INF INF INF INF INF INF INF INF INF INF INF INF INF INF INF INF INF INF INF INF INF INF INF INF INF INF INF INF INF INF INF INF INF INF INF INF INF INF INF INF INF INF INF INF INF INF 0 3 4 7 5 2 5 6 9 7 4 7 8 11 9 6 9 10 13 11 8 11 12 15 13 10 13 14 17 15 12 15 16 19 17 14 17 18
INF INF INF INF INF INF INF INF INF INF INF INF INF INF INF INF INF INF INF INF INF INF INF INF INF INF INF INF INF INF INF INF INF INF INF INF INF INF INF INF INF INF INF INF INF INF INF INF INF INF INF INF INF INF INF INF INF INF INF INF INF INF INF INF INF INF INF INF INF INF INF INF INF INF INF INF INF INF INF INF INF INF INF INF INF INF INF INF INF INF INF INF INF INF INF INF INF INF INF INF INF INF INF INF INF INF INF INF INF INF INF INF INF INF INF INF INF INF INF INF INF INF INF INF INF INF INF INF INF INF INF INF INF INF INF INF INF INF INF INF INF INF INF INF INF INF INF INF INF INF INF INF INF INF INF INF INF INF INF INF INF INF INF INF INF INF INF INF INF INF INF INF INF INF INF INF INF INF INF INF INF INF INF INF INF INF INF INF INF INF INF INF INF INF INF INF INF INF INF INF INF INF INF INF INF INF INF INF INF INF INF INF INF INF INF INF INF INF INF INF INF INF INF INF INF INF INF INF INF INF INF INF INF INF INF INF INF INF INF INF INF INF INF INF INF INF INF INF INF INF INF INF INF INF INF INF INF INF INF INF INF INF INF INF INF INF INF INF INF INF INF INF INF INF INF INF INF INF INF INF INF INF INF INF INF INF INF INF INF INF INF INF INF INF INF INF INF INF INF INF INF INF INF INF INF INF INF INF INF INF INF INF INF INF INF INF INF INF INF INF INF INF INF INF INF INF INF INF INF INF INF INF INF INF INF INF INF INF INF INF INF INF INF INF INF INF INF INF INF INF INF INF INF INF INF INF INF INF INF INF INF INF INF INF INF INF INF INF INF INF INF INF INF INF INF INF INF INF INF INF INF INF INF INF INF INF INF INF INF INF INF INF INF INF INF INF INF INF INF INF INF INF INF INF INF INF INF INF INF INF INF INF INF INF INF INF INF INF INF INF INF INF INF INF INF INF INF INF INF INF INF INF INF INF INF INF INF INF INF INF INF INF INF INF INF INF INF INF INF INF INF INF INF INF INF INF INF INF INF INF INF INF INF 0 3 4 2 5 2 5 6 4 7 4 7 8 6 9 6 9 10 8 11 8 11 12 10 13 10 13 14 12 15 12 15 16 14 17 14 17
INF INF INF INF INF INF INF INF INF INF INF INF INF INF INF INF INF INF INF INF INF INF INF INF INF INF INF INF INF INF INF INF INF INF INF INF INF INF INF INF INF INF INF INF INF INF INF INF INF INF INF INF INF INF INF INF INF INF INF INF INF INF INF INF INF INF INF INF INF INF INF INF INF INF INF INF INF INF INF INF INF INF INF INF INF INF INF INF INF INF INF INF INF INF INF INF INF INF INF INF INF INF INF INF INF INF INF INF INF INF INF INF INF INF INF INF INF INF INF INF INF INF INF INF INF INF INF INF INF INF INF INF INF INF INF INF INF INF INF INF INF INF INF INF INF INF INF INF INF INF INF INF INF INF INF INF INF INF INF INF INF INF INF INF INF INF INF INF INF INF INF INF INF INF INF INF INF INF INF INF INF INF INF INF INF INF INF INF INF INF INF INF INF INF INF INF INF INF INF INF INF INF INF INF INF INF INF INF INF INF INF INF INF INF INF INF INF INF INF INF INF INF INF INF INF INF INF INF INF INF INF INF INF INF INF INF INF INF INF INF INF INF INF INF INF INF INF INF INF INF INF INF INF INF INF INF INF INF INF INF INF INF INF INF INF INF INF INF INF INF INF INF INF INF INF INF INF INF INF INF INF INF INF INF INF INF INF INF INF INF INF INF INF INF INF INF INF INF INF INF INF INF INF INF INF INF INF INF INF INF INF INF INF INF INF INF INF INF INF INF INF INF INF INF INF INF INF INF INF INF INF INF INF INF INF INF INF INF INF INF INF INF INF INF INF INF INF INF INF INF INF INF INF INF INF INF INF INF INF INF INF INF INF INF INF INF INF INF INF INF INF INF INF INF INF INF INF INF INF INF INF INF INF INF INF INF INF INF INF INF INF INF INF INF INF INF INF INF INF INF INF INF INF INF INF INF INF INF INF INF INF INF INF INF INF INF INF INF INF INF INF INF INF INF INF INF INF INF INF INF INF INF INF INF INF INF INF INF INF INF INF INF INF INF INF INF INF INF INF INF INF INF INF INF INF INF INF INF INF INF INF INF INF INF 0 3 1 4 5 2 5 3 6 7 4 7 5 8 9 6 9 7 10 11 8 11 9 12 13 10 13 11 14 15 12 15 13 16 17 14
INF INF INF INF INF INF INF INF INF INF INF INF INF INF INF INF INF INF INF INF INF INF INF INF INF INF INF INF INF INF INF INF INF INF INF INF INF INF INF INF INF INF INF INF INF INF INF INF INF INF INF INF INF INF INF INF INF INF INF INF INF INF INF INF INF INF INF INF INF INF INF INF INF INF INF INF INF INF INF INF INF INF INF INF INF INF INF INF INF INF INF INF INF INF INF INF INF INF INF INF INF INF INF INF INF INF INF INF INF INF INF INF INF INF INF INF INF INF INF INF INF INF INF INF INF INF INF INF INF INF INF INF INF INF INF INF INF INF INF INF INF INF INF INF INF INF INF INF INF INF INF INF INF INF INF INF INF INF INF INF INF INF INF INF INF INF INF INF INF INF INF INF INF INF INF INF INF INF INF INF INF INF INF INF INF INF INF INF INF INF INF INF INF INF INF INF INF INF INF INF INF INF INF INF INF INF INF INF INF INF INF INF INF INF INF INF INF INF INF INF INF INF INF INF INF INF INF INF INF INF INF INF INF INF INF INF INF INF INF INF INF INF INF INF INF INF INF INF INF INF INF INF INF INF INF INF INF INF INF INF INF INF INF INF INF INF INF INF INF INF INF INF INF INF INF INF INF INF INF INF INF INF INF INF INF INF INF INF INF INF INF INF INF INF INF INF INF INF INF INF INF INF INF INF INF INF INF INF INF INF INF INF INF INF INF INF INF INF INF INF INF INF INF INF INF INF INF INF INF INF INF INF INF INF INF INF INF INF INF INF INF INF INF INF INF INF INF INF INF INF INF INF INF INF INF INF INF INF INF INF INF INF INF INF INF INF INF INF INF INF INF INF INF INF INF INF INF INF INF INF INF INF INF INF INF INF INF INF INF INF INF INF INF INF INF INF INF INF INF INF INF INF INF INF INF INF INF INF INF INF INF INF INF INF INF INF INF INF INF INF INF INF INF INF INF INF INF INF INF INF INF INF INF INF INF INF INF INF INF INF INF INF INF INF INF INF INF INF INF INF INF INF INF INF INF INF INF INF INF INF INF INF INF INF INF 0 -2 1 2 5 2 0 3 4 7 4 2 5 6 9 6 4 7 8 11 8 6 9 10 13 10 8 11 12 15 12 10 13 14 17
INF INF INF INF INF INF INF INF INF INF INF INF INF INF INF INF INF INF INF INF INF INF INF INF INF INF INF INF INF INF INF INF INF INF INF INF INF INF INF INF INF INF INF INF INF INF INF INF INF INF INF INF INF INF INF INF INF INF INF INF INF INF INF INF INF INF INF INF INF INF INF INF INF INF INF INF INF INF INF INF INF INF INF INF INF INF INF INF INF INF INF INF INF INF INF INF INF INF INF INF INF INF INF INF INF INF INF INF INF INF INF INF INF INF INF INF INF INF INF INF INF INF INF INF INF INF INF INF INF INF INF INF INF INF INF INF INF INF INF INF INF INF INF INF INF INF INF INF INF INF INF INF INF INF INF INF INF INF INF INF INF INF INF INF INF INF INF INF INF INF INF INF INF INF INF INF INF INF INF INF INF INF INF INF INF INF INF INF INF INF INF INF INF INF INF INF INF INF INF INF INF INF INF INF INF INF INF INF INF INF INF INF INF INF INF INF INF INF INF INF INF INF INF INF INF INF INF INF INF INF INF INF INF INF INF INF INF INF INF INF INF INF INF INF INF INF INF INF INF INF INF INF INF INF INF INF INF INF INF INF INF INF INF INF INF INF INF INF INF INF INF INF INF INF INF INF INF INF INF INF INF INF INF INF INF INF INF INF INF INF INF INF INF INF INF INF INF INF INF INF INF INF INF INF INF INF INF INF INF INF INF INF INF INF INF INF INF INF INF INF INF INF INF INF INF INF INF INF INF INF INF INF INF INF INF INF INF INF INF INF INF INF INF INF INF INF INF INF INF INF INF INF INF INF INF INF INF INF INF INF INF INF INF INF INF INF INF INF INF INF INF INF INF INF INF INF INF INF INF INF INF INF INF INF INF INF INF INF INF INF INF INF INF INF INF INF INF INF INF INF INF INF INF INF INF INF INF INF INF INF INF INF INF INF INF INF INF INF INF INF INF INF INF INF INF INF INF INF INF INF INF INF INF INF INF INF INF INF INF INF INF INF INF INF INF INF INF INF INF INF INF INF INF INF INF INF INF INF INF INF INF INF INF INF INF INF 0 3 4 7 8 2 5 6 9 10 4 7 8 11 12 6 9 10 13 14 8 11 12 15 16 10 13 14 17 18 12 15 16 19
INF INF INF INF INF INF INF INF INF INF INF INF INF INF INF INF INF INF INF INF INF INF INF INF INF INF INF INF INF INF INF INF INF INF INF INF INF INF INF INF INF INF INF INF INF INF INF INF INF INF INF INF INF INF INF INF INF INF INF INF INF INF INF INF INF INF INF INF INF INF INF INF INF INF INF INF INF INF INF INF INF INF INF INF INF INF INF INF INF INF INF INF INF INF INF INF INF INF INF INF INF INF INF INF INF INF INF INF INF INF INF INF INF INF INF INF INF INF INF INF INF INF INF INF INF INF INF INF INF INF INF INF INF INF INF INF INF INF INF INF INF INF INF INF INF INF INF INF INF INF INF INF INF INF INF INF INF INF INF INF INF INF INF INF INF INF INF INF INF INF INF INF INF INF INF INF INF INF INF INF INF INF INF INF INF INF INF INF INF INF INF INF INF INF INF INF INF INF INF INF INF INF INF INF INF INF INF INF INF INF INF INF INF INF INF INF INF INF INF INF INF INF INF INF INF INF INF INF INF INF INF INF INF INF INF INF INF INF INF INF INF INF INF INF INF INF INF INF INF INF INF INF INF INF INF INF INF INF INF INF INF INF INF INF INF INF INF INF INF INF INF INF INF INF INF INF INF INF INF INF INF INF INF INF INF INF INF INF INF INF INF INF INF INF INF INF INF INF INF INF INF INF INF INF INF INF INF INF INF INF INF INF INF INF INF INF INF INF INF INF INF INF INF INF INF INF INF INF INF INF INF INF INF INF INF INF INF INF INF INF INF INF INF INF INF INF INF INF INF INF INF INF INF INF INF INF INF INF INF INF INF INF INF INF INF INF INF INF INF INF INF INF INF INF INF INF INF INF INF INF INF INF INF INF INF INF INF INF INF INF INF INF INF INF INF INF INF INF INF INF INF INF INF INF INF INF INF INF INF INF INF INF INF INF INF INF INF INF INF INF INF INF INF INF INF INF INF INF INF INF INF INF INF INF INF INF INF INF INF INF INF INF INF INF INF INF INF INF INF INF INF INF INF INF INF INF INF INF INF INF INF INF INF INF INF INF INF 0 3 4 7 5 2 5 6 9 7 4 7 8 11 9 6 9 10 13 11 8 11 12 15 13 10 13 14 17 15 12 15 16
INF INF INF INF INF INF INF INF INF INF INF INF INF INF INF INF INF INF INF INF INF INF INF INF INF INF INF INF INF INF INF INF INF INF INF INF INF INF INF INF INF INF INF INF INF INF INF INF INF INF INF INF INF INF INF INF INF INF INF INF INF INF INF INF INF INF INF INF INF INF INF INF INF INF INF INF INF INF INF INF INF INF INF INF INF INF INF INF INF INF INF INF INF INF INF INF INF INF INF INF INF INF INF INF INF INF INF INF INF INF INF INF INF INF INF INF INF INF INF INF INF INF INF INF INF INF INF INF INF INF INF INF INF INF INF INF INF INF INF INF INF INF INF INF INF INF INF INF INF INF INF INF INF INF INF INF INF INF INF INF INF INF INF INF INF INF INF INF INF INF INF INF INF INF INF INF INF INF INF INF INF INF INF INF INF INF INF INF INF INF INF INF INF INF INF INF INF INF INF INF INF INF INF INF INF INF INF INF INF INF INF INF INF INF INF INF INF INF INF INF INF INF INF INF INF INF INF INF INF INF INF INF INF INF INF INF INF INF INF INF INF INF INF INF INF INF INF INF INF INF INF INF INF INF INF INF INF INF INF INF INF INF INF INF INF INF INF INF INF INF INF INF INF INF INF INF INF INF INF INF INF INF INF INF INF INF INF INF INF INF INF INF INF INF INF INF INF INF INF INF INF INF INF INF INF INF INF INF INF INF INF INF INF INF INF INF INF INF INF INF INF INF INF INF INF INF INF INF INF INF INF INF INF INF INF INF INF INF INF INF INF INF INF INF INF INF INF INF INF INF INF INF INF INF INF INF INF INF INF INF INF INF INF INF INF INF INF INF INF INF INF INF INF INF INF INF INF INF INF INF INF INF INF INF INF INF INF INF INF INF INF INF INF INF INF INF INF INF INF INF INF INF INF INF INF INF INF INF INF INF INF INF INF INF INF INF INF INF INF INF INF INF INF INF INF INF INF INF INF INF INF INF INF INF INF INF INF INF INF INF INF INF INF INF INF INF INF INF INF INF INF INF INF INF INF INF INF INF INF INF INF INF INF INF INF INF INF INF 0 3 4 2 5 2 5 6 4 7 4 7 8 6 9 6 9 10 8 11 8 11 12 10 13 10 13 14 12 15 12 15
INF INF INF INF INF INF INF INF INF INF INF INF INF INF INF INF INF INF INF INF INF INF INF INF INF INF INF INF INF INF INF INF INF INF INF INF INF INF INF INF INF INF INF INF INF INF INF INF INF INF INF INF INF INF INF INF INF INF INF INF INF INF INF INF INF INF INF INF INF INF INF INF INF INF INF INF INF INF INF INF INF INF INF INF INF INF INF INF INF INF INF INF INF INF INF INF INF INF INF INF INF INF INF INF INF INF INF INF INF INF INF INF INF INF INF INF INF INF INF INF INF INF INF INF INF INF INF INF INF INF INF INF INF INF INF INF INF INF INF INF INF INF INF INF INF INF INF INF INF INF INF INF INF INF INF INF INF INF INF INF INF INF INF INF INF INF INF INF INF INF INF INF INF INF INF INF INF INF INF INF INF INF INF INF INF INF INF INF INF INF INF INF INF INF INF INF INF INF INF INF INF INF INF INF INF INF INF INF INF INF INF INF INF INF INF INF INF INF INF INF INF INF INF INF INF INF INF INF INF INF INF INF INF INF INF INF INF INF INF INF INF INF INF INF INF INF INF INF INF INF INF INF INF INF INF INF INF INF INF INF INF INF INF INF INF INF INF INF INF INF INF INF INF INF INF INF INF INF INF INF INF INF INF INF INF INF INF INF INF INF INF INF INF INF INF INF INF INF INF INF INF INF INF INF INF INF INF INF INF INF INF INF INF INF INF INF INF INF INF INF INF INF INF INF INF INF INF INF INF INF INF INF INF INF INF INF INF INF INF INF INF INF INF INF INF INF INF INF INF INF INF INF INF INF INF INF INF INF INF INF INF INF INF INF INF INF INF INF INF INF INF INF INF INF INF INF INF INF INF INF INF INF INF INF INF INF INF INF INF INF INF INF INF INF INF INF INF INF INF INF INF INF INF INF INF INF INF INF INF INF INF INF INF INF INF INF INF INF INF INF INF INF INF INF INF INF INF INF INF INF INF INF INF INF INF INF INF INF INF INF INF INF INF INF INF INF INF INF INF INF INF INF INF INF INF INF INF INF INF INF INF INF INF INF INF INF INF INF INF 0 3 1 4 5 2 5 3 6 7 4 7 5 8 9 6 9 7 10 11 8 11 9 12 13 10 13 11 14 15 12
INF INF INF INF INF INF INF INF INF INF INF INF INF INF INF INF INF INF INF INF INF INF INF INF INF INF INF INF INF INF INF INF INF INF INF INF INF INF INF INF INF INF INF INF INF INF INF INF INF INF INF INF INF INF INF INF INF INF INF INF INF INF INF INF INF INF INF INF INF INF INF INF INF INF INF INF INF INF INF INF INF INF INF INF INF INF INF INF INF INF INF INF INF INF INF INF INF INF INF INF INF INF INF INF INF INF INF INF INF INF INF INF INF INF INF INF INF INF INF INF INF INF INF INF INF INF INF INF INF INF INF INF INF INF INF INF INF INF INF INF INF INF INF INF INF INF INF INF INF INF INF INF INF INF INF INF INF INF INF INF INF INF INF INF INF INF INF INF INF INF INF INF INF INF INF INF INF INF INF INF INF INF INF INF INF INF INF INF INF INF INF INF INF INF INF INF INF INF INF INF INF INF INF INF INF INF INF INF INF INF INF INF INF INF INF INF INF INF INF INF INF INF INF INF INF INF INF INF INF INF INF INF INF INF INF INF INF INF INF INF INF INF INF INF INF INF INF INF INF INF INF INF INF INF INF INF INF INF INF INF INF INF INF INF INF INF INF INF INF INF INF INF INF INF INF INF INF INF INF INF INF INF INF INF INF INF INF INF INF INF INF INF INF INF INF INF INF INF INF INF INF INF INF INF INF INF INF INF INF INF INF INF INF INF INF INF INF INF INF INF INF INF INF INF INF INF INF INF INF INF INF INF INF INF INF INF INF INF INF INF INF INF INF INF INF INF INF INF INF INF INF INF INF INF INF INF INF INF INF INF INF INF INF INF INF INF INF INF INF INF INF INF INF INF INF INF INF INF INF INF INF INF INF INF INF INF INF INF INF INF INF INF INF INF INF INF INF INF INF INF INF INF INF INF INF INF INF INF INF INF INF INF INF INF INF INF INF INF INF INF INF INF INF INF INF INF INF INF INF INF INF INF INF INF INF INF INF INF INF INF INF INF INF INF INF INF INF INF INF INF INF INF INF INF INF INF INF INF INF INF INF INF INF INF INF INF INF INF INF INF 0 -2 1 2 5 2 0 3 4 7 4 2 5 6 9 6 4 7 8 11 8 6 9 10 13 10 8 11 12 15
INF INF INF INF INF INF INF INF INF INF INF INF INF INF INF INF INF INF INF INF INF INF INF INF INF INF INF INF INF INF INF INF INF INF INF INF INF INF INF INF INF INF INF INF INF INF INF INF INF INF INF INF INF INF INF INF INF INF INF INF INF INF INF INF INF INF INF INF INF INF INF INF INF INF INF INF INF INF INF INF INF INF INF INF INF INF INF INF INF INF INF INF INF INF INF INF INF INF INF INF INF INF INF INF INF INF INF INF INF INF INF INF INF INF INF INF INF INF INF INF INF INF INF INF INF INF INF INF INF INF INF INF INF INF INF INF INF INF INF INF INF INF INF INF INF INF INF INF INF INF INF INF INF INF INF INF INF INF INF INF INF INF INF INF INF INF INF INF INF INF INF INF INF INF INF INF INF INF INF INF INF INF INF INF INF INF INF INF INF INF INF INF INF INF INF INF INF INF INF INF INF INF INF INF INF INF INF INF INF INF INF INF INF INF INF INF INF INF INF INF INF INF INF INF INF INF INF INF INF INF INF INF INF INF INF INF INF INF INF INF INF INF INF INF INF INF INF INF INF INF INF INF INF INF INF INF INF INF INF INF INF INF INF INF INF INF INF INF INF INF INF INF INF INF INF INF INF INF INF INF INF INF INF INF INF INF INF INF INF INF INF INF INF INF INF INF INF INF INF INF INF INF INF INF INF INF INF INF INF INF INF INF INF INF INF INF INF INF INF INF INF INF INF INF INF INF INF INF INF INF INF INF INF INF INF INF INF INF INF INF INF INF INF INF INF INF INF INF INF INF INF INF INF INF INF INF INF INF INF INF INF INF INF INF INF INF INF INF INF INF INF INF INF INF INF INF INF INF INF INF INF INF INF INF INF INF INF INF INF INF INF INF INF INF INF INF INF INF INF INF INF INF INF INF INF INF INF INF INF INF INF INF INF INF INF INF INF INF INF INF INF INF INF INF INF INF INF INF INF INF INF INF INF INF INF INF INF INF INF INF INF INF INF INF INF INF INF INF INF INF INF INF INF INF INF INF INF INF INF INF INF INF INF INF INF INF INF INF INF INF INF 0 3 4 7 8 2 5 6 9 10 4 7 8 11 12 6 9 10 13 14 8 11 12 15 16 10 13 14 17
INF INF INF INF INF INF INF INF INF INF INF INF INF INF INF INF INF INF INF INF INF INF INF INF INF INF INF INF INF INF INF INF INF INF INF INF INF INF INF INF INF INF INF INF INF INF INF INF INF INF INF INF INF INF INF INF INF INF INF INF INF INF INF INF INF INF INF INF INF INF INF INF INF INF INF INF INF INF INF INF INF INF INF INF INF INF INF INF INF INF INF INF INF INF INF INF INF INF INF INF INF INF INF INF INF INF INF INF INF INF INF INF INF INF INF INF INF INF INF INF INF INF INF INF INF INF INF INF INF INF INF INF INF INF INF INF INF INF INF INF INF INF INF INF INF INF INF INF INF INF INF INF INF INF INF INF INF INF INF INF INF INF INF INF INF INF INF INF INF INF INF INF INF INF INF INF INF INF INF INF INF INF INF INF INF INF INF INF INF INF INF INF INF INF INF INF INF INF INF INF INF INF INF INF INF INF INF INF INF INF INF INF INF INF INF INF INF INF INF INF INF INF INF INF INF INF INF INF INF INF INF INF INF INF INF INF INF INF INF INF INF INF INF INF INF INF INF INF INF INF INF INF INF INF INF INF INF INF INF INF INF INF INF INF INF INF INF INF INF INF INF INF INF INF INF INF INF INF INF INF INF INF INF INF INF INF INF INF INF INF INF INF INF INF INF INF INF INF INF INF INF INF INF INF INF INF INF INF INF INF INF INF INF INF INF INF INF INF INF INF INF INF INF INF INF INF INF INF INF INF INF INF INF INF INF INF INF INF INF INF INF INF INF INF INF INF INF INF INF INF INF INF INF INF INF INF INF INF INF INF INF INF INF INF INF INF INF INF INF INF INF INF INF INF INF INF INF INF INF INF INF INF INF INF INF INF INF INF INF INF INF INF INF INF INF INF INF INF INF INF INF INF INF INF INF INF INF INF INF INF INF INF INF INF INF INF INF INF INF INF INF INF INF INF INF INF INF INF INF INF INF INF INF INF INF INF INF INF INF INF INF INF INF INF INF INF INF INF INF INF INF INF INF INF INF INF INF INF INF INF INF INF INF INF INF INF INF INF INF INF INF INF 0 3 4 7 5 2 5 6 9 7 4 7 8 11 9 6 9 10 13 11 8 11 12 15 13 10 13 14
INF INF INF INF INF INF INF INF INF INF INF INF INF INF INF INF INF INF INF INF INF INF INF INF INF INF INF INF INF INF INF INF INF INF INF INF INF INF INF INF INF INF INF INF INF INF INF INF INF INF INF INF INF INF INF INF INF INF INF INF INF INF INF INF INF INF INF INF INF INF INF INF INF INF INF INF INF INF INF INF INF INF INF INF INF INF INF INF INF INF INF INF INF INF INF INF INF INF INF INF INF INF INF INF INF INF INF INF INF INF INF INF INF INF INF INF INF INF INF INF INF INF INF INF INF INF INF INF INF INF INF INF INF INF INF INF INF INF INF INF INF INF INF INF INF INF INF INF INF INF INF INF INF INF INF INF INF INF INF INF INF INF INF INF INF INF INF INF INF INF INF INF INF INF INF INF INF INF INF INF INF INF INF INF INF INF INF INF INF INF INF INF INF INF INF INF INF INF INF INF INF INF INF INF INF INF INF INF INF INF INF INF INF INF INF INF INF INF INF INF INF INF INF INF INF INF INF INF INF INF INF INF INF INF INF INF INF INF INF INF INF INF INF INF INF INF INF INF INF INF INF INF INF INF INF INF INF INF INF INF INF INF INF INF INF INF INF INF INF INF INF INF INF INF INF INF INF INF INF INF INF INF INF INF INF INF INF INF INF INF INF INF INF INF INF INF INF INF INF INF INF INF INF INF INF INF INF INF INF INF INF INF INF INF INF INF INF INF INF INF INF INF INF INF INF INF INF INF INF INF INF INF INF INF INF INF INF INF INF INF INF INF INF INF INF INF INF INF INF INF INF INF INF INF INF INF INF INF INF INF INF INF INF INF INF INF INF INF INF INF INF INF INF INF INF INF INF INF INF INF INF INF INF INF INF INF INF INF INF INF INF INF INF INF INF INF INF INF INF INF INF INF INF INF INF INF INF INF INF INF INF INF INF INF INF INF INF INF INF INF INF INF INF INF INF INF INF INF INF INF INF INF INF INF INF INF INF INF INF INF INF INF INF INF INF INF INF INF INF INF INF INF INF INF INF INF INF INF INF INF INF INF INF INF INF INF INF INF INF INF INF INF INF 0 3 4 2 5 2 5 6 4 7 4 7 8 6 9 6 9 10 8 11 8 11 12 10 13 10 13
INF INF INF INF INF INF INF INF INF INF INF INF INF INF INF INF INF INF INF INF INF INF INF INF INF INF INF INF INF INF INF INF INF INF INF INF INF INF INF INF INF INF INF INF INF INF INF INF INF INF INF INF INF INF INF INF INF INF INF INF INF INF INF INF INF INF INF INF INF INF INF INF INF INF INF INF INF INF INF INF INF INF INF INF INF INF INF INF INF INF INF INF INF INF INF INF INF INF INF INF INF INF INF INF INF INF INF INF INF INF INF INF INF INF INF INF INF INF INF INF INF INF INF INF INF INF INF INF INF INF INF INF INF INF INF INF INF INF INF INF INF INF INF INF INF INF INF INF INF INF INF INF INF INF INF INF INF INF INF INF INF INF INF INF INF INF INF INF INF INF INF INF INF INF INF INF INF INF INF INF INF INF INF INF INF INF INF INF INF INF INF INF INF INF INF INF INF INF INF INF INF INF INF INF INF INF INF INF INF INF INF INF INF INF INF INF INF INF INF INF INF INF INF INF INF INF INF INF INF INF INF INF INF INF INF INF INF INF INF INF INF INF INF INF INF INF INF INF INF INF INF INF INF INF INF INF INF INF INF INF INF INF INF INF INF INF INF INF INF INF INF INF INF INF INF INF INF INF INF INF INF INF INF INF INF INF INF INF INF INF INF INF INF INF INF INF INF INF INF INF INF INF INF INF INF INF INF INF INF INF INF INF INF INF INF INF INF INF INF INF INF INF INF INF INF INF INF INF INF INF INF INF INF INF INF INF INF INF INF INF INF INF INF INF INF INF INF INF INF INF INF INF INF INF INF INF INF INF INF INF INF INF INF INF INF INF INF INF INF INF INF INF INF INF INF INF INF INF INF INF INF INF INF INF INF INF INF INF INF INF INF INF INF INF INF INF INF INF INF INF INF INF INF INF INF INF INF INF INF INF INF INF INF INF INF INF INF INF INF INF INF INF INF INF INF INF INF INF INF INF INF INF INF INF INF INF INF INF INF INF INF INF INF INF INF INF INF INF INF INF INF INF INF INF INF INF INF INF INF INF INF INF INF INF INF INF INF INF INF INF INF INF INF INF 0 3 1 4 5 2 5 3 6 7 4 7 5 8 9 6 9 7 10 11 8 11 9 12 13 10
INF INF INF INF INF INF INF INF INF INF INF INF INF INF INF INF INF INF INF INF INF INF INF INF INF INF INF INF INF INF INF INF INF INF INF INF INF INF INF INF INF INF INF INF INF INF INF INF INF INF INF INF INF INF INF INF INF INF INF INF INF INF INF INF INF INF INF INF INF INF INF INF INF INF INF INF INF INF INF INF INF INF INF INF INF INF INF INF INF INF INF INF INF INF INF INF INF INF INF INF INF INF INF INF INF INF INF INF INF INF INF INF INF INF INF INF INF INF INF INF INF INF INF INF INF INF INF INF INF INF INF INF INF INF INF INF INF INF INF INF INF INF INF INF INF INF INF INF INF INF INF INF INF INF INF INF INF INF INF INF INF INF INF INF INF INF INF INF INF INF INF INF INF INF INF INF INF INF INF INF INF INF INF INF INF INF INF INF INF INF INF INF INF INF INF INF INF INF INF INF INF INF INF INF INF INF INF INF INF INF INF INF INF INF INF INF INF INF INF INF INF INF INF INF INF INF INF INF INF INF INF INF INF INF INF INF INF INF INF INF INF INF INF INF INF INF INF INF INF INF INF INF INF INF INF INF INF INF INF INF INF INF INF INF INF INF INF INF INF INF INF INF INF INF INF INF INF INF INF INF INF INF INF INF INF INF INF INF INF INF INF INF INF INF INF INF INF INF INF INF INF INF INF INF INF INF INF INF INF INF INF INF INF INF INF INF INF INF INF INF INF INF INF INF INF INF INF INF INF INF INF INF INF INF INF INF INF INF INF INF INF INF INF INF INF INF INF INF INF INF INF INF INF INF INF INF INF INF INF INF INF INF INF INF INF INF INF INF INF INF INF INF INF INF INF INF INF INF INF INF INF INF INF INF INF INF INF INF INF INF INF INF INF INF INF INF INF INF INF INF INF INF INF INF INF INF INF INF INF INF INF INF INF INF INF INF INF INF INF INF INF INF INF INF INF INF INF INF INF INF INF INF INF INF INF INF INF INF INF INF INF INF INF INF INF INF INF INF INF INF INF INF INF INF INF INF INF INF INF INF INF INF INF INF INF INF INF INF INF INF INF INF INF INF INF 0 -2 1 2 5 2 0 3 4 7 4 2 5 6 9 6 4 7 8 11 8 6 9 10 13
INF INF INF INF INF INF INF INF INF INF INF INF INF INF INF INF INF INF INF INF INF INF INF INF INF INF INF INF INF INF INF INF INF INF INF INF INF INF INF INF INF INF INF INF INF INF INF INF INF INF INF INF INF INF INF INF INF INF INF INF INF INF INF INF INF INF INF INF INF INF INF INF INF INF INF INF INF INF INF INF INF INF INF INF INF INF INF INF INF INF INF INF INF INF INF INF INF INF INF INF INF INF INF INF INF INF INF INF INF INF INF INF INF INF INF INF INF INF INF INF INF INF INF INF INF INF INF INF INF INF INF INF INF INF INF INF INF INF INF INF INF INF INF INF INF INF INF INF INF INF INF INF INF INF INF INF INF INF INF INF INF INF INF INF INF INF INF INF INF INF INF INF INF INF INF INF INF INF INF INF INF INF INF INF INF INF INF INF INF INF INF INF INF INF INF INF INF INF INF INF INF INF INF INF INF INF INF INF INF INF INF INF INF INF INF INF INF INF INF INF INF INF INF INF INF INF INF INF INF INF INF INF INF INF INF INF INF INF INF INF INF INF INF INF INF INF INF INF INF INF INF INF INF INF INF INF INF INF INF INF INF INF INF INF INF INF INF INF INF INF INF INF INF INF INF INF INF INF INF INF INF INF INF INF INF INF INF INF INF INF INF INF INF INF INF INF INF INF INF INF INF INF INF INF INF INF INF INF INF INF INF INF INF INF INF INF INF INF INF INF INF INF INF INF INF INF INF INF INF INF INF INF INF INF INF INF INF INF INF INF INF INF INF INF INF INF INF INF INF INF INF INF INF INF INF INF INF INF INF INF INF INF INF INF INF INF INF INF INF INF INF INF INF INF INF INF INF INF INF INF INF INF INF INF INF INF INF INF INF INF INF INF INF INF INF INF INF INF INF INF INF INF INF INF INF INF INF INF INF INF INF INF INF INF INF INF INF INF INF INF INF INF INF INF INF INF INF INF INF INF INF INF INF INF INF INF INF INF INF INF INF INF INF INF INF INF INF INF INF INF INF INF INF INF INF INF INF INF INF INF INF INF INF INF INF INF INF INF INF INF INF INF INF INF INF INF 0 3 4 7 8 2 5 6 9 10 4 7 8 11 12 6 9 10 13 14 8 11 12 15
INF INF INF INF INF INF INF INF INF INF INF INF INF INF INF INF INF INF INF INF INF INF INF INF INF INF INF INF INF INF INF INF INF INF INF INF INF INF INF INF INF INF INF INF INF INF INF INF INF INF INF INF INF INF INF INF INF INF INF INF INF INF INF INF INF INF INF INF INF INF INF INF INF INF INF INF INF INF INF INF INF INF INF INF INF INF INF INF INF INF INF INF INF INF INF INF INF INF INF INF INF INF INF INF INF INF INF INF INF INF INF INF INF INF INF INF INF INF INF INF INF INF INF INF INF INF INF INF INF INF INF INF INF INF INF INF INF INF INF INF INF INF INF INF INF INF INF INF INF INF INF INF INF INF INF INF INF INF INF INF INF INF INF INF INF INF INF INF INF INF INF INF INF INF INF INF INF INF INF INF INF INF INF INF INF INF INF INF INF INF INF INF INF INF INF INF INF INF INF INF INF INF INF INF INF INF INF INF INF INF INF INF INF INF INF INF INF INF INF INF INF INF INF INF INF INF INF INF INF INF INF INF INF INF INF INF INF INF INF INF INF INF INF INF INF INF INF INF INF INF INF INF INF INF INF INF INF INF INF INF INF INF INF INF INF INF INF INF INF INF INF INF INF INF INF INF INF INF INF INF INF INF INF INF INF INF INF INF INF INF INF INF INF INF INF INF INF INF INF INF INF INF INF INF INF INF INF INF INF INF INF INF INF INF INF INF INF INF INF INF INF INF INF INF INF INF INF INF INF INF INF INF INF INF INF INF INF INF INF INF INF INF INF INF INF INF INF INF INF INF INF INF INF INF INF INF INF INF INF INF INF INF INF INF INF INF INF INF INF INF INF INF INF INF INF INF INF INF INF INF INF INF INF INF INF INF INF INF INF INF INF INF INF INF INF INF INF INF INF INF INF INF INF INF INF INF INF INF INF INF INF INF INF INF INF INF INF INF INF INF INF INF INF INF INF INF INF INF INF INF INF INF INF INF INF INF INF INF INF INF INF INF INF INF INF INF INF INF INF INF INF INF INF INF INF INF INF INF INF INF INF INF INF INF INF INF INF INF INF INF INF INF INF INF INF INF INF 0 3 4 7 5 2 5 6 9 7 4 7 8 11 9 6 9 10 13 11 8 11 12
INF INF INF INF INF INF INF INF INF INF INF INF INF INF INF INF INF INF INF INF INF INF INF INF INF INF INF INF INF INF INF INF INF INF INF INF INF INF INF INF INF INF INF INF INF INF INF INF INF INF INF INF INF INF INF INF INF INF INF INF INF INF INF INF INF INF INF INF INF INF INF INF INF INF INF INF INF INF INF INF INF INF INF INF INF INF INF INF INF INF INF INF INF INF INF INF INF INF INF INF INF INF INF INF INF INF INF INF INF INF INF INF INF INF INF INF INF INF INF INF INF INF INF INF INF INF INF INF INF INF INF INF INF INF INF INF INF INF INF INF INF INF INF INF INF INF INF INF INF INF INF INF INF INF INF INF INF INF INF INF INF INF INF INF INF INF INF INF INF INF INF INF INF INF INF INF INF INF INF INF INF INF INF INF INF INF INF INF INF INF INF INF INF INF INF INF INF INF INF INF INF INF INF INF INF INF INF INF INF INF INF INF INF INF INF INF INF INF INF INF INF INF INF INF INF INF INF INF INF INF INF INF INF INF INF INF INF INF INF INF INF INF INF INF INF INF INF INF INF INF INF INF INF INF INF INF INF INF INF INF INF INF INF INF INF INF INF INF INF INF INF INF INF INF INF INF INF INF INF INF INF INF INF INF INF INF INF INF INF INF INF INF INF INF INF INF INF INF INF INF INF INF INF INF INF INF INF INF INF INF INF INF INF INF INF INF INF INF INF INF INF INF INF INF INF INF INF INF INF INF INF INF INF INF INF INF INF INF INF INF INF INF INF INF INF INF INF INF INF INF INF INF INF INF INF INF INF INF INF INF INF INF INF INF INF INF INF INF INF INF INF INF INF INF INF INF INF INF INF INF INF INF INF INF INF INF INF INF INF INF INF INF INF INF INF INF INF INF INF INF INF INF INF INF INF INF INF INF INF INF INF INF INF INF INF INF INF INF INF INF INF INF INF INF INF INF INF INF INF INF INF INF INF INF INF INF INF INF INF INF INF INF INF INF INF INF INF INF INF INF INF INF INF INF INF INF INF INF INF INF INF INF INF INF INF INF INF INF INF INF INF INF INF INF INF INF INF INF 0 3 4 2 5 2 5 6 4 7 4 7 8 6 9 6 9 10 8 11 8 11
INF INF INF INF INF INF INF INF INF INF INF INF INF INF INF INF INF INF INF INF INF INF INF INF INF INF INF INF INF INF INF INF INF INF INF INF INF INF INF INF INF INF INF INF INF INF INF INF INF INF INF INF INF INF INF INF INF INF INF INF INF INF INF INF INF INF INF INF INF INF INF INF INF INF INF INF INF INF INF INF INF INF INF INF INF INF INF INF INF INF INF INF INF INF INF INF INF INF INF INF INF INF INF INF INF INF INF INF INF INF INF INF INF INF INF INF INF INF INF INF INF INF INF INF INF INF INF INF INF INF INF INF INF INF INF INF INF INF INF INF INF INF INF INF INF INF INF INF INF INF INF INF INF INF INF INF INF INF INF INF INF INF INF INF INF INF INF INF INF INF INF INF INF INF INF INF INF INF INF INF INF INF INF INF INF INF INF INF INF INF INF INF INF INF INF INF INF INF INF INF INF INF INF INF INF INF INF INF INF INF INF INF INF INF INF INF INF INF INF INF INF INF INF INF INF INF INF INF INF INF INF INF INF INF INF INF INF INF INF INF INF INF INF INF INF INF INF INF INF INF INF INF INF INF INF INF INF INF INF INF INF INF INF INF INF INF INF INF INF INF INF INF INF INF INF INF INF INF INF INF INF INF INF INF INF INF INF INF INF INF INF INF INF INF INF INF INF INF INF INF INF INF INF INF INF INF INF INF INF INF INF INF INF INF INF INF INF INF INF INF INF INF INF INF INF INF INF INF INF INF INF INF INF INF INF INF INF INF INF INF INF INF INF INF INF INF INF INF INF INF INF INF INF INF INF INF INF INF INF INF INF INF INF INF INF INF INF INF INF INF INF INF INF INF INF INF INF INF INF INF INF INF INF INF INF INF INF INF INF INF INF INF INF INF INF INF INF INF INF INF INF INF INF INF INF INF INF INF INF INF INF INF INF INF INF INF INF INF INF INF INF INF INF INF INF INF INF INF INF INF INF INF INF INF INF INF INF INF INF INF INF INF INF INF INF INF INF INF INF INF INF INF INF INF INF INF INF INF INF INF INF INF INF INF INF INF INF INF INF INF INF INF INF INF INF INF INF INF INF 0 3 1 4 5 2 5 3 6 7 4 7 5 8 9 6 9 7 10 11 8
INF INF INF INF INF INF INF INF INF INF INF INF INF INF INF INF INF INF INF INF INF INF INF INF INF INF INF INF INF INF INF INF INF INF INF INF INF INF INF INF INF INF INF INF INF INF INF INF INF INF INF INF INF INF INF INF INF INF INF INF INF INF INF INF INF INF INF INF INF INF INF INF INF INF INF INF INF INF INF INF INF INF INF INF INF INF INF INF INF INF INF INF INF INF INF INF INF INF INF INF INF INF INF INF INF INF INF INF INF INF INF INF INF INF INF INF INF INF INF INF INF INF INF INF INF INF INF INF INF INF INF INF INF INF INF INF INF INF INF INF INF INF INF INF INF INF INF INF INF INF INF INF INF INF INF INF INF INF INF INF INF INF INF INF INF INF INF INF INF INF INF INF INF INF INF INF INF INF INF INF INF INF INF INF INF INF INF INF INF INF INF INF INF INF INF INF INF INF INF INF INF INF INF INF INF INF INF INF INF INF INF INF INF INF INF INF INF INF INF INF INF INF INF INF INF INF INF INF INF INF INF INF INF INF INF INF INF INF INF INF INF INF INF INF INF INF INF INF INF INF INF INF INF INF INF INF INF INF INF INF INF INF INF INF INF INF INF INF INF INF INF INF INF INF INF INF INF INF INF INF INF INF INF INF INF INF INF INF INF INF INF INF INF INF INF INF INF INF INF INF INF INF INF INF INF INF INF INF INF INF INF INF INF INF INF INF INF INF INF INF INF INF INF INF INF INF INF INF INF INF INF INF INF INF INF INF INF INF INF INF INF INF INF INF INF INF INF INF INF INF INF INF INF INF INF INF INF INF INF INF INF INF INF INF INF INF INF INF INF INF INF INF INF INF INF INF INF INF INF INF INF INF INF INF INF INF INF INF INF INF INF INF INF INF INF INF INF INF INF INF INF INF INF INF INF INF INF INF INF INF INF INF INF INF INF INF INF INF INF INF INF INF INF INF INF INF INF INF INF INF INF INF INF INF INF INF INF INF INF INF INF INF INF INF INF INF INF INF INF INF INF INF INF INF INF INF INF INF INF INF INF INF INF INF INF INF INF INF INF INF INF INF INF INF INF INF INF INF INF INF 0 -2 1 2 5 2 0 3 4 7 4 2 5 6 9 6 4 7 8 11
INF INF INF INF INF INF INF INF INF INF INF INF INF INF INF INF INF INF INF INF INF INF INF INF INF INF INF INF INF INF INF INF INF INF INF INF INF INF INF INF INF INF INF INF INF INF INF INF INF INF INF INF INF INF INF INF INF INF INF INF INF INF INF INF INF INF INF INF INF INF INF INF INF INF INF INF INF INF INF INF INF INF INF INF INF INF INF INF INF INF INF INF INF INF INF INF INF INF INF INF INF INF INF INF INF INF INF INF INF INF INF INF INF INF INF INF INF INF INF INF INF INF INF INF INF INF INF INF INF INF INF INF INF INF INF INF INF INF INF INF INF INF INF INF INF INF INF INF INF INF INF INF INF INF INF INF INF INF INF INF INF INF INF INF INF INF INF INF INF INF INF INF INF INF INF INF INF INF INF INF INF INF INF INF INF INF INF INF INF INF INF INF INF INF INF INF INF INF INF INF INF INF INF INF INF INF INF INF INF INF INF INF INF INF INF INF INF INF INF INF INF INF INF INF INF INF INF INF INF INF INF INF INF INF INF INF INF INF INF INF INF INF INF INF INF INF INF INF INF INF INF INF INF INF INF INF INF INF INF INF INF INF INF INF INF INF INF INF INF INF INF INF INF INF INF INF INF INF INF INF INF INF INF INF INF INF INF INF INF INF INF INF INF INF INF INF INF INF INF INF INF INF INF INF INF INF INF INF INF INF INF INF INF INF INF INF INF INF INF INF INF INF INF INF INF INF INF INF INF INF INF INF INF INF INF INF INF INF INF INF INF INF INF INF INF INF INF INF INF INF INF INF INF INF INF INF INF INF INF INF INF INF INF INF INF INF INF INF INF INF INF INF INF INF INF INF INF INF INF INF INF INF INF INF INF INF INF INF INF INF INF INF INF INF INF INF INF INF INF INF INF INF INF INF INF INF INF INF INF INF INF INF INF INF INF INF INF INF INF INF INF INF INF INF INF INF INF INF INF INF INF INF INF INF INF INF INF INF INF INF INF INF INF INF INF INF INF INF INF INF INF INF INF INF INF INF INF INF INF INF INF INF INF INF INF INF INF INF INF INF INF INF INF INF INF INF INF INF INF INF INF 0 3 4 7 8 2 5 6 9 10 4 7 8 11 12 6 9 10 13
INF INF INF INF INF INF INF INF INF INF INF INF INF INF INF INF INF INF INF INF INF INF INF INF INF INF INF INF INF INF INF INF INF INF INF INF INF INF INF INF INF INF INF INF INF INF INF INF INF INF INF INF INF INF INF INF INF INF INF INF INF INF INF INF INF INF INF INF INF INF INF INF INF INF INF INF INF INF INF INF INF INF INF INF INF INF INF INF INF INF INF INF INF INF INF INF INF INF INF INF INF INF INF INF INF INF INF INF INF INF INF INF INF INF INF INF INF INF INF INF INF INF INF INF INF INF INF INF INF INF INF INF INF INF INF INF INF INF INF INF INF INF INF INF INF INF INF INF INF INF INF INF INF INF INF INF INF INF INF INF INF INF INF INF INF INF INF INF INF INF INF INF INF INF INF INF INF INF INF INF INF INF INF INF INF INF INF INF INF INF INF INF INF INF INF INF INF INF INF INF INF INF INF INF INF INF INF INF INF INF INF INF INF INF INF INF INF INF INF INF INF INF INF INF INF INF INF INF INF INF INF INF INF INF INF INF INF INF INF INF INF INF INF INF INF INF INF INF INF INF INF INF INF INF INF INF INF INF INF INF INF INF INF INF INF INF INF INF INF INF INF INF INF INF INF INF INF INF INF INF INF INF INF INF INF INF INF INF INF INF INF INF INF INF INF INF INF INF INF INF INF INF INF INF INF INF INF INF INF INF INF INF INF INF INF INF INF INF INF INF INF INF INF INF INF INF INF INF INF INF INF INF INF INF INF INF INF INF INF INF INF INF INF INF INF INF INF INF INF INF INF INF INF INF INF INF INF INF INF INF INF INF INF INF INF INF INF INF INF INF INF INF INF INF INF INF INF INF INF INF INF INF INF INF INF INF INF INF INF INF INF INF INF INF INF INF INF INF INF INF INF INF INF INF INF INF INF INF INF INF INF INF INF INF INF INF INF INF INF INF INF INF INF INF INF INF INF INF INF INF INF INF INF INF INF INF INF INF INF INF INF INF INF INF INF INF INF INF INF INF INF INF INF INF INF INF INF INF INF INF INF INF INF INF INF INF INF INF INF INF INF INF INF INF INF INF INF INF INF INF INF INF 0 3 4 7 5 2 5 6 9 7 4 7 8 11 9 6 9 10
INF INF INF INF INF INF INF INF INF INF INF INF INF INF INF INF INF INF INF INF INF INF INF INF INF INF INF INF INF INF INF INF INF INF INF INF INF INF INF INF INF INF INF INF INF INF INF INF INF INF INF INF INF INF INF INF INF INF INF INF INF INF INF INF INF INF INF INF INF INF INF INF INF INF INF INF INF INF INF INF INF INF INF INF INF INF INF INF INF INF INF INF INF INF INF INF INF INF INF INF INF INF INF INF INF INF INF INF INF INF INF INF INF INF INF INF INF INF INF INF INF INF INF INF INF INF INF INF INF INF INF INF INF INF INF INF INF INF INF INF INF INF INF INF INF INF INF INF INF INF INF INF INF INF INF INF INF INF INF INF INF INF INF INF INF INF INF INF INF INF INF INF INF INF INF INF INF INF INF INF INF INF INF INF INF INF INF INF INF INF INF INF INF INF INF INF INF INF INF INF INF INF INF INF INF INF INF INF INF INF INF INF INF INF INF INF INF INF INF INF INF INF INF INF INF INF INF INF INF INF INF INF INF INF INF INF INF INF INF INF INF INF INF INF INF INF INF INF INF INF INF INF INF INF INF INF INF INF INF INF INF INF INF INF INF INF INF INF INF INF INF INF INF INF INF INF INF INF INF INF INF INF INF INF INF INF INF INF INF INF INF INF INF INF INF INF INF INF INF INF INF INF INF INF INF INF INF INF INF INF INF INF INF INF INF INF INF INF INF INF INF INF INF INF INF INF INF INF INF INF INF INF INF INF INF INF INF INF INF INF INF INF INF INF INF INF INF INF INF INF INF INF INF INF INF INF INF INF INF INF INF INF INF INF INF INF INF INF INF INF INF INF INF INF INF INF INF INF INF INF INF INF INF INF INF INF INF INF INF INF INF INF INF INF INF INF INF INF INF INF INF INF INF INF INF INF INF INF INF INF INF INF INF INF INF INF INF INF INF INF INF INF INF INF INF INF INF INF INF INF INF INF INF INF INF INF INF INF INF INF INF INF INF INF INF INF INF INF INF INF INF INF INF INF INF INF INF INF INF INF INF INF INF INF INF INF INF INF INF INF INF INF INF INF INF INF INF INF INF INF INF INF INF 0 3 4 2 5 2 5 6 4 7 4 7 8 6 9 6 9
INF INF INF INF INF INF INF INF INF INF INF INF INF INF INF INF INF INF INF INF INF INF INF INF INF INF INF INF INF INF INF INF INF INF INF INF INF INF INF INF INF INF INF INF INF INF INF INF INF INF INF INF INF INF INF INF INF INF INF INF INF INF INF INF INF INF INF INF INF INF INF INF INF INF INF INF INF INF INF INF INF INF INF INF INF INF INF INF INF INF INF INF INF INF INF INF INF INF INF INF INF INF INF INF INF INF INF INF INF INF INF INF INF INF INF INF INF INF INF INF INF INF INF INF INF INF INF INF INF INF INF INF INF INF INF INF INF INF INF INF INF INF INF INF INF INF INF INF INF INF INF INF INF INF INF INF INF INF INF INF INF INF INF INF INF INF INF INF INF INF INF INF INF INF INF INF INF INF INF INF INF INF INF INF INF INF INF INF INF INF INF INF INF INF INF INF INF INF INF INF INF INF INF INF INF INF INF INF INF INF INF INF INF INF INF INF INF INF INF INF INF INF INF INF INF INF INF INF INF INF INF INF INF INF INF INF INF INF INF INF INF INF INF INF INF INF INF INF INF INF INF INF INF INF INF INF INF INF INF INF INF INF INF INF INF INF INF INF INF INF INF INF INF INF INF INF INF INF INF INF INF INF INF INF INF INF INF INF INF INF INF INF INF INF INF INF INF INF INF INF INF INF INF INF INF INF INF INF INF INF INF INF INF INF INF INF INF INF INF INF INF INF INF INF INF INF INF INF INF INF INF INF INF INF INF INF INF INF INF INF INF INF INF INF INF INF INF INF INF INF INF INF INF INF INF INF INF INF INF INF INF INF INF INF INF INF INF INF INF INF INF INF INF INF INF INF INF INF INF INF INF INF INF INF INF INF INF INF INF INF INF INF INF INF INF INF INF INF INF INF INF INF INF INF INF INF INF INF INF INF INF INF INF INF INF INF INF INF INF INF INF INF INF INF INF INF INF INF INF INF INF INF INF INF INF INF INF INF INF INF INF INF INF INF INF INF INF INF INF INF INF INF INF INF INF INF INF INF INF INF INF INF INF INF INF INF INF INF INF INF INF INF INF INF INF INF INF INF INF INF INF INF INF INF 0 3 1 4 5 2 5 3 6 7 4 7 5 8 9 6
INF INF INF INF INF INF INF INF INF INF INF INF INF INF INF INF INF INF INF INF INF INF INF INF INF INF INF INF INF INF INF INF INF INF INF INF INF INF INF INF INF INF INF INF INF INF INF INF INF INF INF INF INF INF INF INF INF INF INF INF INF INF INF INF INF INF INF INF INF INF INF INF INF INF INF INF INF INF INF INF INF INF INF INF INF INF INF INF INF INF INF INF INF INF INF INF INF INF INF INF INF INF INF INF INF INF INF INF INF INF INF INF INF INF INF INF INF INF INF INF INF INF INF INF INF INF INF INF INF INF INF INF INF INF INF INF INF INF INF INF INF INF INF INF INF INF INF INF INF INF INF INF INF INF INF INF INF INF INF INF INF INF INF INF INF INF INF INF INF INF INF INF INF INF INF INF INF INF INF INF INF INF INF INF INF INF INF INF INF INF INF INF INF INF INF INF INF INF INF INF INF INF INF INF INF INF INF INF INF INF INF INF INF INF INF INF INF INF INF INF INF INF INF INF INF INF INF INF INF INF INF INF INF INF INF INF INF INF INF INF INF INF INF INF INF INF INF INF INF INF INF INF INF INF INF INF INF INF INF INF INF INF INF INF INF INF INF INF INF INF INF INF INF INF INF INF INF INF INF INF INF INF INF INF INF INF INF INF INF INF INF INF INF INF INF INF INF INF INF INF INF INF INF INF INF INF INF INF INF INF INF INF INF INF INF INF INF INF INF INF INF INF INF INF INF INF INF INF INF INF INF INF INF INF INF INF INF INF INF INF INF INF INF INF INF INF INF INF INF INF INF INF INF INF INF INF INF INF INF INF INF INF INF INF INF INF INF INF INF INF INF INF INF INF INF INF INF INF INF INF INF INF INF INF INF INF INF INF INF INF INF INF INF INF INF INF INF INF INF INF INF INF INF INF INF INF INF INF INF INF INF INF INF INF INF INF INF INF INF INF INF INF INF INF INF INF INF INF INF INF INF INF INF INF INF INF INF INF INF INF INF INF INF INF INF INF INF INF INF INF INF INF INF INF INF INF INF INF INF INF INF INF INF INF INF INF INF INF INF INF INF INF INF INF INF INF INF INF INF INF INF INF INF INF INF 0 -2 1 2 5 2 0 3 4 7 4 2 5 6 9
INF INF INF INF INF INF INF INF INF INF INF INF INF INF INF INF INF INF INF INF INF INF INF INF INF INF INF INF INF INF INF INF INF INF INF INF INF INF INF INF INF INF INF INF INF INF INF INF INF INF INF INF INF INF INF INF INF INF INF INF INF INF INF INF INF INF INF INF INF INF INF INF INF INF INF INF INF INF INF INF INF INF INF INF INF INF INF INF INF INF INF INF INF INF INF INF INF INF INF INF INF INF INF INF INF INF INF INF INF INF INF INF INF INF INF INF INF INF INF INF INF INF INF INF INF INF INF INF INF INF INF INF INF INF INF INF INF INF INF INF INF INF INF INF INF INF INF INF INF INF INF INF INF INF INF INF INF INF INF INF INF INF INF INF INF INF INF INF INF INF INF INF INF INF INF INF INF INF INF INF INF INF INF INF INF INF INF INF INF INF INF INF INF INF INF INF INF INF INF INF INF INF INF INF INF INF INF INF INF INF INF INF INF INF INF INF INF INF INF INF INF INF INF INF INF INF INF INF INF INF INF INF INF INF INF INF INF INF INF INF INF INF INF INF INF INF INF INF INF INF INF INF INF INF INF INF INF INF INF INF INF INF INF INF INF INF INF INF INF INF INF INF INF INF INF INF INF INF INF INF INF INF INF INF INF INF INF INF INF INF INF INF INF INF INF INF INF INF INF INF INF INF INF INF INF INF INF INF INF INF INF INF INF INF INF INF INF INF INF INF INF INF INF INF INF INF INF INF INF INF INF INF INF INF INF INF INF INF INF INF INF INF INF INF INF INF INF INF INF INF INF INF INF INF INF INF INF INF INF INF INF INF INF INF INF INF INF INF INF INF INF INF INF INF INF INF INF INF INF INF INF INF INF INF INF INF INF INF INF INF INF INF INF INF INF INF INF INF INF INF INF INF INF INF INF INF INF INF INF INF INF INF INF INF INF INF INF INF INF INF INF INF INF INF INF INF INF INF INF INF INF INF INF INF INF INF INF INF INF INF INF INF INF INF INF INF INF INF INF INF INF INF INF INF INF INF INF INF INF INF INF INF INF INF INF INF INF INF INF INF INF INF INF INF INF INF INF INF INF INF INF INF INF INF INF INF 0 3 4 7 8 2 5 6 9 10 4 7 8 11
INF INF INF INF INF INF INF INF INF INF INF INF INF INF INF INF INF INF INF INF INF INF INF INF INF INF INF INF INF INF INF INF INF INF INF INF INF INF INF INF INF INF INF INF INF INF INF INF INF INF INF INF INF INF INF INF INF INF INF INF INF INF INF INF INF INF INF INF INF INF INF INF INF INF INF INF INF INF INF INF INF INF INF INF INF INF INF INF INF INF INF INF INF INF INF INF INF INF INF INF INF INF INF INF INF INF INF INF INF INF INF INF INF INF INF INF INF INF INF INF INF INF INF INF INF INF INF INF INF INF INF INF INF INF INF INF INF INF INF INF INF INF INF INF INF INF INF INF INF INF INF INF INF INF INF INF INF INF INF INF INF INF INF INF INF INF INF INF INF INF INF INF INF INF INF INF INF INF INF INF INF INF INF INF INF INF INF INF INF INF INF INF INF INF INF INF INF INF INF INF INF INF INF INF INF INF INF INF INF INF INF INF INF INF INF INF INF INF INF INF INF INF INF INF INF INF INF INF INF INF INF INF INF INF INF INF INF INF INF INF INF INF INF INF INF INF INF INF INF INF INF INF INF INF INF INF INF INF INF INF INF INF INF INF INF INF INF INF INF INF INF INF INF INF INF INF INF INF INF INF INF INF INF INF INF INF INF INF INF INF INF INF INF INF INF INF INF INF INF INF INF INF INF INF INF INF INF INF INF INF INF INF INF INF INF INF INF INF INF INF INF INF INF INF INF INF INF INF INF INF INF INF INF INF INF INF INF INF INF INF INF INF INF INF INF INF INF INF INF INF INF INF INF INF INF INF INF INF INF INF INF INF INF INF INF INF INF INF INF INF INF INF INF INF INF INF INF INF INF INF INF INF INF INF INF INF INF INF INF INF INF INF INF INF INF INF INF INF INF INF INF INF INF INF INF INF INF INF INF INF INF INF INF INF INF INF INF INF INF INF INF INF INF INF INF INF INF INF INF INF INF INF INF INF INF INF INF INF INF INF INF INF INF INF INF INF INF INF INF INF INF INF INF INF INF INF INF INF INF INF INF INF INF INF INF INF INF INF INF INF INF INF INF INF INF INF INF INF INF INF INF INF INF INF INF INF INF 0 3 4 7 5 2 5 6 9 7 4 7 8
INF INF INF INF INF INF INF INF INF INF INF INF INF INF INF INF INF INF INF INF INF INF INF INF INF INF INF INF INF INF INF INF INF INF INF INF INF INF INF INF INF INF INF INF INF INF INF INF INF INF INF INF INF INF INF INF INF INF INF INF INF INF INF INF INF INF INF INF INF INF INF INF INF INF INF INF INF INF INF INF INF INF INF INF INF INF INF INF INF INF INF INF INF INF INF INF INF INF INF INF INF INF INF INF INF INF INF INF INF INF INF INF INF INF INF INF INF INF INF INF INF INF INF INF INF INF INF INF INF INF INF INF INF INF INF INF INF INF INF INF INF INF INF INF INF INF INF INF INF INF INF INF INF INF INF INF INF INF INF INF INF INF INF INF INF INF INF INF INF INF INF INF INF INF INF INF INF INF INF INF INF INF INF INF INF INF INF INF INF INF INF INF INF INF INF INF INF INF INF INF INF INF INF INF INF INF INF INF INF INF INF INF INF INF INF INF INF INF INF INF INF INF INF INF INF INF INF INF INF INF INF INF INF INF INF INF INF INF INF INF INF INF INF INF INF INF INF INF INF INF INF INF INF INF INF INF INF INF INF INF INF INF INF INF INF INF INF INF INF INF INF INF INF INF INF INF INF INF INF INF INF INF INF INF INF INF INF INF INF INF INF INF INF INF INF INF INF INF INF INF INF INF INF INF INF INF INF INF INF INF INF INF INF INF INF INF INF INF INF INF INF INF INF INF INF INF INF INF INF INF INF INF INF INF INF INF INF INF INF INF INF INF INF INF INF INF INF INF INF INF INF INF INF INF INF INF INF INF INF INF INF INF INF INF INF INF INF INF INF INF INF INF INF INF INF INF INF INF INF INF INF INF INF INF INF INF INF INF INF INF INF INF INF INF INF INF INF INF INF INF INF INF INF INF INF INF INF INF INF INF INF INF INF INF INF INF INF INF INF INF INF INF INF INF INF INF INF INF INF INF INF INF INF INF INF INF INF INF INF INF INF INF INF INF INF INF INF INF INF INF INF INF INF INF INF INF INF INF INF INF INF INF INF INF INF INF INF INF INF INF INF INF INF INF INF INF INF INF INF INF INF INF INF INF INF INF INF INF 0 3 4 2 5 2 5 6 4 7 4 7
INF INF INF INF INF INF INF INF INF INF INF INF INF INF INF INF INF INF INF INF INF INF INF INF INF INF INF INF INF INF INF INF INF INF INF INF INF INF INF INF INF INF INF INF INF INF INF INF INF INF INF INF INF INF INF INF INF INF INF INF INF INF INF INF INF INF INF INF INF INF INF INF INF INF INF INF INF INF INF INF INF INF INF INF INF INF INF INF INF INF INF INF INF INF INF INF INF INF INF INF INF INF INF INF INF INF INF INF INF INF INF INF INF INF INF INF INF INF INF INF INF INF INF INF INF INF INF INF INF INF INF INF INF INF INF INF INF INF INF INF INF INF INF INF INF INF INF INF INF INF INF INF INF INF INF INF INF INF INF INF INF INF INF INF INF INF INF INF INF INF INF INF INF INF INF INF INF INF INF INF INF INF INF INF INF INF INF INF INF INF INF INF INF INF INF INF INF INF INF INF INF INF INF INF INF INF INF INF INF INF INF INF INF INF INF INF INF INF INF INF INF INF INF INF INF INF INF INF INF INF INF INF INF INF INF INF INF INF INF INF INF INF INF INF INF INF INF INF INF INF INF INF INF INF INF INF INF INF INF INF INF INF INF INF INF INF INF INF INF INF INF INF INF INF INF INF INF INF INF INF INF INF INF INF INF INF INF INF INF INF INF INF INF INF INF INF INF INF INF INF INF INF INF INF INF INF INF INF INF INF INF INF INF INF INF INF INF INF INF INF INF INF INF INF INF INF INF INF INF INF INF INF INF INF INF INF INF INF INF INF INF INF INF INF INF INF INF INF INF INF INF INF INF INF INF INF INF INF INF INF INF INF INF INF INF INF INF INF INF INF INF INF INF INF INF INF INF INF INF INF INF INF INF INF INF INF INF INF INF INF INF INF INF INF INF INF INF INF INF INF INF INF INF INF INF INF INF INF INF INF INF INF INF INF INF INF INF INF INF INF INF INF INF INF INF INF INF INF INF INF INF INF INF INF INF INF INF INF INF INF INF INF INF INF INF INF INF INF INF INF INF INF INF INF INF INF INF INF INF INF INF INF INF INF INF INF INF INF INF INF INF INF INF INF INF INF INF INF INF INF INF INF INF INF INF INF INF INF INF 0 3 1 4 5 2 5 3 6 7 4
INF INF INF INF INF INF INF INF INF INF INF INF INF INF INF INF INF INF INF INF INF INF INF INF INF INF INF INF INF INF INF INF INF INF INF INF INF INF INF INF INF INF INF INF INF INF INF INF INF INF INF INF INF INF INF INF INF INF INF INF INF INF INF INF INF INF INF INF INF INF INF INF INF INF INF INF INF INF INF INF INF INF INF INF INF INF INF INF INF INF INF INF INF INF INF INF INF INF INF INF INF INF INF INF INF INF INF INF INF INF INF INF INF INF INF INF INF INF INF INF INF INF INF INF INF INF INF INF INF INF INF INF INF INF INF INF INF INF INF INF INF INF INF INF INF INF INF INF INF INF INF INF INF INF INF INF INF INF INF INF INF INF INF INF INF INF INF INF INF INF INF INF INF INF INF INF INF INF INF INF INF INF INF INF INF INF INF INF INF INF INF INF INF INF INF INF INF INF INF INF INF INF INF INF INF INF INF INF INF INF INF INF INF INF INF INF INF INF INF INF INF INF INF INF INF INF INF INF INF INF INF INF INF INF INF INF INF INF INF INF INF INF INF INF INF INF INF INF INF INF INF INF INF INF INF INF INF INF INF INF INF INF INF INF INF INF INF INF INF INF INF INF INF INF INF INF INF INF INF INF INF INF INF INF INF INF INF INF INF INF INF INF INF INF INF INF INF INF INF INF INF INF INF INF INF INF INF INF INF INF INF INF INF INF INF INF INF INF INF INF INF INF INF INF INF INF INF INF INF INF INF INF INF INF INF INF INF INF INF INF INF INF INF INF INF INF INF INF INF INF INF INF INF INF INF INF INF INF INF INF INF INF INF INF INF INF INF INF INF INF INF INF INF INF INF INF INF INF INF INF INF INF INF INF INF INF INF INF INF INF INF INF INF INF INF INF INF INF INF INF INF INF INF INF INF INF INF INF INF INF INF INF INF INF INF INF INF INF INF INF INF INF INF INF INF INF INF INF INF INF INF INF INF INF INF INF INF INF INF INF INF INF INF INF INF INF INF INF INF INF INF INF INF INF INF INF INF INF INF INF INF INF INF INF INF INF INF INF INF INF INF INF INF INF INF INF INF INF INF INF INF INF INF INF INF INF INF INF INF INF 0 -2 1 2 5 2 0 3 4 7
INF INF INF INF INF INF INF INF INF INF INF INF INF INF INF INF INF INF INF INF INF INF INF INF INF INF INF INF INF INF INF INF INF INF INF INF INF INF INF INF INF INF INF INF INF INF INF INF INF INF INF INF INF INF INF INF INF INF INF INF INF INF INF INF INF INF INF INF INF INF INF INF INF INF INF INF INF INF INF INF INF INF INF INF INF INF INF INF INF INF INF INF INF INF INF INF INF INF INF INF INF INF INF INF INF INF INF INF INF INF INF INF INF INF INF INF INF INF INF INF INF INF INF INF INF INF INF INF INF INF INF INF INF INF INF INF INF INF INF INF INF INF INF INF INF INF INF INF INF INF INF INF INF INF INF INF INF INF INF INF INF INF INF INF INF INF INF INF INF INF INF INF INF INF INF INF INF INF INF INF INF INF INF INF INF INF INF INF INF INF INF INF INF INF INF INF INF INF INF INF INF INF INF INF INF INF INF INF INF INF INF INF INF INF INF INF INF INF INF INF INF INF INF INF INF INF INF INF INF INF INF INF INF INF INF INF INF INF INF INF INF INF INF INF INF INF INF INF INF INF INF INF INF INF INF INF INF INF INF INF INF INF INF INF INF INF INF INF INF INF INF INF INF INF INF INF INF INF INF INF INF INF INF INF INF INF INF INF INF INF INF INF INF INF INF INF INF INF INF INF INF INF INF INF INF INF INF INF INF INF INF INF INF INF INF INF INF INF INF INF INF INF INF INF INF INF INF INF INF INF INF INF INF INF INF INF INF INF INF INF INF INF INF INF INF INF INF INF INF INF INF INF INF INF INF INF INF INF INF INF INF INF INF INF INF INF INF INF INF INF INF INF INF INF INF INF INF INF INF INF INF INF INF INF INF INF INF INF INF INF INF INF INF INF INF INF INF INF INF INF INF INF INF INF INF INF INF INF INF INF INF INF INF INF INF INF INF INF INF INF INF INF INF INF INF INF INF INF INF INF INF INF INF INF INF INF INF INF INF INF INF INF INF INF INF INF INF INF INF INF INF INF INF INF INF INF INF INF INF INF INF INF INF INF INF INF INF INF INF INF INF INF INF INF INF INF INF INF INF INF INF INF INF INF INF INF INF INF INF INF INF 0 3 4 7 8 2 5 6 9
INF INF INF INF INF INF INF INF INF INF INF INF INF INF INF INF INF INF INF INF INF INF INF INF INF INF INF INF INF INF INF INF INF INF INF INF INF INF INF INF INF INF INF INF INF INF INF INF INF INF INF INF INF INF INF INF INF INF INF INF INF INF INF INF INF INF INF INF INF INF INF INF INF INF INF INF INF INF INF INF INF INF INF INF INF INF INF INF INF INF INF INF INF INF INF INF INF INF INF INF INF INF INF INF INF INF INF INF INF INF INF INF INF INF INF INF INF INF INF INF INF INF INF INF INF INF INF INF INF INF INF INF INF INF INF INF INF INF INF INF INF INF INF INF INF INF INF INF INF INF INF INF INF INF INF INF INF INF INF INF INF INF INF INF INF INF INF INF INF INF INF INF INF INF INF INF INF INF INF INF INF INF INF INF INF INF INF INF INF INF INF INF INF INF INF INF INF INF INF INF INF INF INF INF INF INF INF INF INF INF INF INF INF INF INF INF INF INF INF INF INF INF INF INF INF INF INF INF INF INF INF INF INF INF INF INF INF INF INF INF INF INF INF INF INF INF INF INF INF INF INF INF INF INF INF INF INF INF INF INF INF INF INF INF INF INF INF INF INF INF INF INF INF INF INF INF INF INF INF INF INF INF INF INF INF INF INF INF INF INF INF INF INF INF INF INF INF INF INF INF INF INF INF INF INF INF INF INF INF INF INF INF INF INF INF INF INF INF INF INF INF INF INF INF INF INF INF INF INF INF INF INF INF INF INF INF INF INF INF INF INF INF INF INF INF INF INF INF INF INF INF INF INF INF INF INF INF INF INF INF INF INF INF INF INF INF INF INF INF INF INF INF INF INF INF INF INF INF INF INF INF INF INF INF INF INF INF INF INF INF INF INF INF INF INF INF INF INF INF INF INF INF INF INF INF INF INF INF INF INF INF INF INF INF INF INF INF INF INF INF INF INF INF INF INF INF INF INF INF INF INF INF INF INF INF INF INF INF INF INF INF INF INF INF INF INF INF INF INF INF INF INF INF INF INF INF INF INF INF INF INF INF INF INF INF INF INF INF INF INF INF INF INF INF INF INF INF INF INF INF INF INF INF INF INF INF INF INF INF INF INF INF 0 3 4 7 5 2 5 6
INF INF INF INF INF INF INF INF INF INF INF INF INF INF INF INF INF INF INF INF INF INF INF INF INF INF INF INF INF INF INF INF INF INF INF INF INF INF INF INF INF INF INF INF INF INF INF INF INF INF INF INF INF INF INF INF INF INF INF INF INF INF INF INF INF INF INF INF INF INF INF INF INF INF INF INF INF INF INF INF INF INF INF INF INF INF INF INF INF INF INF INF INF INF INF INF INF INF INF INF INF INF INF INF INF INF INF INF INF INF INF INF INF INF INF INF INF INF INF INF INF INF INF INF INF INF INF INF INF INF INF INF INF INF INF INF INF INF INF INF INF INF INF INF INF INF INF INF INF INF INF INF INF INF INF INF INF INF INF INF INF INF INF INF INF INF INF INF INF INF INF INF INF INF INF INF INF INF INF INF INF INF INF INF INF INF INF INF INF INF INF INF INF INF INF INF INF INF INF INF INF INF INF INF INF INF INF INF INF INF INF INF INF INF INF INF INF INF INF INF INF INF INF INF INF INF INF INF INF INF INF INF INF INF INF INF INF INF INF INF INF INF INF INF INF INF INF INF INF INF INF INF INF INF INF INF INF INF INF INF INF INF INF INF INF INF INF INF INF INF INF INF INF INF INF INF INF INF INF INF INF INF INF INF INF INF INF INF INF INF INF INF INF INF INF INF INF INF INF INF INF INF INF INF INF INF INF INF INF INF INF INF INF INF INF INF INF INF INF INF INF INF INF INF INF INF INF INF INF INF INF INF INF INF INF INF INF INF INF INF INF INF INF INF INF INF INF INF INF INF INF INF INF INF INF INF INF INF INF INF INF INF INF INF INF INF INF INF INF INF INF INF INF INF INF INF INF INF INF INF INF INF INF INF INF INF INF INF INF INF INF INF INF INF INF INF INF INF INF INF INF INF INF INF INF INF INF INF INF INF INF INF INF INF INF INF INF INF INF INF INF INF INF INF INF INF INF INF INF INF INF INF INF INF INF INF INF INF INF INF INF INF INF INF INF INF INF INF INF INF INF INF INF INF INF INF INF INF INF INF INF INF INF INF INF INF INF INF INF INF INF INF INF INF INF INF INF INF INF INF INF INF INF INF INF INF INF INF INF INF INF INF INF 0 3 4 2 5 2 5
INF INF INF INF INF INF INF INF INF INF INF INF INF INF INF INF INF INF INF INF INF INF INF INF INF INF INF INF INF INF INF INF INF INF INF INF INF INF INF INF INF INF INF INF INF INF INF INF INF INF INF INF INF INF INF INF INF INF INF INF INF INF INF INF INF INF INF INF INF INF INF INF INF INF INF INF INF INF INF INF INF INF INF INF INF INF INF INF INF INF INF INF INF INF INF INF INF INF INF INF INF INF INF INF INF INF INF INF INF INF INF INF INF INF INF INF INF INF INF INF INF INF INF INF INF INF INF INF INF INF INF INF INF INF INF INF INF INF INF INF INF INF INF INF INF INF INF INF INF INF INF INF INF INF INF INF INF INF INF INF INF INF INF INF INF INF INF INF INF INF INF INF INF INF INF INF INF INF INF INF INF INF INF INF INF INF INF INF INF INF INF INF INF INF INF INF INF INF INF INF INF INF INF INF INF INF INF INF INF INF INF INF INF INF INF INF INF INF INF INF INF INF INF INF INF INF INF INF INF INF INF INF INF INF INF INF INF INF INF INF INF INF INF INF INF INF INF INF INF INF INF INF INF INF INF INF INF INF INF INF INF INF INF INF INF INF INF INF INF INF INF INF INF INF INF INF INF INF INF INF INF INF INF INF INF INF INF INF INF INF INF INF INF INF INF INF INF INF INF INF INF INF INF INF INF INF INF INF INF INF INF INF INF INF INF INF INF INF INF INF INF INF INF INF INF INF INF INF INF INF INF INF INF INF INF INF INF INF INF INF INF INF INF INF INF INF INF INF INF INF INF INF INF INF INF INF INF INF INF INF INF INF INF INF INF INF INF INF INF INF INF INF INF INF INF INF INF INF INF INF INF INF INF INF INF INF INF INF INF INF INF INF INF INF INF INF INF INF INF INF INF INF INF INF INF INF INF INF INF INF INF INF INF INF INF INF INF INF INF INF INF INF INF INF INF INF INF INF INF INF INF INF INF INF INF INF INF INF INF INF INF INF INF INF INF INF INF INF INF INF INF INF INF INF INF INF INF INF INF INF INF INF INF INF INF INF INF INF INF INF INF INF INF INF INF INF INF INF INF INF INF INF INF INF INF INF INF INF INF INF INF INF INF INF 0 3 1 4 5 2
INF INF INF INF INF INF INF INF INF INF INF INF INF INF INF INF INF INF INF INF INF INF INF INF INF INF INF INF INF INF INF INF INF INF INF INF INF INF INF INF INF INF INF INF INF INF INF INF INF INF INF INF INF INF INF INF INF INF INF INF INF INF INF INF INF INF INF INF INF INF INF INF INF INF INF INF INF INF INF INF INF INF INF INF INF INF INF INF INF INF INF INF INF INF INF INF INF INF INF INF INF INF INF INF INF INF INF INF INF INF INF INF INF INF INF INF INF INF INF INF INF INF INF INF INF INF INF INF INF INF INF INF INF INF INF INF INF INF INF INF INF INF INF INF INF INF INF INF INF INF INF INF INF INF INF INF INF INF INF INF INF INF INF INF INF INF INF INF INF INF INF INF INF INF INF INF INF INF INF INF INF INF INF INF INF INF INF INF INF INF INF INF INF INF INF INF INF INF INF INF INF INF INF INF INF INF INF INF INF INF INF INF INF INF INF INF INF INF INF INF INF INF INF INF INF INF INF INF INF INF INF INF INF INF INF INF INF INF INF INF INF INF INF INF INF INF INF INF INF INF INF INF INF INF INF INF INF INF INF INF INF INF INF INF INF INF INF INF INF INF INF INF INF INF INF INF INF INF INF INF INF INF INF INF INF INF INF INF INF INF INF INF INF INF INF INF INF INF INF INF INF INF INF INF INF INF INF INF INF INF INF INF INF INF INF INF INF INF INF INF INF INF INF INF INF INF INF INF INF INF INF INF INF INF INF INF INF INF INF INF INF INF INF INF INF INF INF INF INF INF INF INF INF INF INF INF INF INF INF INF INF INF INF INF INF INF INF INF INF INF INF INF INF INF INF INF INF INF INF INF INF INF INF INF INF INF INF INF INF INF INF INF INF INF INF INF INF INF INF INF INF INF INF INF INF INF INF INF INF INF INF INF INF INF INF INF INF INF INF INF INF INF INF INF INF INF INF INF INF INF INF INF INF INF INF INF INF INF INF INF INF INF INF INF INF INF INF INF INF INF INF INF INF INF INF INF INF INF INF INF INF INF INF INF INF INF INF INF INF INF INF INF INF INF INF INF INF INF INF INF INF INF INF INF INF INF INF INF INF INF INF INF INF INF INF 0 -2 1 2 5
INF INF INF INF INF INF INF INF INF INF INF INF INF INF INF INF INF INF INF INF INF INF INF INF INF INF INF INF INF INF INF INF INF INF INF INF INF INF INF INF INF INF INF INF INF INF INF INF INF INF INF INF INF INF INF INF INF INF INF INF INF INF INF INF INF INF INF INF INF INF INF INF INF INF INF INF INF INF INF INF INF INF INF INF INF INF INF INF INF INF INF INF INF INF INF INF INF INF INF INF INF INF INF INF INF INF INF INF INF INF INF INF INF INF INF INF INF INF INF INF INF INF INF INF INF INF INF INF INF INF INF INF INF INF INF INF INF INF INF INF INF INF INF INF INF INF INF INF INF INF INF INF INF INF INF INF INF INF INF INF INF INF INF INF INF INF INF INF INF INF INF INF INF INF INF INF INF INF INF INF INF INF INF INF INF INF INF INF INF INF INF INF INF INF INF INF INF INF INF INF INF INF INF INF INF INF INF INF INF INF INF INF INF INF INF INF INF INF INF INF INF INF INF INF INF INF INF INF INF INF INF INF INF INF INF INF INF INF INF INF INF INF INF INF INF INF INF INF INF INF INF INF INF INF INF INF INF INF INF INF INF INF INF INF INF INF INF INF INF INF INF INF INF INF INF INF INF INF INF INF INF INF INF INF INF INF INF INF INF INF INF INF INF INF INF INF INF INF INF INF INF INF INF INF INF INF INF INF INF INF INF INF INF INF INF INF INF INF INF INF INF INF INF INF INF INF INF INF INF INF INF INF INF INF INF INF INF INF INF INF INF INF INF INF INF INF INF INF INF INF INF INF INF INF INF INF INF INF INF INF INF INF INF INF INF INF INF INF INF INF INF INF INF INF INF INF INF INF INF INF INF INF INF INF INF INF INF INF INF INF INF INF INF INF INF INF INF INF INF INF INF INF INF INF INF INF INF INF INF INF INF INF INF INF INF INF INF INF INF INF INF INF INF INF INF INF INF INF INF INF INF INF INF INF INF INF INF INF INF INF INF INF INF INF INF INF INF INF INF INF INF INF INF INF INF INF INF INF INF INF INF INF INF INF INF INF INF INF INF INF INF INF INF INF INF INF INF INF INF INF INF INF INF INF INF INF INF INF INF INF INF INF INF INF INF INF 0 3 4 7
INF INF INF INF INF INF INF INF INF INF INF INF INF INF INF INF INF INF INF INF INF INF INF INF INF INF INF INF INF INF INF INF INF INF INF INF INF INF INF INF INF INF INF INF INF INF INF INF INF INF INF INF INF INF INF INF INF INF INF INF INF INF INF INF INF INF INF INF INF INF INF INF INF INF INF INF INF INF INF INF INF INF INF INF INF INF INF INF INF INF INF INF INF INF INF INF INF INF INF INF INF INF INF INF INF INF INF INF INF INF INF INF INF INF INF INF INF INF INF INF INF INF INF INF INF INF INF INF INF INF INF INF INF INF INF INF INF INF INF INF INF INF INF INF INF INF INF INF INF INF INF INF INF INF INF INF INF INF INF INF INF INF INF INF INF INF INF INF INF INF INF INF INF INF INF INF INF INF INF INF INF INF INF INF INF INF INF INF INF INF INF INF INF INF INF INF INF INF INF INF INF INF INF INF INF INF INF INF INF INF INF INF INF INF INF INF INF INF INF INF INF INF INF INF INF INF INF INF INF INF INF INF INF INF INF INF INF INF INF INF INF INF INF INF INF INF INF INF INF INF INF INF INF INF INF INF INF INF INF INF INF INF INF INF INF INF INF INF INF INF INF INF INF INF INF INF INF INF INF INF INF INF INF INF INF INF INF INF INF INF INF INF INF INF INF INF INF INF INF INF INF INF INF INF INF INF INF INF INF INF INF INF INF INF INF INF INF INF INF INF INF INF INF INF INF INF INF INF INF INF INF INF INF INF INF INF INF INF INF INF INF INF INF INF INF INF INF INF INF INF INF INF INF INF INF INF INF INF INF INF INF INF INF INF INF INF INF INF INF INF INF INF INF INF INF INF INF INF INF INF INF INF INF INF INF INF INF INF INF INF INF INF INF INF INF INF INF INF INF INF INF INF INF INF INF INF INF INF INF INF INF INF INF INF INF INF INF INF INF INF INF INF INF INF INF INF INF INF INF INF INF INF INF INF INF INF INF INF INF INF INF INF INF INF INF INF INF INF INF INF INF INF INF INF INF INF INF INF INF INF INF INF INF INF INF INF INF INF INF INF INF INF INF INF INF INF INF INF INF INF INF INF INF INF INF INF INF INF INF INF INF INF INF INF INF INF INF 0 3 4
INF INF INF INF INF INF INF INF INF INF INF INF INF INF INF INF INF INF INF INF INF INF INF INF INF INF INF INF INF INF INF INF INF INF INF INF INF INF INF INF INF INF INF INF INF INF INF INF INF INF INF INF INF INF INF INF INF INF INF INF INF INF INF INF INF INF INF INF INF INF INF INF INF INF INF INF INF INF INF INF INF INF INF INF INF INF INF INF INF INF INF INF INF INF INF INF INF INF INF INF INF INF INF INF INF INF INF INF INF INF INF INF INF INF INF INF INF INF INF INF INF INF INF INF INF INF INF INF INF INF INF INF INF INF INF INF INF INF INF INF INF INF INF INF INF INF INF INF INF INF INF INF INF INF INF INF INF INF INF INF INF INF INF INF INF INF INF INF INF INF INF INF INF INF INF INF INF INF INF INF INF INF INF INF INF INF INF INF INF INF INF INF INF INF INF INF INF INF INF INF INF INF INF INF INF INF INF INF INF INF INF INF INF INF INF INF INF INF INF INF INF INF INF INF INF INF INF INF INF INF INF INF INF INF INF INF INF INF INF INF INF INF INF INF INF INF INF INF INF INF INF INF INF INF INF INF INF INF INF INF INF INF INF INF INF INF INF INF INF INF INF INF INF INF INF INF INF INF INF INF INF INF INF INF INF INF INF INF INF INF INF INF INF INF INF INF INF INF INF INF INF INF INF INF INF INF INF INF INF INF INF INF INF INF INF INF INF INF INF INF INF INF INF INF INF INF INF INF INF INF INF INF INF INF INF INF INF INF INF INF INF INF INF INF INF INF INF INF INF INF INF INF INF INF INF INF INF INF INF INF INF INF INF INF INF INF INF INF INF INF INF INF INF INF INF INF INF INF INF INF INF INF INF INF INF INF INF INF INF INF INF INF INF INF INF INF INF INF INF INF INF INF INF INF INF INF INF INF INF INF INF INF INF INF INF INF INF INF INF INF INF INF INF INF INF INF INF INF INF INF INF INF INF INF INF INF INF INF INF INF INF INF INF INF INF INF INF INF INF INF INF INF INF INF INF INF INF INF INF INF INF INF INF INF INF INF INF INF INF INF INF INF INF INF INF INF INF INF INF INF INF INF INF INF INF INF INF INF INF INF INF INF INF INF INF INF INF INF 0 3
INF INF INF INF INF INF INF INF INF INF INF INF INF INF INF INF INF INF INF INF INF INF INF INF INF INF INF INF INF INF INF INF INF INF INF INF INF INF INF INF INF INF INF INF INF INF INF INF INF INF INF INF INF INF INF INF INF INF INF INF INF INF INF INF INF INF INF INF INF INF INF INF INF INF INF INF INF INF INF INF INF INF INF INF INF INF INF INF INF INF INF INF INF INF INF INF INF INF INF INF INF INF INF INF INF INF INF INF INF INF INF INF INF INF INF INF INF INF INF INF INF INF INF INF INF INF INF INF INF INF INF INF INF INF INF INF INF INF INF INF INF INF INF INF INF INF INF INF INF INF INF INF INF INF INF INF INF INF INF INF INF INF INF INF INF INF INF INF INF INF INF INF INF INF INF INF INF INF INF INF INF INF INF INF INF INF INF INF INF INF INF INF INF INF INF INF INF INF INF INF INF INF INF INF INF INF INF INF INF INF INF INF INF INF INF INF INF INF INF INF INF INF INF INF INF INF INF INF INF INF INF INF INF INF INF INF INF INF INF INF INF INF INF INF INF INF INF INF INF INF INF INF INF INF INF INF INF INF INF INF INF INF INF INF INF INF INF INF INF INF INF INF INF INF INF INF INF INF INF INF INF INF INF INF INF INF INF INF INF INF INF INF INF INF INF INF INF INF INF INF INF INF INF INF INF INF INF INF INF INF INF INF INF INF INF INF INF INF INF INF INF INF INF INF INF INF INF INF INF INF INF INF INF INF INF INF INF INF INF INF INF INF INF INF INF INF INF INF INF INF INF INF INF INF INF INF INF INF INF INF INF INF INF INF INF INF INF INF INF INF INF INF INF INF INF INF INF INF INF INF INF INF INF INF INF INF INF INF INF INF INF INF INF INF INF INF INF INF INF INF INF INF INF INF INF INF INF INF INF INF INF INF INF INF INF INF INF INF INF INF INF INF INF INF INF INF INF INF INF INF INF INF INF INF INF INF INF INF INF INF INF INF INF INF INF INF INF INF INF INF INF INF INF INF INF INF INF INF INF INF INF INF INF INF INF INF INF INF INF INF INF INF INF INF INF INF INF INF INF INF INF INF INF INF INF INF INF INF INF INF INF INF INF INF INF INF INF INF INF 0
Negative cycle: none
Execution time: 2182.28 ms
